1.20515765865591	26.0856966104936	50
1.1921002262679	26.0875945020472	50
1.17906126073989	26.0896153708891	50
1.16604192026819	26.091759037514	50
1.1530433613059	26.0940253115091	50
1.14006673846019	26.0964139915708	50
1.12711320438973	26.0989248655226	50
1.11418390970232	26.1015577103344	50
1.10128000285266	26.1043122921415	50
1.08840263004038	26.1071883662661	50
1.07555293510818	26.1101856772387	50
1.06273205944027	26.1133039588207	50
1.04994114186096	26.1165429340284	50
1.03718131853351	26.1199023151573	50
1.0244537228592	26.1233818038076	50
1.01175948537667	26.1269810909112	50
0.999099733661496	26.1306998567585	50
0.986475592226023	26.1345377710272	50
0.973888182419488	26.1384944928116	50
0.961338622328412	26.1425696706527	50
0.948828026677284	26.1467629425698	50
0.93635750672955	26.1510739360922	50
0.923928170188894	26.1555022682925	50
0.911541121100857	26.1600475458206	50
0.899197459754763	26.1647093649386	50
0.886898282585984	26.169487311557	50
0.874644682078551	26.1743809612707	50
0.862437746668113	26.1793898793977	50
0.850278560645255	26.1845136210167	50
0.838168204059185	26.1897517310074	50
0.826107752621798	26.1951037440906	50
0.814098277612126	26.2005691848696	50
0.802140845781179	26.2061475678724	50
0.790236519257192	26.2118383975946	50
0.778386355451278	26.2176411685438	50
0.766591406963504	26.2235553652845	50
0.754852721489397	26.2295804624835	50
0.743171341726873	26.2357159249567	50
0.731548305283626	26.241961207717	50
0.719984644584959	26.2483157560222	50
0.708481386782077	26.2547790054245	50
0.69703955366085	26.2613503818209	50
0.685660161551056	26.2680293015036	50
0.674344221236097	26.2748151712124	50
0.663092737863223	26.2817073881872	50
0.651906710854243	26.2887053402212	50
0.640787133816756	26.2958084057161	50
0.629734994455888	26.3030159537364	50
0.618751274486562	26.310327344066	50
0.607836949546295	26.317741927265	50
0.596992989108535	26.3252590447272	50
0.58622035639655	26.3328780287389	50
0.575520008297866	26.3405982025377	50
0.56489289527927	26.3484188803732	50
0.554339961302389	26.3563393675675	50
0.543862143739837	26.3643589605773	50
0.533460373291951	26.3724769470559	50
0.52313557390413	26.3806926059168	50
0.512888662684753	26.3890052073976	50
0.502720549823722	26.397414013125	50
0.492632138511617	26.4059182761804	50
0.48262432485946	26.4145172411658	50
0.472697997819128	26.4232101442715	50
0.462854039104383	26.4319962133436	50
0.453093323112557	26.4408746679526	50
0.443416716846881	26.4498447194628	50
0.433825079839476	26.4589055711024	50
0.424319264074999	26.4680564180341	50
0.414900113914972	26.4772964474269	50
0.405568466022772	26.4866248385279	50
0.396325149289324	26.4960407627354	50
0.387170984759465	26.5055433836727	50
0.378106785559018	26.5151318572619	50
0.369133356822567	26.5248053317995	50
0.360251495621938	26.5345629480314	50
0.351461990895397	26.5444038392298	50
0.342765623377577	26.5543271312698	50
0.334163165530124	26.5643319427073	50
0.325655381473085	26.574417384857	50
0.317243026917031	26.5845825618717	50
0.308926849095936	26.5948265708216	50
0.300707586700799	26.6051485017745	50
0.29258596981403	26.6155474378769	50
0.284562719844602	26.6260224554351	50
0.276638549463967	26.6365726239975	50
0.268814162542757	26.6471970064371	50
0.261090254088261	26.6578946590349	50
0.253467510182687	26.6686646315636	50
0.245946607922224	26.6795059673717	50
0.238528215356898	26.6904177034693	50
0.231212991431231	26.7013988706128	50
0.224001585925709	26.7124484933915	50
0.216894639399065	26.723565590314	50
0.209892783131384	26.7347491738955	50
0.202996639068025	26.7459982507454	50
0.196206819764377	26.7573118216556	50
0.189523928331451	26.7686888816894	50
0.182948558382305	26.7801284202705	50
0.176481293979317	26.7916294212729	50
0.170122709582305	26.8031908631113	50
0.163873369997502	26.8148117188316	50
0.157733830327385	26.826490956202	50
0.151704635921365	26.8382275378054	50
0.145786322327352	26.8500204211305	50
0.13997941524418	26.8618685586653	50
0.13428443047491	26.8737708979898	50
0.128701873881021	26.8857263818692	50
0.123232241337467	26.8977339483486	50
0.117876018688636	26.9097925308462	50
0.112633681705195	26.9219010582492	50
0.107505696041827	26.9340584550081	50
0.102492517195868	26.9462636412326	50
0.0975945904668494	26.9585155327876	50
0.092812350916945	26.9708130413891	50
0.0881462233323225	26.9831550747013	50
0.0835966221854134	26.9955405364336	50
0.0791639515980986	27.0079683264375	50
0.0748486053058095	27.0204373408049	50
0.0706509666225552	27.0329464719658	50
0.0665714084068756	27.0454946087869	50
0.0626102930287189	27.0580806366702	50
0.0587679723372567	27.0707034376517	50
0.0550447876296305	27.0833618905015	50
0.0514410696206324	27.0960548708225	50
0.0479571384133337	27.1087812511507	50
0.0445933034706494	27.1215399010556	50
0.0413498635878478	27.13432968724	50
0.0382271068660136	27.1471494736413	50
0.0352253106864557	27.1599981215317	50
0.0323447416860667	27.1728744896202	50
0.0295856557336409	27.1857774341533	50
0.0269482979071465	27.1987058090168	50
0.0244329024719545	27.2116584658378	50
0.0220396928600322	27.2246342540863	50
0.0197688816500947	27.2376320211778	50
0.0176206705487241	27.2506506125755	50
0.0155952503724512	27.2636888718929	50
0.0136928010308077	27.2767456409963	50
0.0119134915103438	27.289819760108	50
0.0102574798596196	27.3029100679092	50
0.00872491317516499	27.316015401643	50
0.00731592758841448	27.3291345972179	50
0.00603064825361477	27.3422664893111	50
0.00486918933670766	27.3554099114721	50
0.00383165400519014	27.368563696226	50
0.00291813441894928	27.3817266751777	50
0.00212871172207718	27.3948976791152	50
0.00146345603566189	27.4080755381139	50
0.000922426451560376	27.42125908164	50
0.000505671027148269	27.4344471386551	50
0.000213226781052178	27.4476385377196	50
4.51196898612061e-05	27.4608321070973	50
1.36468581879434e-06	27.4740266748589	50
8.19656554977843e-05	27.4872210689867	50
0.000286915439454027	27.5004141174784	50
0.000616195832862321	27.513604648451	50
0.00106977758713445	27.5267914902453	50
0.00164762041251598	27.5399734715299	50
0.00234967298166655	27.5531494214048	50
0.00317587293421751	27.5663181695061	50
0.00412614688231172	27.5794785461094	50
0.00520041041712238	27.5926293822339	50
0.0063985681163512	27.6057695097464	50
0.0077205135527032	27.6188977614647	50
0.00916612930334137	27.6320129712617	50
0.0107352869603157	27.6451139741685	50
0.0124278471419703	27.6581996064783	50
0.0142436595053232	27.6712687058497	50
0.0161825627594212	27.6843201114095	50
0.0182443846796663	27.6973526638566	50
0.0204289421231139	27.7103652055643	50
0.0227360410447399	27.7233565806833	50
0.0251654765146794	27.7363256352446	50
0.027717032736426	27.7492712172618	50
0.0303904830660027	27.7621921768334	50
0.0331855900320932	27.7750873662452	50
0.0361021053571353	27.7879556400717	50
0.0391397699793739	27.8007958552786	50
0.0422983140758735	27.8136068713237	50
0.0455774570864844	27.8263875502585	50
0.0489769077387636	27.839136756829	50
0.0524963640738492	27.8518533585772	50
0.0561355134732786	27.8645362259409	50
0.0598940326867607	27.8771842323545	50
0.0637715878608871	27.889796254349	50
0.0677678345687862	27.9023711716515	50
0.0718824178407191	27.9149078672854	50
0.0761149721956089	27.9274052276687	50
0.0804651216735039	27.9398621427136	50
0.0849324798689752	27.952277505925	50
0.0895166499654372	27.9646502144984	50
0.0942172247703952	27.9769791694184	50
0.0990337867516162	27.9892632755559	50
0.103965908074216	28.0015014417656	50
0.109013150638659	28.0136925809828	50
0.114175066119678	28.02583561032	50
0.119451196006093	28.0379294511631	50
0.12484107164154	28.0499730292672	50
0.130344214266102	28.0619652748522	50
0.135960135058829	28.0739051226974	50
0.141688335181166	28.0857915122365	50
0.147528305821256	28.0976233876517	50
0.153479528239141	28.1093996979673	50
0.159541473812834	28.1211193971434	50
0.165713604085278	28.1327814441685	50
0.171995370812176	28.1443848031523	50
0.178386216010683	28.1559284434172	50
0.184885572008979	28.1674113395904	50
0.191492861496682	28.1788324716946	50
0.198207497576137	28.1901908252389	50
0.205028883814541	28.2014853913086	50
0.211956414296929	28.2127151666551	50
0.218989473679986	28.2238791537848	50
0.226127437246711	28.2349763610477	50
0.23336967096191	28.2460058027258	50
0.240715531528507	28.2569664991204	50
0.248164366444694	28.2678574766388	50
0.255715514061882	28.2786777678817	50
0.263368303643479	28.2894264117281	50
0.271122055424464	28.3001024534213	50
0.278976080671773	28.3107049446536	50
0.286929681745469	28.3212329436505	50
0.294982152160717	28.3316855152541	50
0.303132776650534	28.3420617310066	50
0.311380831229325	28.3523606692325	50
0.319725583257192	28.3625814151207	50
0.328166291505009	28.3727230608053	50
0.336702206220264	28.3827847054467	50
0.345332569193658	28.3927654553116	50
0.354056613826449	28.4026644238519	50
0.36287356519855	28.412480731784	50
0.371782640137358	28.4222135071668	50
0.380783047287326	28.4318618854788	50
0.389873987180249	28.4414250096953	50
0.399054652306279	28.4509020303643	50
0.408324227185659	28.460292105682	50
0.417681888441149	28.4695944015676	50
0.42712680487117	28.4788080917375	50
0.436658137523632	28.4879323577784	50
0.446275039770459	28.4969663892202	50
0.455976657382787	28.5059093836081	50
0.465762128606844	28.5147605465734	50
0.475630584240495	28.5235190919049	50
0.485581147710451	28.5321842416178	50
0.495612935150129	28.5407552260235	50
0.505725055478162	28.5492312837975	50
0.515916610477557	28.5576116620474	50
0.526186694875468	28.5658956163795	50
0.536534396423616	28.5740824109651	50
0.546958795979319	28.5821713186058	50
0.557458967587131	28.590161620798	50
0.568033978561101	28.598052607797	50
0.578682889567606	28.6058435786795	50
0.589404754708796	28.6135338414065	50
0.600198621606618	28.6211227128845	50
0.6110635314874	28.6286095190259	50
0.621998519267024	28.6359935948094	50
0.63300261363665	28.6432742843386	50
0.64407483714899	28.6504509409007	50
0.655214206305128	28.6575229270234	50
0.666419731641889	28.6644896145321	50
0.67769041781972	28.6713503846053	50
0.689025263711106	28.6781046278298	50
0.700423262489498	28.6847517442545	50
0.711883401718738	28.6912911434443	50
0.723404663442996	28.6977222445319	50
0.73498602427719	28.7040444762695	50
0.746626455497885	28.7102572770802	50
0.758324923134673	28.716360095107	50
0.770080388062019	28.7223523882622	50
0.781891806091557	28.7282336242759	50
0.793758128064839	28.7340032807425	50
0.805678299946539	28.7396608451679	50
0.817651262918066	28.7452058150145	50
0.829675953471618	28.7506376977459	50
0.841751303504655	28.755956010871	50
0.853876240414764	28.7611602819864	50
0.866049687194941	28.7662500488187	50
0.878270562529257	28.7712248592653	50
0.890537780888901	28.7760842714349	50
0.902850252628607	28.7808278536862	50
0.915206884083446	28.7854551846671	50
0.927606577665962	28.789965853351	50
0.940048231963676	28.7943594590744	50
0.952530741836914	28.7986356115719	50
0.965052998516975	28.8027939310107	50
0.977613889704614	28.806834048025	50
0.990212299668849	28.8107556037482	50
1.00284710934606	28.8145582498449	50
1.0155171964394	28.8182416485423	50
1.02822143551847	28.8218054726596	50
1.04095869811929	28.8252494056372	50
1.05372785284457	28.8285731415652	50
1.06652776546413	28.83177638521	50
1.07935729901573	28.8348588520411	50
1.09221531390603	28.837820268256	50
1.10510066801178	28.8406603708045	50
1.11801221678134	28.8433789074124	50
1.13094881333629	28.8459756366033	50
1.14390930857332	28.848450327721	50
1.1568925512663	28.8508027609489	50
1.16989738816855	28.8530327273304	50
1.18292266411526	28.855140028787	50
1.1959672221261	28.8571244781359	50
1.21897353074203	28.8603962351076	50
1.23278903396997	28.8623598912904	50
1.24660416833974	28.8643381715183	50
1.26041893385132	28.8663310757916	50
1.27423333050473	28.86833860411	50
1.28804735829996	28.8703607564737	50
1.30186101723701	28.8723975328826	50
1.31567430731588	28.8744489333367	50
1.32948722853657	28.876514957836	50
1.34329978089909	28.8785956063806	50
1.35711196440342	28.8806908789704	50
1.37092377904958	28.8828007756054	50
1.38473522483756	28.8849252962856	50
1.39854630176736	28.8870644410111	50
1.41235700983898	28.8892182097817	50
1.42616734905243	28.8913866025976	50
1.43997731940769	28.8935696194588	50
1.45378692090478	28.8957672603651	50
1.46759615354369	28.8979795253167	50
1.48140501732442	28.9002064143135	50
1.49521351224697	28.9024479273555	50
1.50902163831134	28.9047040644427	50
1.52282939551754	28.9069748255752	50
1.53663678386555	28.9092602107528	50
1.55044380335539	28.9115602199757	50
1.56425045398705	28.9138748532439	50
1.57805673576053	28.9162041105572	50
1.59186264867583	28.9185479919158	50
1.60566819273296	28.9209064973196	50
1.6194733679319	28.9232796267686	50
1.63327817427267	28.9256673802628	50
1.64708261175526	28.9280697578023	50
1.66088668037967	28.930486759387	50
1.6746903801459	28.9329183850169	50
1.68849371105395	28.935364634692	50
1.70229667310383	28.9378255084124	50
1.71609926629552	28.940301006178	50
1.72990149062904	28.9427911279887	50
1.74370334610438	28.9452958738448	50
1.75750483272154	28.947815243746	50
1.77130595048052	28.9503492376925	50
1.78510669938133	28.9528978556842	50
1.79890707942395	28.9554610977211	50
1.8127070906084	28.9580389638032	50
1.82650673293467	28.9606314539306	50
1.84030600640276	28.9632385681032	50
1.85410491101267	28.965860306321	50
1.8679034467644	28.968496668584	50
1.88170161365796	28.9711476548923	50
1.89549941169333	28.9738132652457	50
1.90929684087053	28.9764934996444	50
1.92309390118955	28.9791883580883	50
1.93689059265039	28.9818978405775	50
1.95068691525305	28.9846219471119	50
1.96448286899754	28.9873606776914	50
1.97827845388384	28.9901140323162	50
1.99207366991197	28.9928820109863	50
2.00586851708192	28.9956646137015	50
2.01966299539369	28.998461840462	50
2.03345710484728	29.0012736912677	50
2.04725084544269	29.0041001661186	50
2.06104421717993	29.0069412650148	50
2.07483722005898	29.0097969879562	50
2.08862985407986	29.0126673349428	50
2.10242211924256	29.0155523059746	50
2.11621401554708	29.0184519010516	50
2.13000554299342	29.0213661201739	50
2.14379670158159	29.0242949633414	50
2.15758749131157	29.0272384305541	50
2.17137791218338	29.030196521812	50
2.18516796419701	29.0331692371152	50
2.19895764735246	29.0361565764635	50
2.21274696164973	29.0391585398571	50
2.22653590708882	29.0421751272959	50
2.24032448366974	29.04520633878	50
2.25411269139247	29.0482521743093	50
2.26790053025703	29.0513126338837	50
2.28168800026341	29.0543877175035	50
2.29547510141161	29.0574774251684	50
2.30926183370163	29.0605817568786	50
2.32304819713348	29.0637007126339	50
2.33683419170714	29.0668342924346	50
2.35061981742263	29.0699824962804	50
2.36440507427994	29.0731453241714	50
2.37818996227907	29.0763227761077	50
2.39197448142002	29.0795148520892	50
2.40575863170279	29.0827215521159	50
2.41954241312739	29.0859428761879	50
2.4333258256938	29.089178824305	50
2.44710886940204	29.0924293964674	50
2.4608915442521	29.095694592675	50
2.47467385024398	29.0989744129279	50
2.48845578737768	29.1022688572259	50
2.50223735565321	29.1055779255692	50
2.51601855507055	29.1089016179577	50
2.52979938562972	29.1122399343914	50
2.54357984733071	29.1155928748704	50
2.55735994017352	29.1189604393945	50
2.57113966415815	29.1223426279639	50
2.5849190192846	29.1257394405785	50
2.59869800555288	29.1291508772384	50
2.61247662296297	29.1325769379434	50
2.62625487151489	29.1360176226937	50
2.64003275120863	29.1394729314892	50
2.65381026204419	29.14294286433	50
2.66758740402157	29.1464274212159	50
2.68136417714078	29.1499266021471	50
2.6951405814018	29.1534404071235	50
2.70891661680465	29.1569688361451	50
2.72269228334932	29.160511889212	50
2.73646758103581	29.164069566324	50
2.75024250986412	29.1676418674813	50
2.76401706983425	29.1712287926838	50
2.77779126094621	29.1748303419316	50
2.79156508319998	29.1784465152245	50
2.80533853659558	29.1820773125627	50
2.819111621133	29.1857227339461	50
2.83288433681224	29.1893827793747	50
2.8466566836333	29.1930574488486	50
2.86042866159619	29.1967467423677	50
2.87420027070089	29.200450659932	50
2.88797151094742	29.2041692015415	50
2.90174238233577	29.2079023671962	50
2.91551288486594	29.2116501568962	50
2.92928301853793	29.2154125706414	50
2.94305278335174	29.2191896084318	50
2.95682217930738	29.2229812702674	50
2.97059120640483	29.2267875561483	50
2.98435986464411	29.2306084660743	50
2.99812815402521	29.2344440000456	50
3.01189607454813	29.2382941580622	50
3.02566362621287	29.2421589401239	50
3.03943080901944	29.2460383462309	50
3.05319762296782	29.2499323763831	50
3.06696406805803	29.2538410305805	50
3.08073014429006	29.2577643088231	50
3.09449585166391	29.261702211111	50
3.10826119017958	29.2656547374441	50
3.12202615983707	29.2696218878224	50
3.13579076063639	29.2736036622459	50
3.14955499257752	29.2776000607147	50
3.16331885566048	29.2816110832286	50
3.17708234988526	29.2856367297878	50
3.19084547525186	29.2896770003923	50
3.20460823176028	29.2937318950419	50
3.21837061941053	29.2978014137368	50
3.23213263820259	29.3018855564769	50
3.24589428813648	29.3059843232622	50
3.25965556921219	29.3100977140927	50
3.27341648142972	29.3142257289685	50
3.28717702478907	29.3183683678894	50
3.30093719929024	29.3225256308556	50
3.31469700493324	29.3266975178671	50
3.32845644171805	29.3308840289237	50
3.34221550964469	29.3350851640256	50
3.35597420871315	29.3393009231727	50
3.36973253892343	29.343531306365	50
3.38349050027553	29.3477763136025	50
3.39724809276946	29.3520359448853	50
3.4110053164052	29.3563102002133	50
3.42476217118277	29.3605990795865	50
3.43851865710216	29.3649025830049	50
3.45227477416337	29.3692207104686	50
3.4660305223664	29.3735534619775	50
3.47978590171125	29.3779008375316	50
3.49354091219793	29.3822628371309	50
3.50729555382642	29.3866394607754	50
3.52104982659674	29.3910307084652	50
3.53480373050888	29.3954365802002	50
3.54855726556284	29.3998570759804	50
3.56231043175862	29.4042921958059	50
3.57606322909623	29.4087419396765	50
3.58981565757565	29.4132063075924	50
3.6035677171969	29.4176852995535	50
3.61731940795997	29.4221789155598	50
3.63107072986486	29.4266871556114	50
3.64482168291157	29.4312100197082	50
3.6585722671001	29.4357475078502	50
3.67232248243046	29.4402996200374	50
3.68607232890263	29.4448663562698	50
3.69982180651663	29.4494477165475	50
3.71357091527245	29.4540437008704	50
3.72731965517009	29.4586543092385	50
3.74106802620955	29.4632795416518	50
3.75481602839084	29.4679193981104	50
3.76856366171394	29.4725738786142	50
3.78231092617887	29.4772429831632	50
3.79605782178562	29.4819267117574	50
3.80980434853419	29.4866250643968	50
3.82355050642458	29.4913380410815	50
3.83729629545679	29.4960656418114	50
3.85104171563083	29.5008078665865	50
3.86478676694668	29.5055647154069	50
3.87853144940436	29.5103361882724	50
3.89227576300386	29.5151222851832	50
3.90601970774518	29.5199230061392	50
3.91976328362832	29.5247383511405	50
3.93350649065329	29.5295683201869	50
3.94724932882007	29.5344129132786	50
3.96099179812868	29.5392721304155	50
3.97473389857911	29.5441459715976	50
3.98847563017136	29.549034436825	50
4.00221699290543	29.5539375260975	50
4.01595798678132	29.5588552394153	50
4.02969861179904	29.5637875767783	50
4.04343886795857	29.5687345381866	50
4.05717875525993	29.57369612364	50
4.07091827370311	29.5786723331387	50
4.08465742328811	29.5836631666826	50
4.09839620401493	29.5886686242717	50
4.11213461588358	29.5936887059061	50
4.12587265889404	29.5987234115857	50
4.13961033304633	29.6037727413105	50
4.15334763834044	29.6088366950805	50
4.16708457477637	29.6139152728957	50
4.18082114235412	29.6190084747562	50
4.19455734107369	29.6241163006619	50
4.20829317093509	29.6292387506128	50
4.2220286319383	29.6343758246089	50
4.23576372408334	29.6395275226503	50
4.2494984473702	29.6446938447369	50
4.26323280179888	29.6498747908687	50
4.27696678736938	29.6550703610457	50
4.29070040408171	29.6602805552679	50
4.30443365193585	29.6655053735354	50
4.31816653093182	29.6707448158481	50
4.33189904106961	29.675998882206	50
4.34563118234922	29.6812675726092	50
4.35936295477065	29.6865508870575	50
4.3730943583339	29.6918488255511	50
4.38682539303898	29.6971613880899	50
4.40055605888587	29.702488574674	50
4.41428635587459	29.7078303853032	50
4.42801628400513	29.7131868199777	50
4.44174584327749	29.7185578786974	50
4.45547503369167	29.7239435614623	50
4.46920385524768	29.7293438682725	50
4.4829323079455	29.7347587991278	50
4.49666039178515	29.7401883540284	50
4.51038810676662	29.7456325329742	50
4.52411545288991	29.7510913359653	50
4.53784243015502	29.7565647630015	50
4.55156903856195	29.762052814083	50
4.56529527811071	29.7675554892097	50
4.57902114880128	29.7730727883816	50
4.59274665063368	29.7786047115988	50
4.6064717836079	29.7841512588612	50
4.62019654772394	29.7897124301688	50
4.6339209429818	29.7952882255216	50
4.64764496938148	29.8008786449196	50
4.66136862692299	29.8064836883629	50
4.67509191560632	29.8121033558514	50
4.68881483543147	29.8177376473851	50
4.70253738639844	29.823386562964	50
4.71625956850723	29.8290501025882	50
4.72998138175784	29.8347282662575	50
4.74370282615028	29.8404210539722	50
4.75742390168453	29.846128465732	50
4.77114460836061	29.851850501537	50
4.78486494617851	29.8575871613873	50
4.79858491513823	29.8633384452828	50
4.81230451523977	29.8691043532235	50
4.82602374648314	29.8748848852094	50
4.83974260886832	29.8806800412406	50
4.85346110239533	29.886489821317	50
4.86717922706416	29.8923142254386	50
4.88089698287481	29.8981532536054	50
4.89461436982728	29.9040069058175	50
4.90833138792157	29.9098751820748	50
4.92204803715768	29.9157580823773	50
4.93576431753562	29.921655606725	50
4.94948022905538	29.9275677551179	50
4.96319577171696	29.9334945275561	50
4.97691094552036	29.9394359240395	50
4.99062575046558	29.9453919445681	50
5.00434018655262	29.9513625891419	50
5.01805425378149	29.957347857761	50
5.03176795215218	29.9633477504253	50
5.04548128166469	29.9693622671348	50
5.05919424231902	29.9753914078895	50
5.07290683411517	29.9814351726895	50
5.08661905705314	29.9874935615346	50
5.10033091113293	29.993566574425	50
5.11404239635455	29.9996542113607	50
5.12775351271799	30.0057564723415	50
5.14146426022325	30.0118733573676	50
5.15517463887033	30.0180048664389	50
5.16888464865923	30.0241509995554	50
5.18259428958995	30.0303117567171	50
5.1963035616625	30.036487137924	50
5.21001246487687	30.0426771431762	50
5.22372099923305	30.0488817724736	50
5.23742916473106	30.0551010258162	50
5.2511369613709	30.0613349032041	50
5.26484438915255	30.0675834046372	50
5.27855144807602	30.0738465301155	50
5.29225813814132	30.080124279639	50
5.30596445934844	30.0864166532077	50
5.31967041169738	30.0927236508217	50
5.33337599518814	30.0990452724809	50
5.34708120982072	30.1053815181853	50
5.36078605559512	30.1117323879349	50
5.37449053251135	30.1180978817298	50
5.3881946405694	30.1244779995698	50
5.40189837976926	30.1308727414551	50
5.41560175011095	30.1372821073857	50
5.42930475159447	30.1437060973614	50
5.4430073842198	30.1501447113824	50
5.45670964798695	30.1565979494486	50
5.47041154289593	30.16306581156	50
5.48411306894673	30.1695482977166	50
5.49781422613934	30.1760454079185	50
5.51151501447379	30.1825571421655	50
5.52521543395005	30.1890835004578	50
5.53891548456813	30.1956244827954	50
5.55261516632804	30.2021800891781	50
5.56631447922976	30.2087503196061	50
5.58001342327331	30.2153351740793	50
5.59371199845868	30.2219346525977	50
5.60741020478588	30.2285487551613	50
5.62110804225489	30.2351774817702	50
5.63480551086572	30.2418208324243	50
5.64850261061838	30.2484788071236	50
5.66219934151286	30.2551514058681	50
5.67589570354915	30.2618386286579	50
5.68959169672728	30.2685404754929	50
5.70328732104722	30.2752569463731	50
5.71698257650898	30.2819880412985	50
5.73067746311257	30.2887337602692	50
5.74437198085797	30.295494103285	50
5.7580661297452	30.3022690703461	50
5.77175990977425	30.3090586614524	50
5.78545332094513	30.315862876604	50
5.79914636325782	30.3226817158007	50
5.81283903671233	30.3295151790427	50
5.82653134130867	30.3363632663299	50
5.84022327704682	30.3432259776623	50
5.8539148439268	30.35010331304	50
5.8676060419486	30.3569952724629	50
5.88129687111223	30.363901855931	50
5.89498733141767	30.3708230634443	50
5.90867742286494	30.3777588950028	50
5.92236714545402	30.3847093506066	50
5.93605649918493	30.3916744302556	50
5.94974548405766	30.3986541339498	50
5.96343410007221	30.4056484616892	50
5.97712234722859	30.4126574134739	50
5.99081022552678	30.4196809893038	50
6.0044977349668	30.4267191891789	50
6.01818487554864	30.4337720130992	50
6.03187164727229	30.4408394610648	50
6.04555805013777	30.4479215330755	50
6.05924408414508	30.4550182291315	50
6.0729297492942	30.4621295492327	50
6.08661504558515	30.4692554933792	50
6.10029997301791	30.4763960615709	50
6.1139845315925	30.4835512538077	50
6.12766872130891	30.4907210700899	50
6.14135254216714	30.4979055104172	50
6.15503599416719	30.5051045747897	50
6.16871907730907	30.5123182632075	50
6.18240179159277	30.5195465756705	50
6.19608413701828	30.5267895121787	50
6.20976611358562	30.5340470727322	50
6.22344772129478	30.5413192573309	50
6.23712896014576	30.5486060659748	50
6.25080983013857	30.5559074986639	50
6.2644903312732	30.5632235553982	50
6.27817046354964	30.5705542361778	50
6.29185022696791	30.5778995410025	50
6.305529621528	30.5852594698725	50
6.31920864722991	30.5926340227878	50
6.33288730407364	30.6000231997482	50
6.3465655920592	30.6074270007539	50
6.36024351118657	30.6148454258048	50
6.37392106145577	30.6222784749009	50
6.38759824286679	30.6297261480423	50
6.40127505541963	30.6371884452288	50
6.41495149911429	30.6446653664606	50
6.42862757395078	30.6521569117376	50
6.44230327992909	30.6596630810599	50
6.45597861704921	30.6671838744273	50
6.46965358531116	30.67471929184	50
6.48332818471493	30.6822693332979	50
6.49700241526052	30.689833998801	50
6.51067627694793	30.6974132883494	50
6.52434976977717	30.705007201943	50
6.53802289374822	30.7126157395818	50
6.5516956488611	30.7202389012658	50
6.5653680351158	30.727876686995	50
6.57904005251232	30.7355290967695	50
6.59271170105066	30.7431961305892	50
6.60638298073083	30.7508777884541	50
6.62005389155281	30.7585740703642	50
6.63372443351662	30.7662849763196	50
6.64739460662225	30.7740105063201	50
6.6610644108697	30.7817506603659	50
6.67473384625897	30.789505438457	50
6.68840291279006	30.7972748405932	50
6.70207161046298	30.8050588667747	50
6.71573993927771	30.8128575170014	50
6.72940789923427	30.8206707912733	50
6.74307549033265	30.8284986895904	50
6.75674271257285	30.8363412119528	50
6.77040956595487	30.8441983583604	50
6.78407605047872	30.8520701288132	50
6.79774216614438	30.8599565233112	50
6.81140791295187	30.8678575418544	50
6.82507329090118	30.8757731844429	50
6.83873829999231	30.8837034510766	50
6.85240294022526	30.8916483417555	50
6.86606721160003	30.8996078564797	50
6.87973111411663	30.907581995249	50
6.89339464777504	30.9155707580636	50
6.90705781257528	30.9235741449234	50
6.92072060851734	30.9315921558285	50
6.93438303560122	30.9396247907787	50
6.94804509382692	30.9476720497742	50
6.96170678319445	30.9557339328149	50
6.97536810370379	30.9638104399008	50
6.98902905535496	30.971901571032	50
7.00268963814795	30.9800073262084	50
7.01634985208275	30.98812770543	50
7.03000969715939	30.9962627086968	50
7.04366917337784	31.0044123360088	50
7.05732828073812	31.0125765873661	50
7.07098701924021	31.0207554627686	50
7.08464538888413	31.0289489622163	50
7.09830338966987	31.0371570857092	50
7.11196102159743	31.0453798332474	50
7.12561828466681	31.0536172048307	50
7.13927517887802	31.0618692004593	50
7.15293170423104	31.0701358201332	50
7.16658786072589	31.0784170638522	50
7.18024364836256	31.0867129316165	50
7.19389906714104	31.095023423426	50
7.20755411706136	31.1033485392807	50
7.22120879812349	31.1116882791806	50
7.23486311032745	31.1200426431258	50
7.24851705367322	31.1284116311162	50
7.26217062816082	31.1367952431518	50
7.27582383379024	31.1451934792326	50
7.28947667056148	31.1536063393587	50
7.30312913847454	31.1620338235299	50
7.31678123752943	31.1704759317464	50
7.33043296772613	31.1789326640081	50
7.34408432906466	31.1874040203151	50
7.357735321545	31.1958900006672	50
7.37138594516717	31.2043906050646	50
7.38503619993117	31.2129058335072	50
7.39868608583698	31.2214356859951	50
7.41233560288461	31.2299801625281	50
7.42598475107407	31.2385392631064	50
7.43963353040535	31.2471129877299	50
7.45328194087845	31.2557013363986	50
7.46692998249337	31.2643043091126	50
7.48057765525011	31.2729219058718	50
7.49422495914867	31.2815541266761	50
7.50787189418906	31.2902009715258	50
7.52151846037127	31.2988624404206	50
7.53516465769529	31.3075385333607	50
7.54881048616114	31.3162292503459	50
7.56245594576882	31.3249345913765	50
7.57610103651831	31.3336545564522	50
7.58974575840962	31.3423891455731	50
7.60339011144276	31.3511383587393	50
7.61703409561772	31.3599021959507	50
7.6306777109345	31.3686806572073	50
7.6443209573931	31.3774737425092	50
7.65796383499352	31.3862814518563	50
7.67160634373576	31.3951037852485	50
7.68524848361983	31.4039407426861	50
7.69889025464571	31.4127923241688	50
7.71253165681342	31.4216585296967	50
7.72617269012295	31.4305393592699	50
7.7398133545743	31.4394348128883	50
7.75345365016748	31.448344890552	50
7.76709357690247	31.4572695922608	50
7.78073313477929	31.4662089180149	50
7.79437232379792	31.4751628678142	50
7.80801114395838	31.4841314416587	50
7.82164959526066	31.4931146395485	50
7.83528767770477	31.5021124614834	50
7.84892539129069	31.5111249074636	50
7.86256273601844	31.520151977489	50
7.876199711888	31.5291936715596	50
7.88983631889939	31.5382499896755	50
7.9034725570526	31.5473209318366	50
7.91710842634763	31.5564064980429	50
7.93074392678449	31.5655066882944	50
7.94437905836316	31.5746215025911	50
7.95801382108366	31.5837509409331	50
7.97164821494597	31.5928950033203	50
7.98528223995011	31.6020536897527	50
7.99891589609607	31.6112270002304	50
8.01254918338386	31.6204149347532	50
8.02618210181346	31.6296174933213	50
8.03981465138488	31.6388346759346	50
8.05344683209813	31.6480664825932	50
8.0670786439532	31.6573129132969	50
8.08071008695009	31.6665739680459	50
8.0943411610888	31.6758496468401	50
8.10797186636933	31.6851399496795	50
8.12160220279169	31.6944448765642	50
8.13523217035586	31.703764427494	50
8.14886176906186	31.7130986024691	50
8.16249099890968	31.7224474014894	50
8.17611985989932	31.731810824555	50
8.18974835203078	31.7411888716657	50
8.20337647530407	31.7505815428217	50
8.21700422971917	31.7599888380229	50
8.2306316152761	31.7694107572693	50
8.24425863197485	31.778847300561	50
8.25788527981542	31.7882984678979	50
8.27151155879781	31.79776425928	50
8.28513746892202	31.8072446747073	50
8.29876301018806	31.8167397141798	50
8.31238818259591	31.8262493776976	50
8.32601298614559	31.8357736652606	50
8.33963742083709	31.8453125768688	50
8.35326148667041	31.8548661125222	50
8.36688518364555	31.8644342722209	50
8.38050851176252	31.8740170559647	50
8.3941314710213	31.8836144637538	50
8.40775406142191	31.8932264955882	50
8.42137628296434	31.9028531514677	50
8.43499813564859	31.9124944313925	50
8.44861961947466	31.9221503353625	50
8.46224073444255	31.9318208633777	50
8.47586148055227	31.9415060154381	50
8.4894818578038	31.9512057915438	50
8.50310186619716	31.9609201916947	50
8.51672150573234	31.9706492158908	50
8.53034077640934	31.9803928641321	50
8.54395967822816	31.9901511364187	50
8.5575782111888	31.9999240327504	50
8.57119637529127	32.0097115531274	50
8.58481417053556	32.0195136975497	50
8.59843159692167	32.0293304660171	50
8.6120486544496	32.0391618585298	50
8.62566534311935	32.0490078750877	50
8.63928166293092	32.0588685156908	50
8.65289761388432	32.0687437803391	50
8.66651319597953	32.0786336690327	50
8.68012840921657	32.0885381817714	50
8.69374325359543	32.0984573185555	50
8.70735772911611	32.1083910793847	50
8.72097183577861	32.1183394642591	50
8.73458557358293	32.1283024731788	50
8.74819894252908	32.1382801061437	50
8.76181194261705	32.1482723631538	50
8.77542457384683	32.1582792442091	50
8.78903683621844	32.1683007493097	50
8.80264872973187	32.1783368784555	50
8.81626025438713	32.1883876316465	50
8.8298714101842	32.1984530088827	50
8.8434821971231	32.2085330101642	50
8.85709261520382	32.2186276354909	50
8.87070266442636	32.2287368848628	50
8.88431234479072	32.2388607582799	50
8.8979216562969	32.2489992557422	50
8.9115305989449	32.2591523772498	50
8.92513917273473	32.2693201228026	50
8.93874737766637	32.2795024924006	50
8.95235521373984	32.2896994860439	50
8.96596268095513	32.2999111037323	50
8.97956977931224	32.310137345466	50
8.99317650881118	32.3203782112449	50
9.00678286945193	32.330633701069	50
9.02038886123451	32.3409038149384	50
9.0339944841589	32.351188552853	50
9.04759973822512	32.3614879148128	50
9.06120462343317	32.3718019008178	50
9.07480913978303	32.382130510868	50
9.08841328727471	32.3924737449635	50
9.10201706590821	32.4028316031042	50
9.11562047568354	32.4132040852901	50
9.12922351660069	32.4235911915212	50
9.14282618865966	32.4339929217976	50
9.15642849186045	32.4444092761192	50
9.17003042620307	32.454840254486	50
9.1836319916875	32.465285856898	50
9.19723318831376	32.4757460833553	50
9.21083401608183	32.4862209338577	50
9.22443447499173	32.4967104084054	50
9.23803456504345	32.5072145069983	50
9.251634286237	32.5177332296365	50
9.26523363857236	32.5282665763198	50
9.27883262204954	32.5388145470484	50
9.29243123666855	32.5493771418222	50
9.30602948242938	32.5599543606413	50
9.31962735933203	32.5705462035055	50
9.3332248673765	32.581152670415	50
9.34682200656279	32.5917737613697	50
9.36041877689091	32.6024094763696	50
9.37401517836084	32.6130598154148	50
9.3876112109726	32.6237247785051	50
9.40120687472618	32.6344043656407	50
9.41480216962158	32.6450985768215	50
9.4283970956588	32.6558074120476	50
9.44199165283785	32.6665308713188	50
9.45558584115871	32.6772689546353	50
9.4691796606214	32.688021661997	50
9.48277311122591	32.698788993404	50
9.49636619297224	32.7095709488561	50
9.50995890586039	32.7203675283535	50
9.52355124989036	32.7311787318961	50
9.53714322506216	32.7420045594839	50
9.55073483137577	32.752845011117	50
9.56432606883121	32.7637000867952	50
9.57791693742847	32.7745697865187	50
9.59150743716755	32.7854541102874	50
9.60509756804845	32.7963530581014	50
9.61868733007118	32.8072666299605	50
9.63227672323572	32.8181948258649	50
9.64586574754209	32.8291376458145	50
9.65945440299028	32.8400950898093	50
9.67304268958029	32.8510671578494	50
9.68663060731212	32.8620538499346	50
9.70021815618577	32.8730551660651	50
9.71380533620125	32.8840711062408	50
9.72739214735854	32.8951016704618	50
9.74097858965766	32.9061468587279	50
9.7545646630986	32.9172066710393	50
9.76815036768136	32.9282811073959	50
9.78173570340594	32.9393701677978	50
9.79532067027234	32.9504738522448	50
9.80890526828057	32.9615921607371	50
9.82248949743062	32.9727250932746	50
9.83607335772249	32.9838726498573	50
9.84965684915617	32.9950348304853	50
9.86323997173169	33.0062116351584	50
9.87682272544902	33.0174030638768	50
9.89040511030817	33.0286091166404	50
9.90398712630915	33.0398297934493	50
9.91756877345195	33.0510650943033	50
9.93115005173657	33.0623150192026	50
9.94473096116301	33.0735795681471	50
9.95831150173127	33.0848587411368	50
9.97189167344135	33.0961525381718	50
9.98547147629326	33.107460959252	50
9.99905091028698	33.1187840043774	50
10.0126299754225	33.130121673548	50
10.0262086716999	33.1414739667638	50
10.0397869991191	33.1528408840249	50
10.0533649576801	33.1642224253312	50
10.0669425473829	33.1756185906827	50
10.0805197682276	33.1870293800794	50
10.0940966202141	33.1984547935214	50
10.1076731033424	33.2098948310086	50
10.1212492176125	33.221349492541	50
10.1348249630244	33.2328187781186	50
10.1484003395782	33.2443026877415	50
10.1619753472738	33.2558012214095	50
10.1755499861112	33.2673143791228	50
10.1891242560904	33.2788421608813	50
10.2026981572115	33.2903845666851	50
10.2162716894743	33.301941596534	50
10.229844852879	33.3135132504282	50
10.2434176474256	33.3250995283676	50
10.2569900731139	33.3367004303523	50
10.270562129944	33.3483159563821	50
10.284133817916	33.3599461064572	50
10.2977051370298	33.3715908805775	50
10.3112760872854	33.383250278743	50
10.3248466686829	33.3949243009538	50
10.3384168812222	33.4066129472097	50
10.3519867249032	33.4183162175109	50
10.3655561997262	33.4300341118573	50
10.3791253056909	33.441766630249	50
10.3926940427974	33.4535137726858	50
10.4062624110458	33.4652755391679	50
10.419830410436	33.4770519296952	50
10.433398040968	33.4888429442677	50
10.4469653026419	33.5006485828855	50
10.4605321954575	33.5124688455485	50
10.474098719415	33.5243037322567	50
10.4876648745143	33.5361532430101	50
10.5012306607554	33.5480173778087	50
10.5147960781384	33.5598961366526	50
10.5283611266631	33.5717895195417	50
10.5419258063297	33.583697526476	50
10.5554901171381	33.5956201574555	50
10.5690540590884	33.6075574124803	50
10.5826176321804	33.6195092915503	50
10.5961808364143	33.6314757946655	50
10.60974367179	33.6434569218259	50
10.6233061383075	33.6554526730315	50
10.6368682359668	33.6674630482824	50
10.650429964768	33.6794880475785	50
10.663991324711	33.6915276709198	50
10.6775523157958	33.7035819183063	50
10.6911129380224	33.7156507897381	50
10.7046731913909	33.7277342852151	50
10.7182330759011	33.7398324047373	50
10.7317925915532	33.7519451483047	50
10.7453517383471	33.7640725159174	50
10.7589105162829	33.7762145075753	50
10.7724689253604	33.7883711232784	50
10.7860269655798	33.8005423630267	50
10.799584636941	33.8127282268202	50
10.813141939444	33.824928714659	50
10.8266988730888	33.837143826543	50
10.8402554378755	33.8493735624722	50
10.853811633804	33.8616179224466	50
10.8673674608743	33.8738769064663	50
10.8809229190864	33.8861505145312	50
10.8944780084404	33.8984387466413	50
10.9080327289361	33.9107416027966	50
10.9215870805737	33.9230590829971	50
10.9351410633531	33.9353911872429	50
10.9486946772744	33.9477379155339	50
10.9622479223374	33.9600992678701	50
10.9758007985423	33.9724752442516	50
10.989353305889	33.9848658446782	50
11.0029054443775	33.9972710691501	50
11.0164572140079	34.0096909176672	50
11.03000861478	34.0221253902296	50
11.043559646694	34.0345744868371	50
11.0571103097498	34.0470382074899	50
11.0706606039475	34.0595165521879	50
11.0842105292869	34.0720095209311	50
11.0977600857682	34.0845171137196	50
11.1113092733913	34.0970393305533	50
11.1248580921562	34.1095761714321	50
11.1384065420629	34.1221276363563	50
11.1519546231115	34.1346937253256	50
11.1655023353019	34.1472744383402	50
11.1790496786341	34.1598697753999	50
11.1925966531081	34.172479736505	50
11.2061432587239	34.1851043216552	50
11.2196894954816	34.1977435308506	50
11.2332353633811	34.2103973640913	50
11.2467808624224	34.2230658213772	50
11.2603259926055	34.2357489027083	50
11.2738707539305	34.2484466080847	50
11.2874151463972	34.2611589375062	50
11.3009591700058	34.273885890973	50
11.3145028247563	34.286627468485	50
11.3280461106485	34.2993836700423	50
11.3415890276826	34.3121544956447	50
11.3551315758584	34.3249399452924	50
11.3686737551761	34.3377400189853	50
11.3822155656357	34.3505547167234	50
11.395757007237	34.3633840385068	50
11.4092980799802	34.3762279843354	50
11.4228387838652	34.3890865542092	50
11.436379118892	34.4019597481282	50
11.4499190850606	34.4148475660924	50
11.4634586823711	34.4277500081019	50
11.4769979108233	34.4406670741566	50
11.4905367704174	34.4535987642565	50
11.5040752611533	34.4665450784016	50
11.5176133830311	34.479506016592	50
11.5311511360506	34.4924815788276	50
11.544688520212	34.5054717651083	50
11.5582255355152	34.5184765754344	50
11.5717621819603	34.5314960098056	50
11.5852984595471	34.5445300682221	50
11.5988343682758	34.5575787506838	50
11.6123699081463	34.5706420571907	50
11.6259050791586	34.5837199877428	50
11.6394398813127	34.5968125423402	50
11.6529743146087	34.6099197209828	50
11.6665083790464	34.6230415236706	50
11.680042074626	34.6361779504036	50
11.6935754013474	34.6493290011819	50
11.7071083592107	34.6624946760053	50
11.7206409482157	34.675674974874	50
11.7341731683626	34.688869897788	50
11.7477050196513	34.7020794447471	50
11.7612365020819	34.7153036157515	50
11.7747676156542	34.7285424108011	50
11.7882983603684	34.7417958298959	50
11.8018287362244	34.7550638730359	50
11.8153587432222	34.7683465402212	50
11.8288883813618	34.7816438314517	50
11.8424176506433	34.7949557467273	50
11.8559465510666	34.8082822860483	50
11.8694750826317	34.8216234494144	50
11.8830032453386	34.8349792368258	50
11.8965310391873	34.8483496482824	50
11.9100584641779	34.8617346837842	50
11.9235855203103	34.8751343433313	50
11.9371122075845	34.8885486269235	50
11.9506385260005	34.901977534561	50
11.9641644755584	34.9154210662437	50
11.977690056258	34.9288792219716	50
11.9912152680995	34.9423520017448	50
12.0047401110828	34.9558394055632	50
12.018264585208	34.9693414334268	50
12.0317886904749	34.9828580853356	50
12.0453124268837	34.9963893612897	50
12.0588357944343	35.0099352612889	50
12.0723587931267	35.0234957853334	50
12.085881422961	35.0370709334231	50
12.099403683937	35.0506607055581	50
12.1129255760549	35.0642651017382	50
12.1264470993146	35.0778841219636	50
12.1399682537162	35.0915177662342	50
12.1534890392595	35.10516603455	50
12.1670094559447	35.1188289269111	50
12.1805295037717	35.1325064433174	50
12.1940491827405	35.1461985837689	50
12.2075684928511	35.1599053482656	50
12.2210874341036	35.1736267368075	50
12.2346060064979	35.1873627493947	50
12.248124210034	35.2011133860271	50
12.2616420447119	35.2148786467047	50
12.2751595105316	35.2286585314275	50
12.2886766074932	35.2424530401956	50
12.3021933355966	35.2562621730089	50
12.3157096948418	35.2700859298674	50
12.3292256852288	35.2839243107711	50
12.3427413067577	35.29777731572	50
12.3562565594284	35.3116449447142	50
12.3697714432409	35.3255271977536	50
12.3832859581952	35.3394240748382	50
12.3968001042913	35.3533355759681	50
12.4103138815293	35.3672617011431	50
12.4238272899091	35.3812024503634	50
12.4373403294307	35.3951578236289	50
12.4508530000941	35.4091278209397	50
12.4643653018993	35.4231124422956	50
12.4778772348464	35.4371116876968	50
12.4913887989353	35.4511255571432	50
12.504899994166	35.4651540506348	50
12.5184108205385	35.4791971681717	50
12.5319212780529	35.4932549097537	50
12.5454313667091	35.507327275381	50
12.5589410865071	35.5214142650535	50
12.5724504374469	35.5355158787713	50
12.5859594195285	35.5496321165342	50
12.599468032752	35.5637629783424	50
12.6129762771173	35.5779084641958	50
12.6264841526244	35.5920685740944	50
12.6399916592733	35.6062433080383	50
12.6534987970641	35.6204326660274	50
12.6670055659966	35.6346366480617	50
12.680511966071	35.6488552541412	50
12.6940179972872	35.6630884842659	50
12.7075236596453	35.6773363384359	50
12.7210289531451	35.6915988166511	50
12.7345338777868	35.7058759189115	50
12.7480384335703	35.7201676452171	50
12.7615426204956	35.734473995568	50
12.7750464385628	35.7487949699641	50
12.7885498877717	35.7631305684054	50
12.8020529681225	35.7774807908919	50
12.8155556796151	35.7918456374236	50
12.8290580222495	35.8062251080006	50
12.8425599960258	35.8206192026228	50
12.8560616009439	35.8350279212902	50
12.8695628370038	35.8494512640029	50
12.8830637042055	35.8638892307607	50
12.896564202549	35.8783418215638	50
12.9100643320344	35.8928090364121	50
12.9235640926615	35.9072908753056	50
12.9370634844305	35.9217873382444	50
12.9505625073414	35.9362984252284	50
12.964061161394	35.9508241362576	50
12.9775594465885	35.965364471332	50
12.9910573629248	35.9799194304516	50
13.0045549104029	35.9944890136165	50
13.0180520890228	36.0090732208266	50
13.0315488987845	36.0236720520819	50
13.0450453396881	36.0382855073824	50
13.0585414117335	36.0529135867282	50
13.0720371149207	36.0675562901192	50
13.0855324492498	36.0822136175554	50
13.0990274147206	36.0968855690368	50
13.1125220113333	36.1115721445635	50
13.1260162390878	36.1262733441353	50
13.1395100979841	36.1409891677524	50
13.1530035880223	36.1557196154148	50
13.1664967092022	36.1704646871223	50
13.179989461524	36.1852243828751	50
13.1934818449876	36.1999987026731	50
13.2069738595931	36.2147876465163	50
13.2204655053403	36.2295912144047	50
13.2339567822294	36.2444094063384	50
13.2474476902603	36.2592422223172	50
13.260938229433	36.2740896623413	50
13.2744283997476	36.2889517264107	50
13.2879182012039	36.3038284145252	50
13.3014076338021	36.318719726685	50
13.3148966975421	36.33362566289	50
13.3283853924239	36.3485462231402	50
13.3418737184476	36.3634814074356	50
13.355361675613	36.3784312157763	50
13.3688492639203	36.3933956481622	50
13.3823364833694	36.4083747045933	50
13.3958233339604	36.4233683850696	50
13.4093098156931	36.4383766895912	50
13.4227959285677	36.4533996181579	50
13.4362816725841	36.4684371707699	50
13.4497670477423	36.4834893474272	50
13.4632520540424	36.4985561481296	50
13.4767366914842	36.5136375728773	50
13.4902209600679	36.5287336216702	50
13.5037048597934	36.5438442945083	50
13.5171883906607	36.5589695913916	50
13.5306715526699	36.5741095123202	50
13.5441543458209	36.589264057294	50
13.5576367701136	36.604433226313	50
13.5711188255483	36.6196170193772	50
13.5846005121247	36.6348154364866	50
13.598081829843	36.6500284776413	50
13.611562778703	36.6652561428412	50
13.6250433587049	36.6804984320863	50
13.6385235698487	36.6957553453767	50
13.6520034121342	36.7110268827122	50
13.6654828855616	36.726313044093	50
13.6789619901307	36.741613829519	50
13.6924407258417	36.7569292389903	50
13.7059190926946	36.7722592725067	50
13.7193970906892	36.7876039300684	50
13.7328747198257	36.8029632116753	50
13.746351980104	36.8183371173274	50
13.7598288715241	36.8337256470248	50
13.773305394086	36.8491288007673	50
13.7867815477898	36.8645465785551	50
13.8002573326354	36.8799789803882	50
13.8137327486228	36.8954260062664	50
13.827207795752	36.9108876561898	50
13.840682474023	36.9263639301585	50
13.8541567834359	36.9418548281724	50
13.8676307239906	36.9573603502316	50
13.8811042956871	36.9728804963359	50
13.8945774985254	36.9884152664855	50
13.9080503325056	37.0039646606803	50
13.9215227976276	37.0195286789203	50
13.9349948938914	37.0351073212056	50
13.948466621297	37.050700587536	50
13.9619379798444	37.0663084779117	50
13.9754089695337	37.0819309923326	50
13.9888795903647	37.0975681307988	50
14.0023498423376	37.1132198933101	50
14.0158197254524	37.1288862798667	50
14.0292892397089	37.1445672904685	50
14.0427583851073	37.1602629251155	50
14.0562271616475	37.1759731838078	50
14.0696955693295	37.1916980665453	50
14.0831636081533	37.207437573328	50
14.096631278119	37.2231917041559	50
14.1100985792264	37.238960459029	50
14.1235655114757	37.2547438379474	50
14.1370320748669	37.270541840911	50
14.1504982693998	37.2863544679198	50
14.1639640950746	37.3021817189738	50
14.1774295518911	37.3180235940731	50
14.1908946398495	37.3338800932175	50
14.2043593589498	37.3497512164072	50
14.2178237091918	37.3656369636422	50
14.2312876905757	37.3815373349223	50
14.2447513031014	37.3974523302477	50
14.2582145467689	37.4133819496183	50
14.2716774215782	37.4293261930341	50
14.2851399275294	37.4452850604951	50
14.2986020646223	37.4612585520014	50
14.3120638328571	37.4772466675529	50
14.3255252322338	37.4932494071496	50
14.3389862627522	37.5092667707915	50
14.3524469244125	37.5252987584787	50
14.3659072172145	37.541345370211	50
14.3793671411585	37.5574066059886	50
14.3928266962442	37.5734824658115	50
14.4062858824717	37.5895729496795	50
14.4197446998411	37.6056780575928	50
14.4332031483523	37.6217977895513	50
14.4466612280053	37.637932145555	50
14.4601189388001	37.6540811256039	50
14.4735762807368	37.6702447296981	50
14.4870332538153	37.6864229578374	50
14.5004898580356	37.702615810022	50
14.5139460933977	37.7188232862519	50
14.5274019599016	37.7350453865269	50
14.5408574575474	37.7512821108472	50
14.554312586335	37.7675334592127	50
14.5677673462644	37.7837994316234	50
14.5812217373356	37.8000800280793	50
14.5946757595487	37.8163752485805	50
14.6081294129035	37.8326850931269	50
14.6215826974002	37.8490095617185	50
14.6350356130387	37.8653486543553	50
14.6484881598191	37.8817023710374	50
14.6619403377412	37.8980707117647	50
14.6753921468052	37.9144536765372	50
14.688843587011	37.9308512653549	50
14.7022946583586	37.9472634782178	50
14.7157453608481	37.963690315126	50
14.7291956944793	37.9801317760794	50
14.7426456592524	37.996587861078	50
14.7560952551673	38.0130585701218	50
14.7695444822241	38.0295439032109	50
14.7829933404226	38.0460438603452	50
14.796441829763	38.0625584415247	50
14.8098899502452	38.0790876467494	50
14.8233377018692	38.0956314760194	50
14.836785084635	38.1121899293346	50
14.8502320985427	38.1287630066949	50
14.8636787435922	38.1453507081006	50
14.8771250197835	38.1619530335514	50
14.8905709271166	38.1785699830475	50
14.9040164655916	38.1952015565888	50
14.9174616352083	38.2118477541753	50
14.9309064359669	38.228508575807	50
14.9443508678673	38.245184021484	50
14.9577949309095	38.2618740912062	50
14.9712386250936	38.2785787849736	50
14.9846819504195	38.2952981027862	50
14.9981249068872	38.312032044644	50
15.0115674944967	38.3287806105471	50
15.025009713248	38.3455438004954	50
15.0384515631412	38.3623216144889	50
15.0518930441762	38.3791140525277	50
15.065334156353	38.3959211146116	50
15.0787748996716	38.4127428007408	50
15.092215274132	38.4295791109152	50
15.1056552797343	38.4464300451348	50
15.1190949164784	38.4632956033997	50
15.1325341843643	38.4801757857098	50
15.145973083392	38.4970705920651	50
15.1594116135616	38.5139800224656	50
15.172849774873	38.5309040769113	50
15.1862875673262	38.5478427554023	50
15.1997249909212	38.5647960579385	50
15.213162045658	38.5817639845199	50
15.2265987315367	38.5987465351466	50
15.2400350485572	38.6157437098184	50
15.2534709967195	38.6327555085355	50
15.2669065760236	38.6497819312978	50
15.2803417864696	38.6668229781053	50
15.2937766280573	38.6838786489581	50
15.3072111007869	38.7009489438561	50
15.3206452046583	38.7180338627993	50
15.3340789396716	38.7351334057877	50
15.3475123058266	38.7522475728213	50
15.3609453031235	38.7693763639002	50
15.3743779315622	38.7865197790243	50
15.3878101911427	38.8036778181936	50
15.4012420818651	38.8208504814081	50
15.4146736037292	38.8380377686679	50
15.4281047567352	38.8552396799728	50
15.441535540883	38.872456215323	50
15.4549659561727	38.8896873747185	50
15.4683960026041	38.9069331581591	50
15.4818256801774	38.924193565645	50
15.4952549888925	38.9414685971761	50
15.5086839287494	38.9587582527524	50
15.5221124997481	38.976062532374	50
15.5355407018887	38.9933814360407	50
15.548968535171	39.0107149637527	50
15.5623959995953	39.0280631155099	50
15.5758230951613	39.0454258913123	50
15.5892498218691	39.06280329116	50
15.6026761797188	39.0801953150529	50
15.6161021687103	39.097601962991	50
15.6295277888436	39.1150232349743	50
15.6429530401187	39.1324591310028	50
15.6563779225357	39.1499096510766	50
15.6698024360944	39.1673747951956	50
15.683226580795	39.1848545633598	50
15.6966503566374	39.2023489555692	50
15.7100737636217	39.2198579718239	50
15.7234968017477	39.2373816121238	50
15.7369194710156	39.2549198764689	50
15.7503417714253	39.2724727648592	50
15.7637637029768	39.2900402772948	50
15.7771852656702	39.3076224137755	50
15.7906064595054	39.3252191743015	50
15.8040272844823	39.3428305588728	50
15.8174477406012	39.3604565674892	50
15.8308678278618	39.3780972001509	50
15.8442875462642	39.3957524568578	50
15.8577068958085	39.4134223376099	50
15.8711258764946	39.4311068424072	50
15.8845444883225	39.4488059712498	50
15.8979627312923	39.4665197241375	50
15.9113806054038	39.4842481010705	50
15.9247981106572	39.5019911020488	50
15.9382152470524	39.5197487270722	50
15.9516320145894	39.5375209761409	50
15.9650484132683	39.5553078492548	50
15.9784644430889	39.5731093464139	50
15.9918801040514	39.5909254676182	50
16.0052953961558	39.6087562128678	50
16.0187103194019	39.6266015821626	50
16.0321248737898	39.6444615755026	50
16.0455390593196	39.6623361928878	50
16.0589528759912	39.6802254343183	50
16.0723663238046	39.6981292997939	50
16.0857794027599	39.7160477893148	50
16.0991921128569	39.733980902881	50
16.1126044540958	39.7519286404923	50
16.1260164264765	39.7698910021489	50
16.139428029999	39.7878679878507	50
16.1528392646634	39.8058595975977	50
16.1662501304696	39.8238658313899	50
16.1796606274176	39.8418866892274	50
16.1930707555074	39.8599221711101	50
16.206480514739	39.877972277038	50
16.2198899051125	39.8960370070111	50
16.2332989266277	39.9141163610294	50
16.2467075792848	39.932210339093	50
16.2601158630838	39.9503189412018	50
16.2735237780245	39.9684421673558	50
16.2869313241071	39.9865800175551	50
16.3003385013314	40.0047324917995	50
16.3137453096977	40.0228995900892	50
16.3271517492057	40.0410813124241	50
16.3405578198555	40.0592776588043	50
16.3539635216472	40.0774886292296	50
16.3673688545807	40.0957142237002	50
16.380773818656	40.113954442216	50
16.3941784138731	40.132209284777	50
16.4075826402321	40.1504787513833	50
16.4209864977329	40.1687628420347	50
16.4343899863755	40.1870615567314	50
16.4477931061599	40.2053748954733	50
16.4611958570861	40.2237028582605	50
16.4745982391542	40.2420454450928	50
16.4880002523641	40.2604026559704	50
16.5014018967158	40.2787744908932	50
16.5148031722093	40.2971609498613	50
16.5282040788447	40.3155620328745	50
16.5416046166219	40.333977739933	50
16.5550047855409	40.3524080710367	50
16.5684045856017	40.3708530261856	50
16.5818040168043	40.3893126053798	50
16.5952030791488	40.4077868086191	50
16.608601772635	40.4262756359037	50
16.6220000972632	40.4447790872335	50
16.6353980530331	40.4632971626086	50
16.6487956399448	40.4818298620288	50
16.6621928579984	40.5003771854943	50
16.6755897071938	40.518939133005	50
16.688986187531	40.5375157045609	50
16.70238229901	40.5561069001621	50
16.7157780416309	40.5747127198085	50
16.7291734153935	40.5933331635001	50
16.742568420298	40.6119682312369	50
16.7559630563444	40.6306179230189	50
16.7693573235325	40.6492822388462	50
16.7827512218625	40.6679611787187	50
16.7961447513342	40.6866547426364	50
16.8095379119478	40.7053629305993	50
16.8229307037033	40.7240857426075	50
16.8363231266005	40.7428231786608	50
16.8497151806396	40.7615752387594	50
16.8631068658205	40.7803419229033	50
16.8764981821432	40.7991232310923	50
16.8898891296077	40.8179191633266	50
16.9032797082141	40.8367297196061	50
16.9166699179622	40.8555548999308	50
16.9300597588522	40.8743947043007	50
16.9434492308841	40.8932491327159	50
16.9568383340577	40.9121181851763	50
16.9702270683732	40.9310018616819	50
16.9836154338304	40.9499001622327	50
16.9970034304296	40.9688130868288	50
17.0103910581705	40.98774063547	50
17.0237783170532	41.0066828081565	50
17.0371652070778	41.0256396048883	50
17.0505517282442	41.0446110256652	50
17.0639378805524	41.0635970704874	50
17.0773236640024	41.0825977393548	50
17.0907090785943	41.1016130322674	50
17.104094124328	41.1206429492252	50
17.1174788012035	41.1396874902283	50
17.1308631092208	41.1587466552766	50
17.1442470483799	41.17782044437	50
17.1576306186809	41.1969088575088	50
17.1710138201237	41.2160118946927	50
17.1843966527083	41.2351295559219	50
17.1977791164347	41.2542618411963	50
17.211161211303	41.2734087505159	50
17.224542937313	41.2925702838808	50
17.2379242944649	41.3117464412908	50
17.2513052827586	41.3309372227461	50
17.2646859021942	41.3501426282466	50
17.2780661527715	41.3693626577923	50
17.2914460344907	41.3885973113833	50
17.3048255473517	41.4078465890195	50
17.3182046913545	41.4271104907009	50
17.3315834664992	41.4463890164275	50
17.3449618727856	41.4656821661994	50
17.3583399102139	41.4849899400164	50
17.371717578784	41.5043123378787	50
17.385094878496	41.5236493597862	50
17.3984718093497	41.543001005739	50
17.4118483713453	41.5623672757369	50
17.4252245644827	41.5817481697801	50
17.4386003887619	41.6011436878685	50
17.4519758441829	41.6205538300021	50
17.4653509307458	41.639978596181	50
17.4787256484505	41.6594179864051	50
17.492099997297	41.6788720006744	50
17.5054739772853	41.6983406389889	50
17.5188475884155	41.7178239013486	50
17.5322208306874	41.7373217877536	50
17.5455937041012	41.7568342982038	50
17.5589662086568	41.7763614326992	50
17.5723383443542	41.7959031912398	50
17.5857101111935	41.8154595738257	50
17.5990815091746	41.8350305804568	50
17.6124525382975	41.8546162111331	50
17.6258231985622	41.8742164658546	50
17.6391934899687	41.8938313446213	50
17.6525634125171	41.9134608474333	50
17.6659329662073	41.9331049742905	50
17.6793021510393	41.9527637251929	50
17.6926709670131	41.9724371001406	50
17.7060394141287	41.9921250991334	50
17.7194074923862	42.0118277221715	50
17.7327752017855	42.0315449692548	50
17.7461425423266	42.0512768403834	50
17.7595095140096	42.0710233355571	50
17.7728761168343	42.0907844547761	50
17.7862423508009	42.1105601980403	50
17.7996082159093	42.1303505653497	50
17.8129737121595	42.1501555567044	50
17.8263388395515	42.1699751721042	50
17.8397035980854	42.1898094115493	50
17.8530679877611	42.2096582750396	50
17.8664320085786	42.2295217625752	50
17.8797956605379	42.2493998741559	50
17.8931589436391	42.2692926097819	50
17.906521857882	42.2891999694531	50
17.9198844032668	42.3091219531695	50
17.9332465797934	42.3290585609312	50
17.9466083874619	42.3490097927381	50
17.9599698262721	42.3689756485902	50
17.9733308962242	42.3889561284875	50
17.9866915973181	42.40895123243	50
18.0000519295538	42.4289609604178	50
18.0134118929314	42.4489853124508	50
18.0267714874507	42.469024288529	50
18.0401307131119	42.4890778886524	50
18.0534895699149	42.5091461128211	50
18.0668480578597	42.529228961035	50
18.0802061769464	42.5493264332941	50
18.0935639271749	42.5694385295984	50
18.1069213085452	42.5895652499479	50
18.1202783210573	42.6097065943427	50
18.1336349647112	42.6298625627827	50
18.146991239507	42.6500331552679	50
18.1603471454445	42.6702183717984	50
18.1737026825239	42.690418212374	50
18.1870578507452	42.7106326769949	50
18.2004126501082	42.730861765661	50
18.2137670806131	42.7511054783723	50
18.2271211422598	42.7713638151289	50
18.2404748350483	42.7916367759307	50
18.2538281589786	42.8119243607777	50
18.2671811140508	42.8322265696699	50
18.2805337002647	42.8525434026073	50
18.2938859176205	42.87287485959	50
18.3072377661181	42.8932209406179	50
18.3205892457576	42.913581645691	50
18.3339403565388	42.9339569748094	50
18.3472910984619	42.9543469279729	50
18.3606414715268	42.9747515051817	50
18.3739914757335	42.9951707064357	50
18.3873411110821	43.0156045317349	50
18.4006903775725	43.0360529810794	50
18.4140392752046	43.0565160544691	50
18.4273878039787	43.076993751904	50
18.4407359638945	43.0974860733841	50
18.4540837549521	43.1179930189094	50
18.4674311771516	43.13851458848	50
18.4807782304929	43.1590507820958	50
18.494124914976	43.1796015997568	50
18.507471230601	43.200167041463	50
18.5208171773677	43.2207471072145	50
18.5341627552763	43.2413417970112	50
18.5475079643267	43.2619511108531	50
18.5608528045189	43.2825750487402	50
18.574197275853	43.3032136106725	50
18.5875413783288	43.3238667966501	50
18.6008851119465	43.3445346066729	50
18.614228476706	43.3652170407409	50
18.6275714726074	43.3859140988541	50
18.6409140996505	43.4066257810126	50
18.6542563578355	43.4273520872163	50
18.6675982471623	43.4480930174652	50
18.6809397676309	43.4688485717593	50
18.6942809192414	43.4896187500987	50
18.7076217019936	43.5104035524833	50
18.7209621158877	43.5312029789131	50
18.7343021609236	43.5520170293881	50
18.7476418371013	43.5728457039083	50
18.7609811444209	43.5936890024738	50
18.7743200828823	43.6145469250845	50
18.7876586524855	43.6354194717404	50
18.8009968532305	43.6563066424415	50
18.8143346851173	43.6772084371879	50
18.827672148146	43.6981248559795	50
18.8410092423164	43.7190558988163	50
18.8543459676287	43.7400015656983	50
18.8676823240829	43.7609618566256	50
18.8810183116788	43.781936771598	50
18.8943539304166	43.8029263106157	50
18.9076891802961	43.8239304736786	50
18.9210240613175	43.8449492607868	50
18.9343585734808	43.8659826719402	50
18.9476927167858	43.8870307071387	50
18.9610264912327	43.9080933663826	50
18.9743598968214	43.9291706496716	50
18.9876929335519	43.9502625570058	50
19.0010256014242	43.9713690883853	50
19.0143579004384	43.99249024381	50
19.0276898305944	44.0136260232799	50
19.0410213918922	44.0347764267951	50
19.0543525843318	44.0559414543555	50
19.0676834079132	44.077121105961	50
19.0810138626365	44.0983153816119	50
19.0943439485016	44.1195242813079	50
19.1076736655085	44.1407478050492	50
19.1210030136572	44.1619859528357	50
19.1343319929478	44.1832387246674	50
19.1476606033802	44.2045061205443	50
19.1609888449543	44.2257881404664	50
19.1743167176704	44.2470847844338	50
19.1876442215282	44.2683960524464	50
19.2009713565279	44.2897219445042	50
19.2142981226693	44.3110624606073	50
19.2276245199526	44.3324176007556	50
19.2409505483778	44.353787364949	50
19.2542762079447	44.3751717531878	50
19.2676014986535	44.3965707654717	50
19.2809264205041	44.4179844018008	50
19.2942509734965	44.4394126621752	50
19.3075751576307	44.4608555465948	50
19.3208989729068	44.4823130550597	50
19.3342224193246	44.5037851875697	50
19.3475454968843	44.525271944125	50
19.3608682055859	44.5467733247255	50
19.3741905454292	44.5682893293712	50
19.3875125164144	44.5898199580621	50
19.4008341185413	44.6113652107983	50
19.4141553518101	44.6329250875797	50
19.4274762162208	44.6544995884063	50
19.4407967117732	44.6760887132781	50
19.4541168384675	44.6976924621952	50
19.4674365963036	44.7193108351575	50
19.4807559852815	44.740943832165	50
19.4940750054012	44.7625914532177	50
19.5073936566628	44.7842536983156	50
19.5207119390661	44.8059305674588	50
19.5340298526113	44.8276220606472	50
19.5473473972984	44.8493281778808	50
19.5606645731272	44.8710489191597	50
19.5739813800979	44.8927842844837	50
19.5872978182103	44.914534273853	50
19.6006138874646	44.9362988872675	50
19.6139295878608	44.9580781247272	50
19.6272449193987	44.9798719862322	50
19.6405598820785	45.0016804717824	50
19.6538744759001	45.0235035813778	50
19.6671887008635	45.0453413150184	50
19.6805025569687	45.0671936727042	50
19.6938160442158	45.0890606544353	50
19.7071291626047	45.1109422602116	50
19.7204419121354	45.1328384900331	50
19.7337542928079	45.1547493438998	50
19.7470663046222	45.1766748218118	50
19.7603779475784	45.198614923769	50
19.7736892216764	45.2205696497714	50
19.7870001269162	45.242538999819	50
19.8003106632978	45.2645229739118	50
19.8136208308213	45.2865215720499	50
19.8269306294865	45.3085347942332	50
19.8402400592936	45.3305626404617	50
19.8535491202425	45.3526051107355	50
19.8668578123333	45.3746622050544	50
19.8801661355658	45.3967339234186	50
19.8934740899402	45.418820265828	50
19.9067816754564	45.4409212322827	50
19.9200888921144	45.4630368227825	50
19.9333957399143	45.4851670373276	50
19.9467022188559	45.5073118759179	50
19.9600083289394	45.5294713385534	50
19.9733140701647	45.5516454252342	50
19.9866194425319	45.5738341359601	50
19.9999244460408	45.5960374707313	50
20.0132290806916	45.6182554295477	50
20.0265333464842	45.6404880124094	50
20.0398372434186	45.6627352193162	50
20.0531407714948	45.6849970502683	50
20.0664439307129	45.7072735052656	50
20.0797467210728	45.7295645843082	50
20.0930491425745	45.7518702873959	50
20.106351195218	45.7741906145289	50
20.1196528790033	45.7965255657071	50
20.1329541939305	45.8188751409305	50
20.1462551399995	45.8412393401991	50
20.1595557172103	45.863618163513	50
20.1728559255629	45.8860116108721	50
20.1861557650574	45.9084196822764	50
20.1994552356937	45.9308423777259	50
20.2127543374718	45.9532796972207	50
20.2260530703917	45.9757316407607	50
20.2393514344534	45.9981982083459	50
20.252649429657	46.0206793999763	50
20.2659470560024	46.043175215652	50
20.2792443134896	46.0656856553728	50
20.2925412021186	46.0882107191389	50
20.3058377218894	46.1107504069503	50
20.3191338728021	46.1333047188068	50
20.3324296548566	46.1558736547086	50
20.3457250680529	46.1784572146555	50
20.359020112391	46.2010553986477	50
20.372314787871	46.2236682066852	50
20.3856090944928	46.2462956387678	50
20.3989030322564	46.2689376948957	50
20.4121966011618	46.2915943750688	50
20.425489801209	46.3142656792871	50
20.4387826323981	46.3369516075507	50
20.452075094729	46.3596521598594	50
20.4653671882017	46.3823673362134	50
20.4786589128162	46.4050971366127	50
20.4919502685726	46.4278415610571	50
20.5052412554707	46.4506006095467	50
20.5185318735107	46.4733742820816	50
20.5318221226925	46.4961625786617	50
20.5451120030162	46.5189654992871	50
20.5584015144816	46.5417830439576	50
20.5716906570889	46.5646152126734	50
20.584979430838	46.5874620054344	50
20.5982678357289	46.6103234222406	50
20.6115558717617	46.6331994630921	50
20.6248435389362	46.6560901279887	50
20.6381308372526	46.6789954169306	50
20.6514177667108	46.7019153299177	50
20.6647043273108	46.7248498669501	50
20.6779905190527	46.7477990280276	50
20.6912763419364	46.7707628131504	50
20.7045617959619	46.7937412223184	50
20.7178468811292	46.8167342555316	50
20.7311315974383	46.8397419127901	50
20.7444159448893	46.8627641940937	50
20.757699923482	46.8858010994426	50
20.7709835332166	46.9088526288367	50
20.7842667740931	46.9319187822761	50
20.7975496461113	46.9549995597607	50
20.8108321492714	46.9780949612904	50
20.8241142835733	47.0012049868654	50
20.837396049017	47.0243296364857	50
20.8506774456025	47.0474689101511	50
20.8639584733298	47.0706228078618	50
20.877239132199	47.0937913296177	50
20.89051942221	47.1169744754188	50
20.9037993433628	47.1401722452652	50
20.9170788956575	47.1633846391567	50
20.9303580790939	47.1866116570935	50
20.9436368936722	47.2098532990756	50
20.9569153393923	47.2331095651028	50
20.9701934162542	47.2563804551752	50
20.983471124258	47.2796659692929	50
20.9967484634035	47.3029661074558	50
21.0100254336909	47.326280869664	50
21.0233020351201	47.3496102559173	50
21.0365782676912	47.3729542662159	50
21.049854131404	47.3963129005597	50
21.0631296262587	47.4196861589487	50
21.0764047522552	47.4430740413829	50
21.0896795093935	47.4664765478624	50
21.1029538976736	47.4898936783871	50
21.1162279170956	47.513325432957	50
21.1295015676594	47.5367718115721	50
21.142774849365	47.5602328142325	50
21.1560477622124	47.5837084409381	50
21.1693203062017	47.6071986916889	50
21.1825924813327	47.6307035664849	50
21.1958642876056	47.6542230653262	50
21.2091357250203	47.6777571882126	50
21.2224067935769	47.7013059351443	50
21.2356774932752	47.7248693061212	50
21.2489478241154	47.7484473011434	50
21.2622177860974	47.7720399202107	50
21.2754873792212	47.7956471633233	50
21.2887566034869	47.8192690304811	50
21.3020254588943	47.8429055216842	50
21.3152939454436	47.8665566369324	50
21.3285620631347	47.8902223762259	50
21.3418298119676	47.9139027395646	50
21.3550971919424	47.9375977269485	50
21.3683642030589	47.9613073383777	50
21.3816308453173	47.985031573852	50
21.3948971187176	48.0087704333716	50
21.4081630232596	48.0325239169364	50
21.4214285589434	48.0562920245465	50
21.4346937257691	48.0800747562017	50
21.4479585237366	48.1038721119022	50
21.4612229528459	48.1276840916479	50
21.4744870130971	48.1515106954388	50
21.48775070449	48.175351923275	50
21.5010140270248	48.1992077751564	50
21.5142769807014	48.223078251083	50
21.5275395655199	48.2469633510548	50
21.5408017814801	48.2708630750718	50
21.5540636285822	48.2947774231341	50
21.5673251068261	48.3187063952416	50
21.5805862162118	48.3426499913943	50
21.5938469567393	48.3666082115922	50
21.6071073284087	48.3905810558354	50
21.6203673312199	48.4145685241237	50
21.6336269651729	48.4385706164573	50
21.6468862302677	48.4625873328362	50
21.6601451265043	48.4866186732602	50
21.6734036538828	48.5106646377295	50
21.6866618124031	48.534725226244	50
21.6999196020652	48.5588004388037	50
21.7131770228691	48.5828902754086	50
21.7264340748149	48.6069947360588	50
21.7396907579024	48.6311138207542	50
21.7529470721318	48.6552475294948	50
21.7662030175031	48.6793958622806	50
21.7794585940161	48.7035588191117	50
21.7927138016709	48.727736399988	50
21.8059686404676	48.7519286049094	50
21.8192231104061	48.7761354338762	50
21.8324772114865	48.8003568868881	50
21.8457309437086	48.8245929639453	50
21.8589843070726	48.8488436650477	50
21.8722373015784	48.8731089901953	50
21.885489927226	48.8973889393881	50
21.8987421840154	48.9216835126262	50
21.9119940719466	48.9459927099095	50
21.9252455910197	48.970316531238	50
21.9384967412346	48.9946549766117	50
21.9517475225913	49.0190080460306	50
21.9649979350899	49.0433757394948	50
21.9782479787302	49.0677580570042	50
21.9914976535124	49.0921549985588	50
22.0047469594364	49.1165665641587	50
22.0179958965022	49.1409927538037	50
22.0312444647099	49.165433567494	50
22.0444926640594	49.1898890052295	50
22.0577404945507	49.2143590670103	50
22.0709879561838	49.2388437528362	50
22.0842350489587	49.2633430627074	50
22.0974817728754	49.2878569966238	50
22.110728127934	49.3123855545854	50
22.1239741141344	49.3369287365923	50
22.1372197314766	49.3614865426443	50
22.1504649799607	49.3860589727416	50
22.1637098595865	49.4106460268841	50
22.1769543703542	49.4352477050719	50
22.1901985122637	49.4598640073049	50
22.2034422853151	49.484494933583	50
22.2166856895082	49.5091404839064	50
22.2299287248432	49.5338006582751	50
22.24317139132	49.5584754566889	50
22.2484456956217	49.5681233519053	50
22.2538708917971	49.5776872117135	50
22.2594456412602	49.5871646763742	50
22.2651685685251	49.5965534074649	50
22.271038261545	49.6058510884567	50
22.2770532720611	49.6150554252858	50
22.2832121159595	49.6241641469199	50
22.2895132736376	49.6331750059183	50
22.2959551903791	49.6420857789862	50
22.3025362767373	49.6508942675239	50
22.3092549089278	49.6595982981685	50
22.3161094292285	49.6681957233307	50
22.3230981463891	49.6766844217245	50
22.3302193360483	49.6850622988906	50
22.3374712411591	49.6933272877132	50
22.3448520724223	49.7014773489299	50
22.3523600087283	49.7095104716352	50
22.3599931976062	49.7174246737761	50
22.3677497556808	49.7252180026417	50
22.3756277691375	49.7328885353448	50
22.3836252941943	49.7404343792961	50
22.3917403575817	49.7478536726716	50
22.3999709570291	49.7551445848717	50
22.4083150617593	49.7623053169728	50
22.4167706129893	49.7693341021715	50
22.4253355244383	49.7762292062202	50
22.4340076828427	49.7829889278552	50
22.4427849484771	49.7896115992162	50
22.4516651556825	49.7960955862582	50
22.4606461134007	49.8024392891545	50
22.4697256057148	49.8086411426913	50
22.4789013923958	49.8146996166539	50
22.4881712094558	49.8206132162047	50
22.4975327697061	49.8263804822514	50
22.5069837633217	49.8319999918075	50
22.5165218584114	49.8374703583429	50
22.526144701593	49.8427902321267	50
22.5358499185739	49.8479583005595	50
22.545635114737	49.8529732884979	50
22.5554978757316	49.8578339585686	50
22.565435768069	49.8625391114739	50
22.575446339723	49.8670875862879	50
22.5855271207348	49.8714782607423	50
22.5956756238225	49.8757100515041	50
22.6058893449948	49.8797819144421	50
22.616165764169	49.8836928448851	50
22.6265023457923	49.8874418778694	50
22.6368965394678	49.8910280883775	50
22.6473457805839	49.8944505915653	50
22.6578474909466	49.8977085429816	50
22.668399079416	49.9008011387755	50
22.6789979425456	49.9037276158953	50
22.6896414652245	49.9064872522766	50
22.7003270213227	49.9090793670203	50
22.7110519743391	49.911503320561	50
22.7218136780522	49.9137585148243	50
22.7326094771724	49.9158443933749	50
22.743436707998	49.9177604415535	50
22.7542926990717	49.9195061866037	50
22.7651747718401	49.9210811977892	50
22.7760802413148	49.9224850864995	50
22.7870064167341	49.923717506346	50
22.7979506022279	49.9247781532476	50
22.8089100974821	49.9256667655056	50
22.8198821984054	49.9263831238682	50
22.8308641977958	49.9269270515846	50
22.8418533860095	49.9272984144489	50
22.8528470516286	49.9274971208328	50
22.8638424821308	49.9275231217085	50
22.8748369645579	49.9273764106606	50
22.8858277861861	49.927057023888	50
22.8968122351945	49.9265650401944	50
22.9077876013347	49.9259005809696	50
22.9187511765993	49.925063810159	50
22.9297002558902	49.9240549342231	50
22.9406321376859	49.922874202087	50
22.9515441247082	49.9215219050787	50
22.9624335245875	49.9199983768574	50
22.9732976505273	49.9183039933306	50
22.9841338219672	49.9164391725623	50
22.994939365244	49.9144043746691	50
23.0057116142515	49.9122001017068	50
23.0164479110986	49.909826897547	50
23.0271456067645	49.907285347742	50
23.0378020617531	49.9045760793815	50
23.0484146467434	49.9016997609367	50
23.058980743239	49.8986571020963	50
23.0694977442136	49.8954488535907	50
23.0799630547545	49.8920758070074	50
23.0903740927031	49.8885387945949	50
23.1007282892915	49.8848386890583	50
23.1110230897766	49.8809764033433	50
23.1212559540704	49.8769528904109	50
23.1314243573668	49.8727691430029	50
23.1415257907645	49.8684261933963	50
23.1515577618858	49.8639251131489	50
23.1615177954921	49.8592670128349	50
23.171403434094	49.854453041771	50
23.1812122385582	49.8494843877323	50
23.1909417887089	49.84436227666	50
23.2005896839253	49.8390879723583	50
23.2101535437335	49.8336627761829	50
23.2196310083942	49.8280880267198	50
23.2290197394849	49.8223650994549	50
23.2383174204767	49.816495406435	50
23.2475217573058	49.8104803959189	50
23.2566304789399	49.8043215520205	50
23.2656413379383	49.7980203943424	50
23.2745521110062	49.7915784776009	50
23.2833605995439	49.7849973912427	50
23.2920646301884	49.7782787590522	50
23.3006620553507	49.7714242387515	50
23.3091507537445	49.7644355215909	50
23.3175286309106	49.7573143319317	50
23.3257936197332	49.7500624268209	50
23.3339436809499	49.7426815955577	50
23.3419768036552	49.7351736592517	50
23.3498910057961	49.7275404703738	50
23.3576843346617	49.7197839122992	50
23.3653548673648	49.7119058988425	50
23.3729007113161	49.7039083737857	50
23.3803200046916	49.6957933103983	50
23.3876109168917	49.6875627109509	50
23.3947716489928	49.6792186062207	50
23.4018004341915	49.6707630549907	50
23.4086955382402	49.6621981435417	50
23.4154552598751	49.6535259851373	50
23.4220779312362	49.6447487195029	50
23.4285619182782	49.6358685122975	50
23.4349056211745	49.6268875545793	50
23.4411074747113	49.6178080622652	50
23.4471659486739	49.6086322755842	50
23.4530795482247	49.5993624585242	50
23.4588468142714	49.5900008982739	50
23.4644663238275	49.5805499046583	50
23.4699366903629	49.5710118095686	50
23.4752565641467	49.561388966387	50
23.4804246325795	49.5516837494061	50
23.4854396205179	49.541898553243	50
23.4903002905886	49.5320357922484	50
23.4950054434939	49.522097899911	50
23.4995539183079	49.512087328257	50
23.5039445927623	49.5020065472453	50
23.5081763835241	49.4918580441575	50
23.5122482464621	49.4816443229852	50
23.516159176905	49.471367903811	50
23.5199082098894	49.4610313221877	50
23.5234944203975	49.4506371285122	50
23.5269169235853	49.4401878873961	50
23.5301748750016	49.4296861770334	50
23.5332674707955	49.419134588564	50
23.5361939479153	49.4085357254344	50
23.5389535842966	49.3978922027555	50
23.5415456990403	49.3872066466573	50
23.543969652581	49.3764816936409	50
23.5462248468443	49.3657199899278	50
23.5483107253949	49.3549241908076	50
23.5502267735735	49.344096959982	50
23.5519725186237	49.3332409689083	50
23.5535475298092	49.3223588961399	50
23.5549514185195	49.3114534266652	50
23.556183838366	49.3005272512459	50
23.5572444852676	49.2895830657521	50
23.5581330975256	49.2786235704979	50
23.5588494558882	49.2676514695747	50
23.5593933836046	49.2566694701842	50
23.5597647464689	49.2456802819705	50
23.5599634528528	49.2346866163514	50
23.5599894537285	49.2236911858493	50
23.5598427426806	49.2126967034221	50
23.559523355908	49.2017058817939	50
23.5590313722144	49.1907214327855	50
23.5583669129896	49.1797460666454	50
23.557530142179	49.1687824913807	50
23.5565212662431	49.1578334120898	50
23.555340534107	49.1469015302941	50
23.5539882370987	49.1359895432718	50
23.5524647088773	49.1251001433926	50
23.5507703253506	49.1142360174527	50
23.5489055045823	49.1033998460128	50
23.5468707066891	49.092594302736	50
23.5446664337268	49.0818220537285	50
23.5422932295669	49.0710857568814	50
23.539751679762	49.0603880612155	50
23.5370424114015	49.0497316062269	50
23.5341660929567	49.0391190212366	50
23.5311234341163	49.028552924741	50
23.5279151856107	49.0180359237664	50
23.5245421390274	49.0075706132255	50
23.5210051266149	48.9971595752769	50
23.5173050210783	48.9868053786885	50
23.5134427353633	48.9765105782034	50
23.5094192224309	48.9662777139096	50
23.5052354750229	48.9561093106132	50
23.5008925254163	48.9460078772155	50
23.4963914451689	48.9359759060942	50
23.4917333448549	48.926015872488	50
23.486919373791	48.916130233886	50
23.4819507197523	48.9063214294218	50
23.4768863595234	48.8966995412125	50
23.4258175538492	48.8014747621176	50
23.3748053508051	48.7063557847074	50
23.3238509115363	48.611344771655	50
23.2729553910604	48.5164438742161	50
23.222119938267	48.421655232229	50
23.1713456959179	48.3269809741143	50
23.1206338006471	48.2324232168753	50
23.0699853829608	48.1379840660976	50
23.0194015672373	48.0436656159494	50
22.9688834717271	47.9494699491815	50
22.9184322085528	47.855399137127	50
22.8680488837093	47.7614552397016	50
22.8177345970634	47.6676403054035	50
22.7674904423544	47.5739563713134	50
22.7173175071936	47.4804054630944	50
22.6672168730643	47.3869895949924	50
22.6171896153223	47.2937107698354	50
22.5672368031953	47.2005709790342	50
22.5173594997834	47.1075722025819	50
22.4675587620585	47.0147164090542	50
22.4178356408651	46.9220055556094	50
22.3681911809195	46.829441587988	50
22.3186264208104	46.7370264405133	50
22.2691423929986	46.6447620360911	50
22.2197401238169	46.5526502862093	50
22.1704206334706	46.4606930909388	50
22.1211849360369	46.3688923389327	50
22.0720340394652	46.2772499074268	50
22.022968945577	46.185767662239	50
21.9739906500664	46.0944474577703	50
21.925100142499	46.0032911370036	50
21.876298406313	45.9123005315048	50
21.8275864188187	45.821477461422	50
21.7789651511985	45.7308237354858	50
21.730435568507	45.6403411510095	50
21.6819986296709	45.5500314938887	50
21.6336552874892	45.4598965386016	50
21.5854064886329	45.3699380482088	50
21.5372531736452	45.2801577743536	50
21.4891962769417	45.1905574572616	50
21.4412367268098	45.101138825741	50
21.3933754454093	45.0119035971823	50
21.3456133487721	44.922853477559	50
21.2979513468022	44.8339901614264	50
21.2503903432759	44.745315331923	50
21.2029312358416	44.6568306607693	50
21.1555749160198	44.5685378082684	50
21.1083222692033	44.4804384233061	50
21.0611741746569	44.3925341433505	50
21.0141315055177	44.3048265944523	50
20.9671951287949	44.2173173912446	50
20.9203659053699	44.1300081369431	50
20.8736446899962	44.042900423346	50
20.8270323312996	43.9559958308339	50
20.7805296717779	43.86929592837	50
20.7341375478011	43.7828022734999	50
20.6878567896114	43.6965164123518	50
20.6416882213233	43.6104398796364	50
20.5956326609231	43.5245741986468	50
20.5496909202697	43.4389208812586	50
20.5038638050939	43.3534814279301	50
20.4581521149987	43.2682573277019	50
20.4125566434592	43.1832500581971	50
20.3670781778229	43.0984610856214	50
20.3217174993093	43.0138918647629	50
20.27647538301	42.9295438389923	50
20.2313525978888	42.8454184402627	50
20.1863499067818	42.7615170891098	50
20.1414680663971	42.6778411946518	50
20.0967078273152	42.5943921545893	50
20.0520699339884	42.5111713552053	50
20.0075551247414	42.4281801713657	50
19.9631641317711	42.3454199665184	50
19.9188976811465	42.2628920926943	50
19.8747564928087	42.1805978905063	50
19.830741280571	42.0985386891502	50
19.7868527521189	42.0167158064042	50
19.7430916090101	41.9351305486287	50
19.6994585466744	41.853784210767	50
19.6559542544137	41.7726780763448	50
19.6125794154022	41.6918134174701	50
19.5693347066862	41.6111914948336	50
19.5262207991842	41.5308135577084	50
19.4832383576868	41.4506808439503	50
19.4403880408567	41.3707945799972	50
19.3976705012291	41.2911559808699	50
19.3550863852109	41.2117662501714	50
19.3126363330815	41.1326265800875	50
19.2703209789923	41.0537381513862	50
19.228140950967	40.9751021334182	50
19.1860968709013	40.8967196841166	50
19.1441893545632	40.8185919499971	50
19.1024190115928	40.7407200661577	50
19.0607864455023	40.6631051562792	50
19.0192922536763	40.5857483326245	50
18.9779370273712	40.5086506960395	50
18.936721351716	40.4318133359521	50
18.8956458057114	40.355237330373	50
18.8547109622307	40.2789237458954	50
18.813917388019	40.2028736376948	50
18.7732656436938	40.1270880495294	50
18.7327562837447	40.0515680137398	50
18.6923898565335	39.9763145512492	50
18.6521669042939	39.9013286715631	50
18.6120879631323	39.8266113727697	50
18.5721535630266	39.7521636415395	50
18.5323642278275	39.6779864531258	50
18.4927204752575	39.6040807713641	50
18.4532228169113	39.5304475486726	50
18.4138717582557	39.4570877260518	50
18.37466779863	39.3840022330849	50
18.3356114312452	39.3111919879376	50
18.2967031431849	39.2386578973578	50
18.2579434154045	39.1664008566763	50
18.2193327227318	39.094421749806	50
18.1808715338666	39.0227214492428	50
18.1425603113811	38.9513008160646	50
18.1043995117195	38.8801606999321	50
18.066389585198	38.8093019390883	50
18.0285309760054	38.738725360359	50
17.9908241222022	38.6684317791521	50
17.9532694557213	38.5984219994584	50
17.9158674023679	38.5286968138509	50
17.878618381819	38.4592570034852	50
17.8415228076241	38.3901033380994	50
17.8045810872047	38.3212365760142	50
17.7677936218544	38.2526574641325	50
17.7311608067392	38.1843667379402	50
17.6946830308971	38.1163651215051	50
17.6583606772382	38.048653327478	50
17.622194122545	37.981232057092	50
17.5861837374718	37.9141020001626	50
17.5503298865454	37.8472638350879	50
17.5146329281647	37.7807182288485	50
17.4790932146006	37.7144658370077	50
17.4437110919964	37.6485073037108	50
17.4084869003673	37.582843261686	50
17.3734209736009	37.517474332244	50
17.3385136394568	37.4524011252778	50
17.3037652195668	37.3876242392631	50
17.269176029435	37.3231442612578	50
17.2347463784375	37.2589617669026	50
17.2004765698226	37.1950773204206	50
17.1663669007109	37.1314914746173	50
17.1324176620949	37.068204770881	50
17.0986291388395	37.0052177391821	50
17.0650016096816	36.9425308980737	50
17.0315353472305	36.8801447546915	50
16.9982306179673	36.8180598047535	50
16.9650876822457	36.7562765325602	50
16.9321067942911	36.6947954109949	50
16.8992882022015	36.6336169015231	50
16.8666321479468	36.5727414541928	50
16.834138867369	36.5121695076346	50
16.8018085901826	36.4519014890617	50
16.7696415399739	36.3919378142696	50
16.7376379342016	36.3322788876363	50
16.7057979841965	36.2729251021225	50
16.6741218951614	36.2138768392713	50
16.6426098661716	36.1551344692081	50
16.6112620901743	36.0966983506412	50
16.580078753989	36.038568830861	50
16.5490600383072	35.9807462457407	50
16.5182061176927	35.9232309197358	50
16.4875171605815	35.8660231658844	50
16.4569933292817	35.8091232858071	50
16.4266347799734	35.7525315697069	50
16.3964416627092	35.6962482963694	50
16.3664141214137	35.6402737331627	50
16.3365522938835	35.5846081360373	50
16.3068563117877	35.5292517495264	50
16.2773263006673	35.4742048067455	50
16.2479623799355	35.4194675293926	50
16.2187646628778	35.3650401277484	50
16.1897332566517	35.3109228006759	50
16.160868262287	35.2571157356206	50
16.1321697746855	35.2036191086106	50
16.1036378826215	35.1504330842565	50
16.075272668741	35.0975578157514	50
16.0470742095625	35.0449934448708	50
16.0190425754765	34.9927401019728	50
15.9911778307458	34.9407979059979	50
15.9634800335053	34.8891669644692	50
15.935949235762	34.8378473734922	50
15.9085854833952	34.7868392177551	50
15.8813888161561	34.7361425705283	50
15.8543592676685	34.685757493665	50
15.8274968654279	34.6356840376007	50
15.8008016308023	34.5859222413534	50
15.7742735790316	34.5364721325236	50
15.7479127192282	34.4873337272946	50
15.7217190543763	34.4385070304317	50
15.6956925813326	34.3899920352831	50
15.6698332908256	34.3417887237793	50
15.6441411674563	34.2938970664333	50
15.6186161896977	34.2463170223408	50
15.5932583298949	34.1990485391797	50
15.5680675542654	34.1520915532106	50
15.5430438228986	34.1054459892766	50
15.5181870897563	34.0591117608031	50
15.4934973026722	34.0130887697983	50
15.4689744033525	33.9673769068527	50
15.4446183273751	33.9219760511393	50
15.4204290041906	33.8768860704138	50
15.3964063571214	33.832106821014	50
15.3725503033622	33.7876381478605	50
15.3488607539797	33.7434798844565	50
15.3253376139131	33.6996318528875	50
15.3019807819734	33.6560938638214	50
15.278790150844	33.6128657165088	50
15.2557656070804	33.5699471987828	50
15.2329070311102	33.5273380870589	50
15.2102142972332	33.4850381463352	50
15.1876872736214	33.443047130192	50
15.1653258223191	33.4013647807927	50
15.1431297992424	33.3599908288825	50
15.1210990541798	33.3189249937896	50
15.0992334307921	33.2781669834246	50
15.0775327666119	33.2377164942803	50
15.0559968930443	33.1975732114325	50
15.0346256353664	33.157736808539	50
15.0134188127275	33.1182069478405	50
14.992376238149	33.0789832801599	50
14.9714977185246	33.0400654449029	50
14.95078305462	33.0014530700573	50
14.9302320410732	32.9631457721938	50
14.9098444663944	32.9251431564653	50
14.8896201129658	32.8874448166074	50
14.8695587570418	32.8500503349382	50
14.849660168749	32.8129592823581	50
14.8299241120863	32.7761712183502	50
14.8103503449246	32.7396856909799	50
14.7909386190069	32.7035022368953	50
14.7716886799486	32.667620381327	50
14.752600267237	32.6320396380879	50
14.7336731142318	32.5967595095736	50
14.7149069481647	32.5617794867621	50
14.6963014901396	32.5270990492138	50
14.6778564551327	32.4927176650719	50
14.6595715519921	32.4586347910618	50
14.6414464834383	32.4248498724916	50
14.6234809460639	32.3913623432517	50
14.6056746303336	32.3581716258152	50
14.5880272205843	32.3252771312376	50
14.5705383950251	32.2926782591569	50
14.5532078257372	32.2603743977935	50
14.5360351786741	32.2283649239506	50
14.5190201136612	32.1966492030137	50
14.5021622843964	32.1652265889506	50
14.4854613384495	32.1340964243121	50
14.4689169172625	32.1032580402309	50
14.4525286561498	32.0727107564228	50
14.4362961842976	32.0424538811856	50
14.4202191247646	32.0124867113998	50
14.4042970944814	31.9828085325286	50
14.3885297042509	31.9534186186173	50
14.3729165587482	31.924316232294	50
14.3574572565204	31.8955006247691	50
14.342151389987	31.8669710358358	50
14.3269985454395	31.8387266938694	50
14.3119983030415	31.810766815828	50
14.297150236829	31.7830906072522	50
14.2824539147099	31.7556972622647	50
14.2679088984645	31.7285859635713	50
14.2535147437451	31.7017558824598	50
14.2392710000763	31.6752061788008	50
14.2251772108546	31.6489360010472	50
14.2112329133491	31.6229444862346	50
14.1974376387006	31.597230759981	50
14.1837909119223	31.5717939364868	50
14.1702922518997	31.546633118535	50
14.1569411713902	31.5217473974911	50
14.1437371770234	31.4971358533032	50
14.1306797693013	31.4727975545016	50
14.1177684425977	31.4487315581995	50
14.105002685159	31.4249369100922	50
14.0923819791033	31.4014126444578	50
14.0799058004212	31.3781577841567	50
14.0675736189754	31.355171340632	50
14.0553848985006	31.3324523139091	50
14.0433390966039	31.309999692596	50
14.0314356647643	31.2878124538832	50
14.0196740483333	31.2658895635436	50
14.0080536865342	31.2442299759328	50
13.9965740124628	31.2228326339888	50
13.9852344530868	31.2016964692319	50
13.9740344292462	31.1808204017652	50
13.9629733556531	31.1602033402742	50
13.9520506408919	31.1398441820269	50
13.9412656874189	31.1197418128737	50
13.9306178915628	31.0998951072475	50
13.9201066435245	31.080302928164	50
13.9097313273768	31.060964127221	50
13.8994913210649	31.041877544599	50
13.889385996406	31.023042009061	50
13.8794147190897	31.0044563379525	50
13.8695768486774	30.9861193372014	50
13.8598717386031	30.9680298013182	50
13.8502987361725	30.9501865133959	50
13.840857182564	30.93258824511	50
13.8315464128276	30.9152337567183	50
13.8223657558858	30.8981217970615	50
13.8133145345333	30.8812511035624	50
13.8043920654368	30.8646204022265	50
13.7955976591352	30.8482284076418	50
13.7869306200396	30.8320738229787	50
13.7783902464333	30.8161553399903	50
13.7699758304716	30.8004716390119	50
13.7616866581822	30.7850213889615	50
13.7535220094648	30.7698032473397	50
13.7454811580913	30.7548158602293	50
13.7375633717058	30.7400578622958	50
13.7297679118245	30.7255278767872	50
13.7220940338358	30.7112245155339	50
13.7145409870004	30.6971463789489	50
13.7071080144508	30.6832920560276	50
13.6997943531921	30.6696601243481	50
13.6925992341013	30.6562491500707	50
13.6855218819276	30.6430576879384	50
13.6785615152923	30.6300842812767	50
13.6717173466892	30.6173274619935	50
13.6649885824837	30.6047857505793	50
13.6583744229139	30.592457656107	50
13.6518740620899	30.580341676232	50
13.6454866879937	30.5684362971924	50
13.6392114824797	30.5567399938085	50
13.6330476212746	30.5452512294833	50
13.626994273977	30.5339684562024	50
13.6210506040577	30.5228901145335	50
13.6152157688599	30.5120146336272	50
13.6094889195987	30.5013404312163	50
13.6038692013614	30.4908659136165	50
13.5983557531076	30.4805894757255	50
13.5929477076689	30.4705095010238	50
13.5876441917493	30.4606243615744	50
13.5824443259247	30.4509324180227	50
13.5773472246434	30.4414320195967	50
13.5723519962256	30.4321215041067	50
13.5674577428638	30.4229991979458	50
13.5626635606228	30.4140634160894	50
13.5533717631225	30.3967446281041	50
13.5444692496853	30.3801514316045	50
13.5359485682265	30.364269935364	50
13.5278021686161	30.3490860654759	50
13.5200224026785	30.3345855653539	50
13.512601524193	30.3207539957313	50
13.5055316888933	30.3075767346616	50
13.4988049544679	30.2950389775181	50
13.4924132805598	30.2831257369943	50
13.4863485287667	30.2718218431035	50
13.480602462641	30.2611119431792	50
13.4751667476894	30.2509805018746	50
13.4700329513737	30.2414118011632	50
13.46519254311	30.2323899403383	50
13.4584631313764	30.2198472415281	50
13.4523448701123	30.2084436499155	50
13.4468077277107	30.1981231885716	50
13.4418211762098	30.18882895575	50
13.4359752218428	30.1779329204483	50
13.4309779724542	30.1686187541705	50
13.4258082394946	30.158983104141	50
13.4209823450328	30.1499883205625	50
13.4160304829379	30.1407587511621	50
13.4112984430624	30.1319388992357	50
13.4065105659315	30.123069166218	50
13.4014933353376	30.1139882261571	50
13.3965093521275	30.1051430380131	50
13.3908642983444	30.0952917430104	50
13.3849501186572	30.0851291937729	50
13.3791890664437	30.075363697043	50
13.3739945354153	30.0666588690424	50
13.368247821766	30.0571288665091	50
13.3619196279263	30.0467456820223	50
13.3549805094281	30.0354826647589	50
13.3493574557139	30.0264427444893	50
13.343361576664	30.0168834922343	50
13.3369802877149	30.006795167004	50
13.3302009578231	29.9961684570444	50
13.323010909466	29.9849944798378	50
13.3153974186408	29.9732647821023	50
13.3073477148655	29.960971339792	50
13.301732577703	29.9524587519673	50
13.2959140635524	29.9436900823655	50
13.2898883541378	29.934663271444	50
13.2836516220021	29.9253763444479	50
13.2772000305071	29.9158274114093	50
13.2705297338334	29.9060146671479	50
13.2636368769805	29.8959363912707	50
13.2565175957665	29.8855909481721	50
13.2491680168288	29.8749767870338	50
13.2415842576231	29.8640924418249	50
13.2337624264245	29.8529365313019	50
13.2256986223264	29.8415077590085	50
13.2173889352415	29.829804913276	50
13.2088294459009	29.8178268672229	50
13.200016225855	29.8055725787552	50
13.1909453374727	29.7930410905659	50
13.1816128339419	29.7802315301359	50
13.1720147592693	29.7671431097331	50
13.1621471482804	29.7537751264129	50
13.1520060266195	29.7401269620179	50
13.14158741075	29.7261980831783	50
13.1308873079538	29.7119880413115	50
13.1199017163318	29.6974964726223	50
13.1086266248038	29.682723098103	50
13.0970580131084	29.6676677235329	50
13.085191851803	29.6523302394791	50
13.0730241022639	29.6367106212957	50
13.0668258673262	29.6287950273877	50
13.060550716686	29.6208089291245	50
13.0541981429331	29.6127523472717	50
13.0477676380835	29.6046253078943	50
13.0412586935793	29.5964278423565	50
13.0346708002889	29.5881599873216	50
13.028003448507	29.5798217847522	50
13.0212561279541	29.5714132819101	50
13.0144283277772	29.5629345313562	50
13.0075195365494	29.5543855909507	50
13.0005292422699	29.5457665238532	50
12.9934569323641	29.5370773985221	50
12.9863020936837	29.5283182887153	50
12.9790642125064	29.5194892734899	50
12.9717427745362	29.510590437202	50
12.9643372649032	29.5016218695073	50
12.9568471681638	29.4925836653603	50
12.9492719683005	29.4834759250148	50
12.9416111487218	29.4742987540241	50
12.9338641922627	29.4650522632404	50
12.9260305811842	29.4557365688153	50
12.9181097971735	29.4463517921993	50
12.9101013213439	29.4368980601426	50
12.9020046342351	29.4273755046941	50
12.8938192158128	29.4177842632024	50
12.8855445454688	29.4081244783148	50
12.8771801020213	29.3983962979783	50
12.8687253637146	29.3885998754387	50
12.860179808219	29.3787353692414	50
12.8515429126313	29.3688029432306	50
12.8428141534742	29.3588027665499	50
12.8339930066966	29.3487350136424	50
12.8250789476739	29.3385998642498	50
12.8160714512072	29.3283975034136	50
12.8069699915241	29.3181281214741	50
12.7977740422783	29.307791914071	50
12.7884830765496	29.2973890821432	50
12.7790965668442	29.2869198319288	50
12.7696139850941	29.2763843749651	50
12.7600348026579	29.2657829280885	50
12.7503584903201	29.2551157134348	50
12.7405845182914	29.2443829584389	50
12.7307123562088	29.233584895835	50
12.7207414731354	29.2227217636563	50
12.7106713375604	29.2117938052356	50
12.7005014173994	29.2008012692044	50
12.690231179994	29.1897444094938	50
12.679860092112	29.178623485334	50
12.6693876199474	29.1674387612543	50
12.6588132291204	29.1561905070835	50
12.6481363846773	29.1448789979492	50
12.6373565510906	29.1335045142785	50
12.6264731922591	29.1220673417978	50
12.6154857715077	29.1105677715323	50
12.6043937515873	29.0990060998068	50
12.5931965946753	29.0873826282451	50
12.5818937623751	29.0756976637703	50
12.5704847157162	29.0639515186047	50
12.5589689151545	29.0521445102699	50
12.5473458205718	29.0402769615864	50
12.5356148912764	29.0283492006742	50
12.5237755860024	29.0163615609526	50
12.5118273629105	29.0043143811396	50
12.4997696795872	28.9922080052531	50
12.4876019930454	28.9800427826096	50
12.4753237597241	28.9678190678252	50
12.4629344354885	28.9555372208151	50
12.45043347563	28.9431976067935	50
12.4378203348661	28.9308005962742	50
12.4250944673405	28.91834656507	50
12.4122553266232	28.9058358942929	50
12.3993023657102	28.893268970354	50
12.3862350370238	28.8806461849638	50
12.3730527924124	28.8679679351321	50
12.3597550831506	28.8552346231676	50
12.3463413599392	28.8424466566785	50
12.3328110729052	28.8296044485719	50
12.3191636716018	28.8167084170544	50
12.3053986050082	28.8037589856317	50
12.2915153215299	28.7907565831088	50
12.2775132689987	28.7777016435896	50
12.2633918946724	28.7645946064777	50
12.2491506452349	28.7514359164754	50
12.2347889667967	28.7382260235846	50
12.2203063048939	28.7249653831062	50
12.2057021044892	28.7116544556403	50
12.1909758099713	28.6982937070865	50
12.1761268651551	28.6848836086433	50
12.1611547132818	28.6714246368084	50
12.1460587970187	28.6579172733789	50
12.130838558459	28.644362005451	50
12.1154934391226	28.6307593254201	50
12.1000228799552	28.6171097309809	50
12.0844263213288	28.6034137251273	50
12.0687032030415	28.5896718161523	50
12.0528529643177	28.5758845176482	50
12.0368750438079	28.5620523485064	50
12.0207688795889	28.5481758329177	50
12.0045339091634	28.5342555003719	50
11.9881695694605	28.5202918856583	50
11.9716752968355	28.506285528865	50
11.9550505270698	28.4922369753797	50
11.9382946953709	28.4781467758891	50
11.9214072363726	28.4640154863791	50
11.9043875841349	28.4498436681349	50
11.8872351721438	28.4356318877409	50
11.8699494333117	28.4213807170807	50
11.852529799977	28.4070907333371	50
11.8349757039043	28.392762518992	50
11.8172865762846	28.3783966618268	50
11.7994618477348	28.3639937549217	50
11.781500948298	28.3495543966565	50
11.7634033074437	28.33507919071	50
11.7451683540673	28.3205687460603	50
11.7267955164907	28.3060236769846	50
11.7082842224616	28.2914446030595	50
11.6896338991541	28.2768321491605	50
11.6708439731686	28.2621869454626	50
11.6519138705313	28.2475096274399	50
11.632843016695	28.2328008358658	50
11.6136308365384	28.2180612168127	50
11.5942767543664	28.2032914216524	50
11.5747801939102	28.1884921070558	50
11.5551405783271	28.1736639349932	50
11.5353573302006	28.1588075727338	50
11.5154298715403	28.1439236928462	50
11.4953576237821	28.1290129731983	50
11.475140007788	28.1140760969571	50
11.4547764438463	28.0991137525887	50
11.4342663516712	28.0841266338586	50
11.4136091504033	28.0691154398313	50
11.3928042586095	28.0540808748708	50
11.3718510942825	28.0390236486402	50
11.3507490748414	28.0239444761015	50
11.3294976171316	28.0088440775164	50
11.3080961374245	27.9937231784456	50
11.2865440514176	27.9785825097488	50
11.2648407742349	27.9634228075852	50
11.2429857204262	27.9482448134131	50
11.2209783039677	27.9330492739901	50
11.1988179382617	27.9178369413728	50
11.1765040361368	27.9026085729173	50
11.1540360098476	27.8873649312786	50
11.131413271075	27.8721067844112	50
11.108635230926	27.8568349055685	50
11.0857012999338	27.8415500733035	50
11.0626108880579	27.826253071468	50
11.0393634046838	27.8109446892133	50
11.0159582586233	27.7956257209898	50
10.9923948581142	27.7802969665472	50
10.9686726108207	27.7649592309341	50
10.9447909238331	27.7496133244988	50
10.9207492036678	27.7342600628885	50
10.8965468562675	27.7189002670495	50
10.872183287001	27.7035347632277	50
10.8476579006632	27.6881643829678	50
10.8229701014753	27.672789963114	50
10.7981192930848	27.6574123458096	50
10.773104878565	27.6420323784971	50
10.7479262604158	27.6266509139182	50
10.7225828405629	27.6112688101139	50
10.6970740203585	27.5958869304243	50
10.6713992005808	27.5805061434887	50
10.6455577814341	27.5651273232458	50
10.6195491625491	27.5497513489333	50
10.5933727429826	27.5343791050881	50
10.5670279212175	27.5190114815466	50
10.5405140951629	27.503649373444	50
10.513830662154	27.4882936812151	50
10.4869770189525	27.4729453105936	50
10.4599525617459	27.4576051726126	50
10.4327566861481	27.4422741836043	50
10.405388787199	27.4269532652002	50
10.377848259365	27.4116433443309	50
10.3501344965382	27.3963453532264	50
10.3222468920374	27.3810602294157	50
10.2941848386071	27.3657889157271	50
10.2659477284183	27.3505323602882	50
10.2375349530681	27.3352915165256	50
10.2089459035797	27.3200673431653	50
10.1801799704025	27.3048608042324	50
10.1512365434122	27.2896728690512	50
10.1221150119105	27.2745045122454	50
10.0928147646254	27.2593567137377	50
10.0633351897111	27.24423045875	50
10.0336756747478	27.2291267378037	50
10.0038356067421	27.214046546719	50
9.97381437212657	27.1989908866155	50
9.94361135676013	27.1839607639122	50
9.91322594592778	27.168957190327	50
9.88265752434074	27.1539811828772	50
9.85190547613638	27.1390337638792	50
9.82096918487826	27.1241159609487	50
9.78984803355612	27.1092288070005	50
9.75854140458588	27.0943733402488	50
9.72704867980963	27.0795506042068	50
9.69536924049563	27.064761647687	50
9.66350246733834	27.0500075248012	50
9.63144774045838	27.0352892949603	50
9.59920443940254	27.0206080228743	50
9.56677194314382	27.0059647785527	50
9.53414963008136	26.991360637304	50
9.50133687804051	26.976796679736	50
9.46833306427277	26.9622739917556	50
9.43513756545584	26.947793664569	50
9.40174975769358	26.9333567946817	50
9.36816901651604	26.9189644838981	50
9.33439471687943	26.9046178393222	50
9.30042623316616	26.8903179733569	50
9.26626293918481	26.8760660037046	50
9.23190420817013	26.8618630533665	50
9.19734941278306	26.8477102506435	50
9.16259792511069	26.8336087291353	50
9.12764911666634	26.819559627741	50
9.09250235838944	26.805564090659	50
9.05715702064566	26.7916232673866	50
9.0216124732268	26.7777383127207	50
8.98586808535086	26.7639103867572	50
8.94992322566203	26.750140654891	50
8.91377726223065	26.7364302878167	50
8.87742956255325	26.7227804615277	50
8.84087949355256	26.7091923573168	50
8.80412642157743	26.695667161776	50
8.76716971240294	26.6822060667965	50
8.73000873123034	26.6688102695685	50
8.69264284268702	26.6554809725818	50
8.6550714108266	26.6422193836252	50
8.61729379912885	26.6290267157865	50
8.57930937049971	26.6159041874532	50
8.54111748727131	26.6028530223116	50
8.50271751120196	26.5898744493473	50
8.46410880347614	26.5769697028453	50
8.42529072470451	26.5641400223896	50
8.38626263492391	26.5513866528634	50
8.34702389359736	26.5387108444494	50
8.30757385961404	26.526113852629	50
8.26791189128933	26.5135969381834	50
8.22803734636478	26.5011613671925	50
8.1879495820081	26.4888084110358	50
8.14764795481321	26.4765393463917	50
8.10713182080018	26.4643554552381	50
8.06640053541527	26.4522580248518	50
8.02545345353093	26.440248347809	50
7.98428992944575	26.4283277219852	50
7.94290931688453	26.4164974505549	50
7.90131096899825	26.4047588419919	50
7.85949423836403	26.3931132100692	50
7.81745847698522	26.3815618738591	50
7.7752030362913	26.370106157733	50
7.73272726713796	26.3587473913615	50
7.69003051980706	26.3474869097144	50
7.64711214400661	26.3363260530609	50
7.60397148887085	26.3252661669692	50
7.56060790296015	26.3143086023068	50
7.51702073426107	26.3034547152403	50
7.47320933018637	26.2927058672358	50
7.42917303757497	26.2820634250582	50
7.38491120269195	26.271528760772	50
7.34042317122861	26.2611032517406	50
7.29570828830238	26.2507882806268	50
7.25076589845691	26.2405852353926	50
7.205595345662	26.2304955092991	50
7.16019597331363	26.2205205009066	50
7.11456712423397	26.2106616140749	50
7.06870814067137	26.2009202579626	50
7.02261836430033	26.1912978470278	50
6.97629713622156	26.1817958010277	50
6.92974379696192	26.1724155450186	50
6.88295768647448	26.1631585093564	50
6.83593814413845	26.1540261296957	50
6.78868450875924	26.1450198469906	50
6.74119611856845	26.1361411074945	50
6.69347231122382	26.1273913627598	50
6.64551242380929	26.1187720696381	50
6.597315792835	26.1102846902804	50
6.54888175423722	26.1019306921368	50
6.50020964337842	26.0937115479566	50
6.45129879504727	26.0856287357882	50
6.40214854345857	26.0776837389796	50
6.35275822225334	26.0698780461775	50
6.30312716449876	26.0622131513283	50
6.25325470268818	26.0546905536771	50
6.20314016874115	26.0473117577686	50
6.15278289400337	26.0400782734467	50
6.10218220924674	26.0329916158542	50
6.05133744466933	26.0260533054334	50
6.00024792989537	26.0192648679258	50
5.94891299397531	26.0126278343718	50
5.89733196538573	26.0061437411115	50
5.84550417202941	25.9998141297838	50
5.79342894123532	25.993640547327	50
5.74110559975859	25.9876245459785	50
5.68853347378053	25.9817676832751	50
5.63571188890862	25.9760715220526	50
5.58264017017654	25.9705376304462	50
5.52931764204412	25.96516758189	50
5.47574362839739	25.9599629551178	50
5.42191745254855	25.9549253341621	50
5.36783843723598	25.950056308355	50
5.31350590462422	25.9453574723275	50
5.25891917630401	25.9408304260101	50
5.20407757329227	25.9364767746322	50
5.14898041603206	25.9322981287228	50
5.09362702439267	25.9282961041098	50
5.03801671766953	25.9244723219203	50
4.98214881458426	25.9208284085808	50
4.92602263328466	25.917365995817	50
4.8696374913447	25.9140867206536	50
4.81299270576453	25.9109922254147	50
4.75608759297049	25.9080841577235	50
4.69892146881507	25.9053641705025	50
4.64149364857697	25.9028339219734	50
4.58380344696104	25.9004950756571	50
4.52585017809833	25.8983493003736	50
4.46763315554605	25.8963982702423	50
4.40915169228759	25.8946436646817	50
4.35040510073254	25.8930871684094	50
4.29139269271663	25.8917304714425	50
4.23211377950179	25.890575269097	50
4.17256767177613	25.8896232619884	50
4.11275367965394	25.8888761560311	50
4.05267111267566	25.8883356624391	50
3.99231927980794	25.8880034977251	50
3.93169748944359	25.8878813837015	50
3.8708050494016	25.8879710474797	50
3.80964126692715	25.8882742214702	50
3.74820544869158	25.8887926433829	50
3.68649690079241	25.8895280562268	50
3.62451492875334	25.8904822083102	50
3.56225883752427	25.8916568532405	50
3.49972793148124	25.8930537499244	50
3.43692151442648	25.8946746625678	50
3.37383888958841	25.8965213606757	50
3.31047935962163	25.8985956190525	50
3.24684222660689	25.9008992178016	50
3.18292679205114	25.9034339423258	50
3.11873235688751	25.906201583327	50
3.05425822147529	25.9092039368064	50
2.98950368559996	25.9124428040642	50
2.92446804847318	25.9159199917	50
2.85915060873277	25.9196373116127	50
2.79355066444275	25.9235965810001	50
2.72766751309331	25.9277996223596	50
2.66150045160081	25.9322482634874	50
2.59504877630779	25.9369443374791	50
2.52831178298297	25.9418896827297	50
2.46128876682126	25.9470861429331	50
2.39397902244371	25.9525355670826	50
2.3263818438976	25.9582398094706	50
2.25849652465634	25.9642007296888	50
2.19032235761954	25.970420192628	50
2.121858635113	25.9769000684783	50
2.05310464888867	25.983642232729	50
1.98405969012469	25.9906485661687	50
1.91472304942538	25.997920954885	50
1.84509401682123	26.0054612902648	50
1.77517188176893	26.0132714689943	50
1.70495593315131	26.0213533930588	50
1.6344454592774	26.0297089697429	50
1.56363974788242	26.0383401116303	50
1.49253808612774	26.047248736604	50
1.42113976060092	26.0564367678462	50
1.3494440573157	26.0659061338383	50
1.277450261712	26.0756587683608	50
1.20515765865591	26.0856966104936	50
