1.20515765865591	4.4148266713531	44.5
1.1921002262679	4.41672456290673	44.5
1.17906126073989	4.41874543174862	44.5
1.16604192026819	4.42088909837353	44.5
1.1530433613059	4.42315537236859	44.5
1.14006673846019	4.42554405243024	44.5
1.12711320438973	4.42805492638211	44.5
1.11418390970232	4.43068777119386	44.5
1.10128000285266	4.43344235300097	44.5
1.08840263004038	4.43631842712558	44.5
1.07555293510818	4.43931573809815	44.5
1.06273205944027	4.44243401968018	44.5
1.04994114186096	4.44567299488788	44.5
1.03718131853351	4.44903237601674	44.5
1.0244537228592	4.45251186466711	44.5
1.01175948537667	4.45611115177067	44.5
0.999099733661496	4.45982991761795	44.5
0.986475592226023	4.46366783188666	44.5
0.973888182419488	4.46762455367105	44.5
0.961338622328412	4.47169973151223	44.5
0.948828026677284	4.47589300342933	44.5
0.93635750672955	4.4802039969517	44.5
0.923928170188894	4.48463232915196	44.5
0.911541121100857	4.48917760668005	44.5
0.899197459754763	4.49383942579813	44.5
0.886898282585984	4.49861737241647	44.5
0.874644682078551	4.50351102213023	44.5
0.862437746668113	4.50851994025715	44.5
0.850278560645255	4.51364368187615	44.5
0.838168204059185	4.51888179186688	44.5
0.826107752621798	4.52423380495012	44.5
0.814098277612126	4.52969924572913	44.5
0.802140845781179	4.53527762873184	44.5
0.790236519257192	4.54096845845404	44.5
0.778386355451278	4.54677122940332	44.5
0.766591406963504	4.55268542614401	44.5
0.754852721489397	4.55871052334295	44.5
0.743171341726873	4.56484598581618	44.5
0.731548305283626	4.57109126857645	44.5
0.719984644584959	4.57744581688163	44.5
0.708481386782077	4.583909066284	44.5
0.69703955366085	4.59048044268037	44.5
0.685660161551056	4.59715936236309	44.5
0.674344221236097	4.60394523207191	44.5
0.663092737863223	4.61083744904663	44.5
0.651906710854243	4.6178354010807	44.5
0.640787133816756	4.62493846657556	44.5
0.629734994455888	4.63214601459584	44.5
0.618751274486562	4.63945740492547	44.5
0.607836949546295	4.64687198812448	44.5
0.596992989108535	4.65438910558672	44.5
0.58622035639655	4.66200808959834	44.5
0.575520008297866	4.66972826339715	44.5
0.56489289527927	4.67754894123265	44.5
0.554339961302389	4.68546942842703	44.5
0.543862143739837	4.69348902143682	44.5
0.533460373291951	4.70160700791539	44.5
0.52313557390413	4.70982266677625	44.5
0.512888662684753	4.71813526825707	44.5
0.502720549823722	4.72654407398453	44.5
0.492632138511617	4.73504833703987	44.5
0.48262432485946	4.74364730202529	44.5
0.472697997819128	4.752340205131	44.5
0.462854039104383	4.76112627420306	44.5
0.453093323112557	4.77000472881204	44.5
0.443416716846881	4.77897478032225	44.5
0.433825079839476	4.78803563196185	44.5
0.424319264074999	4.79718647889362	44.5
0.414900113914972	4.80642650828641	44.5
0.405568466022772	4.81575489938739	44.5
0.396325149289324	4.82517082359491	44.5
0.387170984759465	4.83467344453216	44.5
0.378106785559018	4.84426191812139	44.5
0.369133356822567	4.85393539265894	44.5
0.360251495621938	4.86369300889086	44.5
0.351461990895397	4.87353390008927	44.5
0.342765623377577	4.8834571921293	44.5
0.334163165530124	4.89346200356679	44.5
0.325655381473085	4.90354744571652	44.5
0.317243026917031	4.9137126227312	44.5
0.308926849095936	4.92395663168106	44.5
0.300707586700799	4.93427856263397	44.5
0.29258596981403	4.94467749873635	44.5
0.284562719844602	4.95515251629456	44.5
0.276638549463967	4.96570268485697	44.5
0.268814162542757	4.97632706729662	44.5
0.261090254088261	4.98702471989443	44.5
0.253467510182687	4.99779469242303	44.5
0.245946607922224	5.00863602823119	44.5
0.238528215356898	5.01954776432878	44.5
0.231212991431231	5.03052893147231	44.5
0.224001585925709	5.04157855425101	44.5
0.216894639399065	5.05269565117351	44.5
0.209892783131384	5.06387923475497	44.5
0.202996639068025	5.07512831160484	44.5
0.196206819764377	5.08644188251506	44.5
0.189523928331451	5.09781894254884	44.5
0.182948558382305	5.10925848112995	44.5
0.176481293979317	5.12075948213242	44.5
0.170122709582305	5.13232092397082	44.5
0.163873369997502	5.14394177969106	44.5
0.157733830327385	5.15562101706153	44.5
0.151704635921365	5.16735759866484	44.5
0.145786322327352	5.17915048198995	44.5
0.13997941524418	5.19099861952478	44.5
0.13428443047491	5.20290095884924	44.5
0.128701873881021	5.21485644272873	44.5
0.123232241337467	5.22686400920804	44.5
0.117876018688636	5.2389225917057	44.5
0.112633681705195	5.25103111910869	44.5
0.107505696041827	5.26318851586758	44.5
0.102492517195868	5.2753937020921	44.5
0.0975945904668494	5.28764559364704	44.5
0.092812350916945	5.29994310224854	44.5
0.0881462233323225	5.31228513556079	44.5
0.0835966221854134	5.32467059729303	44.5
0.0791639515980986	5.33709838729694	44.5
0.0748486053058095	5.34956740166433	44.5
0.0706509666225552	5.36207653282527	44.5
0.0665714084068756	5.3746246696464	44.5
0.0626102930287189	5.38721069752964	44.5
0.0587679723372567	5.39983349851122	44.5
0.0550447876296305	5.41249195136099	44.5
0.0514410696206324	5.42518493168195	44.5
0.0479571384133337	5.43791131201021	44.5
0.0445933034706494	5.45066996191508	44.5
0.0413498635878478	5.46345974809951	44.5
0.0382271068660136	5.47627953450074	44.5
0.0352253106864557	5.4891281823912	44.5
0.0323447416860667	5.50200455047971	44.5
0.0295856557336409	5.51490749501279	44.5
0.0269482979071465	5.52783586987632	44.5
0.0244329024719545	5.54078852669727	44.5
0.0220396928600322	5.55376431494578	44.5
0.0197688816500947	5.56676208203731	44.5
0.0176206705487241	5.57978067343503	44.5
0.0155952503724512	5.59281893275237	44.5
0.0136928010308077	5.60587570185576	44.5
0.0119134915103438	5.61894982096747	44.5
0.0102574798596196	5.63204012876864	44.5
0.00872491317516499	5.64514546250245	44.5
0.00731592758841448	5.65826465807737	44.5
0.00603064825361477	5.6713965501706	44.5
0.00486918933670766	5.68453997233156	44.5
0.00383165400519014	5.69769375708548	44.5
0.00291813441894928	5.71085673603716	44.5
0.00212871172207718	5.72402773997469	44.5
0.00146345603566189	5.73720559897335	44.5
0.000922426451560376	5.7503891424995	44.5
0.000505671027148269	5.76357719951457	44.5
0.000213226781052178	5.77676859857911	44.5
4.51196898612061e-05	5.78996216795675	44.5
1.36468581879434e-06	5.80315673571838	44.5
8.19656554977843e-05	5.81635112984621	44.5
0.000286915439454027	5.82954417833785	44.5
0.000616195832862321	5.84273470931046	44.5
0.00106977758713445	5.8559215511048	44.5
0.00164762041251598	5.86910353238933	44.5
0.00234967298166655	5.88227948226428	44.5
0.00317587293421751	5.89544823036556	44.5
0.00412614688231172	5.90860860696885	44.5
0.00520041041712238	5.92175944309339	44.5
0.0063985681163512	5.93489957060588	44.5
0.0077205135527032	5.94802782232422	44.5
0.00916612930334137	5.96114303212118	44.5
0.0107352869603157	5.974244035028	44.5
0.0124278471419703	5.98732966733783	44.5
0.0142436595053232	6.00039876670916	44.5
0.0161825627594212	6.01345017226903	44.5
0.0182443846796663	6.02648272471611	44.5
0.0204289421231139	6.03949526642375	44.5
0.0227360410447399	6.05248664154275	44.5
0.0251654765146794	6.06545569610405	44.5
0.027717032736426	6.07840127812126	44.5
0.0303904830660027	6.0913222376929	44.5
0.0331855900320932	6.10421742710465	44.5
0.0361021053571353	6.11708570093121	44.5
0.0391397699793739	6.12992591613811	44.5
0.0422983140758735	6.14273693218319	44.5
0.0455774570864844	6.15551761111793	44.5
0.0489769077387636	6.16826681768851	44.5
0.0524963640738492	6.18098341943671	44.5
0.0561355134732786	6.19366628680042	44.5
0.0598940326867607	6.20631429321402	44.5
0.0637715878608871	6.21892631520847	44.5
0.0677678345687862	6.23150123251103	44.5
0.0718824178407191	6.24403792814486	44.5
0.0761149721956089	6.25653528852814	44.5
0.0804651216735039	6.26899220357307	44.5
0.0849324798689752	6.28140756678444	44.5
0.0895166499654372	6.29378027535788	44.5
0.0942172247703952	6.3061092302779	44.5
0.0990337867516162	6.31839333641542	44.5
0.103965908074216	6.3306315026251	44.5
0.109013150638659	6.34282264184228	44.5
0.114175066119678	6.35496567117945	44.5
0.119451196006093	6.36705951202257	44.5
0.12484107164154	6.37910309012673	44.5
0.130344214266102	6.39109533571171	44.5
0.135960135058829	6.40303518355691	44.5
0.141688335181166	6.41492157309601	44.5
0.147528305821256	6.42675344851116	44.5
0.153479528239141	6.43852975882678	44.5
0.159541473812834	6.45024945800288	44.5
0.165713604085278	6.46191150502802	44.5
0.171995370812176	6.47351486401177	44.5
0.178386216010683	6.48505850427667	44.5
0.184885572008979	6.49654140044986	44.5
0.191492861496682	6.50796253255409	44.5
0.198207497576137	6.51932088609839	44.5
0.205028883814541	6.53061545216811	44.5
0.211956414296929	6.54184522751459	44.5
0.218989473679986	6.55300921464424	44.5
0.226127437246711	6.56410642190719	44.5
0.23336967096191	6.57513586358532	44.5
0.240715531528507	6.58609655997985	44.5
0.248164366444694	6.59698753749833	44.5
0.255715514061882	6.60780782874118	44.5
0.263368303643479	6.61855647258757	44.5
0.271122055424464	6.6292325142808	44.5
0.278976080671773	6.63983500551312	44.5
0.286929681745469	6.65036300450996	44.5
0.294982152160717	6.66081557611355	44.5
0.303132776650534	6.67119179186607	44.5
0.311380831229325	6.68149073009202	44.5
0.319725583257192	6.69171147598017	44.5
0.328166291505009	6.70185312166478	44.5
0.336702206220264	6.71191476630622	44.5
0.345332569193658	6.72189551617104	44.5
0.354056613826449	6.73179448471134	44.5
0.36287356519855	6.74161079264349	44.5
0.371782640137358	6.75134356802626	44.5
0.380783047287326	6.76099194633827	44.5
0.389873987180249	6.77055507055476	44.5
0.399054652306279	6.78003209122374	44.5
0.408324227185659	6.78942216654146	44.5
0.417681888441149	6.79872446242711	44.5
0.42712680487117	6.807938152597	44.5
0.436658137523632	6.81706241863788	44.5
0.446275039770459	6.8260964500797	44.5
0.455976657382787	6.83503944446754	44.5
0.465762128606844	6.84389060743293	44.5
0.475630584240495	6.8526491527644	44.5
0.485581147710451	6.86131430247731	44.5
0.495612935150129	6.86988528688296	44.5
0.505725055478162	6.87836134465695	44.5
0.515916610477557	6.88674172290684	44.5
0.526186694875468	6.89502567723895	44.5
0.536534396423616	6.90321247182458	44.5
0.546958795979319	6.91130137946528	44.5
0.557458967587131	6.91929168165751	44.5
0.568033978561101	6.92718266865644	44.5
0.578682889567606	6.93497363953896	44.5
0.589404754708796	6.942663902266	44.5
0.600198621606618	6.95025277374395	44.5
0.6110635314874	6.95773957988537	44.5
0.621998519267024	6.96512365566886	44.5
0.63300261363665	6.97240434519809	44.5
0.64407483714899	6.97958100176014	44.5
0.655214206305128	6.98665298788286	44.5
0.666419731641889	6.99361967539157	44.5
0.67769041781972	7.00048044546479	44.5
0.689025263711106	7.00723468868926	44.5
0.700423262489498	7.01388180511403	44.5
0.711883401718738	7.02042120430381	44.5
0.723404663442996	7.02685230539133	44.5
0.73498602427719	7.03317453712901	44.5
0.746626455497885	7.03938733793968	44.5
0.758324923134673	7.04549015596644	44.5
0.770080388062019	7.05148244912171	44.5
0.781891806091557	7.05736368513537	44.5
0.793758128064839	7.06313334160201	44.5
0.805678299946539	7.0687909060274	44.5
0.817651262918066	7.07433587587396	44.5
0.829675953471618	7.07976775860539	44.5
0.841751303504655	7.08508607173047	44.5
0.853876240414764	7.09029034284588	44.5
0.866049687194941	7.09538010967816	44.5
0.878270562529257	7.10035492012479	44.5
0.890537780888901	7.10521433229433	44.5
0.902850252628607	7.10995791454573	44.5
0.915206884083446	7.11458524552654	44.5
0.927606577665962	7.11909591421051	44.5
0.940048231963676	7.12348951993394	44.5
0.952530741836914	7.12776567243136	44.5
0.965052998516975	7.1319239918702	44.5
0.977613889704614	7.13596410888447	44.5
0.990212299668849	7.13988566460763	44.5
1.00284710934606	7.14368831070441	44.5
1.0155171964394	7.14737170940182	44.5
1.02822143551847	7.15093553351906	44.5
1.04095869811929	7.15437946649668	44.5
1.05372785284457	7.15770320242464	44.5
1.06652776546413	7.1609064460695	44.5
1.07935729901573	7.16398891290063	44.5
1.09221531390603	7.1669503291155	44.5
1.10510066801178	7.16979043166401	44.5
1.11801221678134	7.17250896827183	44.5
1.13094881333629	7.17510569746281	44.5
1.14390930857332	7.17758038858046	44.5
1.1568925512663	7.17993282180839	44.5
1.16989738816855	7.1821627881899	44.5
1.18292266411526	7.18427008964646	44.5
1.1959672221261	7.18625453899539	44.5
1.2203180778371	7.18971538333699	44.5
1.23547638543599	7.19186812916359	44.5
1.25063258145259	7.1940355013093	44.5
1.2657866658869	7.19621749977411	44.5
1.28093863873891	7.19841412455804	44.5
1.29608850000863	7.20062537566108	44.5
1.31123624969606	7.20285125308323	44.5
1.32638188780119	7.20509175682449	44.5
1.34152541432403	7.20734688688486	44.5
1.35666682926458	7.20961664326434	44.5
1.37180613262284	7.21190102596293	44.5
1.3869433243988	7.21420003498062	44.5
1.40207840459246	7.21651367031743	44.5
1.41721137320384	7.21884193197336	44.5
1.43234223023292	7.22118481994839	44.5
1.44747097567971	7.22354233424253	44.5
1.4625976095442	7.22591447485579	44.5
1.4777221318264	7.22830124178815	44.5
1.49284454252631	7.23070263503962	44.5
1.50796484164392	7.23311865461021	44.5
1.52308302917924	7.23554930049991	44.5
1.53819910513227	7.23799457270871	44.5
1.55331306950301	7.24045447123663	44.5
1.56842492229145	7.24292899608365	44.5
1.58353466349759	7.24541814724979	44.5
1.59864229312145	7.24792192473503	44.5
1.61374781116301	7.25044032853939	44.5
1.62885121762228	7.25297335866286	44.5
1.64395251249925	7.25552101510543	44.5
1.65905169579393	7.25808329786713	44.5
1.67414876750632	7.26066020694792	44.5
1.68924372763641	7.26325174234784	44.5
1.70433657618421	7.26585790406685	44.5
1.71942731314972	7.26847869210498	44.5
1.73451593853294	7.27111410646222	44.5
1.74960245233386	7.27376414713857	44.5
1.76468685455248	7.27642881413403	44.5
1.77976914518882	7.2791081074486	44.5
1.79484932424286	7.28180202708229	44.5
1.80992739171461	7.28451057303507	44.5
1.82500334760406	7.28723374530698	44.5
1.84007719191122	7.28997154389799	44.5
1.85514892463609	7.29272396880812	44.5
1.87021854577866	7.29549102003736	44.5
1.88528605533895	7.2982726975857	44.5
1.90035145331693	7.30106900145315	44.5
1.91541473971263	7.30387993163971	44.5
1.93047591452603	7.30670548814539	44.5
1.94553497775714	7.30954567097018	44.5
1.96059192940595	7.31240048011407	44.5
1.97564676947247	7.31526991557708	44.5
1.9906994979567	7.3181539773592	44.5
2.00575011485863	7.32105266546042	44.5
2.02079862017828	7.32396597988076	44.5
2.03584501391562	7.32689392062021	44.5
2.05088929607068	7.32983648767877	44.5
2.06593146664344	7.33279368105644	44.5
2.08097152563391	7.33576550075322	44.5
2.09600947304208	7.33875194676911	44.5
2.11104530886796	7.34175301910411	44.5
2.12607903311155	7.34476871775822	44.5
2.14111064577284	7.34779904273144	44.5
2.15614014685185	7.35084399402378	44.5
2.17116753634855	7.35390357163521	44.5
2.18619281426297	7.35697777556577	44.5
2.20121598059509	7.36006660581543	44.5
2.21623703534492	7.3631700623842	44.5
2.23125597851245	7.36628814527209	44.5
2.24627281009769	7.36942085447908	44.5
2.26128753010064	7.37256819000518	44.5
2.27630013852129	7.3757301518504	44.5
2.29131063535966	7.37890674001473	44.5
2.30631902061572	7.38209795449816	44.5
2.3213252942895	7.38530379530071	44.5
2.33632945638098	7.38852426242236	44.5
2.35133150689017	7.39175935586313	44.5
2.36633144581706	7.39500907562301	44.5
2.38132927316166	7.398273421702	44.5
2.39632498892397	7.4015523941001	44.5
2.41131859310399	7.40484599281731	44.5
2.42631008570171	7.40815421785362	44.5
2.44129946671714	7.41147706920905	44.5
2.45628673615027	7.41481454688359	44.5
2.47127189400111	7.41816665087723	44.5
2.48625494026966	7.42153338119	44.5
2.50123587495591	7.42491473782187	44.5
2.51621469805987	7.42831072077286	44.5
2.53119140958154	7.43172133004294	44.5
2.54616600952092	7.43514656563215	44.5
2.561138497878	7.43858642754046	44.5
2.57610887465279	7.44204091576789	44.5
2.59107713984528	7.44551003031442	44.5
2.60604329345548	7.44899377118007	44.5
2.62100733548339	7.45249213836482	44.5
2.63596926592901	7.45600513186868	44.5
2.65092908479233	7.45953275169166	44.5
2.66588679207336	7.46307499783374	44.5
2.68084238777209	7.46663187029493	44.5
2.69579587188853	7.47020336907524	44.5
2.71074724442268	7.47378949417466	44.5
2.72569650537454	7.47739024559319	44.5
2.7406436547441	7.48100562333082	44.5
2.75558869253137	7.48463562738757	44.5
2.77053161873634	7.48828025776343	44.5
2.78547243335902	7.4919395144584	44.5
2.80041113639941	7.49561339747247	44.5
2.8153477278575	7.49930190680566	44.5
2.83028220773331	7.50300504245797	44.5
2.84521457602681	7.50672280442937	44.5
2.86014483273803	7.5104551927199	44.5
2.87507297786695	7.51420220732953	44.5
2.88999901141358	7.51796384825827	44.5
2.90492293337791	7.52174011550612	44.5
2.91984474375996	7.52553100907308	44.5
2.9347644425597	7.52933652895916	44.5
2.94968202977716	7.53315667516434	44.5
2.96459750541232	7.53699144768864	44.5
2.97951086946519	7.54084084653204	44.5
2.99442212193576	7.54470487169455	44.5
3.00933126282404	7.54858352317618	44.5
3.02423829213003	7.55247680097691	44.5
3.03914320985373	7.55638470509676	44.5
3.05404601599513	7.56030723553571	44.5
3.06894671055424	7.56424439229378	44.5
3.08384529353105	7.56819617537096	44.5
3.09874176492557	7.57216258476724	44.5
3.1136361247378	7.57614362048264	44.5
3.12852837296774	7.58013928251715	44.5
3.14341850961538	7.58414957087077	44.5
3.15830653468073	7.58817448554351	44.5
3.17319244816378	7.59221402653534	44.5
3.18807625006455	7.59626819384629	44.5
3.20295794038301	7.60033698747635	44.5
3.21783751911919	7.60442040742552	44.5
3.23271498627307	7.6085184536938	44.5
3.24759034184466	7.61263112628119	44.5
3.26246358583395	7.61675842518769	44.5
3.27733471824096	7.6209003504133	44.5
3.29220373906566	7.62505690195803	44.5
3.30707064830808	7.62922807982186	44.5
3.3219354459682	7.6334138840048	44.5
3.33679813204603	7.63761431450686	44.5
3.35165870654156	7.64182937132802	44.5
3.36651716945481	7.6460590544683	44.5
3.38137352078575	7.65030336392768	44.5
3.39622776053441	7.65456229970617	44.5
3.41107988870077	7.65883586180378	44.5
3.42592990528484	7.6631240502205	44.5
3.44077781028662	7.66742686495632	44.5
3.4556236037061	7.67174430601126	44.5
3.47046728554329	7.67607637338531	44.5
3.48530885579818	7.68042306707847	44.5
3.50014831447078	7.68478438709074	44.5
3.51498566156109	7.68916033342211	44.5
3.52982089706911	7.6935509060726	44.5
3.54465402099483	7.6979561050422	44.5
3.55948503333826	7.70237593033091	44.5
3.57431393409939	7.70681038193873	44.5
3.58914072327823	7.71125945986566	44.5
3.60396540087478	7.7157231641117	44.5
3.61878796688904	7.72020149467685	44.5
3.633608421321	7.72469445156112	44.5
3.64842676417067	7.72920203476449	44.5
3.66324299543804	7.73372424428697	44.5
3.67805711512313	7.73826108012857	44.5
3.69286912322592	7.74281254228927	44.5
3.70767901974641	7.74737863076908	44.5
3.72248680468461	7.75195934556801	44.5
3.73729247804052	7.75655468668604	44.5
3.75209603981414	7.76116465412319	44.5
3.76689749000546	7.76578924787944	44.5
3.78169682861449	7.77042846795481	44.5
3.79649405564122	7.77508231434928	44.5
3.81128917108567	7.77975078706288	44.5
3.82608217494781	7.78443388609556	44.5
3.84087306722767	7.78913161144738	44.5
3.85566184792523	7.79384396311829	44.5
3.8704485170405	7.79857094110833	44.5
3.88523307457348	7.80331254541746	44.5
3.90001552052416	7.80806877604571	44.5
3.91479585489255	7.81283963299307	44.5
3.92957407767864	7.81762511625954	44.5
3.94435018888244	7.82242522584512	44.5
3.95912418850395	7.82723996174981	44.5
3.97389607654317	7.83206932397361	44.5
3.98866585300009	7.83691331251652	44.5
4.00343351787472	7.84177192737855	44.5
4.01819907116706	7.84664516855968	44.5
4.0329625128771	7.85153303605992	44.5
4.04772384300485	7.85643552987927	44.5
4.0624830615503	7.86135265001774	44.5
4.07724016851346	7.86628439647531	44.5
4.09199516389433	7.871230769252	44.5
4.10674804769291	7.87619176834779	44.5
4.12149881990919	7.8811673937627	44.5
4.13624748054318	7.88615764549672	44.5
4.15099402959488	7.89116252354984	44.5
4.16573846706428	7.89618202792207	44.5
4.18048079295139	7.90121615861342	44.5
4.1952210072562	7.90626491562389	44.5
4.20995910997872	7.91132829895345	44.5
4.22469510111895	7.91640630860212	44.5
4.23942898067689	7.92149894456991	44.5
4.25416074865253	7.92660620685681	44.5
4.26889040504588	7.93172809546282	44.5
4.28361794985694	7.93686461038794	44.5
4.2983433830857	7.94201575163217	44.5
4.31306670473217	7.94718151919551	44.5
4.32778791479634	7.95236191307797	44.5
4.34250701327823	7.95755693327952	44.5
4.35722400017781	7.9627665798002	44.5
4.37193887549511	7.96799085263998	44.5
4.38665163923011	7.97322975179888	44.5
4.40136229138282	7.97848327727687	44.5
4.41607083195324	7.98375142907399	44.5
4.43077726094136	7.98903420719022	44.5
4.44548157834719	7.99433161162555	44.5
4.46018378417072	7.99964364238	44.5
4.47488387841197	8.00497029945354	44.5
4.48958186107092	8.01031158284622	44.5
4.50427773214757	8.01566749255799	44.5
4.51897149164193	8.02103802858888	44.5
4.533663139554	8.02642319093887	44.5
4.54835267588378	8.03182297960798	44.5
4.56304010063126	8.0372373945962	44.5
4.57772541379645	8.04266643590352	44.5
4.59240861537935	8.04811010352997	44.5
4.60708970537995	8.05356839747551	44.5
4.62176868379826	8.05904131774017	44.5
4.63644555063428	8.06452886432394	44.5
4.651120305888	8.07003103722682	44.5
4.66579294955943	8.07554783644881	44.5
4.68046348164856	8.08107926198991	44.5
4.69513190215541	8.08662531385012	44.5
4.70979821107995	8.09218599202944	44.5
4.72446240842221	8.09776129652787	44.5
4.73912449418217	8.10335122734542	44.5
4.75378446835984	8.10895578448207	44.5
4.76844233095522	8.11457496793784	44.5
4.7830980819683	8.12020877771271	44.5
4.79775172139909	8.12585721380669	44.5
4.81240324924759	8.13152027621979	44.5
4.82705266551379	8.13719796495199	44.5
4.8416999701977	8.14289028000331	44.5
4.85634516329931	8.14859722137373	44.5
4.87098824481864	8.15431878906327	44.5
4.88562921475567	8.16005498307191	44.5
4.9002680731104	8.16580580339967	44.5
4.91490481988284	8.17157125004653	44.5
4.92953945507299	8.17735132301251	44.5
4.94417197868085	8.1831460222976	44.5
4.95880239070641	8.18895534790181	44.5
4.97343069114968	8.19477929982511	44.5
4.98805688001066	8.20061787806753	44.5
5.00268095728934	8.20647108262906	44.5
5.01730292298573	8.2123389135097	44.5
5.03192277709983	8.21822137070945	44.5
5.04654051963163	8.22411845422831	44.5
5.06115615058114	8.23003016406628	44.5
5.07576966994835	8.23595650022336	44.5
5.09038107773328	8.24189746269956	44.5
5.10499037393591	8.24785305149486	44.5
5.11959755855624	8.25382326660927	44.5
5.13420263159429	8.25980810804279	44.5
5.14880559305004	8.26580757579543	44.5
5.16340644292349	8.27182166986717	44.5
5.17800518121466	8.27785039025803	44.5
5.19260180792352	8.28389373696799	44.5
5.2071963230501	8.28995170999706	44.5
5.22178872659438	8.29602430934526	44.5
5.23637901855637	8.30211153501255	44.5
5.25096719893607	8.30821338699895	44.5
5.26555326773347	8.31432986530447	44.5
5.28013722494858	8.3204609699291	44.5
5.2947190705814	8.32660670087284	44.5
5.30929880463192	8.33276705813569	44.5
5.32387642710015	8.33894204171765	44.5
5.33845193798609	8.34513165161872	44.5
5.35302533728973	8.35133588783889	44.5
5.36759662501108	8.35755475037819	44.5
5.38216580115014	8.36378823923659	44.5
5.3967328657069	8.37003635441409	44.5
5.41129781868137	8.37629909591072	44.5
5.42586066007354	8.38257646372645	44.5
5.44042138988343	8.38886845786129	44.5
5.45498000811102	8.39517507831524	44.5
5.46953651475631	8.4014963250883	44.5
5.48409090981932	8.40783219818048	44.5
5.49864319330003	8.41418269759176	44.5
5.51319336519844	8.42054782332215	44.5
5.52774142551457	8.42692757537166	44.5
5.5422873742484	8.43332195374028	44.5
5.55683121139993	8.439730958428	44.5
5.57137293696918	8.44615458943483	44.5
5.58591255095612	8.45259284676078	44.5
5.60045005336078	8.45904573040584	44.5
5.61498544418314	8.46551324037	44.5
5.62951872342321	8.47199537665328	44.5
5.64404989108099	8.47849213925567	44.5
5.65857894715647	8.48500352817717	44.5
5.67310589164966	8.49152954341778	44.5
5.68763072456056	8.49807018497749	44.5
5.70215344588916	8.50462545285633	44.5
5.71667405563547	8.51119534705426	44.5
5.73119255379949	8.51777986757132	44.5
5.74570894038121	8.52437901440747	44.5
5.76022321538064	8.53099278756274	44.5
5.77473537879778	8.53762118703713	44.5
5.78924543063262	8.54426421283061	44.5
5.80375337088517	8.55092186494322	44.5
5.81825919955543	8.55759414337493	44.5
5.83276291664339	8.56428104812576	44.5
5.84726452214906	8.57098257919569	44.5
5.86176401607244	8.57769873658473	44.5
5.87626139841352	8.58442952029288	44.5
5.89075666917231	8.59117493032015	44.5
5.90524982834881	8.59793496666652	44.5
5.91974087594301	8.60470962933202	44.5
5.93422981195492	8.61149891831661	44.5
5.94871663638454	8.61830283362031	44.5
5.96320134923186	8.62512137524313	44.5
5.97768395049689	8.63195454318506	44.5
5.99216444017963	8.6388023374461	44.5
6.00664281828007	8.64566475802624	44.5
6.02111908479822	8.6525418049255	44.5
6.03559323973408	8.65943347814387	44.5
6.05006528308764	8.66633977768135	44.5
6.06453521485891	8.67326070353794	44.5
6.07900303504789	8.68019625571364	44.5
6.09346874365457	8.68714643420845	44.5
6.10793234067896	8.69411123902237	44.5
6.12239382612106	8.7010906701554	44.5
6.13685319998086	8.70808472760754	44.5
6.15131046225837	8.71509341137879	44.5
6.16576561295359	8.72211672146916	44.5
6.18021865206651	8.72915465787863	44.5
6.19466957959714	8.73620722060721	44.5
6.20911839554548	8.7432744096549	44.5
6.22356509991152	8.75035622502171	44.5
6.23800969269527	8.75745266670762	44.5
6.25245217389673	8.76456373471265	44.5
6.26689254351589	8.77168942903678	44.5
6.28133080155276	8.77882974968002	44.5
6.29576694800734	8.78598469664238	44.5
6.31020098287962	8.79315426992385	44.5
6.32463290616961	8.80033846952442	44.5
6.33906271787731	8.80753729544411	44.5
6.35349041800271	8.8147507476829	44.5
6.36791600654582	8.82197882624082	44.5
6.38233948350664	8.82922153111783	44.5
6.39676084888516	8.83647886231396	44.5
6.41118010268139	8.84375081982921	44.5
6.42559724489533	8.85103740366356	44.5
6.44001227552697	8.85833861381701	44.5
6.45442519457633	8.86565445028958	44.5
6.46883600204338	8.87298491308126	44.5
6.48324469792815	8.88033000219206	44.5
6.49765128223062	8.88768971762195	44.5
6.51205575495079	8.89506405937097	44.5
6.52645811608868	8.9024530274391	44.5
6.54085836564427	8.90985662182632	44.5
6.55525650361756	8.91727484253266	44.5
6.56965253000857	8.92470768955812	44.5
6.58404644481728	8.93215516290268	44.5
6.59843824804369	8.93961726256636	44.5
6.61282793968782	8.94709398854914	44.5
6.62721551974965	8.95458534085103	44.5
6.64160098822919	8.96209131947204	44.5
6.65598434512643	8.96961192441216	44.5
6.67036559044138	8.97714715567139	44.5
6.68474472417403	8.98469701324972	44.5
6.6991217463244	8.99226149714717	44.5
6.71349665689247	8.99984060736373	44.5
6.72786945587825	9.00743434389939	44.5
6.74224014328173	9.01504270675417	44.5
6.75660871910292	9.02266569592806	44.5
6.77097518334182	9.03030331142106	44.5
6.78533953599842	9.03795555323318	44.5
6.79970177707273	9.04562242136439	44.5
6.81406190656475	9.05330391581473	44.5
6.82841992447447	9.06100003658416	44.5
6.84277583080191	9.06871078367272	44.5
6.85712962554704	9.07643615708037	44.5
6.87148130870989	9.08417615680715	44.5
6.88583088029044	9.09193078285303	44.5
6.90017834028869	9.09970003521802	44.5
6.91452368870466	9.10748391390213	44.5
6.92886692553833	9.11528241890534	44.5
6.9432080507897	9.12309555022767	44.5
6.95754706445879	9.1309233078691	44.5
6.97188396654558	9.13876569182964	44.5
6.98621875705008	9.14662270210931	44.5
7.00055143597228	9.15449433870806	44.5
7.01488200331219	9.16238060162594	44.5
7.02921045906981	9.17028149086293	44.5
7.04353680324513	9.17819700641903	44.5
7.05786103583816	9.18612714829423	44.5
7.0721831568489	9.19407191648855	44.5
7.08650316627734	9.20203131100198	44.5
7.10082106412349	9.21000533183452	44.5
7.11513685038735	9.21799397898617	44.5
7.12945052506892	9.22599725245693	44.5
7.14376208816819	9.2340151522468	44.5
7.15807153968516	9.24204767835578	44.5
7.17237887961985	9.25009483078387	44.5
7.18668410797224	9.25815660953107	44.5
7.20098722474234	9.26623301459738	44.5
7.21528822993014	9.2743240459828	44.5
7.22958712353565	9.28242970368734	44.5
7.24388390555887	9.29054998771098	44.5
7.25817857599979	9.29868489805373	44.5
7.27247113485842	9.30683443471559	44.5
7.28676158213476	9.31499859769657	44.5
7.3010499178288	9.32317738699665	44.5
7.31533614194055	9.33137080261585	44.5
7.32962025447001	9.33957884455415	44.5
7.34390225541718	9.34780151281157	44.5
7.35818214478205	9.3560388073881	44.5
7.37245992256462	9.36429072828373	44.5
7.38673558876491	9.37255727549847	44.5
7.4010091433829	9.38083844903233	44.5
7.4152805864186	9.3891342488853	44.5
7.429549917872	9.39744467505738	44.5
7.44381713774311	9.40576972754857	44.5
7.45808224603193	9.41410940635886	44.5
7.47234524273845	9.42246371148828	44.5
7.48660612786268	9.4308326429368	44.5
7.50086490140462	9.43921620070442	44.5
7.51512156336427	9.44761438479116	44.5
7.52937611374162	9.45602719519702	44.5
7.54362855253667	9.46445463192198	44.5
7.55787887974944	9.47289669496605	44.5
7.57212709537991	9.48135338432923	44.5
7.58637319942809	9.48982470001152	44.5
7.60061719189397	9.49831064201293	44.5
7.61485907277756	9.50681121033345	44.5
7.62909884207886	9.51532640497306	44.5
7.64333649979786	9.5238562259318	44.5
7.65757204593458	9.53240067320964	44.5
7.67180548048899	9.5409597468066	44.5
7.68603680346112	9.54953344672266	44.5
7.70026601485095	9.55812177295783	44.5
7.71449311465849	9.56672472551213	44.5
7.72871810288373	9.57534230438552	44.5
7.74294097952668	9.58397450957803	44.5
7.75716174458734	9.59262134108965	44.5
7.7713803980657	9.60128279892037	44.5
7.78559693996177	9.60995888307021	44.5
7.79981137027555	9.61864959353916	44.5
7.81402368900704	9.62735493032722	44.5
7.82823389615623	9.63607489343438	44.5
7.84244199172312	9.64480948286067	44.5
7.85664797570773	9.65355869860606	44.5
7.87085184811004	9.66232254067056	44.5
7.88505360893006	9.67110100905417	44.5
7.89925325816778	9.67989410375689	44.5
7.91345079582321	9.68870182477873	44.5
7.92764622189635	9.69752417211967	44.5
7.9418395363872	9.70636114577972	44.5
7.95603073929575	9.71521274575888	44.5
7.970219830622	9.72407897205716	44.5
7.98440681036597	9.73295982467454	44.5
7.99859167852764	9.74185530361103	44.5
8.01277443510702	9.75076540886664	44.5
8.0269550801041	9.75969014044135	44.5
8.04113361351889	9.76862949833518	44.5
8.05531003535139	9.77758348254811	44.5
8.0694843456016	9.78655209308016	44.5
8.08365654426951	9.79553532993131	44.5
8.09782663135513	9.80453319310158	44.5
8.11199460685845	9.81354568259096	44.5
8.12616047077948	9.82257279839944	44.5
8.14032422311822	9.83161454052704	44.5
8.15448586387466	9.84067090897376	44.5
8.16864539304881	9.84974190373958	44.5
8.18280281064067	9.85882752482451	44.5
8.19695811665024	9.86792777222854	44.5
8.21111131107751	9.8770426459517	44.5
8.22526239392248	9.88617214599395	44.5
8.23941136518517	9.89531627235533	44.5
8.25355822486556	9.90447502503581	44.5
8.26770297296366	9.9136484040354	44.5
8.28184560947946	9.92283640935411	44.5
8.29598613441297	9.93203904099192	44.5
8.31012454776419	9.94125629894884	44.5
8.32426084953312	9.95048818322487	44.5
8.33839503971975	9.95973469382002	44.5
8.35252711832409	9.96899583073427	44.5
8.36665708534613	9.97827159396764	44.5
8.38078494078588	9.98756198352011	44.5
8.39491068464334	9.99686699939169	44.5
8.40903431691851	10.0061866415824	44.5
8.42315583761138	10.0155209100922	44.5
8.43727524672196	10.0248698049211	44.5
8.45139254425024	10.0342333260691	44.5
8.46550773019623	10.0436114735363	44.5
8.47962080455993	10.0530042473225	44.5
8.49373176734134	10.0624116474279	44.5
8.50784061854045	10.0718336738524	44.5
8.52194735815726	10.0812703265959	44.5
8.53605198619179	10.0907216056586	44.5
8.55015450264402	10.1001875110404	44.5
8.56425490751396	10.1096680427413	44.5
8.5783532008016	10.1191632007614	44.5
8.59244938250696	10.1286729851005	44.5
8.60654345263001	10.1381973957587	44.5
8.62063541117078	10.1477364327361	44.5
8.63472525812925	10.1572900960325	44.5
8.64881299350543	10.1668583856481	44.5
8.66289861729931	10.1764413015828	44.5
8.6769821295109	10.1860388438366	44.5
8.6910635301402	10.1956510124095	44.5
8.70514281918721	10.2052778073015	44.5
8.71921999665192	10.2149192285126	44.5
8.73329506253434	10.2245752760429	44.5
8.74736801683446	10.2342459498922	44.5
8.76143885955229	10.2439312500607	44.5
8.77550759068783	10.2536311765482	44.5
8.78957421024108	10.2633457293549	44.5
8.80363871821203	10.2730749084807	44.5
8.81770111460069	10.2828187139256	44.5
8.83176139940705	10.2925771456896	44.5
8.84581957263113	10.3023502037727	44.5
8.8598756342729	10.312137888175	44.5
8.87392958433239	10.3219401988963	44.5
8.88798142280958	10.3317571359367	44.5
8.90203114970448	10.3415886992963	44.5
8.91607876501708	10.351434888975	44.5
8.93012426874739	10.3612957049728	44.5
8.94416766089541	10.3711711472897	44.5
8.95820894146114	10.3810612159256	44.5
8.97224811044457	10.3909659108808	44.5
8.98628516784571	10.400885232155	44.5
9.00032011366455	10.4108191797483	44.5
9.0143529479011	10.4207677536608	44.5
9.02838367055536	10.4307309538923	44.5
9.04241228162733	10.440708780443	44.5
9.056438781117	10.4507012333128	44.5
9.07046316902438	10.4607083125016	44.5
9.08448544534946	10.4707300180096	44.5
9.09850561009225	10.4807663498368	44.5
9.11252366325275	10.490817307983	44.5
9.12653960483096	10.5008828924483	44.5
9.14055343482687	10.5109631032327	44.5
9.15456515324049	10.5210579403363	44.5
9.16857476007181	10.5311674037589	44.5
9.18258225532085	10.5412914935007	44.5
9.19658763898758	10.5514302095616	44.5
9.21059091107203	10.5615835519416	44.5
9.22459207157418	10.5717515206407	44.5
9.23859112049404	10.5819341156589	44.5
9.25258805783161	10.5921313369962	44.5
9.26658288358688	10.6023431846526	44.5
9.28057559775985	10.6125696586282	44.5
9.29456620035054	10.6228107589228	44.5
9.30855469135893	10.6330664855366	44.5
9.32254107078503	10.6433368384695	44.5
9.33652533862884	10.6536218177214	44.5
9.35050749489035	10.6639214232925	44.5
9.36448753956957	10.6742356551827	44.5
9.37846547266649	10.684564513392	44.5
9.39244129418112	10.6949079979205	44.5
9.40641500411346	10.705266108768	44.5
9.42038660246351	10.7156388459347	44.5
9.43435608923126	10.7260262094204	44.5
9.44832346441672	10.7364281992253	44.5
9.46228872801988	10.7468448153493	44.5
9.47625188004076	10.7572760577923	44.5
9.49021292047934	10.7677219265545	44.5
9.50417184933562	10.7781824216358	44.5
9.51812866660961	10.7886575430363	44.5
9.53208337230131	10.7991472907558	44.5
9.54603596641072	10.8096516647944	44.5
9.55998644893783	10.8201706651522	44.5
9.57393481988265	10.830704291829	44.5
9.58788107924517	10.841252544825	44.5
9.6018252270254	10.8518154241401	44.5
9.61576726322334	10.8623929297743	44.5
9.62970718783899	10.8729850617276	44.5
9.64364500087234	10.88359182	44.5
9.6575807023234	10.8942132045915	44.5
9.67151429219217	10.9048492155021	44.5
9.68544577047864	10.9154998527319	44.5
9.69937513718282	10.9261651162808	44.5
9.7133023923047	10.9368450061487	44.5
9.72722753584429	10.9475395223358	44.5
9.74115056780159	10.958248664842	44.5
9.7550714881766	10.9689724336673	44.5
9.76899029696931	10.9797108288117	44.5
9.78290699417973	10.9904638502752	44.5
9.79682157980785	11.0012314980578	44.5
9.81073405385369	11.0120137721596	44.5
9.82464441631723	11.0228106725804	44.5
9.83855266719847	11.0336221993204	44.5
9.85245880649742	11.0444483523794	44.5
9.86636283421408	11.0552891317576	44.5
9.88026475034845	11.0661445374549	44.5
9.89416455490052	11.0770145694713	44.5
9.9080622478703	11.0878992278068	44.5
9.92195782925779	11.0987985124614	44.5
9.93585129906298	11.1097124234352	44.5
9.94974265728588	11.120640960728	44.5
9.96363190392648	11.1315841243399	44.5
9.97751903898479	11.142541914271	44.5
9.99140406246081	11.1535143305212	44.5
10.0052869743545	11.1645013730905	44.5
10.019167774666	11.1755030419789	44.5
10.0330464633951	11.1865193371863	44.5
10.046923040542	11.197550258713	44.5
10.0607975061065	11.2085958065587	44.5
10.0746698600888	11.2196559807235	44.5
10.0885401024887	11.2307307812075	44.5
10.1024082333064	11.2418202080105	44.5
10.1162742525418	11.2529242611327	44.5
10.1301381601949	11.264042940574	44.5
10.1439999562657	11.2751762463344	44.5
10.1578596407542	11.2863241784139	44.5
10.1717172136604	11.2974867368125	44.5
10.1855726749843	11.3086639215302	44.5
10.1994260247259	11.319855732567	44.5
10.2132772628852	11.3310621699229	44.5
10.2271263894623	11.342283233598	44.5
10.240973404457	11.3535189235921	44.5
10.2548183078694	11.3647692399054	44.5
10.2686610996996	11.3760341825378	44.5
10.2825017799475	11.3873137514893	44.5
10.296340348613	11.3986079467599	44.5
10.3101768056963	11.4099167683496	44.5
10.3240111511973	11.4212402162584	44.5
10.337843385116	11.4325782904864	44.5
10.3516735074524	11.4439309910334	44.5
10.3655015182064	11.4552983178996	44.5
10.3793274173783	11.4666802710848	44.5
10.3931512049678	11.4780768505892	44.5
10.406972880975	11.4894880564127	44.5
10.4207924453999	11.5009138885553	44.5
10.4346098982425	11.512354347017	44.5
10.4484252395029	11.5238094317978	44.5
10.4622384691809	11.5352791428977	44.5
10.4760495872767	11.5467634803168	44.5
10.4898585937901	11.5582624440549	44.5
10.5036654887213	11.5697760341122	44.5
10.5174702720702	11.5813042504885	44.5
10.5312729438368	11.592847093184	44.5
10.545073504021	11.6044045621986	44.5
10.558871952623	11.6159766575323	44.5
10.5726682896427	11.6275633791851	44.5
10.5864625150801	11.639164727157	44.5
10.6002546289353	11.650780701448	44.5
10.6140446312081	11.6624113020582	44.5
10.6278325218986	11.6740565289874	44.5
10.6416183010068	11.6857163822358	44.5
10.6554019685328	11.6973908618033	44.5
10.6691835244764	11.7090799676899	44.5
10.6829629688378	11.7207836998955	44.5
10.6967403016168	11.7325020584203	44.5
10.7105155228136	11.7442350432643	44.5
10.7242886324281	11.7559826544273	44.5
10.7380596304602	11.7677448919094	44.5
10.7518285169101	11.7795217557107	44.5
10.7655952917777	11.791313245831	44.5
10.779359955063	11.8031193622705	44.5
10.793122506766	11.8149401050291	44.5
10.8068829468867	11.8267754741067	44.5
10.8206412754252	11.8386254695035	44.5
10.8343974923813	11.8504900912194	44.5
10.8481515977551	11.8623693392545	44.5
10.8619035915467	11.8742632136086	44.5
10.8756534737559	11.8861717142818	44.5
10.8894012443829	11.8980948412742	44.5
10.9031469034275	11.9100325945856	44.5
10.9168904508899	11.9219849742162	44.5
10.93063188677	11.9339519801659	44.5
10.9443712110677	11.9459336124347	44.5
10.9581084237832	11.9579298710226	44.5
10.9718435249164	11.9699407559296	44.5
10.9855765144673	11.9819662671557	44.5
10.9993073924359	11.9940064047009	44.5
11.0130361588222	12.0060611685653	44.5
11.0267628136263	12.0181305587487	44.5
11.040487356848	12.0302145752513	44.5
11.0542097884874	12.042313218073	44.5
11.0679301085446	12.0544264872137	44.5
11.0816483170194	12.0665543826736	44.5
11.095364413912	12.0786969044527	44.5
11.1090783992222	12.0908540525508	44.5
11.1227902729502	12.103025826968	44.5
11.1365000350959	12.1152122277043	44.5
11.1502076856592	12.1274132547598	44.5
11.1639132246403	12.1396289081343	44.5
11.1776166520391	12.151859187828	44.5
11.1913179678556	12.1641040938408	44.5
11.2050171720898	12.1763636261727	44.5
11.2187142647417	12.1886377848237	44.5
11.2324092458114	12.2009265697938	44.5
11.2461021152987	12.213229981083	44.5
11.2597928732037	12.2255480186913	44.5
11.2734815195265	12.2378806826188	44.5
11.2871680542669	12.2502279728653	44.5
11.3008524774251	12.262589889431	44.5
11.3145347890009	12.2749664323157	44.5
11.3282149889945	12.2873576015196	44.5
11.3418930774058	12.2997633970426	44.5
11.3555690542347	12.3121838188847	44.5
11.3692429194814	12.3246188670459	44.5
11.3829146731458	12.3370685415263	44.5
11.3965843152279	12.3495328423257	44.5
11.4102518457277	12.3620117694442	44.5
11.4239172646452	12.3745053228819	44.5
11.4375805719805	12.3870135026386	44.5
11.4512417677334	12.3995363087145	44.5
11.464900851904	12.4120737411095	44.5
11.4785578244924	12.4246257998236	44.5
11.4922126854984	12.4371924848568	44.5
11.5058654349222	12.4497737962091	44.5
11.5195160727636	12.4623697338806	44.5
11.5331645990228	12.4749802978711	44.5
11.5468110136997	12.4876054881807	44.5
11.5604553167942	12.5002453048095	44.5
11.5740975083065	12.5128997477574	44.5
11.5877375882365	12.5255688170243	44.5
11.6013755565842	12.5382525126104	44.5
11.6150114133496	12.5509508345156	44.5
11.6286451585327	12.5636637827399	44.5
11.6422767921336	12.5763913572834	44.5
11.6559063141521	12.5891335581459	44.5
11.6695337245883	12.6018903853275	44.5
11.6831590234423	12.6146618388283	44.5
11.6967822107139	12.6274479186481	44.5
11.7104032864033	12.6402486247871	44.5
11.7240222505103	12.6530639572452	44.5
11.7376391030351	12.6658939160224	44.5
11.7512538439776	12.6787385011187	44.5
11.7648664733377	12.6915977125341	44.5
11.7784769911156	12.7044715502686	44.5
11.7920853973112	12.7173600143223	44.5
11.8056916919245	12.730263104695	44.5
11.8192958749555	12.7431808213869	44.5
11.8328979464042	12.7561131643978	44.5
11.8464979062707	12.7690601337279	44.5
11.8600957545548	12.7820217293771	44.5
11.8736914912566	12.7949979513454	44.5
11.8872851163762	12.8079887996328	44.5
11.9008766299134	12.8209942742393	44.5
11.9144660318684	12.834014375165	44.5
11.928053322241	12.8470491024097	44.5
11.9416385010314	12.8600984559736	44.5
11.9552215682395	12.8731624358565	44.5
11.9688025238652	12.8862410420586	44.5
11.9823813679087	12.8993342745798	44.5
11.9959581003699	12.9124421334201	44.5
12.0095327212488	12.9255646185795	44.5
12.0231052305454	12.938701730058	44.5
12.0366756282597	12.9518534678556	44.5
12.0502439143918	12.9650198319723	44.5
12.0638100889415	12.9782008224082	44.5
12.0773741519089	12.9913964391631	44.5
12.0909361032941	13.0046066822372	44.5
12.1044959430969	13.0178315516304	44.5
12.1180536713175	13.0310710473426	44.5
12.1316092879557	13.044325169374	44.5
12.1451627930117	13.0575939177245	44.5
12.1587141864854	13.0708772923942	44.5
12.1722634683767	13.0841752933829	44.5
12.1858106386858	13.0974879206907	44.5
12.1993556974126	13.1108151743177	44.5
12.2128986445571	13.1241570542637	44.5
12.2264394801193	13.1375135605289	44.5
12.2399782040992	13.1508846931132	44.5
12.2535148164969	13.1642704520166	44.5
12.2670493173122	13.1776708372391	44.5
12.2805817065452	13.1910858487807	44.5
12.294111984196	13.2045154866414	44.5
12.3076401502644	13.2179597508212	44.5
12.3211662047506	13.2314186413202	44.5
12.3346901476544	13.2448921581382	44.5
12.348211978976	13.2583803012754	44.5
12.3617316987153	13.2718830707317	44.5
12.3752493068722	13.285400466507	44.5
12.3887648034469	13.2989324886015	44.5
12.4022781884393	13.3124791370151	44.5
12.4157894618494	13.3260404117478	44.5
12.4292986236772	13.3396163127997	44.5
12.4428056739227	13.3532068401706	44.5
12.456310612586	13.3668119938607	44.5
12.4698134396669	13.3804317738698	44.5
12.4833141551655	13.3940661801981	44.5
12.4968127590819	13.4077152128455	44.5
12.5103092514159	13.4213788718119	44.5
12.5238036321677	13.4350571570975	44.5
12.5372959013371	13.4487500687022	44.5
12.5507860589243	13.4624576066261	44.5
12.5642741049292	13.476179770869	44.5
12.5777600393518	13.489916561431	44.5
12.591243862192	13.5036679783122	44.5
12.60472557345	13.5174340215124	44.5
12.6182051731257	13.5312146910318	44.5
12.6316826612191	13.5450099868703	44.5
12.6451580377303	13.5588199090279	44.5
12.6586313026591	13.5726444575046	44.5
12.6721024560056	13.5864836323004	44.5
12.6855714977698	13.6003374334153	44.5
12.6990384279518	13.6142058608493	44.5
12.7125032465514	13.6280889146025	44.5
12.7259659535688	13.6419865946747	44.5
12.7394265490038	13.6558989010661	44.5
12.7528850328566	13.6698258337766	44.5
12.7663414051271	13.6837673928062	44.5
12.7797956658153	13.6977235781549	44.5
12.7932478149211	13.7116943898227	44.5
12.8066978524447	13.7256798278096	44.5
12.820145778386	13.7396798921156	44.5
12.833591592745	13.7536945827407	44.5
12.8470352955218	13.767723899685	44.5
12.8604768867162	13.7817678429483	44.5
12.8739163663283	13.7958264125308	44.5
12.8873537343581	13.8098996084324	44.5
12.9007889908057	13.8239874306531	44.5
12.9142221356709	13.8380898791929	44.5
12.9276531689539	13.8522069540518	44.5
12.9410820906546	13.8663386552298	44.5
12.9545089007729	13.8804849827269	44.5
12.967933599309	13.8946459365432	44.5
12.9813561862628	13.9088215166785	44.5
12.9947766616343	13.923011723133	44.5
13.0081950254235	13.9372165559066	44.5
13.0216112776304	13.9514360149992	44.5
13.035025418255	13.965670100411	44.5
13.0484374472973	13.9799188121419	44.5
13.0618473647573	13.994182150192	44.5
13.075255170635	14.0084601145611	44.5
13.0886608649305	14.0227527052493	44.5
13.1020644476436	14.0370599222567	44.5
13.1154659187744	14.0513817655831	44.5
13.128865278323	14.0657182352287	44.5
13.1422625262893	14.0800693311934	44.5
13.1556576626732	14.0944350534771	44.5
13.1690506874749	14.10881540208	44.5
13.1824416006943	14.123210377002	44.5
13.1958304023314	14.1376199782432	44.5
13.2092170923862	14.1520442058034	44.5
13.2226016708587	14.1664830596827	44.5
13.2359841377489	14.1809365398812	44.5
13.2493644930568	14.1954046463987	44.5
13.2627427367824	14.2098873792354	44.5
13.2761188689257	14.2243847383912	44.5
13.2894928894868	14.2388967238661	44.5
13.3028647984655	14.2534233356601	44.5
13.316234595862	14.2679645737732	44.5
13.3296022816761	14.2825204382054	44.5
13.342967855908	14.2970909289567	44.5
13.3563313185575	14.3116760460272	44.5
13.3696926696248	14.3262757894167	44.5
13.3830519091098	14.3408901591254	44.5
13.3964090370125	14.3555191551532	44.5
13.4097640533329	14.3701627775001	44.5
13.423116958071	14.3848210261661	44.5
13.4364677512268	14.3994939011512	44.5
13.4498164328003	14.4141814024554	44.5
13.4631630027915	14.4288835300787	44.5
13.4765074612005	14.4436002840211	44.5
13.4898498080271	14.4583316642827	44.5
13.5031900432714	14.4730776708633	44.5
13.5165281669335	14.4878383037631	44.5
13.5298641790132	14.502613562982	44.5
13.5431980795107	14.51740344852	44.5
13.5565298684259	14.5322079603771	44.5
13.5698595457587	14.5470270985533	44.5
13.5831871115093	14.5618608630486	44.5
13.5965125656776	14.576709253863	44.5
13.6098359082636	14.5915722709966	44.5
13.6231571392673	14.6064499144492	44.5
13.6364762586887	14.621342184221	44.5
13.6497932665278	14.6362490803119	44.5
13.6631081627846	14.6511706027218	44.5
13.6764209474592	14.6661067514509	44.5
13.6897316205514	14.6810575264991	44.5
13.7030401820613	14.6960229278664	44.5
13.716346631989	14.7110029555529	44.5
13.7296509703343	14.7259976095584	44.5
13.7429531970974	14.741006889883	44.5
13.7562533122782	14.7560307965268	44.5
13.7695513158767	14.7710693294897	44.5
13.7828472078928	14.7861224887716	44.5
13.7961409883267	14.8011902743727	44.5
13.8094326571783	14.8162726862929	44.5
13.8227222144476	14.8313697245322	44.5
13.8360096601346	14.8464813890906	44.5
13.8492949942393	14.8616076799682	44.5
13.8625782167618	14.8767485971648	44.5
13.8758593277019	14.8919041406806	44.5
13.8891383270597	14.9070743105154	44.5
13.9024152148353	14.9222591066694	44.5
13.9156899910285	14.9374585291425	44.5
13.9289626556395	14.9526725779347	44.5
13.9422332086681	14.967901253046	44.5
13.9555016501145	14.9831445544764	44.5
13.9687679799786	14.9984024822259	44.5
13.9820321982604	15.0136750362945	44.5
13.9952943049598	15.0289622166823	44.5
14.008554300077	15.0442640233891	44.5
14.0218121836119	15.0595804564151	44.5
14.0350679555645	15.0749115157601	44.5
14.0483216159349	15.0902572014243	44.5
14.0615731647229	15.1056175134076	44.5
14.0748226019286	15.12099245171	44.5
14.088069927552	15.1363820163315	44.5
14.1013151415932	15.1517862072722	44.5
14.114558244052	15.1672050245319	44.5
14.1277992349286	15.1826384681107	44.5
14.1410381142229	15.1980865380087	44.5
14.1542748819348	15.2135492342258	44.5
14.1675095380645	15.2290265567619	44.5
14.1807420826119	15.2445185056172	44.5
14.193972515577	15.2600250807916	44.5
14.2072008369598	15.2755462822851	44.5
14.2204270467603	15.2910821100978	44.5
14.2336511449785	15.3066325642295	44.5
14.2468731316144	15.3221976446803	44.5
14.260093006668	15.3377773514503	44.5
14.2733107701393	15.3533716845393	44.5
14.2865264220284	15.3689806439475	44.5
14.2997399623351	15.3846042296748	44.5
14.3129513910596	15.4002424417212	44.5
14.3261607082017	15.4158952800867	44.5
14.3393679137616	15.4315627447713	44.5
14.3525730077391	15.447244835775	44.5
14.3657759901344	15.4629415530979	44.5
14.3789768609474	15.4786528967398	44.5
14.3921756201781	15.4943788667009	44.5
14.4053722678265	15.510119462981	44.5
14.4185668038926	15.5258746855803	44.5
14.4317592283764	15.5416445344987	44.5
14.4449495412779	15.5574290097362	44.5
14.4581377425971	15.5732281112928	44.5
14.4713238323341	15.5890418391685	44.5
14.4845078104887	15.6048701933633	44.5
14.497689677061	15.6207131738773	44.5
14.5108694320511	15.6365707807103	44.5
14.5240470754588	15.6524430138625	44.5
14.5372226072843	15.6683298733337	44.5
14.5503960275275	15.6842313591241	44.5
14.5635673361883	15.7001474712336	44.5
14.5767365332669	15.7160782096622	44.5
14.5899036187632	15.7320235744099	44.5
14.6030685926772	15.7479835654767	44.5
14.6162314550089	15.7639581828627	44.5
14.6293922057583	15.7799474265677	44.5
14.6425508449254	15.7959512965919	44.5
14.6557073725103	15.8119697929351	44.5
14.6688617885128	15.8280029155975	44.5
14.682014092933	15.844050664579	44.5
14.695164285771	15.8601130398796	44.5
14.7083123670266	15.8761900414993	44.5
14.7214583367	15.8922816694381	44.5
14.734602194791	15.908387923696	44.5
14.7477439412998	15.924508804273	44.5
14.7608835762263	15.9406443111692	44.5
14.7740210995705	15.9567944443845	44.5
14.7871565113323	15.9729592039188	44.5
14.8002898115119	15.9891385897723	44.5
14.8134210001092	16.0053326019449	44.5
14.8265500771242	16.0215412404366	44.5
14.839677042557	16.0377645052474	44.5
14.8528018964074	16.0540023963773	44.5
14.8659246386755	16.0702549138263	44.5
14.8790452693614	16.0865220575945	44.5
14.8921637884649	16.1028038276817	44.5
14.9052801959861	16.1191002240881	44.5
14.9183944919251	16.1354112468136	44.5
14.9315066762818	16.1517368958581	44.5
14.9446167490561	16.1680771712218	44.5
14.9577247102482	16.1844320729046	44.5
14.970830559858	16.2008016009065	44.5
14.9839342978855	16.2171857552276	44.5
14.9970359243307	16.2335845358677	44.5
15.0101354391936	16.2499979428269	44.5
15.0232328424742	16.2664259761053	44.5
15.0363281341725	16.2828686357027	44.5
15.0494213142885	16.2993259216193	44.5
15.0625123828222	16.315797833855	44.5
15.0756013397737	16.3322843724098	44.5
15.0886881851428	16.3487855372837	44.5
15.1017729189297	16.3653013284767	44.5
15.1148555411342	16.3818317459889	44.5
15.1279360517565	16.3983767898201	44.5
15.1410144507965	16.4149364599704	44.5
15.1540907382541	16.4315107564399	44.5
15.1671649141295	16.4480996792285	44.5
15.1802369784226	16.4647032283361	44.5
15.1933069311334	16.4813214037629	44.5
15.2063747722619	16.4979542055088	44.5
15.2194405018081	16.5146016335738	44.5
15.232504119772	16.531263687958	44.5
15.2455656261537	16.5479403686612	44.5
15.258625020953	16.5646316756835	44.5
15.27168230417	16.581337609025	44.5
15.2847374758048	16.5980581686855	44.5
15.2977905358572	16.6147933546652	44.5
15.3108414843274	16.631543166964	44.5
15.3238903212152	16.6483076055819	44.5
15.3369370465208	16.6650866705189	44.5
15.3499816602441	16.681880361775	44.5
15.3630241623851	16.6986886793502	44.5
15.3760645529437	16.7155116232446	44.5
15.3891028319201	16.732349193458	44.5
15.4021389993142	16.7492013899906	44.5
15.415173055126	16.7660682128422	44.5
15.4282049993556	16.782949662013	44.5
15.4412348320028	16.7998457375029	44.5
15.4542625530677	16.8167564393119	44.5
15.4672881625503	16.83368176744	44.5
15.4803116604507	16.8506217218872	44.5
15.4933330467687	16.8675763026535	44.5
15.5063523215045	16.884545509739	44.5
15.519369484658	16.9015293431435	44.5
15.5323845362291	16.9185278028672	44.5
15.545397476218	16.93554088891	44.5
15.5584083046246	16.9525686012718	44.5
15.5714170214489	16.9696109399528	44.5
15.5844236266909	16.9866679049529	44.5
15.5974281203506	17.0037394962722	44.5
15.610430502428	17.0208257139105	44.5
15.6234307729231	17.0379265578679	44.5
15.6364289318359	17.0550420281444	44.5
15.6494249791664	17.0721721247401	44.5
15.6624189149147	17.0893168476549	44.5
15.6754107390806	17.1064761968887	44.5
15.6884004516643	17.1236501724417	44.5
15.7013880526656	17.1408387743138	44.5
15.7143735420847	17.158042002505	44.5
15.7273569199215	17.1752598570153	44.5
15.7403381861759	17.1924923378448	44.5
15.7533173408481	17.2097394449933	44.5
15.766294383938	17.2270011784609	44.5
15.7792693154456	17.2442775382477	44.5
15.7922421353709	17.2615685243536	44.5
15.8052128437139	17.2788741367785	44.5
15.8181814404746	17.2961943755226	44.5
15.8311479256531	17.3135292405858	44.5
15.8441122992492	17.3308787319681	44.5
15.857074561263	17.3482428496696	44.5
15.8700347116946	17.3656215936901	44.5
15.8829927505438	17.3830149640297	44.5
15.8959486778108	17.4004229606885	44.5
15.9089024934954	17.4178455836663	44.5
15.9218541975978	17.4352828329633	44.5
15.9348037901179	17.4527347085794	44.5
15.9477512710557	17.4702012105146	44.5
15.9606966404112	17.4876823387689	44.5
15.9736398981843	17.5051780933423	44.5
15.9865810443753	17.5226884742348	44.5
15.9995200789839	17.5402134814465	44.5
16.0124570020102	17.5577531149772	44.5
16.0253918134542	17.5753073748271	44.5
16.0383245133159	17.592876260996	44.5
16.0512551015954	17.6104597734841	44.5
16.0641835782925	17.6280579122913	44.5
16.0771099434074	17.6456706774176	44.5
16.0900341969399	17.663298068863	44.5
16.1029563388902	17.6809400866275	44.5
16.1158763692581	17.6985967307111	44.5
16.1287942880438	17.7162680011139	44.5
16.1417100952472	17.7339538978357	44.5
16.1546237908683	17.7516544208767	44.5
16.1675353749071	17.7693695702368	44.5
16.1804448473636	17.7870993459159	44.5
16.1933522082378	17.8048437479142	44.5
16.2062574575297	17.8226027762316	44.5
16.2191605952393	17.8403764308681	44.5
16.2320616213667	17.8581647118238	44.5
16.2449605359117	17.8759676190985	44.5
16.2578573388745	17.8937851526923	44.5
16.2707520302549	17.9116173126053	44.5
16.2836446100531	17.9294640988374	44.5
16.2965350782689	17.9473255113885	44.5
16.3094234349025	17.9652015502588	44.5
16.3223096799538	17.9830922154482	44.5
16.3351938134227	18.0009975069567	44.5
16.3480758353094	18.0189174247843	44.5
16.3609557456138	18.036851968931	44.5
16.3738335443359	18.0548011393969	44.5
16.3867092314757	18.0727649361818	44.5
16.3995828070333	18.0907433592859	44.5
16.4124542710085	18.1087364087091	44.5
16.4253236234014	18.1267440844513	44.5
16.4381908642121	18.1447663865127	44.5
16.4510559934404	18.1628033148932	44.5
16.4639190110864	18.1808548695928	44.5
16.4767799171502	18.1989210506115	44.5
16.4896387116317	18.2170018579494	44.5
16.5024953945308	18.2350972916063	44.5
16.5153499658477	18.2532073515824	44.5
16.5282024255823	18.2713320378775	44.5
16.5410527737346	18.2894713504918	44.5
16.5539010103046	18.3076252894252	44.5
16.5667471352923	18.3257938546777	44.5
16.5795911486977	18.3439770462493	44.5
16.5924330505208	18.36217486414	44.5
16.6052728407616	18.3803873083498	44.5
16.6181105194202	18.3986143788787	44.5
16.6309460864964	18.4168560757268	44.5
16.6437795419903	18.4351123988939	44.5
16.656610885902	18.4533833483802	44.5
16.6694401182313	18.4716689241856	44.5
16.6822672389784	18.4899691263101	44.5
16.6950922481432	18.5082839547537	44.5
16.7079151457257	18.5266134095164	44.5
16.7207359317258	18.5449574905982	44.5
16.7335546061437	18.5633161979991	44.5
16.7463711689793	18.5816895317191	44.5
16.7591856202326	18.6000774917583	44.5
16.7719979599036	18.6184800781166	44.5
16.7848081879924	18.6368972907939	44.5
16.7976163044988	18.6553291297904	44.5
16.8104223094229	18.673775595106	44.5
16.8232262027647	18.6922366867407	44.5
16.8360279845243	18.7107124046945	44.5
16.8488276547015	18.7292027489674	44.5
16.8616252132965	18.7477077195595	44.5
16.8744206603092	18.7662273164706	44.5
16.8872139957395	18.7847615397009	44.5
16.9000052195876	18.8033103892502	44.5
16.9127943318534	18.8218738651187	44.5
16.9255813325369	18.8404519673063	44.5
16.9383662216381	18.859044695813	44.5
16.951148999157	18.8776520506388	44.5
16.9639296650936	18.8962740317837	44.5
16.9767082194479	18.9149106392477	44.5
16.9894846622199	18.9335618730308	44.5
17.0022589934097	18.9522277331331	44.5
17.0150312130171	18.9709082195544	44.5
17.0278013210422	18.9896033322949	44.5
17.0405693174851	19.0083130713545	44.5
17.0533352023456	19.0270374367332	44.5
17.0660989756239	19.045776428431	44.5
17.0788606373199	19.0645300464479	44.5
17.0916201874336	19.0832982907839	44.5
17.1043776259649	19.102081161439	44.5
17.117132952914	19.1208786584133	44.5
17.1298861682808	19.1396907817066	44.5
17.1426372720653	19.1585175313191	44.5
17.1553862642675	19.1773589072506	44.5
17.1681331448875	19.1962149095013	44.5
17.1808779139251	19.2150855380711	44.5
17.1936205713804	19.23397079296	44.5
17.2063611172534	19.252870674168	44.5
17.2190995515442	19.2717851816952	44.5
17.2318358742526	19.2907143155414	44.5
17.2445700853788	19.3096580757067	44.5
17.2573021849227	19.3286164621912	44.5
17.2700321728842	19.3475894749948	44.5
17.2827600492635	19.3665771141174	44.5
17.2954858140605	19.3855793795592	44.5
17.3082094672752	19.4045962713201	44.5
17.3209310089076	19.4236277894001	44.5
17.3336504389577	19.4426739337992	44.5
17.3463677574255	19.4617347045175	44.5
17.359082964311	19.4808101015548	44.5
17.3717960596142	19.4999001249112	44.5
17.3845070433352	19.5190047745868	44.5
17.3972159154738	19.5381240505815	44.5
17.4099226760301	19.5572579528953	44.5
17.4226273250042	19.5764064815281	44.5
17.4353298623959	19.5955696364801	44.5
17.4480302882054	19.6147474177513	44.5
17.4607286024326	19.6339398253415	44.5
17.4734248050775	19.6531468592508	44.5
17.48611889614	19.6723685194792	44.5
17.4988108756203	19.6916048060268	44.5
17.5115007435183	19.7108557188935	44.5
17.524188499834	19.7301212580792	44.5
17.5368741445674	19.7494014235841	44.5
17.5495576777186	19.7686962154081	44.5
17.5622390992874	19.7880056335512	44.5
17.5749184092739	19.8073296780134	44.5
17.5875956076782	19.8266683487947	44.5
17.6002706945001	19.8460216458952	44.5
17.6129436697397	19.8653895693147	44.5
17.6256145333971	19.8847721190534	44.5
17.6382832854722	19.9041692951112	44.5
17.6509499259649	19.923581097488	44.5
17.6636144548754	19.943007526184	44.5
17.6762768722036	19.9624485811991	44.5
17.6889371779495	19.9819042625333	44.5
17.7015953721131	20.0013745701866	44.5
17.7142514546944	20.0208595041591	44.5
17.7269054256934	20.0403590644506	44.5
17.7395572851101	20.0598732510613	44.5
17.7522070329445	20.079402063991	44.5
17.7648546691967	20.0989455032399	44.5
17.7775001938665	20.1185035688079	44.5
17.7901436069541	20.138076260695	44.5
17.8027849084593	20.1576635789012	44.5
17.8154240983823	20.1772655234265	44.5
17.8280611767229	20.1968820942709	44.5
17.8406961434813	20.2165132914344	44.5
17.8533289986574	20.2361591149171	44.5
17.8659597422512	20.2558195647188	44.5
17.8785883742626	20.2754946408397	44.5
17.8912148946918	20.2951843432797	44.5
17.9038393035387	20.3148886720387	44.5
17.9164616008034	20.3346076271169	44.5
17.9290817864857	20.3543412085142	44.5
17.9416998605857	20.3740894162307	44.5
17.9543158231034	20.3938522502662	44.5
17.9669296740389	20.4136297106208	44.5
17.979541413392	20.4334217972946	44.5
17.9921510411629	20.4532285102874	44.5
18.0047585573514	20.4730498495994	44.5
18.0173639619577	20.4928858152305	44.5
18.0299672549817	20.5127364071807	44.5
18.0425684364233	20.53260162545	44.5
18.0551675062827	20.5524814700384	44.5
18.0677644645598	20.5723759409459	44.5
18.0803593112546	20.5922850381725	44.5
18.0929520463671	20.6122087617183	44.5
18.1055426698973	20.6321471115831	44.5
18.1181311818452	20.6521000877671	44.5
18.1307175822109	20.6720676902701	44.5
18.1433018709942	20.6920499190923	44.5
18.1558840481952	20.7120467742336	44.5
18.168464113814	20.732058255694	44.5
18.1810420678504	20.7520843634735	44.5
18.1936179103046	20.7721250975722	44.5
18.2061916411764	20.7921804579899	44.5
18.218763260466	20.8122504447267	44.5
18.2313327681733	20.8323350577827	44.5
18.2439001642983	20.8524342971578	44.5
18.256465448841	20.8725481628519	44.5
18.2690286218014	20.8926766548652	44.5
18.2815896831795	20.9128197731976	44.5
18.2941486329753	20.9329775178491	44.5
18.3067054711888	20.9531498888197	44.5
18.31926019782	20.9733368861095	44.5
18.331812812869	20.9935385097183	44.5
18.3443633163356	21.0137547596463	44.5
18.3569117082199	21.0339856358933	44.5
18.369457988522	21.0542311384595	44.5
18.3820021572417	21.0744912673448	44.5
18.3945442143792	21.0947660225492	44.5
18.4070841599344	21.1150554040727	44.5
18.4196219939073	21.1353594119153	44.5
18.4321577162978	21.155678046077	44.5
18.4446913271061	21.1760113065578	44.5
18.4572228263321	21.1963591933578	44.5
18.4697522139758	21.2167217064768	44.5
18.4822794900372	21.237098845915	44.5
18.4948046545164	21.2574906116723	44.5
18.5073277074132	21.2778970037486	44.5
18.5198486487277	21.2983180221441	44.5
18.53236747846	21.3187536668587	44.5
18.5448841966099	21.3392039378925	44.5
18.5573988031775	21.3596688352453	44.5
18.5699112981629	21.3801483589172	44.5
18.582421681566	21.4006425089083	44.5
18.5949299533867	21.4211512852184	44.5
18.6074361136252	21.4416746878477	44.5
18.6199401622814	21.4622127167961	44.5
18.6324420993553	21.4827653720636	44.5
18.6449419248469	21.5033326536502	44.5
18.6574396387562	21.5239145615559	44.5
18.6699352410832	21.5445110957807	44.5
18.6824287318279	21.5651222563246	44.5
18.6949201109904	21.5857480431877	44.5
18.7074093785705	21.6063884563698	44.5
18.7198965345683	21.6270434958711	44.5
18.7323815789839	21.6477131616914	44.5
18.7448645118171	21.6683974538309	44.5
18.7573453330681	21.6890963722895	44.5
18.7698240427367	21.7098099170672	44.5
18.7823006408231	21.730538088164	44.5
18.7947751273272	21.75128088558	44.5
18.807247502249	21.772038309315	44.5
18.8197177655885	21.7928103593691	44.5
18.8321859173457	21.8135970357424	44.5
18.8446519575206	21.8343983384348	44.5
18.8571158861132	21.8552142674462	44.5
18.8695777031235	21.8760448227768	44.5
18.8820374085515	21.8968900044265	44.5
18.8944950023973	21.9177498123953	44.5
18.9069504846607	21.9386242466832	44.5
18.9194038553418	21.9595133072903	44.5
18.9318551144407	21.9804169942164	44.5
18.9443042619572	22.0013353074616	44.5
18.9567512978915	22.022268247026	44.5
18.9691962222435	22.0432158129095	44.5
18.9816390350132	22.0641780051121	44.5
18.9940797362005	22.0851548236337	44.5
19.0065183258056	22.1061462684745	44.5
19.0189548038284	22.1271523396345	44.5
19.0313891702689	22.1481730371135	44.5
19.0438214251271	22.1692083609116	44.5
19.0562515684031	22.1902583110288	44.5
19.0686796000967	22.2113228874652	44.5
19.081105520208	22.2324020902207	44.5
19.0935293287371	22.2534959192952	44.5
19.1059510256838	22.2746043746889	44.5
19.1183706110483	22.2957274564017	44.5
19.1307880848304	22.3168651644336	44.5
19.1432034470303	22.3380174987846	44.5
19.1556166976479	22.3591844594548	44.5
19.1680278366831	22.380366046444	44.5
19.1804368641361	22.4015622597523	44.5
19.1928437800068	22.4227730993798	44.5
19.2052485842952	22.4439985653264	44.5
19.2176512770013	22.465238657592	44.5
19.2300518581251	22.4864933761768	44.5
19.2424503276666	22.5077627210807	44.5
19.2548466856259	22.5290466923037	44.5
19.2672409320028	22.5503452898459	44.5
19.2796330667974	22.5716585137071	44.5
19.2920230900098	22.5929863638874	44.5
19.3044110016398	22.6143288403869	44.5
19.3167968016876	22.6356859432054	44.5
19.3291804901531	22.6570576723431	44.5
19.3415620670362	22.6784440277999	44.5
19.3539415323371	22.6998450095758	44.5
19.3663188860557	22.7212606176708	44.5
19.378694128192	22.7426908520849	44.5
19.391067258746	22.7641357128181	44.5
19.4034382777177	22.7855951998705	44.5
19.4158071851071	22.8070693132419	44.5
19.4281739809142	22.8285580529325	44.5
19.440538665139	22.8500614189421	44.5
19.4529012377816	22.8715794112709	44.5
19.4652616988418	22.8931120299188	44.5
19.4776200483197	22.9146592748858	44.5
19.4899762862154	22.9362211461719	44.5
19.5023304125288	22.9577976437771	44.5
19.5146824272598	22.9793887677014	44.5
19.5270323304086	23.0009945179449	44.5
19.5393801219751	23.0226148945074	44.5
19.5517258019593	23.0442498973891	44.5
19.5640693703611	23.0658995265898	44.5
19.5764108271808	23.0875637821097	44.5
19.5887501724181	23.1092426639487	44.5
19.6010874060731	23.1309361721068	44.5
19.6134225281458	23.152644306584	44.5
19.6257555386362	23.1743670673803	44.5
19.6380864375443	23.1961044544958	44.5
19.6504152248702	23.2178564679303	44.5
19.6627419006137	23.239623107684	44.5
19.675066464775	23.2614043737567	44.5
19.6873889173539	23.2832002661486	44.5
19.6997092583506	23.3050107848596	44.5
19.712027487765	23.3268359298897	44.5
19.7243436055971	23.3486757012389	44.5
19.7366576118468	23.3705300989072	44.5
19.7489695065143	23.3923991228946	44.5
19.7612792895995	23.4142827732012	44.5
19.7735869611024	23.4361810498268	44.5
19.785892521023	23.4580939527716	44.5
19.7981959693614	23.4800214820354	44.5
19.8104973061174	23.5019636376184	44.5
19.8227965312911	23.5239204195205	44.5
19.8350936448826	23.5458918277417	44.5
19.8473886468917	23.567877862282	44.5
19.8596815373186	23.5898785231414	44.5
19.8719723161631	23.6118938103199	44.5
19.8842609834254	23.6339237238176	44.5
19.8965475391053	23.6559682636343	44.5
19.908831983203	23.6780274297702	44.5
19.9211143157184	23.7001012222252	44.5
19.9333945366515	23.7221896409992	44.5
19.9456726460023	23.7442926860924	44.5
19.9579486437708	23.7664103575047	44.5
19.970222529957	23.7885426552361	44.5
19.9824943045609	23.8106895792867	44.5
19.9947639675826	23.8328511296563	44.5
20.0070315190219	23.855027306345	44.5
20.0192969588789	23.8772181093529	44.5
20.0315602871537	23.8994235386799	44.5
20.0438215038461	23.9216435943259	44.5
20.0560806089563	23.9438782762911	44.5
20.0683376024842	23.9661275845754	44.5
20.0805924844297	23.9883915191788	44.5
20.092845254793	24.0106700801013	44.5
20.105095913574	24.032963267343	44.5
20.1173444607727	24.0552710809037	44.5
20.1295908963891	24.0775935207835	44.5
20.1418352204232	24.0999305869825	44.5
20.154077432875	24.1222822795006	44.5
20.1663175337445	24.1446485983378	44.5
20.1785555230317	24.167029543494	44.5
20.1907914007367	24.1894251149694	44.5
20.2030251668593	24.211835312764	44.5
20.2152568213997	24.2342601368776	44.5
20.2274863643577	24.2566995873103	44.5
20.2397137957335	24.2791536640621	44.5
20.2519391155269	24.3016223671331	44.5
20.2641623237381	24.3241056965232	44.5
20.276383420367	24.3466036522323	44.5
20.2886024054136	24.3691162342606	44.5
20.3008192788779	24.391643442608	44.5
20.3130340407599	24.4141852772745	44.5
20.3252466910596	24.4367417382601	44.5
20.337457229777	24.4593128255649	44.5
20.3496656569121	24.4818985391887	44.5
20.3618719724649	24.5044988791316	44.5
20.3740761764355	24.5271138453937	44.5
20.3862782688237	24.5497434379748	44.5
20.3984782496296	24.5723876568751	44.5
20.4106761188533	24.5950465020945	44.5
20.4228718764947	24.617719973633	44.5
20.4350655225537	24.6404080714906	44.5
20.4472570570305	24.6631107956673	44.5
20.459446479925	24.6858281461632	44.5
20.4716337912372	24.7085601229781	44.5
20.4838189909671	24.7313067261122	44.5
20.4960020791146	24.7540679555653	44.5
20.50818305568	24.7768438113376	44.5
20.520361920663	24.799634293429	44.5
20.5325386740637	24.8224394018395	44.5
20.5447133158821	24.8452591365691	44.5
20.5568858461182	24.8680934976178	44.5
20.5690562647721	24.8909424849856	44.5
20.5812245718436	24.9138060986725	44.5
20.5933907673329	24.9366843386786	44.5
20.6055548512398	24.9595772050037	44.5
20.6177168235645	24.982484697648	44.5
20.6298766843069	25.0054068166114	44.5
20.642034433467	25.0283435618938	44.5
20.6541900710447	25.0512949334954	44.5
20.6663435970402	25.0742609314161	44.5
20.6784950114534	25.097241555656	44.5
20.6906443142843	25.1202368062149	44.5
20.702791505533	25.1432466830929	44.5
20.7149365851993	25.1662711862901	44.5
20.7270795532833	25.1893103158063	44.5
20.739220409785	25.2123640716417	44.5
20.7513591547045	25.2354324537962	44.5
20.7634957880416	25.2585154622698	44.5
20.7756303097965	25.2816130970625	44.5
20.787762719969	25.3047253581743	44.5
20.7998930185593	25.3278522456052	44.5
20.8120212055673	25.3509937593552	44.5
20.8241472809929	25.3741498994244	44.5
20.8362712448363	25.3973206658126	44.5
20.8483930970974	25.42050605852	44.5
20.8605128377762	25.4437060775464	44.5
20.8726304668727	25.466920722892	44.5
20.8847459843869	25.4901499945567	44.5
20.8968593903189	25.5133938925405	44.5
20.9089706846685	25.5366524168434	44.5
20.9210798674358	25.5599255674655	44.5
20.9331869386209	25.5832133444066	44.5
20.9452918982236	25.6065157476668	44.5
20.9573947462441	25.6298327772462	44.5
20.9694954826822	25.6531644331447	44.5
20.9815941075381	25.6765107153622	44.5
20.9936906208117	25.6998716238989	44.5
21.0057850225029	25.7232471587547	44.5
21.0178773126119	25.7466373199296	44.5
21.0299674911386	25.7700421074236	44.5
21.042055558083	25.7934615212368	44.5
21.0541415134451	25.816895561369	44.5
21.0662253572249	25.8403442278204	44.5
21.0783070894225	25.8638075205908	44.5
21.0903867100377	25.8872854396804	44.5
21.1024642190706	25.9107779850891	44.5
21.1145396165212	25.9342851568168	44.5
21.1266129023896	25.9578069548638	44.5
21.1386840766757	25.9813433792298	44.5
21.1507531393794	26.0048944299149	44.5
21.1628200905009	26.0284601069191	44.5
21.1748849300401	26.0520404102425	44.5
21.1869476579969	26.0756353398849	44.5
21.1990082743715	26.0992448958465	44.5
21.2110667791638	26.1228690781272	44.5
21.2231231723738	26.1465078867269	44.5
21.2351774540015	26.1701613216458	44.5
21.2472296240469	26.1938293828838	44.5
21.25927968251	26.2175120704409	44.5
21.2713276293909	26.2412093843172	44.5
21.2833734646894	26.2649213245125	44.5
21.2954171884056	26.288647891027	44.5
21.3074588005396	26.3123890838605	44.5
21.3194983010912	26.3361449030132	44.5
21.3315356900606	26.359915348485	44.5
21.3435709674477	26.3837004202758	44.5
21.3556041332524	26.4075001183858	44.5
21.3676351874749	26.431314442815	44.5
21.3796641301151	26.4551433935632	44.5
21.391690961173	26.4789869706305	44.5
21.4037156806486	26.5028451740169	44.5
21.4157382885419	26.5267180037225	44.5
21.4277587848529	26.5506054597472	44.5
21.4397771695816	26.5745075420909	44.5
21.4517934427281	26.5984242507538	44.5
21.4638076042922	26.6223555857358	44.5
21.475819654274	26.6463015470369	44.5
21.4878295926736	26.6702621346571	44.5
21.4998374194908	26.6942373485964	44.5
21.5118431347258	26.7182271888549	44.5
21.5238467383785	26.7422316554324	44.5
21.5358482304488	26.7662507483291	44.5
21.5478476109369	26.7902844675448	44.5
21.5598448798427	26.8143328130797	44.5
21.5718400371662	26.8383957849337	44.5
21.5838330829074	26.8624733831068	44.5
21.5958240170663	26.886565607599	44.5
21.6078128396429	26.9106724584103	44.5
21.6197995506372	26.9347939355408	44.5
21.6317841500493	26.9589300389903	44.5
21.643766637879	26.9830807687589	44.5
21.6557470141264	27.0072461248467	44.5
21.6677252787916	27.0314261072536	44.5
21.6797014318744	27.0556207159795	44.5
21.691675473375	27.0798299510246	44.5
21.7036474032933	27.1040538123888	44.5
21.7156172216292	27.1282923000721	44.5
21.7275849283829	27.1525454140746	44.5
21.7395505235543	27.1768131543961	44.5
21.7515140071434	27.2010955210367	44.5
21.7634753791502	27.2253925139965	44.5
21.7754346395747	27.2497041332753	44.5
21.7873917884169	27.2740303788733	44.5
21.7993468256768	27.2983712507904	44.5
21.8112997513545	27.3227267490266	44.5
21.8232505654498	27.3470968735819	44.5
21.8351992679628	27.3714816244563	44.5
21.8471458588936	27.3958810016498	44.5
21.859090338242	27.4202950051625	44.5
21.8710327060082	27.4447236349942	44.5
21.8829729621921	27.4691668911451	44.5
21.8949111067936	27.4936247736151	44.5
21.9068471398129	27.5180972824041	44.5
21.9187810612499	27.5425844175123	44.5
21.9307128711046	27.5670861789396	44.5
21.942642569377	27.591602566686	44.5
21.9545701560671	27.6161335807515	44.5
21.9664956311749	27.6406792211362	44.5
21.9784189947004	27.6652394878399	44.5
21.9903402466437	27.6898143808628	44.5
22.0022593870046	27.7144039002047	44.5
22.0141764157832	27.7390080458658	44.5
22.0260913329796	27.763626817846	44.5
22.0380041385936	27.7882602161453	44.5
22.0499148326254	27.8129082407637	44.5
22.0618234150749	27.8375708917012	44.5
22.073729885942	27.8622481689578	44.5
22.0856342452269	27.8869400725335	44.5
22.0975364929295	27.9116466024284	44.5
22.1094366290498	27.9363677586423	44.5
22.1213346535878	27.9611035411754	44.5
22.1332305665435	27.9858539500276	44.5
22.1451243679169	28.0106189851989	44.5
22.157016057708	28.0353986466892	44.5
22.1689056359169	28.0601929344988	44.5
22.1807931025434	28.0850018486274	44.5
22.1926784575876	28.1098253890751	44.5
22.2045617010496	28.1346635558419	44.5
22.2164428329292	28.1595163489279	44.5
22.2283218532266	28.1843837683329	44.5
22.2331376336012	28.194268525657	44.5
22.2381080828848	28.2040764205327	44.5
22.2432319746934	28.2138050330086	44.5
22.2485080447833	28.2234519626952	44.5
22.2539349913632	28.233014829357	44.5
22.2595114754153	28.2424912734997	44.5
22.2652361210255	28.2518789569525	44.5
22.2711075157232	28.2611755634451	44.5
22.2771242108296	28.2703787991787	44.5
22.2832847218152	28.2794863933928	44.5
22.2895875286662	28.2884960989248	44.5
22.2960310762591	28.2974056927645	44.5
22.3026137747452	28.3062129766031	44.5
22.309333999942	28.3149157773751	44.5
22.3161900937345	28.3235119477946	44.5
22.3231803644842	28.3319993668852	44.5
22.3303030874463	28.3403759405032	44.5
22.3375565051956	28.3486396018543	44.5
22.3449388280597	28.3567883120039	44.5
22.352448234561	28.3648200603797	44.5
22.3600828718658	28.3727328652678	44.5
22.3678408562415	28.3805247743021	44.5
22.3757202735216	28.3881938649456	44.5
22.3837191795777	28.3957382449651	44.5
22.3918356007996	28.4031560528975	44.5
22.4000675345816	28.4104454585097	44.5
22.4084129498174	28.4176046632501	44.5
22.4168697874006	28.424631900692	44.5
22.425435960733	28.4315254369697	44.5
22.4341093562397	28.4382835712061	44.5
22.4428878338899	28.444904635933	44.5
22.4517692277257	28.4513869975016	44.5
22.4607513463961	28.4577290564861	44.5
22.4698319736977	28.4639292480785	44.5
22.4790088691215	28.4699860424742	44.5
22.4882797684061	28.4758979452499	44.5
22.4976423840955	28.481663497732	44.5
22.5070944061047	28.4872812773566	44.5
22.5166335022885	28.4927498980208	44.5
22.5262573190177	28.4980680104242	44.5
22.5359634817595	28.5032343024022	44.5
22.5457495956636	28.5082474992495	44.5
22.5556132461527	28.5131063640348	44.5
22.5655519995186	28.5178096979059	44.5
22.5755634035228	28.5223563403856	44.5
22.585644988001	28.5267451696578	44.5
22.5957942654732	28.5309751028447	44.5
22.606008731757	28.5350450962734	44.5
22.6162858665856	28.5389541457341	44.5
22.62662313423	28.5427012867273	44.5
22.6370179841238	28.5462855947019	44.5
22.6474678514935	28.5497061852837	44.5
22.6579701579907	28.552962214493	44.5
22.6685223123283	28.5560528789535	44.5
22.6791217109203	28.5589774160898	44.5
22.6897657385235	28.5617351043162	44.5
22.7004517688835	28.5643252632145	44.5
22.7111771653821	28.5667472537016	44.5
22.7219392816883	28.5690004781877	44.5
22.7327354624109	28.5710843807232	44.5
22.7435630437538	28.5729984471366	44.5
22.7544193541735	28.5747422051604	44.5
22.7653017150376	28.5763152245486	44.5
22.7762074412865	28.577717117182	44.5
22.7871338420955	28.5789475371647	44.5
22.7980782215387	28.580006180909	44.5
22.8090378792541	28.5808927872103	44.5
22.8200101111102	28.5816071373119	44.5
22.8309922098731	28.5821490549584	44.5
22.8419814658741	28.5825184064399	44.5
22.8529751676788	28.5827151006245	44.5
22.8639706027557	28.5827390889806	44.5
22.8749650581458	28.5825903655897	44.5
22.8859558211318	28.5822689671468	44.5
22.8969401799073	28.5817749729524	44.5
22.9079154242461	28.5811085048921	44.5
22.918878846171	28.5802697274069	44.5
22.9298277406216	28.5792588474526	44.5
22.9407594061221	28.5780761144487	44.5
22.9516711454475	28.5767218202168	44.5
22.9625602662895	28.5751962989089	44.5
22.9734240819204	28.5734999269245	44.5
22.9842599118564	28.5716331228179	44.5
22.9950650825184	28.5695963471951	44.5
23.0058369278923	28.5673901026001	44.5
23.0165727901865	28.5650149333908	44.5
23.0272700204875	28.5624714256044	44.5
23.0379259794139	28.5597602068136	44.5
23.0485380377673	28.5568819459711	44.5
23.0591035771809	28.5538373532445	44.5
23.0696199907662	28.5506271798417	44.5
23.0800846837553	28.5472522178248	44.5
23.090495074142	28.5437132999153	44.5
23.100848593318	28.5400112992881	44.5
23.1111426867076	28.5361471293566	44.5
23.1213748143971	28.5321217435468	44.5
23.1315424517623	28.5279361350624	44.5
23.1416430900906	28.5235913366399	44.5
23.1516742372007	28.519088420293	44.5
23.1616334180573	28.5144284970491	44.5
23.1715181753814	28.5096127166744	44.5
23.181326070257	28.5046422673908	44.5
23.1910546827329	28.4995183755823	44.5
23.2007016124196	28.4942423054923	44.5
23.2102644790814	28.4888153589124	44.5
23.2197409232241	28.4832388748603	44.5
23.2291286066769	28.4775142292501	44.5
23.2384252131694	28.4716428345525	44.5
23.247628448903	28.4656261394461	44.5
23.2567360431171	28.4594656284604	44.5
23.2657457486491	28.4531628216095	44.5
23.2746553424889	28.4467192740165	44.5
23.2834626263275	28.4401365755305	44.5
23.2921654270995	28.4334163503337	44.5
23.300761597519	28.4265602565412	44.5
23.3092490166095	28.4195699857915	44.5
23.3176255902275	28.4124472628294	44.5
23.3258892515787	28.4051938450801	44.5
23.3340379617283	28.3978115222159	44.5
23.342069710104	28.3903021157146	44.5
23.3499825149921	28.3826674784099	44.5
23.3577744240265	28.3749094940342	44.5
23.36544351467	28.3670300767541	44.5
23.3729878946894	28.3590311706979	44.5
23.3804057026218	28.3509147494761	44.5
23.3876951082341	28.342682815694	44.5
23.3948543129745	28.3343374004582	44.5
23.4018815504163	28.3258805628751	44.5
23.408775086694	28.3173143895426	44.5
23.4155332209305	28.308640994036	44.5
23.4221542856573	28.2998625163858	44.5
23.4286366472259	28.29098112255	44.5
23.4349787062105	28.2819990038796	44.5
23.4411788978029	28.272918376578	44.5
23.4472356921986	28.2637414811541	44.5
23.4531475949743	28.2544705818696	44.5
23.4589131474563	28.2451079661801	44.5
23.464530927081	28.235655944171	44.5
23.4699995477452	28.2261168479872	44.5
23.4753176601486	28.216493031258	44.5
23.4804839521266	28.2067868685161	44.5
23.4854971489738	28.1970007546121	44.5
23.4903560137591	28.187137104123	44.5
23.4950593476302	28.177198350757	44.5
23.4996059901099	28.1671869467529	44.5
23.5039948193821	28.1571053622746	44.5
23.508224752569	28.1469560848025	44.5
23.5122947459978	28.1367416185187	44.5
23.5162037954585	28.12646448369	44.5
23.5199509364516	28.1161272160457	44.5
23.5235352444262	28.1057323661519	44.5
23.526955835008	28.0952824987821	44.5
23.5302118642173	28.084780192285	44.5
23.5333025286778	28.0742280379473	44.5
23.5362270658141	28.0636286393554	44.5
23.5389847540406	28.0529846117522	44.5
23.5415749129388	28.0422985813922	44.5
23.543996903426	28.0315731848935	44.5
23.546250127912	28.0208110685873	44.5
23.5483340304476	28.0100148878648	44.5
23.5502480968609	27.9991873065218	44.5
23.5519918548848	27.9883309961022	44.5
23.5535648742729	27.9774486352381	44.5
23.5549667669063	27.9665429089891	44.5
23.5561971868891	27.9556165081801	44.5
23.5572558306333	27.944672128737	44.5
23.5581424369347	27.9337124710216	44.5
23.5588567870362	27.9227402391654	44.5
23.5593987046828	27.9117581404026	44.5
23.5597680561643	27.9007688844016	44.5
23.5599647503488	27.8897751825969	44.5
23.559988738705	27.87877974752	44.5
23.559840015314	27.8677852921298	44.5
23.5595186168712	27.8567945291439	44.5
23.5590246226768	27.8458101703684	44.5
23.5583581546165	27.8348349260295	44.5
23.5575193771313	27.8238715041047	44.5
23.5565084971769	27.8129226096541	44.5
23.555325764173	27.8019909441536	44.5
23.5539714699412	27.7910792048282	44.5
23.5524459486333	27.7801900839862	44.5
23.5507495766488	27.7693262683552	44.5
23.5488827725422	27.7584904384193	44.5
23.5468459969195	27.7476852677573	44.5
23.5446397523245	27.7369134223834	44.5
23.5422645831151	27.7261775600892	44.5
23.5397210753288	27.7154803297882	44.5
23.537009856538	27.7048243708617	44.5
23.5341315956954	27.6942123125084	44.5
23.5310870029689	27.6836467730947	44.5
23.527876829566	27.6731303595095	44.5
23.5245018675491	27.6626656665203	44.5
23.5209629496396	27.6522552761337	44.5
23.5172609490124	27.6419017569576	44.5
23.5133967790809	27.6316076635681	44.5
23.5093713932711	27.6213755358785	44.5
23.5051857847868	27.6112078985134	44.5
23.5008409863642	27.6011072601851	44.5
23.4963380700173	27.5910761130749	44.5
23.4917307821149	27.5812271854467	44.5
23.4406058862035	27.4741139762039	44.5
23.3895512337721	27.3671483091225	44.5
23.3385684830579	27.2603336541786	44.5
23.2876592817127	27.1536734591896	44.5
23.2368252668034	27.0471711498141	44.5
23.1860680648118	26.9408301295516	44.5
23.1353892916346	26.8346537797429	44.5
23.0847905525837	26.72864545957	44.5
23.0342734423855	26.6228085060557	44.5
22.9838395451818	26.5171462340645	44.5
22.9334904345291	26.4116619363015	44.5
22.8832276733988	26.3063588833133	44.5
22.8330528141775	26.2012403234874	44.5
22.7829673986665	26.0963094830525	44.5
22.732972958082	25.9915695660785	44.5
22.6830710130555	25.8870237544765	44.5
22.6332630736332	25.7826752079985	44.5
22.5835506392761	25.6785270642379	44.5
22.5339351988604	25.574582438629	44.5
22.4844182306772	25.4708444244474	44.5
22.4350012024325	25.3673160928099	44.5
22.3856855712473	25.2640004926742	44.5
22.3364727836574	25.1609006508393	44.5
22.2873642756137	25.0580195719453	44.5
22.2383614724819	24.9553602384734	44.5
22.1894657890429	24.852925610746	44.5
22.1406786294923	24.7507186269267	44.5
22.0920013874408	24.64874220302	44.5
22.0434354459138	24.5469992328718	44.5
21.994982177352	24.445492588169	44.5
21.9466429436108	24.3442251184396	44.5
21.8984190959607	24.2431996510529	44.5
21.850311975087	24.1424189912192	44.5
21.8023229110899	24.04188592199	44.5
21.7544532234848	23.9416032042578	44.5
21.7067042212019	23.8415735767564	44.5
21.6590772025863	23.7417997560607	44.5
21.6115734553981	23.6422844365868	44.5
21.5641942568123	23.5430302905917	44.5
21.516940873419	23.4440399681738	44.5
21.469814561223	23.3453160972725	44.5
21.4228165656443	23.2468612836683	44.5
21.3759481215176	23.1486781109831	44.5
21.3292104530927	23.0507691406796	44.5
21.2826047740344	22.9531369120618	44.5
21.2361322874224	22.8557839422748	44.5
21.1897941857511	22.7587127263049	44.5
21.1435916509302	22.6619257369795	44.5
21.0975258542842	22.5654254249671	44.5
21.0515979565526	22.4692142187774	44.5
21.0058091078896	22.3732945247612	44.5
20.9601604478648	22.2776687271103	44.5
20.9146531054622	22.182339187858	44.5
20.8692881990813	22.0873082468784	44.5
20.8240668365361	21.9925782218868	44.5
20.7789901150558	21.8981514084398	44.5
20.7340591212845	21.8040300799349	44.5
20.6892749312811	21.710216487611	44.5
20.6446386105197	21.616712860548	44.5
20.6001512138892	21.5235214056668	44.5
20.5558137856933	21.4306443077297	44.5
20.5116273596509	21.3380837293399	44.5
20.4675929588958	21.245841810942	44.5
20.4237115959767	21.1539206708215	44.5
20.3799842728571	21.0623224051051	44.5
20.3364119809157	20.9710490877607	44.5
20.2929957009461	20.8801027705972	44.5
20.2497364031566	20.7894854832649	44.5
20.2066350471707	20.699199233255	44.5
20.1636925820268	20.6092460058999	44.5
20.1209099461783	20.5196277643731	44.5
20.0782880674932	20.4303464496894	44.5
20.035827863255	20.3414039807045	44.5
19.9935302401617	20.2528022541154	44.5
19.9513960943264	20.1645431444603	44.5
19.9094263112773	20.0766285041182	44.5
19.8676217659572	19.9890601633097	44.5
19.8259833227241	19.9018399300962	44.5
19.7845118353509	19.8149695903803	44.5
19.7432081470255	19.7284509079058	44.5
19.7020730903506	19.6422856242577	44.5
19.661107487344	19.556475458862	44.5
19.6203121494382	19.4710221089859	44.5
19.579687877481	19.3859272497378	44.5
19.5392354617349	19.301192534067	44.5
19.4989556818774	19.2168195927642	44.5
19.458849307001	19.1328100344611	44.5
19.4189170956131	19.0491654456306	44.5
19.379159795636	18.9658873905868	44.5
19.3395781444069	18.8829774114848	44.5
19.3001728686783	18.8004370283208	44.5
19.2609446846172	18.7182677389323	44.5
19.2218942978057	18.6364710189978	44.5
19.1830224032411	18.5550483220371	44.5
19.1443296853352	18.474001079411	44.5
19.105816817915	18.3933307003214	44.5
19.0674844642226	18.3130385718115	44.5
19.0293332769147	18.2331260587656	44.5
18.9913638980631	18.1535945039089	44.5
18.9535769591546	18.0744452278081	44.5
18.9159730810909	17.9956795288707	44.5
18.8785528741887	17.9172986833457	44.5
18.8413169381796	17.8393039453229	44.5
18.8042658622101	17.7616965467333	44.5
18.7674002248416	17.6844776973493	44.5
18.7307205940506	17.607648584784	44.5
18.6942275272286	17.5312103744921	44.5
18.6579215711818	17.4551642097692	44.5
18.6218032621314	17.3795112117519	44.5
18.5858731257138	17.3042524794183	44.5
18.5501316769801	17.2293890895872	44.5
18.5145794203964	17.154922096919	44.5
18.4792168498437	17.0808525339149	44.5
18.444044448618	17.0071814109172	44.5
18.4090626894304	16.9339097161098	44.5
18.3742720344066	16.8610384155171	44.5
18.3396729350876	16.7885684530051	44.5
18.3052658324292	16.7165007502808	44.5
18.271051156802	16.6448362068923	44.5
18.2370293279917	16.5735757002289	44.5
18.203200755199	16.502720085521	44.5
18.1695658370394	16.43227019584	44.5
18.1361249615436	16.3622268420988	44.5
18.1028785061568	16.292590813051	44.5
18.0698268377396	16.2233628752917	44.5
18.0369703125672	16.1545437732569	44.5
18.0043092763301	16.0861342292239	44.5
17.9718440641334	16.018134943311	44.5
17.9395750004974	15.9505465934777	44.5
17.9075023993571	15.8833698355247	44.5
17.8756265640627	15.8166053030937	44.5
17.8439477873793	15.7502536076677	44.5
17.8124663514867	15.6843153385706	44.5
17.78118252798	15.6187910629677	44.5
17.7500965778689	15.5536813258653	44.5
17.7192087515784	15.4889866501109	44.5
17.6885192889481	15.424707536393	44.5
17.6580284192328	15.3608444632413	44.5
17.6277363611022	15.2973978870269	44.5
17.5976433226408	15.2343682419615	44.5
17.5677495013482	15.1717559400985	44.5
17.538055084139	15.1095613713321	44.5
17.5085602473424	15.0477849033976	44.5
17.479265156703	14.9864268818717	44.5
17.4501699673801	14.9254876301721	44.5
17.4212748239479	14.8649674495575	44.5
17.3925798603956	14.804866619128	44.5
17.3640852001276	14.7451853958246	44.5
17.3357909559627	14.6859240144296	44.5
17.3076972301353	14.6270826875664	44.5
17.2798041142941	14.5686616056994	44.5
17.2521116895033	14.5106609371344	44.5
17.2246200262417	14.4530808280181	44.5
17.1973291844031	14.3959214023385	44.5
17.1702392132964	14.3391827619245	44.5
17.1433501516453	14.2828649864465	44.5
17.1166620275884	14.2269681334157	44.5
17.0901748586795	14.1714922381847	44.5
17.0638886518871	14.1164373139469	44.5
17.0378034035948	14.0618033517373	44.5
17.0119190996009	14.0075903204316	44.5
16.986235715119	13.953798166747	44.5
16.9607532147773	13.9004268152415	44.5
16.9354715526193	13.8474761683144	44.5
16.9103906721031	13.7949461062063	44.5
16.885510506102	13.7428364869986	44.5
16.8608309769041	13.691147146614	44.5
16.8363519962125	13.6398778988165	44.5
16.8120734651453	13.589028535211	44.5
16.7879952742354	13.5385988252436	44.5
16.7641173034308	13.4885885162016	44.5
16.7404394220944	13.4389973332133	44.5
16.716961489004	13.3898249792483	44.5
16.6936833523523	13.3410711351174	44.5
16.6706048497472	13.2927354594721	44.5
16.6477258082112	13.2448175888056	44.5
16.6250460441819	13.197317137452	44.5
16.602565363512	13.1502336975863	44.5
16.5802835614689	13.103566839225	44.5
16.5582004227351	13.0573161102255	44.5
16.536315721408	13.0114810362866	44.5
16.5146292209999	12.9660611209479	44.5
16.4931406744381	12.9210558455903	44.5
16.4718498240649	12.876464669436	44.5
16.4507564016374	12.8322870295481	44.5
16.4298601283278	12.7885223408308	44.5
16.4091607147231	12.7451699960297	44.5
16.3886578608253	12.7022293657312	44.5
16.3683512560515	12.6596997983633	44.5
16.3482405792335	12.6175806201947	44.5
16.3283254986183	12.5758711353354	44.5
16.3086056718675	12.5345706257365	44.5
16.289080746058	12.4936783511904	44.5
16.2697503576814	12.4531935493304	44.5
16.2506141326444	12.4131154356311	44.5
16.2316716862686	12.3734432034081	44.5
16.2129226232905	12.3341760238184	44.5
16.1943665378617	12.2953130458598	44.5
16.1760030135484	12.2568533963714	44.5
16.1578316233322	12.2187961800336	44.5
16.1398519296093	12.1811404793676	44.5
16.122063484191	12.1438853547359	44.5
16.1044658283035	12.1070298443423	44.5
16.087058492588	12.0705729642314	44.5
16.0698409971005	12.0345137082893	44.5
16.0528128513122	11.9988510482429	44.5
16.035973554109	11.9635839336605	44.5
16.0193225937919	11.9287112919514	44.5
16.0028594480767	11.894232028366	44.5
15.9865835840943	11.860145025996	44.5
15.9704944583905	11.8264491457741	44.5
15.9545915169261	11.7931432264742	44.5
15.9388741950766	11.7602260847112	44.5
15.9233419176327	11.7276965149414	44.5
15.9079940988	11.6955532894621	44.5
15.8928301421989	11.6637951584116	44.5
15.877849440865	11.6324208497696	44.5
15.8630513772487	11.6014290693567	44.5
15.8484353232153	11.5708185008347	44.5
15.8340006400451	11.5405878057068	44.5
15.8197466784333	11.5107356233168	44.5
15.8056727784902	11.4812605708502	44.5
15.7917782697408	11.4521612433333	44.5
15.7780624711253	11.4234362136337	44.5
15.7645246909987	11.3950840324599	44.5
15.751164227131	11.3671032283617	44.5
15.737980366707	11.3394923077303	44.5
15.7249723863267	11.3122497547975	44.5
15.7121395520049	11.2853740316366	44.5
15.6994811191713	11.2588635781619	44.5
15.6869963326706	11.232716812129	44.5
15.6746844267625	11.2069321291344	44.5
15.6625446251216	11.181507902616	44.5
15.6505761408375	11.1564424838525	44.5
15.6387781764145	11.1317342019641	44.5
15.6271499237722	11.107381363912	44.5
15.615690564245	11.0833822544983	44.5
15.6043992685821	11.0597351363666	44.5
15.5932751969479	11.0364382500014	44.5
15.5823174989216	11.0134898137285	44.5
15.5715253134973	10.9908880237147	44.5
15.5608977690841	10.968631053968	44.5
15.5504339835062	10.9467170563376	44.5
15.5401330640025	10.9251441605136	44.5
15.529994107227	10.9039104740276	44.5
15.5200161992485	10.883014082252	44.5
15.510198415551	10.8624530484006	44.5
15.5005398210332	10.8422254135281	44.5
15.4910394700088	10.8223291965304	44.5
15.4816964062065	10.8027623941448	44.5
15.47250966277	10.7835229809494	44.5
15.4634782622579	10.7646089093635	44.5
15.4546012166436	10.7460181096477	44.5
15.4458775273157	10.7277484899037	44.5
15.4373061850775	10.7097979360741	44.5
15.4288861701474	10.6921643119429	44.5
15.4206164521587	10.6748454591352	44.5
15.4124959901597	10.6578391971171	44.5
15.4045237326135	10.6411433231959	44.5
15.3966986173984	10.6247556125202	44.5
15.3890195718073	10.6086738180795	44.5
15.3814855125484	10.5928956707045	44.5
15.3740953457446	10.5774188790671	44.5
15.3668479669339	10.5622411296804	44.5
15.3597422610691	10.5473600868985	44.5
15.3527771025181	10.5327733929166	44.5
15.3459513550636	10.5184786677712	44.5
15.3392638719034	10.5044735093398	44.5
15.33271349565	10.4907554933412	44.5
15.3262990583311	10.4773221733351	44.5
15.3200193813893	10.4641710807225	44.5
15.3138732756821	10.4512997247456	44.5
15.3078595414819	10.4387055924876	44.5
15.3019769684761	10.4263861488728	44.5
15.296224335767	10.4143388366668	44.5
15.2906004118719	10.4025610764763	44.5
15.2851039547231	10.3910502667489	44.5
15.2797337116677	10.3798037837737	44.5
15.2744884194679	10.3688189816807	44.5
15.2693668043007	10.3580931924412	44.5
15.2643675817582	10.3476237258674	44.5
15.2594894568472	10.3374078696128	44.5
15.2547311239898	10.3274428891721	44.5
15.2500912670227	10.317726027881	44.5
15.2455685591978	10.3082545069163	44.5
15.2411616631817	10.2990255252962	44.5
15.2326899043182	10.2812838653673	44.5
15.2246650800648	10.2644781970612	44.5
15.2170761106938	10.248585314803	44.5
15.2099117471161	10.233581658476	44.5
15.2031605708823	10.2194433134219	44.5
15.1968109941817	10.2061460104402	44.5
15.1908512598428	10.193665125789	44.5
15.1852694413335	10.1819756811842	44.5
15.1800534427606	10.1710523438003	44.5
15.1751909988701	10.1608694262698	44.5
15.1706696750472	10.1514008866832	44.5
15.1644996719329	10.1384796967665	44.5
15.1590255374222	10.1270157983673	44.5
15.1542031612163	10.116916812872	44.5
15.1487093271054	10.1054116692281	44.5
15.1441851719483	10.0959372214588	44.5
15.1397233784886	10.0865933714196	44.5
15.1353187783307	10.0773692951124	44.5
15.1308801125513	10.0680738788691	44.5
15.1263252861884	10.0585562588784	44.5
15.121866468948	10.0493823519734	44.5
15.1171435740591	10.0398186901001	44.5
15.1123572551403	10.0302585179686	44.5
15.1073797583525	10.0204358639318	44.5
15.1025569581655	10.0110199664218	44.5
15.0970735677012	10.0004222795455	44.5
15.0921814555595	9.99105511070688	44.5
15.0868154276247	9.98086752174343	44.5
15.0809526268545	9.96983278031879	44.5
15.0762157249487	9.96098529736277	44.5
15.0711767839124	9.95163639016197	44.5
15.0658260741076	9.9417759554358	44.5
15.0601538410898	9.93139422545324	44.5
15.0541503056076	9.92048176803298	44.5
15.0478056636031	9.90902948654332	44.5
15.0411100862116	9.89702861990223	44.5
15.0340537197618	9.88447074257731	44.5
15.026626685776	9.87134776458581	44.5
15.0214645138865	9.8622813246184	44.5
15.0161302594887	9.8529580607221	44.5
15.0106209772511	9.84337582442029	44.5
15.0049337169418	9.83353253351775	44.5
14.999065523429	9.82342617210066	44.5
14.9930134366806	9.81305479053663	44.5
14.9867744917647	9.80241650547468	44.5
14.9803457188492	9.79150949984523	44.5
14.9737241432018	9.78033202286012	44.5
14.9669067851904	9.76888239001259	44.5
14.9598906602825	9.75715898307732	44.5
14.9526727790457	9.74516025011038	44.5
14.9452501471475	9.73288470544923	44.5
14.9376197653554	9.72033092971279	44.5
14.9297786295367	9.70749756980137	44.5
14.9217237306587	9.69438333889669	44.5
14.9134520547884	9.68098701646186	44.5
14.9049605830931	9.66730744824145	44.5
14.8962462918397	9.65334354626139	44.5
14.8873061523952	9.63909428882907	44.5
14.8781371312264	9.62455872053326	44.5
14.8687361899002	9.60973595224415	44.5
14.8591002850832	9.59462516111332	44.5
14.8492263685421	9.57922559057382	44.5
14.8391113871434	9.56353655034005	44.5
14.8287522828536	9.54755741640785	44.5
14.818145992739	9.53128763105447	44.5
14.8072894489661	9.51472670283858	44.5
14.8017663719198	9.50633692470559	44.5
14.7961795788009	9.49787420660024	44.5
14.7905286847521	9.489338505734	44.5
14.7848133046097	9.48072978346093	44.5
14.7790330529039	9.47204800527772	44.5
14.7731875438586	9.46329314082357	44.5
14.7672763913913	9.45446516388032	44.5
14.7612992091135	9.44556405237243	44.5
14.7552556103302	9.43658978836687	44.5
14.7491452080403	9.42754235807325	44.5
14.7429676149364	9.41842175184375	44.5
14.7367224434049	9.40922796417315	44.5
14.7304093055258	9.39996099369881	44.5
14.7240278130731	9.39062084320068	44.5
14.7175775775141	9.3812075196013	44.5
14.7110582100104	9.37172103396579	44.5
14.704469321417	9.36216140150187	44.5
14.6978105222826	9.35252864155985	44.5
14.6910814228499	9.34282277763261	44.5
14.6842816330551	9.33304383735563	44.5
14.6774107625284	9.32319185250697	44.5
14.6704684205934	9.31326685900731	44.5
14.6634542162678	9.30326889691988	44.5
14.6563677582628	9.29319801045051	44.5
14.6492086549836	9.28305424794762	44.5
14.6419765145287	9.27283766190222	44.5
14.6346709446908	9.26254830894792	44.5
14.6272915529562	9.25218624986089	44.5
14.6198379465048	9.2417515495599	44.5
14.6123097322104	9.23124427710633	44.5
14.6047065166405	9.22066450570411	44.5
14.5970279060564	9.21001231269979	44.5
14.5892735064131	9.19928777958249	44.5
14.5814429233592	9.18849099198394	44.5
14.5735357622373	9.17762203967843	44.5
14.5655516280836	9.16668101658284	44.5
14.5574901256281	9.15566802075667	44.5
14.5493508592945	9.14458315440197	44.5
14.5411334332002	9.13342652386341	44.5
14.5328374511566	9.12219823962824	44.5
14.5244625166684	9.11089841632627	44.5
14.5160082329345	9.09952717272994	44.5
14.5074742028472	9.08808463175424	44.5
14.4988600289928	9.07657092045678	44.5
14.4901653136511	9.06498617003774	44.5
14.481389658796	9.0533305158399	44.5
14.4725326660947	9.04160409734862	44.5
14.4635939369085	9.02980705819184	44.5
14.4545730722922	9.01793954614011	44.5
14.4454696729946	9.00600171310655	44.5
14.4362833394581	8.99399371514687	44.5
14.4270136718187	8.98191571245938	44.5
14.4176602699064	8.96976786938498	44.5
14.4082227332448	8.95755035440713	44.5
14.3987006610513	8.94526334015191	44.5
14.3890936522371	8.93290700338797	44.5
14.379401305407	8.92048152502656	44.5
14.3696232188596	8.9079870901215	44.5
14.3597589905873	8.89542388786922	44.5
14.3498082182762	8.88279211160872	44.5
14.3397704993062	8.87009195882163	44.5
14.3296454307508	8.85732363113208	44.5
14.3194326093775	8.84448733430689	44.5
14.3091316316472	8.83158327825538	44.5
14.2987420937149	8.81861167702954	44.5
14.288263591429	8.80557274882389	44.5
14.277695720332	8.79246671597556	44.5
14.26703807566	8.77929380496426	44.5
14.2562902523426	8.76605424641229	44.5
14.2454518450035	8.75274827508454	44.5
14.23452244796	8.73937612988851	44.5
14.2235016552232	8.72593805387423	44.5
14.2123890604978	8.71243429423439	44.5
14.2011842571824	8.69886510230422	44.5
14.1898868383692	8.68523073356156	44.5
14.1784963968443	8.67153144762681	44.5
14.1670125250875	8.657767508263	44.5
14.1554348152723	8.64393918337571	44.5
14.1437628592659	8.63004674501314	44.5
14.1319962486294	8.61609046936605	44.5
14.1201345746175	8.60207063676781	44.5
14.1081774281787	8.58798753169437	44.5
14.0961243999554	8.57384144276427	44.5
14.0839750802833	8.55963266273862	44.5
14.0717290591924	8.54536148852115	44.5
14.059385926406	8.53102822115815	44.5
14.0469452713415	8.51663316583854	44.5
14.0344066831097	8.50217663189375	44.5
14.0217697505155	8.48765893279789	44.5
14.0090340620571	8.4730803861676	44.5
13.996199205927	8.45844131376212	44.5
13.9832647700109	8.4437420414833	44.5
13.9702303418887	8.42898289937554	44.5
13.9570955088337	8.41416422162584	44.5
13.9438598578132	8.39928634656381	44.5
13.930522975488	8.38434961666165	44.5
13.9170844482129	8.36935437853411	44.5
13.9035438620363	8.35430098293857	44.5
13.8899008027003	8.33918978477496	44.5
13.8761548556408	8.32402114308583	44.5
13.8623056059875	8.3087954210563	44.5
13.8483526385639	8.2935129860141	44.5
13.834295537887	8.2781742094295	44.5
13.8201338881678	8.26277946691543	44.5
13.8058672733109	8.24732913822734	44.5
13.7914952769146	8.2318236072633	44.5
13.7770174822711	8.21626326206398	44.5
13.7624334723663	8.20064849481262	44.5
13.7477428298798	8.18497970183504	44.5
13.7329451371849	8.16925728359967	44.5
13.7180399763488	8.15348164471752	44.5
13.7030269291323	8.13765319394217	44.5
13.6879055769901	8.12177234416982	44.5
13.6726755010703	8.10583951243924	44.5
13.6573362822152	8.08985511993179	44.5
13.6418875009606	8.07381959197142	44.5
13.6263287375361	8.05773335802468	44.5
13.6106595718649	8.04159685170067	44.5
13.5948795835642	8.02541051075112	44.5
13.5789883519447	8.00917477707034	44.5
13.562985456011	7.9928900966952	44.5
13.5468704744615	7.97655691980519	44.5
13.5306429856881	7.96017570072238	44.5
13.5143025677767	7.94374689791141	44.5
13.4978487985068	7.92727097397955	44.5
13.4812812553517	7.91074839567661	44.5
13.4645995154784	7.89417963389501	44.5
13.4478031557477	7.87756516366977	44.5
13.4308917527141	7.86090546417849	44.5
13.4138648826258	7.84420101874134	44.5
13.396722121425	7.82745231482109	44.5
13.3794630447473	7.81065984402312	44.5
13.3620872279222	7.79382410209537	44.5
13.344594245973	7.77694558892837	44.5
13.3269836736166	7.76002480855525	44.5
13.3092550852639	7.74306226915173	44.5
13.2914080550193	7.7260584830361	44.5
13.2734421566809	7.70901396666927	44.5
13.2553569637408	7.69192924065471	44.5
13.2371520493847	7.67480482973847	44.5
13.2188269864921	7.65764126280924	44.5
13.2003813476361	7.64043907289823	44.5
13.1818147050838	7.62319879717928	44.5
13.1631266307957	7.60592097696882	44.5
13.1443166964264	7.58860615772585	44.5
13.1253844733239	7.57125488905197	44.5
13.1063295325304	7.55386772469137	44.5
13.0871514447814	7.5364452225308	44.5
13.0678497805063	7.51898794459965	44.5
13.0484241098283	7.50149645706985	44.5
13.0288740025644	7.48397133025595	44.5
13.0091990282251	7.46641313861505	44.5
12.989398756015	7.4488224607469	44.5
12.969472754832	7.43119987939378	44.5
12.9494205932682	7.41354598144059	44.5
12.9292418396091	7.3958613579148	44.5
12.9089360618342	7.37814660398648	44.5
12.8885028276165	7.36040231896829	44.5
12.8679417043229	7.34262910631546	44.5
12.8472522590141	7.32482757362583	44.5
12.8264340584444	7.30699833263983	44.5
12.8054866690619	7.28914199924045	44.5
12.7844096570085	7.2712591934533	44.5
12.7632025881197	7.25335053944655	44.5
12.741865027925	7.23541666553099	44.5
12.7203965416473	7.21745820415998	44.5
12.6987966942035	7.19947579192945	44.5
12.6770650502043	7.18147006957794	44.5
12.6552011739538	7.16344168198659	44.5
12.6332046294502	7.14539127817911	44.5
12.6110749803854	7.1273195113218	44.5
12.5888117901447	7.10922703872355	44.5
12.5664146218077	7.09111452183584	44.5
12.5438830381472	7.07298262625273	44.5
12.5212166016301	7.05483202171089	44.5
12.498414874417	7.03666338208954	44.5
12.475477418362	7.01847738541053	44.5
12.4524037950133	7.00027471383827	44.5
12.4291935656126	6.98205605367977	44.5
12.4058462910954	6.96382209538464	44.5
12.382361532091	6.94557353354505	44.5
12.3587388489224	6.92731106689576	44.5
12.3349778016064	6.90903539831417	44.5
12.3110779498534	6.89074723482019	44.5
12.2870388530677	6.87244728757637	44.5
12.2628600703472	6.85413627188784	44.5
12.2385411604838	6.8358149072023	44.5
12.2140816819628	6.81748391711008	44.5
12.1894811929635	6.79914402934404	44.5
12.164739251359	6.78079597577968	44.5
12.1398554147158	6.76244049243506	44.5
12.1148292402944	6.74407831947082	44.5
12.0896602850491	6.72571020119023	44.5
12.0643481056278	6.70733688603909	44.5
12.0388922583722	6.68895912660585	44.5
12.0132922993177	6.6705776796215	44.5
11.9875477841935	6.65219330595963	44.5
11.9616582684225	6.63380677063644	44.5
11.9356233071215	6.61541884281071	44.5
11.9094424551007	6.59703029578378	44.5
11.8831152668645	6.5786419069996	44.5
11.8566412966107	6.56025445804471	44.5
11.8300200982309	6.54186873464824	44.5
11.8032512253106	6.52348552668191	44.5
11.7763342311288	6.50510562816001	44.5
11.7492686686586	6.48672983723944	44.5
11.7220540905665	6.46835895621967	44.5
11.6946900492128	6.44999379154276	44.5
11.6671760966518	6.43163515379337	44.5
11.6395117846313	6.41328385769877	44.5
11.6116966645928	6.39494072212874	44.5
11.5837302876719	6.37660657009574	44.5
11.5556122046975	6.35828222875476	44.5
11.5273419661925	6.33996852940341	44.5
11.4989191223735	6.32166630748185	44.5
11.4703432231509	6.30337640257287	44.5
11.4416138181286	6.28509965840184	44.5
11.4127304566047	6.26683692283668	44.5
11.3836926875706	6.24858904788796	44.5
11.3545000597116	6.23035688970877	44.5
11.3251521214069	6.21214130859484	44.5
11.2956484207292	6.19394316898448	44.5
11.265988505445	6.17576333945858	44.5
11.2361719230148	6.15760269274061	44.5
11.2061982205925	6.13946210569664	44.5
11.1760669450259	6.12134245933531	44.5
11.1457776428565	6.10324463880788	44.5
11.1153298603197	6.08516953340818	44.5
11.0847231433444	6.06711803657262	44.5
11.0539570375535	6.04909104588021	44.5
11.0230310882634	6.03108946305255	44.5
10.9919448404844	6.01311419395383	44.5
10.9606978389205	5.99516614859081	44.5
10.9292896279694	5.97724624111286	44.5
10.8977197517228	5.95935538981193	44.5
10.8659877539657	5.94149451712253	44.5
10.8340931781771	5.92366454962181	44.5
10.8020355675299	5.9058664180295	44.5
10.7698144648905	5.88810105720786	44.5
10.7374294128191	5.8703694061618	44.5
10.7048799535696	5.85267240803882	44.5
10.6721656290899	5.83501101012894	44.5
10.6392859810212	5.81738616386486	44.5
10.6062405506989	5.7997988248218	44.5
10.5730288791519	5.78224995271758	44.5
10.5396505071029	5.76474051141263	44.5
10.5061049749682	5.74727146890997	44.5
10.4723918228582	5.72984379735517	44.5
10.4385105905767	5.71245847303646	44.5
10.4044608176213	5.69511647638456	44.5
10.3702420431836	5.67781879197285	44.5
10.3358538061486	5.66056640851729	44.5
10.3012956450953	5.64336031887639	44.5
10.2665670982963	5.62620152005131	44.5
10.2316677037181	5.60909101318573	44.5
10.1965969990207	5.59202980356598	44.5
10.161354521558	5.57501890062093	44.5
10.1259398083778	5.55805931792206	44.5
10.0903523962212	5.54115207318346	44.5
10.0545918215236	5.52429818826175	44.5
10.0186576204137	5.50749868915618	44.5
9.98254932871418	5.49075460600859	44.5
9.94626648194135	5.47406697310341	44.5
9.90980861530534	5.45743682886763	44.5
9.87317526371	5.44086521587084	44.5
9.83636596175291	5.42435318082524	44.5
9.79938024372541	5.40790177458561	44.5
9.76221764361258	5.39151205214928	44.5
9.72487769509325	5.37518507265621	44.5
9.68735993154	5.35892189938895	44.5
9.64966388601914	5.34272359977262	44.5
9.61178909129073	5.32659124537493	44.5
9.57373507980858	5.31052591190617	44.5
9.53550138372024	5.29452867921924	44.5
9.49708753486702	5.27860063130962	44.5
9.45849306478395	5.26274285631539	44.5
9.41971750469982	5.24695644651717	44.5
9.38076038553716	5.23124249833823	44.5
9.34162123791226	5.21560211234439	44.5
9.30229959213513	5.20003639324406	44.5
9.26279497820954	5.18454644988827	44.5
9.22310692583301	5.16913339527059	44.5
9.1832349643968	5.15379834652723	44.5
9.1431786229859	5.13854242493695	44.5
9.10293743037906	5.1233667559211	44.5
9.06251091504879	5.10827246904364	44.5
9.02189860516131	5.09326069801112	44.5
8.98110002857661	5.07833258067262	44.5
8.94011471284842	5.06348925901989	44.5
8.89894218522422	5.04873187918723	44.5
8.85758197264521	5.03406159145151	44.5
8.81603360174637	5.01947955023224	44.5
8.7742965988564	5.00498691409146	44.5
8.73237048999776	4.99058484573382	44.5
8.69025480088664	4.97627451200658	44.5
8.647949056933	4.96205708389956	44.5
8.60545278324051	4.94793373654517	44.5
8.56276550460662	4.93390564921845	44.5
8.5198867455225	4.91997400533696	44.5
8.47681603017307	4.90613999246091	44.5
8.43355288243701	4.89240480229305	44.5
8.39009682588673	4.87876963067876	44.5
8.34644738378838	4.86523567760597	44.5
8.30260407910188	4.85180414720524	44.5
8.25856643448087	4.83847624774966	44.5
8.21433397227275	4.82525319165496	44.5
8.16990621451866	4.81213619547945	44.5
8.12528268295348	4.79912647992401	44.5
8.08046289900583	4.78622526983212	44.5
8.0354463837981	4.77343379418985	44.5
7.99023265814641	4.76075328612585	44.5
7.94482124256061	4.74818498291137	44.5
7.89921165724433	4.73573012596022	44.5
7.85340342209491	4.72338996082884	44.5
7.80739605670346	4.71116573721622	44.5
7.76118908035481	4.69905870896396	44.5
7.71478201202757	4.68707013405626	44.5
7.66817437039406	4.67520127461987	44.5
7.62136567382036	4.66345339692417	44.5
7.5743554403663	4.65182777138109	44.5
7.52714318778546	4.64032567254518	44.5
7.47972843352514	4.62894837911356	44.5
7.43211069472641	4.61769717392592	44.5
7.38428948822407	4.60657334396459	44.5
7.33626433054668	4.59557818035445	44.5
7.28803473791653	4.58471297836299	44.5
7.23960022624964	4.57397903740027	44.5
7.19096031115583	4.56337766101892	44.5
7.14211450793862	4.5529101569142	44.5
7.09306233159527	4.54257783692396	44.5
7.04380329681682	4.53238201702859	44.5
6.99433691798802	4.5223240173511	44.5
6.9446627091874	4.51240516215709	44.5
6.8947801841872	4.50262677985475	44.5
6.84468885645343	4.49299020299484	44.5
6.79438823914583	4.48349676827075	44.5
6.7438778451179	4.47414781651838	44.5
6.69315718691687	4.46494469271629	44.5
6.64222577678372	4.45588874598563	44.5
6.59108312665318	4.44698132959006	44.5
6.53972874815372	4.43822380093592	44.5
6.48816215260755	4.42961752157209	44.5
6.43638285103065	4.42116385719003	44.5
6.38439035413271	4.41286417762384	44.5
6.33218417231719	4.40471985685015	44.5
6.27976381568128	4.3967322729882	44.5
6.22712879401593	4.38890280829984	44.5
6.17427861680582	4.38123284918946	44.5
6.12121279322938	4.3737237862041	44.5
6.0679308321588	4.36637701403332	44.5
6.01443224215999	4.35919393150933	44.5
5.96071653149262	4.35217594160688	44.5
5.90678320811011	4.34532445144336	44.5
5.85263177965961	4.33864087227869	44.5
5.79826175348201	4.33212661951541	44.5
5.74367263661198	4.32578311269867	44.5
5.68886393577791	4.31961177551614	44.5
5.63383515740192	4.31361403579816	44.5
5.57858580759991	4.30779132551758	44.5
5.5231153921815	4.30214508078992	44.5
5.46742341665006	4.29667674187322	44.5
5.41150938620271	4.29138775316814	44.5
5.35537280573032	4.28627956321792	44.5
5.29901317981749	4.28135362470839	44.5
5.24243001274257	4.27661139446799	44.5
5.18562280847767	4.27205433346769	44.5
5.12859107068862	4.26768390682109	44.5
5.07133430273502	4.2635015837844	44.5
5.0138520076702	4.25950883775636	44.5
4.95614368824123	4.25570714627838	44.5
4.89820884688894	4.25209799103434	44.5
4.8400469857479	4.24868285785082	44.5
4.78165760664642	4.24546323669693	44.5
4.72304021110655	4.2424406216844	44.5
4.66419430034411	4.23961651106751	44.5
4.60511937526865	4.23699240724314	44.5
4.54581493648344	4.2345698167508	44.5
4.48628048428555	4.23235025027253	44.5
4.42651551866573	4.230335222633	44.5
4.36651953930854	4.22852625279944	44.5
4.30629204559223	4.22692486388168	44.5
4.24583253658884	4.22553258313216	44.5
4.18514051106412	4.22435094194585	44.5
4.12421546747758	4.22338147586037	44.5
4.06305690398248	4.22262572455589	44.5
4.00166431842581	4.2220852318552	44.5
3.94003720834833	4.22176154572363	44.5
3.87817507098451	4.22165621826917	44.5
3.8160774032626	4.22177080574231	44.5
3.75374370180457	4.2221068685362	44.5
3.69117346292615	4.22266597118657	44.5
3.6283661826368	4.22344968237167	44.5
3.56532135663975	4.22445957491242	44.5
3.50203848033195	4.2256972257723	44.5
3.4385170488041	4.22716421605736	44.5
3.37475655684066	4.22886213101629	44.5
3.31075649891983	4.23079256004028	44.5
3.24651636921353	4.2329570966632	44.5
3.18203566158746	4.23535733856143	44.5
3.11731386960104	4.23799488755403	44.5
3.05235048650746	4.24087134960255	44.5
2.98714500525363	4.24398833481118	44.5
2.92169691848021	4.24734745742671	44.5
2.85600571852162	4.25095033583847	44.5
2.79007089740601	4.25479859257845	44.5
2.72389194685529	4.25889385432115	44.5
2.65746835828509	4.2632377518837	44.5
2.59079962280481	4.26783192022582	44.5
2.52388523121758	4.27267799844982	44.5
2.45672467402029	4.27777762980055	44.5
2.38931744140356	4.28313246166554	44.5
2.32166302325176	4.28874414557481	44.5
2.253760909143	4.29461433720104	44.5
2.18561058834916	4.30074469635947	44.5
2.11721154983582	4.30713688700792	44.5
2.04856328226235	4.31379257724681	44.5
1.97966527398185	4.32071343931916	44.5
1.91051701304114	4.32790114961053	44.5
1.84111798718082	4.33535738864915	44.5
1.77146768383522	4.34308384110575	44.5
1.70156559013241	4.3510821957937	44.5
1.63141119289422	4.35935414566898	44.5
1.56100397863622	4.36790138783007	44.5
1.49034343356771	4.37672562351814	44.5
1.41942904359175	4.38582855811688	44.5
1.34826029430514	4.3952119011526	44.5
1.27683667099843	4.40487736629418	44.5
1.20515765865591	4.41482667135311	44.5
