1.20515765865591	-16.7733457865071	55
1.1921002262679	-16.7714478949534	55
1.17906126073989	-16.7694270261115	55
1.16604192026819	-16.7672833594866	55
1.1530433613059	-16.7650170854916	55
1.14006673846019	-16.7626284054299	55
1.12711320438973	-16.760117531478	55
1.11418390970232	-16.7574846866663	55
1.10128000285266	-16.7547301048592	55
1.08840263004038	-16.7518540307346	55
1.07555293510818	-16.748856719762	55
1.06273205944027	-16.74573843818	55
1.04994114186096	-16.7424994629723	55
1.03718131853351	-16.7391400818434	55
1.0244537228592	-16.735660593193	55
1.01175948537667	-16.7320613060895	55
0.999099733661496	-16.7283425402422	55
0.986475592226023	-16.7245046259735	55
0.973888182419488	-16.7205479041891	55
0.961338622328412	-16.7164727263479	55
0.948828026677284	-16.7122794544308	55
0.93635750672955	-16.7079684609085	55
0.923928170188894	-16.7035401287082	55
0.911541121100857	-16.6989948511801	55
0.899197459754763	-16.694333032062	55
0.886898282585984	-16.6895550854437	55
0.874644682078551	-16.6846614357299	55
0.862437746668113	-16.679652517603	55
0.850278560645255	-16.674528775984	55
0.838168204059185	-16.6692906659933	55
0.826107752621798	-16.66393865291	55
0.814098277612126	-16.658473212131	55
0.802140845781179	-16.6528948291283	55
0.790236519257192	-16.6472039994061	55
0.778386355451278	-16.6414012284568	55
0.766591406963504	-16.6354870317161	55
0.754852721489397	-16.6294619345172	55
0.743171341726873	-16.623326472044	55
0.731548305283626	-16.6170811892837	55
0.719984644584959	-16.6107266409785	55
0.708481386782077	-16.6042633915762	55
0.69703955366085	-16.5976920151798	55
0.685660161551056	-16.5910130954971	55
0.674344221236097	-16.5842272257882	55
0.663092737863223	-16.5773350088135	55
0.651906710854243	-16.5703370567795	55
0.640787133816756	-16.5632339912846	55
0.629734994455888	-16.5560264432643	55
0.618751274486562	-16.5487150529347	55
0.607836949546295	-16.5413004697357	55
0.596992989108535	-16.5337833522734	55
0.58622035639655	-16.5261643682618	55
0.575520008297866	-16.518444194463	55
0.56489289527927	-16.5106235166275	55
0.554339961302389	-16.5027030294331	55
0.543862143739837	-16.4946834364233	55
0.533460373291951	-16.4865654499448	55
0.52313557390413	-16.4783497910839	55
0.512888662684753	-16.4700371896031	55
0.502720549823722	-16.4616283838756	55
0.492632138511617	-16.4531241208203	55
0.48262432485946	-16.4445251558349	55
0.472697997819128	-16.4358322527292	55
0.462854039104383	-16.4270461836571	55
0.453093323112557	-16.4181677290481	55
0.443416716846881	-16.4091976775379	55
0.433825079839476	-16.4001368258983	55
0.424319264074999	-16.3909859789665	55
0.414900113914972	-16.3817459495737	55
0.405568466022772	-16.3724175584728	55
0.396325149289324	-16.3630016342652	55
0.387170984759465	-16.353499013328	55
0.378106785559018	-16.3439105397388	55
0.369133356822567	-16.3342370652012	55
0.360251495621938	-16.3244794489693	55
0.351461990895397	-16.3146385577709	55
0.342765623377577	-16.3047152657308	55
0.334163165530124	-16.2947104542934	55
0.325655381473085	-16.2846250121436	55
0.317243026917031	-16.274459835129	55
0.308926849095936	-16.2642158261791	55
0.300707586700799	-16.2538938952262	55
0.29258596981403	-16.2434949591238	55
0.284562719844602	-16.2330199415656	55
0.276638549463967	-16.2224697730032	55
0.268814162542757	-16.2118453905635	55
0.261090254088261	-16.2011477379657	55
0.253467510182687	-16.1903777654371	55
0.245946607922224	-16.179536429629	55
0.238528215356898	-16.1686246935314	55
0.231212991431231	-16.1576435263878	55
0.224001585925709	-16.1465939036091	55
0.216894639399065	-16.1354768066866	55
0.209892783131384	-16.1242932231052	55
0.202996639068025	-16.1130441462553	55
0.196206819764377	-16.1017305753451	55
0.189523928331451	-16.0903535153113	55
0.182948558382305	-16.0789139767302	55
0.176481293979317	-16.0674129757277	55
0.170122709582305	-16.0558515338893	55
0.163873369997502	-16.0442306781691	55
0.157733830327385	-16.0325514407986	55
0.151704635921365	-16.0208148591953	55
0.145786322327352	-16.0090219758702	55
0.13997941524418	-15.9971738383354	55
0.13428443047491	-15.9852714990109	55
0.128701873881021	-15.9733160151314	55
0.123232241337467	-15.9613084486521	55
0.117876018688636	-15.9492498661544	55
0.112633681705195	-15.9371413387515	55
0.107505696041827	-15.9249839419926	55
0.102492517195868	-15.9127787557681	55
0.0975945904668494	-15.9005268642131	55
0.092812350916945	-15.8882293556116	55
0.0881462233323225	-15.8758873222994	55
0.0835966221854134	-15.8635018605671	55
0.0791639515980986	-15.8510740705632	55
0.0748486053058095	-15.8386050561958	55
0.0706509666225552	-15.8260959250349	55
0.0665714084068756	-15.8135477882138	55
0.0626102930287189	-15.8009617603305	55
0.0587679723372567	-15.7883389593489	55
0.0550447876296305	-15.7756805064992	55
0.0514410696206324	-15.7629875261782	55
0.0479571384133337	-15.7502611458499	55
0.0445933034706494	-15.7375024959451	55
0.0413498635878478	-15.7247127097606	55
0.0382271068660136	-15.7118929233594	55
0.0352253106864557	-15.699044275469	55
0.0323447416860667	-15.6861679073804	55
0.0295856557336409	-15.6732649628474	55
0.0269482979071465	-15.6603365879838	55
0.0244329024719545	-15.6473839311629	55
0.0220396928600322	-15.6344081429144	55
0.0197688816500947	-15.6214103758228	55
0.0176206705487241	-15.6083917844251	55
0.0155952503724512	-15.5953535251078	55
0.0136928010308077	-15.5822967560044	55
0.0119134915103438	-15.5692226368927	55
0.0102574798596196	-15.5561323290915	55
0.00872491317516499	-15.5430269953577	55
0.00731592758841448	-15.5299077997828	55
0.00603064825361477	-15.5167759076896	55
0.00486918933670766	-15.5036324855286	55
0.00383165400519014	-15.4904787007747	55
0.00291813441894928	-15.477315721823	55
0.00212871172207718	-15.4641447178855	55
0.00146345603566189	-15.4509668588868	55
0.000922426451560376	-15.4377833153607	55
0.000505671027148269	-15.4245952583456	55
0.000213226781052178	-15.411403859281	55
4.51196898612061e-05	-15.3982102899034	55
1.36468581879434e-06	-15.3850157221418	55
8.19656554977843e-05	-15.3718213280139	55
0.000286915439454027	-15.3586282795223	55
0.000616195832862321	-15.3454377485497	55
0.00106977758713445	-15.3322509067554	55
0.00164762041251598	-15.3190689254708	55
0.00234967298166655	-15.3058929755959	55
0.00317587293421751	-15.2927242274946	55
0.00412614688231172	-15.2795638508913	55
0.00520041041712238	-15.2664130147668	55
0.0063985681163512	-15.2532728872543	55
0.0077205135527032	-15.2401446355359	55
0.00916612930334137	-15.227029425739	55
0.0107352869603157	-15.2139284228322	55
0.0124278471419703	-15.2008427905223	55
0.0142436595053232	-15.187773691151	55
0.0161825627594212	-15.1747222855911	55
0.0182443846796663	-15.161689733144	55
0.0204289421231139	-15.1486771914364	55
0.0227360410447399	-15.1356858163174	55
0.0251654765146794	-15.1227167617561	55
0.027717032736426	-15.1097711797389	55
0.0303904830660027	-15.0968502201673	55
0.0331855900320932	-15.0839550307555	55
0.0361021053571353	-15.0710867569289	55
0.0391397699793739	-15.058246541722	55
0.0422983140758735	-15.045435525677	55
0.0455774570864844	-15.0326548467422	55
0.0489769077387636	-15.0199056401716	55
0.0524963640738492	-15.0071890384234	55
0.0561355134732786	-14.9945061710597	55
0.0598940326867607	-14.9818581646461	55
0.0637715878608871	-14.9692461426517	55
0.0677678345687862	-14.9566712253491	55
0.0718824178407191	-14.9441345297153	55
0.0761149721956089	-14.931637169332	55
0.0804651216735039	-14.9191802542871	55
0.0849324798689752	-14.9067648910757	55
0.0895166499654372	-14.8943921825023	55
0.0942172247703952	-14.8820632275823	55
0.0990337867516162	-14.8697791214447	55
0.103965908074216	-14.857540955235	55
0.109013150638659	-14.8453498160179	55
0.114175066119678	-14.8332067866807	55
0.119451196006093	-14.8211129458376	55
0.12484107164154	-14.8090693677334	55
0.130344214266102	-14.7970771221484	55
0.135960135058829	-14.7851372743032	55
0.141688335181166	-14.7732508847641	55
0.147528305821256	-14.761419009349	55
0.153479528239141	-14.7496426990334	55
0.159541473812834	-14.7379229998573	55
0.165713604085278	-14.7262609528321	55
0.171995370812176	-14.7146575938484	55
0.178386216010683	-14.7031139535835	55
0.184885572008979	-14.6916310574103	55
0.191492861496682	-14.6802099253061	55
0.198207497576137	-14.6688515717618	55
0.205028883814541	-14.657557005692	55
0.211956414296929	-14.6463272303456	55
0.218989473679986	-14.6351632432159	55
0.226127437246711	-14.624066035953	55
0.23336967096191	-14.6130365942748	55
0.240715531528507	-14.6020758978803	55
0.248164366444694	-14.5911849203618	55
0.255715514061882	-14.580364629119	55
0.263368303643479	-14.5696159852726	55
0.271122055424464	-14.5589399435793	55
0.278976080671773	-14.548337452347	55
0.286929681745469	-14.5378094533502	55
0.294982152160717	-14.5273568817466	55
0.303132776650534	-14.5169806659941	55
0.311380831229325	-14.5066817277681	55
0.319725583257192	-14.49646098188	55
0.328166291505009	-14.4863193361954	55
0.336702206220264	-14.4762576915539	55
0.345332569193658	-14.4662769416891	55
0.354056613826449	-14.4563779731488	55
0.36287356519855	-14.4465616652167	55
0.371782640137358	-14.4368288898339	55
0.380783047287326	-14.4271805115219	55
0.389873987180249	-14.4176173873054	55
0.399054652306279	-14.4081403666364	55
0.408324227185659	-14.3987502913187	55
0.417681888441149	-14.389447995433	55
0.42712680487117	-14.3802343052632	55
0.436658137523632	-14.3711100392223	55
0.446275039770459	-14.3620760077805	55
0.455976657382787	-14.3531330133926	55
0.465762128606844	-14.3442818504272	55
0.475630584240495	-14.3355233050958	55
0.485581147710451	-14.3268581553828	55
0.495612935150129	-14.3182871709772	55
0.505725055478162	-14.3098111132032	55
0.515916610477557	-14.3014307349533	55
0.526186694875468	-14.2931467806212	55
0.536534396423616	-14.2849599860356	55
0.546958795979319	-14.2768710783949	55
0.557458967587131	-14.2688807762026	55
0.568033978561101	-14.2609897892037	55
0.578682889567606	-14.2531988183212	55
0.589404754708796	-14.2455085555942	55
0.600198621606618	-14.2379196841162	55
0.6110635314874	-14.2304328779748	55
0.621998519267024	-14.2230488021913	55
0.63300261363665	-14.2157681126621	55
0.64407483714899	-14.2085914561	55
0.655214206305128	-14.2015194699773	55
0.666419731641889	-14.1945527824686	55
0.67769041781972	-14.1876920123954	55
0.689025263711106	-14.1809377691709	55
0.700423262489498	-14.1742906527461	55
0.711883401718738	-14.1677512535563	55
0.723404663442996	-14.1613201524688	55
0.73498602427719	-14.1549979207311	55
0.746626455497885	-14.1487851199205	55
0.758324923134673	-14.1426823018937	55
0.770080388062019	-14.1366900087384	55
0.781891806091557	-14.1308087727248	55
0.793758128064839	-14.1250391162581	55
0.805678299946539	-14.1193815518327	55
0.817651262918066	-14.1138365819862	55
0.829675953471618	-14.1084046992548	55
0.841751303504655	-14.1030863861297	55
0.853876240414764	-14.0978821150143	55
0.866049687194941	-14.092792348182	55
0.878270562529257	-14.0878175377354	55
0.890537780888901	-14.0829581255658	55
0.902850252628607	-14.0782145433144	55
0.915206884083446	-14.0735872123336	55
0.927606577665962	-14.0690765436496	55
0.940048231963676	-14.0646829379262	55
0.952530741836914	-14.0604067854288	55
0.965052998516975	-14.05624846599	55
0.977613889704614	-14.0522083489757	55
0.990212299668849	-14.0482867932525	55
1.00284710934606	-14.0444841471557	55
1.0155171964394	-14.0408007484583	55
1.02822143551847	-14.0372369243411	55
1.04095869811929	-14.0337929913635	55
1.05372785284457	-14.0304692554355	55
1.06652776546413	-14.0272660117907	55
1.07935729901573	-14.0241835449595	55
1.09221531390603	-14.0212221287447	55
1.10510066801178	-14.0183820261961	55
1.11801221678134	-14.0156634895883	55
1.13094881333629	-14.0130667603973	55
1.14390930857332	-14.0105920692797	55
1.1568925512663	-14.0082396360518	55
1.16989738816855	-14.0060096696703	55
1.18292266411526	-14.0039023682137	55
1.1959672221261	-14.0019179188648	55
1.21778875234137	-13.9988127917157	55
1.23042101355419	-13.997015789585	55
1.24305444229437	-13.9952041876387	55
1.2556890385619	-13.9933779858766	55
1.2683248023568	-13.9915371842989	55
1.28096173367904	-13.9896817829054	55
1.29359983252865	-13.9878117816963	55
1.30623909890561	-13.9859271806715	55
1.31887953280993	-13.9840279798309	55
1.33152113424161	-13.9821141791747	55
1.34416390320064	-13.9801857787028	55
1.35680783968703	-13.9782427784152	55
1.36945294370078	-13.9762851783119	55
1.38209921524189	-13.9743129783929	55
1.39474665431035	-13.9723261786582	55
1.40739526090617	-13.9703247791079	55
1.42004503502934	-13.9683087797418	55
1.43269597667988	-13.96627818056	55
1.44534808585777	-13.9642329815626	55
1.45800136256301	-13.9621731827494	55
1.47065580679562	-13.9600987841206	55
1.48331141855558	-13.958009785676	55
1.4959681978429	-13.9559061874158	55
1.50862614465757	-13.9537879893399	55
1.52128525899961	-13.9516551914483	55
1.53394554086899	-13.9495077937409	55
1.54660699026574	-13.9473457962179	55
1.55926960718984	-13.9451691988792	55
1.5719333916413	-13.9429780017248	55
1.58459834362012	-13.9407722047547	55
1.5972644631263	-13.938551807969	55
1.60993175015983	-13.9363168113675	55
1.62260020472072	-13.9340672149503	55
1.63526982680896	-13.9318030187175	55
1.64794061642456	-13.9295242226689	55
1.66061257356752	-13.9272308268046	55
1.67328569823784	-13.9249228311247	55
1.68595999043551	-13.9226002356291	55
1.69863545016055	-13.9202630403177	55
1.71131207741293	-13.9179112451907	55
1.72398987219268	-13.915544850248	55
1.73666883449978	-13.9131638554896	55
1.74934896433424	-13.9107682609155	55
1.76203026169605	-13.9083580665257	55
1.77471272658523	-13.9059332723202	55
1.78739635900176	-13.903493878299	55
1.80008115894564	-13.9010398844621	55
1.81276712641689	-13.8985712908095	55
1.82545426141549	-13.8960880973413	55
1.83814256394145	-13.8935903040573	55
1.85083203399476	-13.8910779109576	55
1.86352267157543	-13.8885509180423	55
1.87621447668346	-13.8860093253112	55
1.88890744931885	-13.8834531327645	55
1.90160158948159	-13.8808823404021	55
1.91429689717169	-13.8782969482239	55
1.92699337238915	-13.8756969562301	55
1.93969101513396	-13.8730823644206	55
1.95238982540614	-13.8704531727954	55
1.96508980320566	-13.8678093813545	55
1.97779094853255	-13.8651509900979	55
1.99049326138679	-13.8624779990256	55
2.00319674176839	-13.8597904081376	55
2.01590138967735	-13.857088217434	55
2.02860720511366	-13.8543714269146	55
2.04131418807733	-13.8516400365795	55
2.05402233856836	-13.8488940464288	55
2.06673165658674	-13.8461334564623	55
2.07944214213248	-13.8433582666802	55
2.09215379520558	-13.8405684770823	55
2.10486661580604	-13.8377640876688	55
2.11758060393385	-13.8349450984396	55
2.13029575958902	-13.8321115093947	55
2.14301208277155	-13.8292633205341	55
2.15572957348143	-13.8264005318577	55
2.16844823171867	-13.8235231433657	55
2.18116805748327	-13.8206311550581	55
2.19388905077523	-13.8177245669347	55
2.20661121159454	-13.8148033789956	55
2.21933453994121	-13.8118675912408	55
2.23205903581523	-13.8089172036703	55
2.24478469921661	-13.8059522162842	55
2.25751153014536	-13.8029726290823	55
2.27023952860145	-13.7999784420648	55
2.28296869458491	-13.7969696552315	55
2.29569902809572	-13.7939462685826	55
2.30843052913389	-13.790908282118	55
2.32116319769941	-13.7878556958376	55
2.33389703379229	-13.7847885097416	55
2.34663203741253	-13.7817067238299	55
2.35936820856013	-13.7786103381025	55
2.37210554723508	-13.7754993525594	55
2.38484405343739	-13.7723737672006	55
2.39758372716706	-13.7692335820261	55
2.41032456842408	-13.7660787970359	55
2.42306657720846	-13.7629094122301	55
2.4358097535202	-13.7597254276085	55
2.4485540973593	-13.7565268431712	55
2.46129960872575	-13.7533136589183	55
2.47404628761956	-13.7500858748496	55
2.48679413404073	-13.7468434909653	55
2.49954314798925	-13.7435865072653	55
2.51229332946513	-13.7403149237495	55
2.52504467846837	-13.7370287404181	55
2.53779719499896	-13.733727957271	55
2.55055087905692	-13.7304125743082	55
2.56330573064222	-13.7270825915297	55
2.57606174975489	-13.7237380089355	55
2.58881893639491	-13.7203788265256	55
2.60157729056229	-13.7170050443	55
2.61433681225703	-13.7136166622587	55
2.62709750147912	-13.7102136804017	55
2.63985935822857	-13.7067960987291	55
2.65262238250538	-13.7033639172407	55
2.66538657430955	-13.6999171359367	55
2.67815193364107	-13.6964557548169	55
2.69091846049995	-13.6929797738815	55
2.70368615488618	-13.6894891931303	55
2.71645501679978	-13.6859840125635	55
2.72922504624073	-13.682464232181	55
2.74199624320903	-13.6789298519828	55
2.7547686077047	-13.6753808719688	55
2.76754213972772	-13.6718172921392	55
2.7803168392781	-13.6682391124939	55
2.79309270635583	-13.664646333033	55
2.80586974096093	-13.6610389537563	55
2.81864794309337	-13.6574169746639	55
2.83142731275318	-13.6537803957558	55
2.84420784994035	-13.6501292170321	55
2.85698955465486	-13.6464634384926	55
2.86977242689674	-13.6427830601374	55
2.88255646666598	-13.6390880819666	55
2.89534167396257	-13.63537850398	55
2.90812804878652	-13.6316543261778	55
2.92091559113782	-13.6279155485599	55
2.93370430101649	-13.6241621711263	55
2.9464941784225	-13.6203941938769	55
2.95928522335588	-13.6166116168119	55
2.97207743581662	-13.6128144399312	55
2.98487081580471	-13.6090026632348	55
2.99766536332015	-13.6051762867227	55
3.01046107836296	-13.601335310395	55
3.02325796093312	-13.5974797342515	55
3.03605601103064	-13.5936095582923	55
3.04885522865552	-13.5897247825174	55
3.06165561380775	-13.5858254069269	55
3.07445716648734	-13.5819114315206	55
3.08725988669429	-13.5779828562987	55
3.10006377442859	-13.574039681261	55
3.11286882969025	-13.5700819064077	55
3.12567505247927	-13.5661095317387	55
3.13848244279564	-13.562122557254	55
3.15129100063937	-13.5581209829535	55
3.16410072601046	-13.5541048088374	55
3.17691161890891	-13.5500740349056	55
3.18972367933471	-13.5460286611581	55
3.20253690728787	-13.5419686875949	55
3.21535130276839	-13.5378941142161	55
3.22816686577627	-13.5338049410215	55
3.2409835963115	-13.5297011680112	55
3.25380149437409	-13.5255827951852	55
3.26662055996403	-13.5214498225436	55
3.27944079308133	-13.5173022500862	55
3.29226219372599	-13.5131400778132	55
3.30508476189801	-13.5089633057244	55
3.31790849759738	-13.50477193382	55
3.33073340082411	-13.5005659620999	55
3.3435594715782	-13.4963453905641	55
3.35638670985965	-13.4921102192125	55
3.36921511566845	-13.4878604480453	55
3.38204468900461	-13.4835960770624	55
3.39487542986812	-13.4793171062638	55
3.40770733825899	-13.4750235356495	55
3.42054041417722	-13.4707153652196	55
3.43337465762281	-13.4663925949739	55
3.44621006859575	-13.4620552249125	55
3.45904664709605	-13.4577032550354	55
3.47188439312371	-13.4533366853427	55
3.48472330667873	-13.4489555158342	55
3.4975633877611	-13.4445597465101	55
3.51040463637083	-13.4401493773703	55
3.52324705250792	-13.4357244084147	55
3.53609063617236	-13.4312848396435	55
3.54893538736416	-13.4268306710566	55
3.56178130608332	-13.422361902654	55
3.57462839232983	-13.4178785344356	55
3.5874766461037	-13.4133805664016	55
3.60032606740493	-13.4088679985519	55
3.61317665623351	-13.4043408308866	55
3.62602841258946	-13.3997990634055	55
3.63888133647276	-13.3952426961087	55
3.65173542788341	-13.3906717289962	55
3.66459068682143	-13.3860861620681	55
3.6774471132868	-13.3814859953242	55
3.69030470727952	-13.3768712287647	55
3.70316346879961	-13.3722418623894	55
3.71602339784705	-13.3675978961985	55
3.72888449442185	-13.3629393301918	55
3.741746758524	-13.3582661643695	55
3.75461019015351	-13.3535783987315	55
3.76747478931038	-13.3488760332778	55
3.78034055599461	-13.3441590680084	55
3.79320749020619	-13.3394275029233	55
3.80607559194514	-13.3346813380225	55
3.81894486121143	-13.329920573306	55
3.83181529800509	-13.3251452087738	55
3.8446869023261	-13.3203552444259	55
3.85755967417447	-13.3155506802624	55
3.87043361355019	-13.3107315162831	55
3.88330872045328	-13.3058977524881	55
3.89618499488372	-13.3010493888775	55
3.90906243684151	-13.2961864254511	55
3.92194104632667	-13.2913088622091	55
3.93482082333918	-13.2864166991514	55
3.94770176787905	-13.2815099362779	55
3.96058387994627	-13.2765885735888	55
3.97346715954085	-13.271652611084	55
3.98635160666279	-13.2667020487635	55
3.99923722131209	-13.2617368866273	55
4.01212400348874	-13.2567571246754	55
4.02501195319275	-13.2517627629078	55
4.03790107042412	-13.2467538013245	55
4.05079135518284	-13.2417302399256	55
4.06368280746892	-13.2366920787109	55
4.07657542728236	-13.2316393176805	55
4.08946921462316	-13.2265719568345	55
4.10236416949131	-13.2214899961727	55
4.11526029188682	-13.2163934356953	55
4.12815758180969	-13.2112822754021	55
4.14105603925991	-13.2061565152933	55
4.15395566423749	-13.2010161553688	55
4.16685645674243	-13.1958611956286	55
4.17975841677472	-13.1906916360727	55
4.19266154433438	-13.185507476701	55
4.20556583942138	-13.1803087175137	55
4.21847130203575	-13.1750953585108	55
4.23137793217747	-13.1698673996921	55
4.24428572984655	-13.1646248410577	55
4.25719469504299	-13.1593676826076	55
4.27010482776678	-13.1540959243418	55
4.28301612801793	-13.1488095662604	55
4.29592859579644	-13.1435086083632	55
4.3088422311023	-13.1381930506504	55
4.32175703393553	-13.1328628931218	55
4.33467300429611	-13.1275181357776	55
4.34759014218404	-13.1221587786177	55
4.36050844759933	-13.116784821642	55
4.37342792054198	-13.1113962648507	55
4.38634856101199	-13.1059931082437	55
4.39927036900936	-13.100575351821	55
4.41219334453408	-13.0951429955826	55
4.42511748758615	-13.0896960395285	55
4.43804279816559	-13.0842344836587	55
4.45096927627238	-13.0787583279732	55
4.46389692190653	-13.0732675724721	55
4.47682573506804	-13.0677622171552	55
4.4897557157569	-13.0622422620226	55
4.50268686397312	-13.0567077070744	55
4.5156191797167	-13.0511585523104	55
4.52855266298763	-13.0455947977308	55
4.54148731378592	-13.0400164433354	55
4.55442313211157	-13.0344234891244	55
4.56736011796458	-13.0288159350977	55
4.58029827134494	-13.0231937812553	55
4.59323759225266	-13.0175570275972	55
4.60617808068774	-13.0119056741234	55
4.61911973665017	-13.0062397208339	55
4.63206256013996	-13.0005591677287	55
4.64500655115711	-12.9948640148078	55
4.65795170970161	-12.9891542620712	55
4.67089803577347	-12.9834299095189	55
4.68384552937269	-12.977690957151	55
4.69679419049927	-12.9719374049673	55
4.7097440191532	-12.9661692529679	55
4.72269501533449	-12.9603865011529	55
4.73564717904314	-12.9545891495222	55
4.74860051027914	-12.9487771980757	55
4.7615550090425	-12.9429506468136	55
4.77451067533322	-12.9371094957358	55
4.7874675091513	-12.9312537448422	55
4.80042551049673	-12.925383394133	55
4.81338467936952	-12.9194984436081	55
4.82634501576966	-12.9135988932675	55
4.83930651969717	-12.9076847431112	55
4.85226919115203	-12.9017559931393	55
4.86523303013424	-12.8958126433516	55
4.87819803664382	-12.8898546937482	55
4.89116421068075	-12.8838821443291	55
4.90413155224504	-12.8778949950944	55
4.91710006133668	-12.8718932460439	55
4.93006973795568	-12.8658768971778	55
4.94304058210204	-12.8598459484959	55
4.95601259377576	-12.8538003999984	55
4.96898577297683	-12.8477402516852	55
4.98196011970526	-12.8416655035562	55
4.99493563396105	-12.8355761556116	55
5.0079123157442	-12.8294722078513	55
5.0208901650547	-12.8233536602753	55
5.03386918189256	-12.8172205128836	55
5.04684936625777	-12.8110727656762	55
5.05983071815034	-12.8049104186531	55
5.07281323757027	-12.7987334718144	55
5.08579692451756	-12.7925419251599	55
5.0987817789922	-12.7863357786897	55
5.1117678009942	-12.7801150324039	55
5.12475499052356	-12.7738796863023	55
5.13774334758028	-12.7676297403851	55
5.15073287216435	-12.7613651946521	55
5.16372356427578	-12.7550860491035	55
5.17671542391456	-12.7487923037392	55
5.18970845108071	-12.7424839585591	55
5.20270264577421	-12.7361610135634	55
5.21569800799506	-12.729823468752	55
5.22869453774328	-12.7234713241249	55
5.24169223501885	-12.7171045796821	55
5.25469109982178	-12.7107232354236	55
5.26769113215206	-12.7043272913494	55
5.2806923320097	-12.6979167474595	55
5.2936946993947	-12.691491603754	55
5.30669823430706	-12.6850518602327	55
5.31970293674677	-12.6785975168958	55
5.33270880671384	-12.6721285737431	55
5.34571584420827	-12.6656450307748	55
5.35872404923005	-12.6591468879907	55
5.37173342177919	-12.652634145391	55
5.38474396185569	-12.6461068029756	55
5.39775566945955	-12.6395648607444	55
5.41076854459076	-12.6330083186976	55
5.42378258724933	-12.6264371768351	55
5.43679779743526	-12.6198514351569	55
5.44981417514854	-12.613251093663	55
5.46283172038918	-12.6066361523534	55
5.47585043315718	-12.6000066112281	55
5.48887031345253	-12.5933624702872	55
5.50189136127524	-12.5867037295305	55
5.51491357662531	-12.5800303889581	55
5.52793695950274	-12.5733424485701	55
5.54096150990752	-12.5666399083663	55
5.55398722783966	-12.5599227683469	55
5.56701411329916	-12.5531910285117	55
5.58004216628601	-12.5464446888609	55
5.59307138680022	-12.5396837493944	55
5.60610177484179	-12.5329082101121	55
5.61913333041072	-12.5261180710142	55
5.632166053507	-12.5193133321006	55
5.64519994413064	-12.5124939933713	55
5.65823500228163	-12.5056600548263	55
5.67127122795999	-12.4988115164656	55
5.6843086211657	-12.4919483782892	55
5.69734718189876	-12.4850706402972	55
5.71038691015919	-12.4781783024894	55
5.72342780594697	-12.4712713648659	55
5.73646986926211	-12.4643498274268	55
5.7495131001046	-12.4574136901719	55
5.76255749847445	-12.4504629531014	55
5.77560306437166	-12.4434976162151	55
5.78864979779623	-12.4365176795132	55
5.80169769874815	-12.4295231429956	55
5.81474676722743	-12.4225140066623	55
5.82779700323407	-12.4154902705132	55
5.84084840676806	-12.4084519345485	55
5.85390097782942	-12.4013989987681	55
5.86695471641812	-12.394331463172	55
5.88000962253419	-12.3872493277602	55
5.89306569617761	-12.3801525925328	55
5.90612293734839	-12.3730412574896	55
5.91918134604653	-12.3659153226307	55
5.93224092227202	-12.3587747879562	55
5.94530166602487	-12.3516196534659	55
5.95836357730508	-12.3444499191599	55
5.97142665611264	-12.3372655850383	55
5.98449090244757	-12.330066651101	55
5.99755631630985	-12.3228531173479	55
6.01062289769948	-12.3156249837792	55
6.02369064661647	-12.3083822503948	55
6.03675956306082	-12.3011249171947	55
6.04982964703253	-12.2938529841789	55
6.06290089853159	-12.2865664513474	55
6.07597331755801	-12.2792653187002	55
6.08904690411179	-12.2719495862373	55
6.10212165819293	-12.2646192539587	55
6.11519757980142	-12.2572743218644	55
6.12827466893727	-12.2499147899544	55
6.14135292560047	-12.2425406582288	55
6.15443234979104	-12.2351519266874	55
6.16751294150896	-12.2277485953304	55
6.18059470075424	-12.2203306641576	55
6.19367762752687	-12.2128981331692	55
6.20676172182686	-12.2054510023651	55
6.21984698365421	-12.1979892717452	55
6.23293341300892	-12.1905129413097	55
6.24602100989098	-12.1830220110585	55
6.2591097743004	-12.1755164809916	55
6.27219970623717	-12.167996351109	55
6.28529080570131	-12.1604616214107	55
6.2983830726928	-12.1529122918967	55
6.31147650721164	-12.145348362567	55
6.32457110925785	-12.1377698334217	55
6.33766687883141	-12.1301767044606	55
6.35076381593233	-12.1225689756838	55
6.3638619205606	-12.1149466470914	55
6.37696119271624	-12.1073097186832	55
6.39006163239923	-12.0996581904594	55
6.40316323960957	-12.0919920624198	55
6.41626601434728	-12.0843113345646	55
6.42936995661234	-12.0766160068937	55
6.44247506640476	-12.0689060794071	55
6.45558134372453	-12.0611815521048	55
6.46868878857166	-12.0534424249867	55
6.48179740094615	-12.045688698053	55
6.494907180848	-12.0379203713037	55
6.5080181282772	-12.0301374447386	55
6.52113024323376	-12.0223399183578	55
6.53424352571768	-12.0145277921613	55
6.54735797572895	-12.0067010661491	55
6.56047359326758	-11.9988597403213	55
6.57359037833357	-11.9910038146777	55
6.58670833092692	-11.9831332892185	55
6.59982745104762	-11.9752481639435	55
6.61294773869568	-11.9673484388529	55
6.62606919387109	-11.9594341139466	55
6.63919181657386	-11.9515051892245	55
6.652315606804	-11.9435616646868	55
6.66544056456148	-11.9356035403334	55
6.67856668984633	-11.9276308161643	55
6.69169398265853	-11.9196434921795	55
6.70482244299809	-11.911641568379	55
6.717952070865	-11.9036250447628	55
6.73108286625928	-11.8955939213309	55
6.74421482918091	-11.8875481980834	55
6.75734795962989	-11.8794878750201	55
6.77048225760624	-11.8714129521411	55
6.78361772310994	-11.8633234294465	55
6.79675435614099	-11.8552193069361	55
6.80989215669941	-11.8471005846101	55
6.82303112478518	-11.8389672624683	55
6.83617126039831	-11.8308193405109	55
6.84931256353879	-11.8226568187378	55
6.86245503420664	-11.814479697149	55
6.87559867240184	-11.8062879757445	55
6.8887434781244	-11.7980816545243	55
6.90188945137431	-11.7898607334884	55
6.91503659215158	-11.7816252126368	55
6.92818490045621	-11.7733750919695	55
6.94133437628819	-11.7651103714865	55
6.95448501964753	-11.7568310511878	55
6.96763683053423	-11.7485371310735	55
6.98078980894829	-11.7402286111434	55
6.9939439548897	-11.7319054913976	55
7.00709926835847	-11.7235677718362	55
7.0202557493546	-11.7152154524591	55
7.03341339787808	-11.7068485332662	55
7.04657221392892	-11.6984670142577	55
7.05973219750712	-11.6900708954335	55
7.07289334861268	-11.6816601767936	55
7.08605566724559	-11.6732348583379	55
7.09921915340586	-11.6647949400666	55
7.11238380709348	-11.6563404219796	55
7.12554962830847	-11.6478713040769	55
7.13871661705081	-11.6393875863586	55
7.15188477332051	-11.6308892688245	55
7.16505409711756	-11.6223763514747	55
7.17822458844197	-11.6138488343092	55
7.19139624729374	-11.6053067173281	55
7.20456907367287	-11.5967500005312	55
7.21774306757935	-11.5881786839187	55
7.23091822901319	-11.5795927674904	55
7.24409455797439	-11.5709922512465	55
7.25727205446294	-11.5623771351869	55
7.27045071847885	-11.5537474193116	55
7.28363055002212	-11.5451031036205	55
7.29681154909274	-11.5364441881138	55
7.30999371569072	-11.5277706727914	55
7.32317704981606	-11.5190825576533	55
7.33636155146876	-11.5103798426995	55
7.34954722064881	-11.5016625279301	55
7.36273405735622	-11.4929306133449	55
7.37592206159099	-11.484184098944	55
7.38911123335311	-11.4754229847274	55
7.40230157264259	-11.4666472706952	55
7.41549307945943	-11.4578569568472	55
7.42868575380363	-11.4490520431836	55
7.44187959567518	-11.4402325297042	55
7.45507460507409	-11.4313984164092	55
7.46827078200035	-11.4225497032985	55
7.48146812645398	-11.413686390372	55
7.49466663843496	-11.4048084776299	55
7.50786631794329	-11.3959159650721	55
7.52106716497899	-11.3870088526986	55
7.53426917954204	-11.3780871405094	55
7.54747236163245	-11.3691508285045	55
7.56067671125021	-11.3601999166839	55
7.57388222839533	-11.3512344050477	55
7.58708891306781	-11.3422542935957	55
7.60029676526765	-11.333259582328	55
7.61350578499484	-11.3242502712447	55
7.62671597224939	-11.3152263603456	55
7.6399273270313	-11.3061878496309	55
7.65313984934057	-11.2971347391004	55
7.66635353917719	-11.2880670287543	55
7.67956839654117	-11.2789847185925	55
7.6927844214325	-11.2698878086149	55
7.7060016138512	-11.2607762988217	55
7.71921997379725	-11.2516501892128	55
7.73243950127065	-11.2425094797882	55
7.74566019627142	-11.2333541705479	55
7.75888205879954	-11.2241842614919	55
7.77210508885501	-11.2149997526203	55
7.78532928643785	-11.2058006439329	55
7.79855465154804	-11.1965869354298	55
7.81178118418559	-11.187358627111	55
7.8250088843505	-11.1781157189766	55
7.83823775204276	-11.1688582110264	55
7.85146778726238	-11.1595861032606	55
7.86469899000936	-11.150299395679	55
7.87793136028369	-11.1409980882818	55
7.89116489808538	-11.1316821810689	55
7.90439960341443	-11.1223516740403	55
7.91763547627083	-11.1130065671959	55
7.9308725166546	-11.1036468605359	55
7.94411072456572	-11.0942725540602	55
7.95735010000419	-11.0848836477688	55
7.97059064297003	-11.0754801416617	55
7.98383235346322	-11.066062035739	55
7.99707523148376	-11.0566293300005	55
8.01031927703167	-11.0471820244463	55
8.02356449010693	-11.0377201190765	55
8.03681087070955	-11.0282436138909	55
8.05005841883952	-11.0187525088896	55
8.06330713449686	-11.0092468040727	55
8.07655701768154	-10.9997264994401	55
8.08980806839359	-10.9901915949917	55
8.103060286633	-10.9806420907277	55
8.11631367239976	-10.971077986648	55
8.12956822569387	-10.9614992827526	55
8.14282394651535	-10.9519059790415	55
8.15608083486418	-10.9422980755147	55
8.16933889074037	-10.9326755721722	55
8.18259811414391	-10.923038469014	55
8.19585850507482	-10.9133867660401	55
8.20912006353308	-10.9037204632505	55
8.22238278951869	-10.8940395606452	55
8.23564668303167	-10.8843440582243	55
8.248911744072	-10.8746339559876	55
8.26217797263969	-10.8649092539353	55
8.27544536873473	-10.8551699520672	55
8.28871393235713	-10.8454160503835	55
8.30198366350689	-10.8356475488841	55
8.31525456218401	-10.8258644475689	55
8.32852662838848	-10.8160667464381	55
8.34179986212031	-10.8062544454916	55
8.3550742633795	-10.7964275447294	55
8.36834983216604	-10.7865860441515	55
8.38162656847994	-10.7767299437579	55
8.3949044723212	-10.7668592435486	55
8.40818354368982	-10.7569739435236	55
8.42146378258579	-10.7470740436829	55
8.43474518900912	-10.7371595440266	55
8.44802776295981	-10.7272304445545	55
8.46131150443785	-10.7172867452668	55
8.47459641344325	-10.7073284461633	55
8.48788248997601	-10.6973555472442	55
8.50116973403612	-10.6873680485093	55
8.51445814562359	-10.6773659499588	55
8.52774772473842	-10.6673492515926	55
8.54103847138061	-10.6573179534107	55
8.55433038555015	-10.647272055413	55
8.56762346724705	-10.6372115575997	55
8.58091771647131	-10.6271364599707	55
8.59421313322292	-10.617046762526	55
8.60750971750189	-10.6069424652656	55
8.62080746930822	-10.5968235681896	55
8.6341063886419	-10.5866900712978	55
8.64740647550295	-10.5765419745903	55
8.66070772989134	-10.5663792780672	55
8.6740101518071	-10.5562019817283	55
8.68731374125021	-10.5460100855738	55
8.70061849822068	-10.5358035896035	55
8.71392442271851	-10.5255824938176	55
8.72723151474369	-10.5153467982159	55
8.74053977429623	-10.5050965027986	55
8.75384920137613	-10.4948316075656	55
8.76715979598339	-10.4845521125169	55
8.780471558118	-10.4742580176525	55
8.79378448777997	-10.4639493229724	55
8.8070985849693	-10.4536260284766	55
8.82041384968598	-10.4432881341651	55
8.83373028193002	-10.4329356400379	55
8.84704788170142	-10.422568546095	55
8.86036664900017	-10.4121868523365	55
8.87368658382628	-10.4017905587622	55
8.88700768617975	-10.3913796653723	55
8.90032995606058	-10.3809541721666	55
8.91365339346876	-10.3705140791453	55
8.9269779984043	-10.3600593863082	55
8.94030377086719	-10.3495900936555	55
8.95363071085745	-10.3391062011871	55
8.96695881837506	-10.328607708903	55
8.98028809342003	-10.3180946168031	55
8.99361853599235	-10.3075669248876	55
9.00695014609203	-10.2970246331564	55
9.02028292371907	-10.2864677416096	55
9.03361686887347	-10.275896250247	55
9.04695198155522	-10.2653101590687	55
9.06028826176433	-10.2547094680747	55
9.0736257095008	-10.244094177265	55
9.08696432476462	-10.2334642866397	55
9.1003041075558	-10.2228197961986	55
9.11364505787434	-10.2121607059419	55
9.12698717572023	-10.2014870158694	55
9.14033046109349	-10.1907987259813	55
9.15367491399409	-10.1800958362775	55
9.16702053442206	-10.1693783467579	55
9.18036732237738	-10.1586462574227	55
9.19371527786006	-10.1478995682718	55
9.2070644008701	-10.1371382793052	55
9.2204146914075	-10.1263623905229	55
9.23376614947225	-10.1155719019249	55
9.24711877506435	-10.1047668135112	55
9.26047256818382	-10.0939471252819	55
9.27382752883064	-10.0831128372368	55
9.28718365700482	-10.072263949376	55
9.30054095270636	-10.0614004616996	55
9.31389941593525	-10.0505223742074	55
9.3272590466915	-10.0396296868996	55
9.34061984497511	-10.028722399776	55
9.35398181078607	-10.0178005128368	55
9.36734494412439	-10.0068640260818	55
9.38070924499007	-9.99591293951122	55
9.39407471338311	-9.98494725312491	55
9.4074413493035	-9.9739669669229	55
9.42080915275125	-9.96297208090519	55
9.43417812372636	-9.95196259507179	55
9.44754826222882	-9.9409385094227	55
9.46091956825864	-9.92989982395792	55
9.47429204181582	-9.91884653867744	55
9.48766568290035	-9.90777865358127	55
9.50104049151224	-9.8966961686694	55
9.51441646765149	-9.88559908394184	55
9.5277936113181	-9.87448739939859	55
9.54117192251206	-9.86336111503964	55
9.55455140123338	-9.852220230865	55
9.56793204748206	-9.84106474687466	55
9.58131386125809	-9.82989466306863	55
9.59469684256148	-9.81870997944691	55
9.60808099139223	-9.8075106960095	55
9.62146630775034	-9.79629681275638	55
9.6348527916358	-9.78506832968758	55
9.64824044304862	-9.77382524680309	55
9.66162926198879	-9.76256756410289	55
9.67501924845633	-9.75129528158701	55
9.68841040245122	-9.74000839925543	55
9.70180272397346	-9.72870691710816	55
9.71519621302307	-9.71739083514519	55
9.72859086960003	-9.70606015336653	55
9.74198669370435	-9.69471487177218	55
9.75538368533602	-9.68335499036213	55
9.76878184449506	-9.67198050913639	55
9.78218117118145	-9.66059142809496	55
9.79558166539519	-9.64918774723783	55
9.8089833271363	-9.63776946656501	55
9.82238615640476	-9.62633658607649	55
9.83579015320057	-9.61488910577228	55
9.84919531752375	-9.60342702565238	55
9.86260164937428	-9.59195034571679	55
9.87600914875217	-9.58045906596549	55
9.88941781565741	-9.56895318639851	55
9.90282765009002	-9.55743270701583	55
9.91623865204998	-9.54589762781746	55
9.92965082153729	-9.5343479488034	55
9.94306415855197	-9.52278366997364	55
9.956478663094	-9.51120479132818	55
9.96989433516339	-9.49961131286704	55
9.98331117476013	-9.4880032345902	55
9.99672918188423	-9.47638055649766	55
10.0101483565357	-9.46474327858943	55
10.0235686987145	-9.45309140086551	55
10.0369902084207	-9.4414249233259	55
10.0504128856542	-9.42974384597059	55
10.0638367304151	-9.41804816879958	55
10.0772617427033	-9.40633789181289	55
10.0906879225189	-9.3946130150105	55
10.1041152698619	-9.38287353839242	55
10.1175437847322	-9.37111946195864	55
10.1309734671299	-9.35935078570917	55
10.1444043170549	-9.34756750964401	55
10.1578363345073	-9.33576963376315	55
10.171269519487	-9.3239571580666	55
10.1847038719941	-9.31213008255435	55
10.1981393920286	-9.30028840722641	55
10.2115760795904	-9.28843213208278	55
10.2250139346796	-9.27656125712345	55
10.2384529572961	-9.26467578234843	55
10.25189314744	-9.25277570775772	55
10.2653345051112	-9.24086103335131	55
10.2787770303098	-9.22893175912921	55
10.2922207230358	-9.21698788509141	55
10.3056655832891	-9.20502941123792	55
10.3191116110698	-9.19305633756874	55
10.3325588063778	-9.18106866408386	55
10.3460071692132	-9.16906639078329	55
10.3594566995759	-9.15704951766702	55
10.372907397466	-9.14501804473507	55
10.3863592628835	-9.13297197198742	55
10.3998122958283	-9.12091129942407	55
10.4132664963005	-9.10883602704503	55
10.4267218643	-9.0967461548503	55
10.4401783998269	-9.08464168283988	55
10.4536361028811	-9.07252261101376	55
10.4670949734627	-9.06038893937194	55
10.4805550115717	-9.04824066791443	55
10.494016217208	-9.03607779664123	55
10.5074785903717	-9.02390032555234	55
10.5209421310627	-9.01170825464775	55
10.5344068392811	-8.99950158392746	55
10.5478727150268	-8.98728031339149	55
10.5613397582999	-8.97504444303982	55
10.5748079691004	-8.96279397287246	55
10.5882773474282	-8.9505289028894	55
10.6017478932833	-8.93824923309065	55
10.6152196066659	-8.9259549634762	55
10.6286924875758	-8.91364609404607	55
10.642166536013	-8.90132262480024	55
10.6556417519776	-8.88898455573871	55
10.6691181354695	-8.87663188686149	55
10.6825956864888	-8.86426461816858	55
10.6960744050355	-8.85188274965997	55
10.7095542911095	-8.83948628133567	55
10.7230353447109	-8.82707521319567	55
10.7365175658397	-8.81464954523999	55
10.7500009544958	-8.80220927746861	55
10.7634855106792	-8.78975440988153	55
10.77697123439	-8.77728494247876	55
10.7904581256282	-8.7648008752603	55
10.8039461843937	-8.75230220822614	55
10.8174354106866	-8.73978894137629	55
10.8309258045068	-8.72726107471074	55
10.8444173658544	-8.71471860822951	55
10.8579100947294	-8.70216154193258	55
10.8714039911317	-8.68958987581995	55
10.8848990550614	-8.67700360989163	55
10.8983952865184	-8.66440274414762	55
10.9118926855028	-8.65178727858791	55
10.9253912520145	-8.63915721321252	55
10.9388909860536	-8.62651254802142	55
10.95239188762	-8.61385328301463	55
10.9658939567138	-8.60117941819215	55
10.979397193335	-8.58849095355398	55
10.9929015974835	-8.57578788910011	55
11.0064071691594	-8.56307022483055	55
11.0199139083626	-8.55033796074529	55
11.0334218150932	-8.53759109684434	55
11.0469308893512	-8.5248296331277	55
11.0604411311365	-8.51205356959536	55
11.0739525404492	-8.49926290624733	55
11.0874651172892	-8.48645764308361	55
11.1009788616566	-8.47363778010419	55
11.1144937735513	-8.46080331730908	55
11.1280098529734	-8.44795425469827	55
11.1415270999228	-8.43509059227177	55
11.1550455143996	-8.42221233002958	55
11.1685650964038	-8.40931946797169	55
11.1820858459353	-8.39641200609811	55
11.1956077629942	-8.38348994440884	55
11.2091308475804	-8.37055328290387	55
11.222655099694	-8.35760202158321	55
11.236180519335	-8.34463616044685	55
11.2497071065033	-8.3316556994948	55
11.2632348611989	-8.31866063872706	55
11.276763783422	-8.30565097814362	55
11.2902938731723	-8.29262671774449	55
11.3038251304501	-8.27958785752967	55
11.3173575552552	-8.26653439749915	55
11.3308911475876	-8.25346633765294	55
11.3444259074474	-8.24038367799104	55
11.3579618348346	-8.22728641851343	55
11.3714989297491	-8.21417455922014	55
11.385037192191	-8.20104810011116	55
11.3985766221602	-8.18790704118648	55
11.4121172196568	-8.1747513824461	55
11.4256589846808	-8.16158112389004	55
11.4392019172321	-8.14839626551828	55
11.4527460173107	-8.13519680733082	55
11.4662912849167	-8.12198274932767	55
11.4798377200501	-8.10875409150883	55
11.4933853227108	-8.09551083387429	55
11.5069340928989	-8.08225297642406	55
11.5204840306144	-8.06898051915814	55
11.5340351358572	-8.05569346207652	55
11.5475874086273	-8.04239180517921	55
11.5611408489249	-8.02907554846621	55
11.5746954567497	-8.01574469193751	55
11.588251232102	-8.00239923559312	55
11.6018081749816	-7.98903917943303	55
11.6153662853885	-7.97566452345725	55
11.6289255633228	-7.96227526766578	55
11.6424860087845	-7.94887141205861	55
11.6560476217735	-7.93545295663576	55
11.6696104022898	-7.9220199013972	55
11.6831743503336	-7.90857224634295	55
11.6967394659047	-7.89510999147301	55
11.7103057490031	-7.88163313678738	55
11.7238731996289	-7.86814168228604	55
11.7374418177821	-7.85463562796902	55
11.7510116034626	-7.8411149738363	55
11.7645825566705	-7.8275797198879	55
11.7781546774057	-7.81402986612379	55
11.7917279656683	-7.80046541254399	55
11.8053024214582	-7.7868863591485	55
11.8188780447755	-7.77329270593732	55
11.8324548356202	-7.75968445291044	55
11.8460327939922	-7.74606160006786	55
11.8596119198916	-7.7324241474096	55
11.8731922133183	-7.71877209493564	55
11.8867736742724	-7.70510544264599	55
11.9003563027538	-7.69142419054064	55
11.9139400987626	-7.6777283386196	55
11.9275250622988	-7.66401788688286	55
11.9411111933623	-7.65029283533043	55
11.9546984919532	-7.63655318396231	55
11.9682869580714	-7.6227989327785	55
11.981876591717	-7.60903008177899	55
11.9954673928899	-7.59524663096378	55
12.0090593615902	-7.58144858033289	55
12.0226524978179	-7.5676359298863	55
12.0362468015729	-7.55380867962401	55
12.0498422728553	-7.53996682954603	55
12.063438911665	-7.52611037965236	55
12.0770367180021	-7.51223932994299	55
12.0906356918665	-7.49835368041794	55
12.1042358332583	-7.48445343107718	55
12.1178371421775	-7.47053858192074	55
12.131439618624	-7.4566091329486	55
12.1450432625979	-7.44266508416076	55
12.1586480740991	-7.42870643555724	55
12.1722540531277	-7.41473318713801	55
12.1858611996836	-7.4007453389031	55
12.1994695137669	-7.38674289085249	55
12.2130789953776	-7.37272584298619	55
12.2266896445156	-7.35869419530419	55
12.2403014611809	-7.3446479478065	55
12.2539144453737	-7.33058710049312	55
12.2675285970937	-7.31651165336404	55
12.2811439163412	-7.30242160641927	55
12.294760403116	-7.2883169596588	55
12.3083780574181	-7.27419771308265	55
12.3219968792476	-7.26006386669079	55
12.3356168686045	-7.24591542048325	55
12.3492380254887	-7.23175237446	55
12.3628603499003	-7.21757472862107	55
12.3764838418393	-7.20338248296645	55
12.3901085013056	-7.18917563749612	55
12.4037343282992	-7.17495419221011	55
12.4173613228202	-7.1607181471084	55
12.4309894848686	-7.146467502191	55
12.4446188144443	-7.1322022574579	55
12.4582493115474	-7.11792241290911	55
12.4718809761778	-7.10362796854463	55
12.4855138083356	-7.08931892436446	55
12.4991478080208	-7.07499528036858	55
12.5127829752333	-7.06065703655702	55
12.5264193099732	-7.04630419292976	55
12.5400568122404	-7.03193674948681	55
12.553695482035	-7.01755470622816	55
12.5673353193569	-7.00315806315382	55
12.5809763242062	-6.98874682026379	55
12.5946184965828	-6.97432097755807	55
12.6082618364869	-6.95988053503665	55
12.6219063439182	-6.94542549269953	55
12.6355520188769	-6.93095585054672	55
12.649198861363	-6.91647160857822	55
12.6628468713765	-6.90197276679403	55
12.6764960489173	-6.88745932519414	55
12.6901463939854	-6.87293128377856	55
12.7037979065809	-6.85838864254728	55
12.7174505867038	-6.84383140150031	55
12.731104434354	-6.82925956063764	55
12.7447594495316	-6.81467311995929	55
12.7584156322365	-6.80007207946524	55
12.7720729824688	-6.78545643915549	55
12.7857315002285	-6.77082619903005	55
12.7993911855155	-6.75618135908892	55
12.8130520383298	-6.74152191933209	55
12.8267140586716	-6.72684787975957	55
12.8403772465406	-6.71215924037136	55
12.8540416019371	-6.69745600116745	55
12.8677071248609	-6.68273816214785	55
12.881373815312	-6.66800572331256	55
12.8950416732905	-6.65325868466157	55
12.9087106987964	-6.63849704619489	55
12.9223808918296	-6.62372080791251	55
12.9360522523902	-6.60892996981444	55
12.9497247804781	-6.59412453190068	55
12.9633984760934	-6.57930449417122	55
12.977073339236	-6.56446985662607	55
12.9907493699061	-6.54962061926523	55
13.0044265681034	-6.53475678208869	55
13.0181049338281	-6.51987834509646	55
13.0317844670802	-6.50498530828853	55
13.0454651678596	-6.49007767166491	55
13.0591470361664	-6.4751554352256	55
13.0728300720006	-6.46021859897059	55
13.0865142753621	-6.44526716289989	55
13.100199646251	-6.4303011270135	55
13.1138861846672	-6.41532049131141	55
13.1275738906107	-6.40032525579363	55
13.1412627640817	-6.38531542046015	55
13.15495280508	-6.37029098531099	55
13.1686440136056	-6.35525195034612	55
13.1823363896586	-6.34019831556557	55
13.196029933239	-6.32513008096932	55
13.2097246443467	-6.31004724655737	55
13.2234205229818	-6.29494981232973	55
13.2371175691442	-6.2798377782864	55
13.250815782834	-6.26471114442738	55
13.2645151640511	-6.24956991075266	55
13.2782157127956	-6.23441407726225	55
13.2919174290675	-6.21924364395614	55
13.3056203128667	-6.20405861083434	55
13.3193243641933	-6.18885897789685	55
13.3330295830472	-6.17364474514366	55
13.3467359694285	-6.15841591257478	55
13.3604435233372	-6.14317248019021	55
13.3741522447732	-6.12791444798994	55
13.3878621337365	-6.11264181597397	55
13.4015731902272	-6.09735458414232	55
13.4152854142453	-6.08205275249497	55
13.4289988057907	-6.06673632103193	55
13.4427133648635	-6.05140528975319	55
13.4564290914637	-6.03605965865876	55
13.4701459855912	-6.02069942774864	55
13.483864047246	-6.00532459702282	55
13.4975832764283	-5.98993516648131	55
13.5113036731378	-5.9745311361241	55
13.5250252373748	-5.95911250595121	55
13.538747969139	-5.94367927596261	55
13.5524718684307	-5.92823144615832	55
13.5661969352497	-5.91276901653834	55
13.579923169596	-5.89729198710267	55
13.5936505714698	-5.8818003578513	55
13.6073791408708	-5.86629412878424	55
13.6211088777993	-5.85077329990149	55
13.634839782255	-5.83523787120304	55
13.6485718542382	-5.81968784268889	55
13.6623050937487	-5.80412321435906	55
13.6760395007865	-5.78854398621353	55
13.6897750753518	-5.7729501582523	55
13.7035118174443	-5.75734173047539	55
13.7172497270643	-5.74171870288277	55
13.7309888042115	-5.72608107547447	55
13.7447290488862	-5.71042884825047	55
13.7584704610882	-5.69476202121078	55
13.7722130408175	-5.67908059435539	55
13.7859567880743	-5.66338456768431	55
13.7997017028583	-5.64767394119754	55
13.8134477851698	-5.63194871489507	55
13.8271950350085	-5.61620888877691	55
13.8409434523747	-5.60045446284306	55
13.8546930372682	-5.58468543709351	55
13.868443789689	-5.56890181152827	55
13.8821957096372	-5.55310358614733	55
13.8959487971128	-5.53729076095071	55
13.9097030521157	-5.52146333593838	55
13.923458474646	-5.50562131111036	55
13.9372150647037	-5.48976468646665	55
13.9509728222887	-5.47389346200725	55
13.964731747401	-5.45800763773215	55
13.9784918400407	-5.44210721364136	55
13.9922531002078	-5.42619218973487	55
14.0060155279022	-5.41026256601269	55
14.019779123124	-5.39431834247482	55
14.0335438858731	-5.37835951912126	55
14.0473098161496	-5.36238609595199	55
14.0610769139535	-5.34639807296704	55
14.0748451792847	-5.33039545016639	55
14.0886146121433	-5.31437822755005	55
14.1023852125292	-5.29834640511802	55
14.1161569804425	-5.28229998287029	55
14.1299299158831	-5.26623896080687	55
14.1437040188511	-5.25016333892775	55
14.1574792893465	-5.23407311723294	55
14.1712557273692	-5.21796829572243	55
14.1850333329192	-5.20184887439624	55
14.1988121059967	-5.18571485325434	55
14.2125920466015	-5.16956623229676	55
14.2263731547336	-5.15340301152349	55
14.2401554303931	-5.13722519093451	55
14.2539388735799	-5.12103277052985	55
14.2677234842941	-5.10482575030949	55
14.2815092625357	-5.08860413027343	55
14.2952962083046	-5.07236791042168	55
14.3090843216009	-5.05611709075424	55
14.3228736024246	-5.03985167127111	55
14.3366640507755	-5.02357165197228	55
14.3504556666539	-5.00727703285776	55
14.3642484500596	-4.99096781392755	55
14.3780424009927	-4.97464399518164	55
14.3918375194531	-4.95830557662003	55
14.4056338054409	-4.94195255824274	55
14.419431258956	-4.92558494004974	55
14.4332298799985	-4.90920272204106	55
14.4470296685684	-4.89280590421668	55
14.4608306246656	-4.87639448657661	55
14.4746327482901	-4.85996846912085	55
14.4884360394421	-4.84352785184939	55
14.5022404981213	-4.82707263476223	55
14.516046124328	-4.81060281785939	55
14.529852918062	-4.79411840114085	55
14.5436608793233	-4.77761938460661	55
14.557470008112	-4.76110576825669	55
14.5712803044281	-4.74457755209107	55
14.5850917682715	-4.72803473610975	55
14.5989043996423	-4.71147732031274	55
14.6127181985404	-4.69490530470004	55
14.6265331649659	-4.67831868927164	55
14.6403492989188	-4.66171747402755	55
14.654166600399	-4.64510165896777	55
14.6679850694065	-4.62847124409229	55
14.6818047059414	-4.61182622940112	55
14.6956255100037	-4.59516661489426	55
14.7094474815934	-4.5784924005717	55
14.7232706207104	-4.56180358643345	55
14.7370949273547	-4.5451001724795	55
14.7509204015264	-4.52838215870986	55
14.7647470432255	-4.51164954512453	55
14.7785748524519	-4.4949023317235	55
14.7924038292057	-4.47814051850678	55
14.8062339734868	-4.46136410547436	55
14.8200652852953	-4.44457309262626	55
14.8338977646311	-4.42776747996246	55
14.8477314114943	-4.41094726748296	55
14.8615662258849	-4.39411245518777	55
14.8754022078028	-4.37726304307689	55
14.8892393572481	-4.36039903115031	55
14.9030776742207	-4.34352041940804	55
14.9169171587207	-4.32662720785008	55
14.9307578107481	-4.30971939647642	55
14.9445996303028	-4.29279698528707	55
14.9584426173848	-4.27585997428202	55
14.9722867719942	-4.25890836346128	55
14.986132094131	-4.24194215282485	55
14.9999785837952	-4.22496134237272	55
15.0138262409866	-4.2079659321049	55
15.0276750657055	-4.19095592202139	55
15.0415250579517	-4.17393131212219	55
15.0553762177253	-4.15689210240728	55
15.0692285450262	-4.13983829287669	55
15.0830820398544	-4.1227698835304	55
15.0969367022101	-4.10568687436842	55
15.1107925320931	-4.08858926539074	55
15.1246495295034	-4.07147705659737	55
15.1385076944411	-4.0543502479883	55
15.1523670269062	-4.03720883956355	55
15.1662275268986	-4.0200528313231	55
15.1800891944184	-4.00288222326695	55
15.1939520294655	-3.98569701539511	55
15.20781603204	-3.96849720770758	55
15.2216812021418	-3.95128280020436	55
15.235547539771	-3.93405379288544	55
15.2494150449276	-3.91681018575083	55
15.2632837176115	-3.89955197880052	55
15.2771535578228	-3.88227917203452	55
15.2910245655614	-3.86499176545282	55
15.3048967408274	-3.84768975905544	55
15.3187700836207	-3.83037315284235	55
15.3326445939414	-3.81304194681358	55
15.3465202717895	-3.79569614096911	55
15.3603971171649	-3.77833573530894	55
15.3742751300677	-3.76096072983309	55
15.3881543104978	-3.74357112454154	55
15.4020346584553	-3.7261669194343	55
15.4159161739401	-3.70874811451136	55
15.4297988569523	-3.69131470977273	55
15.4436827074919	-3.6738667052184	55
15.4575677255588	-3.65640410084838	55
15.4714539111531	-3.63892689666267	55
15.4853412642747	-3.62143509266126	55
15.4992297849237	-3.60392868884416	55
15.5131194731	-3.58640768521137	55
15.5270103288037	-3.56887208176288	55
15.5409023520348	-3.5513218784987	55
15.5547955427932	-3.53375707541883	55
15.568689901079	-3.51617767252326	55
15.5825854268921	-3.49858366981199	55
15.5964821202326	-3.48097506728504	55
15.6103799811004	-3.46335186494239	55
15.6242790094956	-3.44571406278404	55
15.6381792054182	-3.42806166081001	55
15.6520805688681	-3.41039465902027	55
15.6659830998454	-3.39271305741485	55
15.67988679835	-3.37501685599373	55
15.693791664382	-3.35730605475692	55
15.7076976979413	-3.33958065370442	55
15.721604899028	-3.32184065283622	55
15.7355132676421	-3.30408605215232	55
15.7494228037835	-3.28631685165274	55
15.7633335074522	-3.26853305133746	55
15.7772453786484	-3.25073465120648	55
15.7911584173718	-3.23292165125981	55
15.8050726236227	-3.21509405149745	55
15.8189879974009	-3.1972518519194	55
15.8329045387064	-3.17939505252564	55
15.8468222475393	-3.1615236533162	55
15.8607411238996	-3.14363765429107	55
15.8746611677872	-3.12573705545024	55
15.8885823792022	-3.10782185679371	55
15.9025047581446	-3.08989205832149	55
15.9164283046143	-3.07194766003358	55
15.9303530186113	-3.05398866192998	55
15.9442789001357	-3.03601506401068	55
15.9582059491875	-3.01802686627568	55
15.9721341657666	-3.000024068725	55
15.9860635498731	-2.98200667135862	55
15.9999941015069	-2.96397467417655	55
16.0139258206681	-2.94592807717878	55
16.0278587073567	-2.92786688036532	55
16.0417927615726	-2.90979108373616	55
16.0557279833159	-2.89170068729131	55
16.0696643725865	-2.87359569103077	55
16.0836019293845	-2.85547609495453	55
16.0975406537098	-2.83734189906261	55
16.1114805455625	-2.81919310335499	55
16.1254216049425	-2.80102970783167	55
16.1393638318499	-2.78285171249265	55
16.1533072262847	-2.76465911733795	55
16.1672517882468	-2.74645192236755	55
16.1811975177363	-2.72823012758146	55
16.1951444147531	-2.70999373297968	55
16.2090924792973	-2.6917427385622	55
16.2230417113689	-2.67347714432902	55
16.2369921109678	-2.65519695028016	55
16.2509436780941	-2.6369021564156	55
16.2648964127477	-2.61859276273534	55
16.2788503149287	-2.60026876923939	55
16.292805384637	-2.58193017592775	55
16.3067616218727	-2.56357698280041	55
16.3207190266358	-2.54520918985738	55
16.3346775989262	-2.52682679709867	55
16.3486373387439	-2.50842980452425	55
16.362598246089	-2.49001821213414	55
16.3765603209615	-2.47159201992834	55
16.3905235633614	-2.45315122790684	55
16.4044879732885	-2.43469583606965	55
16.4184535507431	-2.41622584441676	55
16.432420295725	-2.39774125294818	55
16.4463882082343	-2.3792420616639	55
16.4603572882709	-2.36072827056394	55
16.4743275358349	-2.34219987964828	55
16.4882989509262	-2.32365688891693	55
16.5022715335449	-2.30509929836988	55
16.5162452836909	-2.28652710800714	55
16.5302202013643	-2.2679403178287	55
16.5441962865651	-2.24933892783458	55
16.5581735392932	-2.23072293802476	55
16.5721519595487	-2.21209234839924	55
16.5861315473315	-2.19344715895803	55
16.6001123026417	-2.17478736970112	55
16.6140942254793	-2.15611298062853	55
16.6280773158442	-2.13742399174024	55
16.6420615737364	-2.11872040303625	55
16.6560469991561	-2.10000221451657	55
16.670033592103	-2.0812694261812	55
16.6840213525774	-2.06252203803014	55
16.6980102805791	-2.04376005006338	55
16.7120003761081	-2.02498346228092	55
16.7259916391645	-2.00619227468278	55
16.7399840697483	-1.98738648726894	55
16.7539776678594	-1.9685661000394	55
16.7679724334979	-1.94973111299417	55
16.7819683666637	-1.93088152613325	55
16.7959654673569	-1.91201733945664	55
16.8099637355774	-1.89313855296433	55
16.8239631713253	-1.87424516665632	55
16.8379637746006	-1.85533718053263	55
16.8519655454032	-1.83641459459324	55
16.8659684837332	-1.81747740883816	55
16.8799725895905	-1.79852562326738	55
16.8939778629752	-1.77955923788091	55
16.9079843038872	-1.76057825267874	55
16.9219919123266	-1.74158266766088	55
16.9360006882934	-1.72257248282733	55
16.9500106317875	-1.70354769817809	55
16.964021742809	-1.68450831371314	55
16.9780340213578	-1.66545432943251	55
16.992047467434	-1.64638574533618	55
17.0060620810376	-1.62730256142416	55
17.0200778621685	-1.60820477769644	55
17.0340948108267	-1.58909239415304	55
17.0481129270123	-1.56996541079394	55
17.0621322107253	-1.55082382761914	55
17.0761526619656	-1.53166764462865	55
17.0901742807333	-1.51249686182247	55
17.1041970670284	-1.49331147920059	55
17.1182210208508	-1.47411149676302	55
17.1322461422005	-1.45489691450976	55
17.1462724310776	-1.4356677324408	55
17.1602998874821	-1.41642395055615	55
17.1743285114139	-1.3971655688558	55
17.1883583028731	-1.37789258733976	55
17.2023892618597	-1.35860500600803	55
17.2164213883736	-1.3393028248606	55
17.2304546824148	-1.31998604389748	55
17.2444891439834	-1.30065466311867	55
17.2585247730794	-1.28130868252416	55
17.2725615697027	-1.26194810211396	55
17.2865995338534	-1.24257292188806	55
17.3006386655315	-1.22318314184647	55
17.3146789647369	-1.20377876198919	55
17.3287204314696	-1.18435978231621	55
17.3427630657297	-1.16492620282755	55
17.3568068675172	-1.14547802352318	55
17.370851836832	-1.12601524440312	55
17.3848979736742	-1.10653786546737	55
17.3989452780437	-1.08704588671593	55
17.4129937499406	-1.06753930814879	55
17.4270433893649	-1.04801812976596	55
17.4410941963165	-1.02848235156743	55
17.4551461707955	-1.00893197355321	55
17.4691993128018	-0.989366995723296	55
17.4832536223355	-0.969787418077688	55
17.4973090993965	-0.950193240616388	55
17.5113657439849	-0.930584463339391	55
17.5254235561007	-0.910961086246706	55
17.5394825357438	-0.891323109338325	55
17.5535426829143	-0.871670532614248	55
17.5676039976121	-0.852003356074478	55
17.5816664798373	-0.832321579719013	55
17.5957301295898	-0.812625203547858	55
17.6097949468697	-0.792914227561008	55
17.623860931677	-0.773188651758462	55
17.6379280840116	-0.753448476140223	55
17.6519964038735	-0.733693700706292	55
17.6660658912629	-0.713924325456665	55
17.6801365461795	-0.694140350391345	55
17.6942083686236	-0.674341775510337	55
17.708281358595	-0.654528600813629	55
17.7223555160937	-0.634700826301229	55
17.7364308411198	-0.614858451973133	55
17.7505073336733	-0.595001477829348	55
17.7645849937541	-0.575129903869863	55
17.7786638213623	-0.55524373009469	55
17.7927438164979	-0.535342956503817	55
17.8068249791607	-0.515427583097258	55
17.820907309351	-0.495497609874997	55
17.8349908070686	-0.47555303683705	55
17.8490754723136	-0.455593863983404	55
17.8631613050859	-0.435620091314069	55
17.8772483053856	-0.415631718829042	55
17.8913364732126	-0.395628746528311	55
17.905425808567	-0.375611174411896	55
17.9195163114488	-0.35557900247978	55
17.9336079818579	-0.335532230731976	55
17.9477008197943	-0.315470859168476	55
17.9617948252582	-0.29539488778928	55
17.9758899982493	-0.275304316594395	55
17.9899863387679	-0.255199145583815	55
18.0040838468138	-0.235079374757538	55
18.018182522387	-0.214945004115572	55
18.0322823654876	-0.19479603365791	55
18.0463833761156	-0.174632463384553	55
18.0604855542709	-0.154454293295506	55
18.0745888999536	-0.13426152339076	55
18.0886934131636	-0.114054153670326	55
18.102799093901	-0.0938321841341914	55
18.1169059421658	-0.0735956147823718	55
18.1310139579579	-0.0533444456148491	55
18.1451231412773	-0.0330786766316411	55
18.1592334921242	-0.0127983078327336	55
18.1733450104983	0.00749666078186628	55
18.1874576963999	0.0278062292121586	55
18.2015715498288	0.0481303974581433	55
18.215686570785	0.068469165519824	55
18.2298027592686	0.0888225333972006	55
18.2439201152796	0.109190501090266	55
18.2580386388179	0.129573068599028	55
18.2721583298836	0.149970235923481	55
18.2862791884766	0.170382003063635	55
18.300401214597	0.190808370019473	55
18.3145244082448	0.211249336791012	55
18.3286487694199	0.231704903378242	55
18.3427742981223	0.252175069781165	55
18.3569009943521	0.272659835999784	55
18.3710288581093	0.293159202034092	55
18.3851578893938	0.313673167884099	55
18.3992880882057	0.334201733549795	55
18.413419454545	0.354744899031191	55
18.4275519884116	0.375302664328272	55
18.4416856898055	0.395875029441056	55
18.4558205587269	0.416461994369529	55
18.4699565951755	0.437063559113698	55
18.4840937991516	0.457679723673555	55
18.498232170655	0.478310488049113	55
18.5123717096857	0.498955852240362	55
18.5265124162438	0.519615816247301	55
18.5406542903293	0.540290380069939	55
18.5547973319421	0.560979543708266	55
18.5689415410823	0.581683307162292	55
18.5830869177498	0.602401670432007	55
18.5972334619447	0.623134633517418	55
18.6113811736669	0.643882196418522	55
18.6255300529165	0.664644359135321	55
18.6396800996935	0.685421121667813	55
18.6538313139978	0.706212484015998	55
18.6679836958295	0.727018446179875	55
18.6821372451885	0.747839008159451	55
18.6962919620749	0.768674169954716	55
18.7104478464886	0.789523931565673	55
18.7246048984298	0.810388292992331	55
18.7387631178982	0.831267254234676	55
18.752922504894	0.852160815292718	55
18.7670830594172	0.873068976166453	55
18.7812447814677	0.893991736855886	55
18.7954076710456	0.914929097361005	55
18.8095717281509	0.935881057681824	55
18.8237369527835	0.956847617818331	55
18.8379033449434	0.977828777770538	55
18.8520709046307	0.998824537538434	55
18.8662396318454	1.01983489712202	55
18.8804095265874	1.04085985652131	55
18.8945805888568	1.06189941573628	55
18.9087528186536	1.08295357476696	55
18.9229262159777	1.10402233361332	55
18.9371007808291	1.12510569227539	55
18.9512765132079	1.14620365075314	55
18.9654534131141	1.16731620904659	55
18.9796314805476	1.18844336715573	55
18.9938107155085	1.20958512508056	55
19.0079911179968	1.23074148282109	55
19.0221726880124	1.25191244037732	55
19.0363554255553	1.27309799774923	55
19.0505393306256	1.29429815493683	55
19.0647244032233	1.31551291194014	55
19.0789106433483	1.33674226875914	55
19.0930980510007	1.35798622539383	55
19.1072866261805	1.37924478184421	55
19.1214763688876	1.40051793811029	55
19.135667279122	1.42180569419206	55
19.1498593568838	1.44310805008953	55
19.164052602173	1.46442500580269	55
19.1782470149895	1.48575656133154	55
19.1924425953334	1.50710271667609	55
19.2066393432046	1.52846347183632	55
19.2208372586033	1.54983882681226	55
19.2350363415292	1.57122878160388	55
19.2492365919825	1.59263333621121	55
19.2634380099632	1.61405249063422	55
19.2776405954712	1.63548624487293	55
19.2918443485066	1.65693459892733	55
19.3060492690693	1.67839755279743	55
19.3202553571594	1.69987510648322	55
19.3344626127769	1.7213672599847	55
19.3486710359217	1.74287401330188	55
19.3628806265939	1.76439536643475	55
19.3770913847934	1.78593131938332	55
19.3913033105203	1.80748187214757	55
19.4055164037745	1.82904702472753	55
19.4197306645561	1.85062677712317	55
19.4339460928651	1.87222112933451	55
19.4481626887014	1.89383008136155	55
19.462380452065	1.91545363320427	55
19.4765993829561	1.93709178486269	55
19.4908194813744	1.95874453633681	55
19.5050407473202	1.98041188762662	55
19.5192631807933	2.00209383873212	55
19.5334867817937	2.02379038965332	55
19.5477115503215	2.0455015403902	55
19.5619374863767	2.06722729094279	55
19.5761645899592	2.08896764131106	55
19.5903928610691	2.11072259149504	55
19.6046222997064	2.1324921414947	55
19.618852905871	2.15427629131006	55
19.6330846795629	2.17607504094111	55
19.6473176207822	2.19788839038785	55
19.6615517295289	2.21971633965029	55
19.6757870058029	2.24155888872843	55
19.6900234496043	2.26341603762225	55
19.704261060933	2.28528778633177	55
19.7184998397891	2.30717413485699	55
19.7327397861726	2.32907508319789	55
19.7469809000834	2.3509906313545	55
19.7612231815215	2.37292077932679	55
19.7754666304871	2.39486552711478	55
19.7897112469799	2.41682487471846	55
19.8039570310002	2.43879882213784	55
19.8182039825478	2.46078736937291	55
19.8324521016227	2.48279051642367	55
19.846701388225	2.50480826329013	55
19.8609518423547	2.52684060997228	55
19.8752034640117	2.54888755647013	55
19.8894562531961	2.57094910278366	55
19.9037102099078	2.59302524891289	55
19.9179653341469	2.61511599485782	55
19.9322216259134	2.63722134061844	55
19.9464790852072	2.65934128619475	55
19.9607377120283	2.68147583158676	55
19.9749975063769	2.70362497679446	55
19.9892584682527	2.72578872181785	55
20.003520597656	2.74796706665694	55
20.0177838945866	2.77016001131173	55
20.0320483590445	2.7923675557822	55
20.0463139910298	2.81458970006837	55
20.0605807905425	2.83682644417023	55
20.0748487575825	2.85907778808779	55
20.0891178921499	2.88134373182104	55
20.1033881942446	2.90362427536998	55
20.1176596638667	2.92591941873462	55
20.1319323010161	2.94822916191495	55
20.146206105693	2.97055350491098	55
20.1604810778971	2.9928924477227	55
20.1747572176286	3.01524599035011	55
20.1890345248875	3.03761413279322	55
20.2033129996737	3.05999687505202	55
20.2175926419873	3.08239421712651	55
20.2318734518283	3.10480615901669	55
20.2461554291966	3.12723270072258	55
20.2604385740922	3.14967384224415	55
20.2747228865153	3.17212958358142	55
20.2890083664656	3.19459992473439	55
20.3032950139434	3.21708486570304	55
20.3175828289485	3.23958440648739	55
20.3318718114809	3.26209854708744	55
20.3461619615407	3.28462728750317	55
20.3604532791279	3.3071706277346	55
20.3747457642424	3.32972856778173	55
20.3890394168843	3.35230110764454	55
20.4033342370535	3.37488824732306	55
20.4176302247501	3.39748998681726	55
20.431927379974	3.42010632612717	55
20.4462257027253	3.44273726525276	55
20.460525193004	3.46538280419404	55
20.47482585081	3.48804294295102	55
20.4891276761434	3.5107176815237	55
20.5034306690041	3.53340701991207	55
20.5177348293922	3.55611095811613	55
20.5320401573076	3.57882949613588	55
20.5463466527505	3.60156263397134	55
20.5606543157206	3.62431037162248	55
20.5749631462181	3.64707270908931	55
20.589273144243	3.66984964637184	55
20.6035843097952	3.69264118347007	55
20.6178966428748	3.71544732038399	55
20.6322101434818	3.7382680571136	55
20.6465248116161	3.7611033936589	55
20.6608406472777	3.7839533300199	55
20.6751576504667	3.80681786619659	55
20.6894758211831	3.82969700218898	55
20.7037951594268	3.85259073799706	55
20.7181156651979	3.87549907362084	55
20.7324373384964	3.8984220090603	55
20.7467601793222	3.92135954431546	55
20.7610841876753	3.94431167938632	55
20.7754093635558	3.96727841427287	55
20.7897357069637	3.99025974897511	55
20.8040632178989	4.01325568349305	55
20.8183918963615	4.03626621782667	55
20.8327217423515	4.059291351976	55
20.8470527558688	4.08233108594102	55
20.8613849369134	4.10538541972173	55
20.8757182854854	4.12845435331813	55
20.8900528015848	4.15153788673023	55
20.9043884852115	4.17463601995802	55
20.9187253363656	4.1977487530015	55
20.9330633550471	4.22087608586069	55
20.9474025412559	4.24401801853556	55
20.961742894992	4.26717455102613	55
20.9760844162555	4.29034568333239	55
20.9904271050464	4.31353141545434	55
21.0047709613646	4.33673174739199	55
21.0191159852102	4.35994667914533	55
21.0334621765831	4.38317621071437	55
21.0478095354834	4.4064203420991	55
21.0621580619111	4.42967907329952	55
21.0765077558661	4.45295240431563	55
21.0908586173485	4.47624033514745	55
21.1052106463582	4.49954286579495	55
21.1195638428953	4.52285999625815	55
21.1339182069597	4.54619172653704	55
21.1482737385515	4.56953805663163	55
21.1626304376707	4.5928989865419	55
21.1769883043172	4.61627451626788	55
21.1913473384911	4.63966464580954	55
21.2057075401923	4.6630693751669	55
21.2200689094209	4.68648870433995	55
21.2344314461768	4.7099226333287	55
21.2487951504601	4.73337116213314	55
21.2631600222708	4.75683429075328	55
21.2775260616088	4.78031201918911	55
21.2918932684741	4.80380434744063	55
21.3062616428669	4.82731127550785	55
21.3206311847869	4.85083280339076	55
21.3350018942344	4.87436893108936	55
21.3493737712092	4.89791965860366	55
21.3637468157113	4.92148498593365	55
21.3781210277408	4.94506491307933	55
21.3924964072977	4.96865944004071	55
21.4068729543819	4.99226856681778	55
21.4212506689935	5.01589229341055	55
21.4356295511324	5.03953061981901	55
21.4500096007987	5.06318354604316	55
21.4643908179924	5.08685107208301	55
21.4787732027134	5.11053319793855	55
21.4931567549618	5.13422992360978	55
21.5075414747375	5.15794124909671	55
21.5219273620406	5.18166717439933	55
21.536314416871	5.20540769951765	55
21.5507026392288	5.22916282445166	55
21.5650920291139	5.25293254920136	55
21.5794825865265	5.27671687376676	55
21.5938743114663	5.30051579814785	55
21.6082672039335	5.32432932234463	55
21.6226612639281	5.34815744635711	55
21.6370564914501	5.37200017018528	55
21.6514528864993	5.39585749382914	55
21.665850449076	5.4197294172887	55
21.68024917918	5.44361594056396	55
21.6946490768114	5.4675170636549	55
21.7090501419701	5.49143278656154	55
21.7234523746562	5.51536310928388	55
21.7378557748696	5.53930803182191	55
21.7522603426104	5.56326755417562	55
21.7666660778786	5.58724167634503	55
21.7810729806741	5.61123039833015	55
21.7954810509969	5.63523372013095	55
21.8098902888471	5.65925164174745	55
21.8243006942247	5.68328416317963	55
21.8387122671297	5.70733128442752	55
21.8531250075619	5.7313930054911	55
21.8675389155216	5.75546932637037	55
21.8819539910086	5.77956024706533	55
21.896370234023	5.80366576757599	55
21.9107876445647	5.82778588790234	55
21.9252062226338	5.85192060804438	55
21.9396259682302	5.87606992800213	55
21.954046881354	5.90023384777556	55
21.9684689620051	5.92441236736468	55
21.9828922101836	5.94860548676951	55
21.9973166258895	5.97281320599003	55
22.0117422091227	5.99703552502623	55
22.0261689598833	6.02127244387813	55
22.0405968781712	6.04552396254573	55
22.0550259639865	6.06979008102902	55
22.0694562173292	6.094070799328	55
22.0838876381992	6.11836611744268	55
22.0983202265965	6.14267603537305	55
22.1127539825212	6.16700055311911	55
22.1271889059733	6.19133967068086	55
22.1416249969528	6.21569338805832	55
22.1560622554595	6.24006170525147	55
22.1705006814937	6.2644446222603	55
22.1849402750552	6.28884213908484	55
22.1993810361441	6.31325425572506	55
22.2138229647603	6.33768097218098	55
22.2282660609038	6.36212228845259	55
22.2427103245748	6.38657820453991	55
22.2571557557731	6.4110487204429	55
22.2628184634742	6.4204738946834	55
22.2686285167837	6.42980896021684	55
22.2745844821578	6.43905161375548	55
22.2806848900511	6.44819957481286	55
22.2869282352794	6.45725058626649	55
22.2933129773905	6.46620241491469	55
22.299837541045	6.47505285202772	55
22.3065003164043	6.48379971389264	55
22.3132996595283	6.49244084235218	55
22.3202338927809	6.50097410533718	55
22.3273013052438	6.50939739739269	55
22.3345001531386	6.51770864019744	55
22.3418286602575	6.52590578307662	55
22.3492850184008	6.5339868035079	55
22.3568673878239	6.54194970762038	55
22.3645738976905	6.54979253068664	55
22.3724026465346	6.55751333760745	55
22.3803517027296	6.56511022338922	55
22.3884191049648	6.57258131361405	55
22.3966028627295	6.57992476490223	55
22.4049009568038	6.58713876536705	55
22.4133113397573	6.59422153506181	55
22.4218319364537	6.6011713264191	55
22.4304606445633	6.60798642468187	55
22.4391953350816	6.61466514832661	55
22.4480338528543	6.6212058494782	55
22.4569740171094	6.62760691431651	55
22.4660136219952	6.63386676347455	55
22.4751504371244	6.63998385242822	55
22.4843822081246	6.64595667187735	55
22.4937066571945	6.65178374811812	55
22.5031214836657	6.65746364340666	55
22.5126243645708	6.66299495631379	55
22.522212955216	6.66837632207082	55
22.5318848897602	6.67360641290628	55
22.541637781798	6.67868393837351	55
22.5514692249495	6.68360764566907	55
22.561376793453	6.68837631994186	55
22.5713580427644	6.69298878459288	55
22.5814105101597	6.69744390156547	55
22.5915317153429	6.7017405716262	55
22.6017191610583	6.70587773463601	55
22.6119703337059	6.70985436981184	55
22.6222827039623	6.71366949597846	55
22.6326537274045	6.71732217181058	55
22.6430808451375	6.7208114960651	55
22.6535614844263	6.72413660780346	55
22.6640930593297	6.7272966866041	55
22.6746729713393	6.73029095276485	55
22.6852986100201	6.73311866749536	55
22.6959673536548	6.73577913309931	55
22.7066765698905	6.73827169314664	55
22.7174236163884	6.74059573263544	55
22.7282058414755	6.74275067814376	55
22.7390205847991	6.74473599797102	55
22.7498651779832	6.74655120226928	55
22.7607369452866	6.74819584316402	55
22.7716332042635	6.74966951486472	55
22.7825512664249	6.75097185376495	55
22.7934884379025	6.75210253853205	55
22.8044420201128	6.75306129018648	55
22.8154093104233	6.75384787217063	55
22.8263876028193	6.75446209040716	55
22.8373741885712	6.75490379334689	55
22.8483663569036	6.75517287200625	55
22.8593613956634	6.7552692599941	55
22.8703565919892	6.75519293352815	55
22.8813492329809	6.75494391144082	55
22.8923366063688	6.75452225517457	55
22.903316001183	6.75392806876677	55
22.914284708422	6.75316149882405	55
22.9252400217215	6.75222273448604	55
22.9361792380219	6.75111200737883	55
22.9470996582352	6.74982959155767	55
22.9579985879111	6.74837580343952	55
22.9688733379018	6.74675100172482	55
22.9797212250255	6.74495558730908	55
22.9905395727283	6.74299000318395	55
23.0013257117449	6.74085473432789	55
23.0120769807568	6.73855030758656	55
23.0227907270493	6.73607729154275	55
23.0334643071658	6.73343629637619	55
23.04409508756	6.7306279737129	55
23.0546804452461	6.72765301646448	55
23.0652177684454	6.72451215865712	55
23.0757044572311	6.72120617525049	55
23.0861379241696	6.71773588194651	55
23.0965155949591	6.71410213498815	55
23.1068349090646	6.71030583094808	55
23.1170933203498	6.70634790650753	55
23.1272882977051	6.70222933822511	55
23.1374173256725	6.69795114229595	55
23.1474779050659	6.69351437430084	55
23.1574675535878	6.68892012894593	55
23.167383806442	6.6841695397925	55
23.1772242169414	6.67926377897733	55
23.186986357112	6.67420405692351	55
23.1966678182918	6.66899162204174	55
23.2062662117251	6.66362776042234	55
23.215779169152	6.65811379551789	55
23.2252043433925	6.65245108781673	55
23.2345394089259	6.64664103450724	55
23.2437820624645	6.64068506913317	55
23.2529300235219	6.63458466123982	55
23.2619810349755	6.62834131601156	55
23.2709328636237	6.62195657390042	55
23.2797833007368	6.61543201024598	55
23.2885301626017	6.60876923488668	55
23.2971712910612	6.60196989176264	55
23.3057045540462	6.59503565851004	55
23.3141278461017	6.58796824604718	55
23.3224390889065	6.58076939815233	55
23.3306362317857	6.5734408910335	55
23.3387172522169	6.56598453289014	55
23.3466801563294	6.55840216346706	55
23.3545229793957	6.55069565360047	55
23.3622437863165	6.54286690475636	55
23.3698406720983	6.53491784856135	55
23.3773117623231	6.52685044632612	55
23.3846552136113	6.51866668856145	55
23.3918692140761	6.51036859448713	55
23.3989519837709	6.50195821153369	55
23.4059017751281	6.49343761483728	55
23.4127168733909	6.48480890672764	55
23.4193955970357	6.47607421620938	55
23.4259362981873	6.46723569843669	55
23.4323373630256	6.45829553418158	55
23.4385972121836	6.44925592929578	55
23.4447143011373	6.44011911416657	55
23.4506871205864	6.43088734316634	55
23.4565141968272	6.42156289409646	55
23.4621940921157	6.4121480676252	55
23.4677254050228	6.40264518672013	55
23.4731067707799	6.3930565960749	55
23.4783368616153	6.38338466153079	55
23.4834143870826	6.37363176949293	55
23.4883380943781	6.36380032634148	55
23.4931067686509	6.35389275783792	55
23.4977192333019	6.34391150852656	55
23.5021743502745	6.33385904113127	55
23.5064710203352	6.32373783594801	55
23.5106081833451	6.31355039023267	55
23.5145848185209	6.30329921758507	55
23.5183999446875	6.29298684732865	55
23.5220526205196	6.28261582388648	55
23.5255419447741	6.2721887061534	55
23.5288670565125	6.2617080668647	55
23.5320271353131	6.25117649196128	55
23.5350214014739	6.24059657995166	55
23.5378491162044	6.22997094127083	55
23.5405095818084	6.21930219763614	55
23.5430021418557	6.20859298140044	55
23.5453261813445	6.19784593490258	55
23.5474811268528	6.18706370981549	55
23.5494664466801	6.17624896649185	55
23.5512816509783	6.16540437330777	55
23.5529262918731	6.15453260600434	55
23.5543999635738	6.14363634702746	55
23.555702302474	6.132718284866	55
23.5568329872411	6.12178111338842	55
23.5577917388955	6.11082753117812	55
23.5585783208797	6.09986024086762	55
23.5591925391162	6.08888194847169	55
23.5596342420559	6.0778953627197	55
23.5599033207153	6.06690319438731	55
23.5599997087032	6.05590815562756	55
23.5599233822372	6.04491295930174	55
23.5596743601499	6.03392031831003	55
23.5592527038836	6.02293294492211	55
23.5586585174758	6.01195355010794	55
23.5578919475331	6.00098484286891	55
23.5569531831951	5.99002952956941	55
23.5558424560879	5.97909031326905	55
23.5545600402667	5.96816989305579	55
23.5531062521486	5.95727096337989	55
23.5514814504339	5.94639621338918	55
23.5496860360181	5.93554832626549	55
23.547720451893	5.92472997856264	55
23.5455851830369	5.91394383954606	55
23.5432807562956	5.90319257053416	55
23.5408077402518	5.89247882424167	55
23.5381667450852	5.8818052441252	55
23.5353584224219	5.87117446373091	55
23.5323834651735	5.86058910604482	55
23.5292426073662	5.85005178284551	55
23.5259366239595	5.83956509405983	55
23.5224663306556	5.82913162712132	55
23.5188325836972	5.81875395633182	55
23.5150362796571	5.80843464222632	55
23.5110783552166	5.79817623094116	55
23.5069597869342	5.78798125358583	55
23.502681591005	5.77785222561844	55
23.4982448230099	5.76779164622507	55
23.493650577655	5.75780199770315	55
23.4888999885015	5.74788574484898	55
23.4839942276864	5.73804533434956	55
23.4789345056326	5.72828319417895	55
23.4737220707508	5.71860173299915	55
23.4683582091314	5.70900333956585	55
23.4629063302239	5.69959560372667	55
23.411884203753	5.61310760366173	55
23.3609100347811	5.52670109048784	55
23.3099847003896	5.44037754936837	55
23.2591090736682	5.35413845870502	55
23.208284023715	5.26798529013793	55
23.1575104156362	5.18191950854574	55
23.1067891105462	5.09594257204543	55
23.0561209655678	5.01005593199253	55
23.0055068338319	4.92426103298088	55
22.9549475644779	4.83855931284281	55
22.9044440026532	4.75295220264907	55
22.8539969895135	4.66744112670888	55
22.8036073622228	4.58202750256982	55
22.7532759539534	4.49671274101799	55
22.7030035938858	4.41149824607785	55
22.6527911072087	4.32638541501231	55
22.6026393151191	4.24137563832275	55
22.5525490348223	4.1564702997489	55
22.5025210795317	4.07167077626904	55
22.4525562584691	3.9869784380998	55
22.4026553768645	3.90239464869623	55
22.3528192359561	3.81792076475184	55
22.3030486329905	3.73355813619859	55
22.2533443612224	3.64930810620689	55
22.2037072099149	3.56517201118551	55
22.154137964339	3.4811511807817	55
22.1046374057745	3.39724693788111	55
22.055206311509	3.31346059860788	55
22.0058454548385	3.22979347232451	55
21.9565556050674	3.14624686163203	55
21.907337527508	3.06282206236979	55
21.8581919834812	2.97952036361562	55
21.8091197303161	2.89634304768583	55
21.7601215213497	2.81329139013507	55
21.7111981059278	2.73036665975651	55
21.662350229404	2.64757011858168	55
21.6135786331403	2.56490302188062	55
21.5648840545071	2.48236661816173	55
21.5162672268828	2.39996214917187	55
21.4677288796543	2.31769084989631	55
21.4192697382165	2.23555394855881	55
21.3708905239727	2.1535526666215	55
21.3225919543344	2.071688218785	55
21.2743747427215	1.98996181298832	55
21.2262395985619	1.90837465040887	55
21.1781872272919	1.82692792546261	55
21.1302183303561	1.74562282580378	55
21.0823336052073	1.66446053232521	55
21.0345337453064	1.58344221915803	55
20.9868194401227	1.50256905367188	55
20.9391913751339	1.42184219647475	55
20.8916502318256	1.3412628014132	55
20.8441966876919	1.26083201557207	55
20.7968314162351	1.18055097927477	55
20.7495550869658	1.10042082608304	55
20.7023683654027	1.02044268279706	55
20.6552719130728	0.940617669455525	55
20.6082663875116	0.860946899335458	55
20.5613524422624	0.781431478952419	55
20.5145307268771	0.70207250806031	55
20.4678018869158	0.62287107965148	55
20.4211665639467	0.543828279956783	55
20.3746253955464	0.464945188445396	55
20.3281790152997	0.386222877825039	55
20.2818280527997	0.307662414041788	55
20.2355731336476	0.229264856280141	55
20.189414879453	0.151031256963114	55
20.1433539078337	0.0729626617520776	55
20.0973908324157	-0.00493989045316745	55
20.0515262628334	-0.082675367514307	55
20.0057608047293	-0.160242744054708	55
19.9600950597543	-0.23764100145919	55
19.9145296255674	-0.314869127874227	55
19.8690650958358	-0.39192611820785	55
19.8237020602352	-0.468810974129591	55
19.7784411044494	-0.545522704070647	55
19.7332828101704	-0.622060323223687	55
19.6882277550986	-0.698422853543013	55
19.6432765129425	-0.774609323744476	55
19.598429653419	-0.850618769305525	55
19.553687742253	-0.926450232465092	55
19.509051341178	-1.00210276222378	55
19.4645210079355	-1.07757541434366	55
19.4200972962753	-1.15286725134845	55
19.3757807559555	-1.22797734252343	55
19.3315719327424	-1.30290476391537	55
19.2874713684107	-1.37764859833272	55
19.243479600743	-1.45220793534539	55
19.1995971635306	-1.52658187128493	55
19.1558245865726	-1.60076950924446	55
19.1121623956769	-1.67476995907859	55
19.068611112659	-1.74858233740359	55
19.0251712553432	-1.82220576759727	55
18.9818433375617	-1.89563937979896	55
18.9386278691552	-1.96888231090963	55
18.8955253559724	-2.04193370459174	55
18.8525362998706	-2.11479271126939	55
18.8096611987149	-2.18745848812823	55
18.766900546379	-2.25993019911544	55
18.7242548327448	-2.33220701493981	55
18.6817245437023	-2.40428811307165	55
18.6393101611499	-2.4761726777429	55
18.5970121629942	-2.54785989994703	55
18.5548310231499	-2.6193489774391	55
18.5127672115403	-2.6906391147357	55
18.4708211940966	-2.761729523115	55
18.4289934327585	-2.83261942061677	55
18.3872843854738	-2.90330803204231	55
18.3456945061986	-2.97379458895453	55
18.3042242448973	-3.04407832967785	55
18.2628740475424	-3.11415849929832	55
18.2216443561149	-3.18403434966349	55
18.1805356086038	-3.25370513938253	55
18.1395482390064	-3.32317013382618	55
18.0986826773285	-3.3924286051267	55
18.0579393495838	-3.46147983217798	55
18.0173186777944	-3.53032310063541	55
17.9768210799908	-3.598957702916	55
17.9364469702115	-3.66738293819833	55
17.8961967585034	-3.73559811242249	55
17.8560708509217	-3.8036025382902	55
17.8160696495295	-3.87139553526474	55
17.7761935523987	-3.9389764295709	55
17.7364429536091	-4.00634455419512	55
17.6968182432487	-4.07349924888533	55
17.657319807414	-4.14043986015109	55
17.6179480282096	-4.20716574126351	55
17.5787032837483	-4.27367625225524	55
17.5395859481513	-4.33997075992053	55
17.500596391548	-4.40604863781518	55
17.4617349800759	-4.47190926625655	55
17.423002075881	-4.53755203232361	55
17.3843980371173	-4.60297632985688	55
17.3459232179473	-4.66818155945841	55
17.3075779685416	-4.73316712849183	55
17.2693626350791	-4.79793245108237	55
17.2312775597469	-4.86247694811682	55
17.1933230807404	-4.92680004724353	55
17.1554995322632	-4.9909011828724	55
17.1178072445272	-5.05477979617494	55
17.0802465437526	-5.11843533508416	55
17.0428177521677	-5.18186725429471	55
17.0055211880092	-5.24507501526276	55
16.968357165522	-5.3080580862061	55
16.9313259949592	-5.37081594210401	55
16.8944279825822	-5.43334806469739	55
16.8576634306606	-5.49565394248871	55
16.8210326374724	-5.55773307074199	55
16.7845358973037	-5.61958495148284	55
16.7481735004489	-5.68120909349839	55
16.7119457332107	-5.7426050123374	55
16.6758528778998	-5.80377223031014	55
16.6398952128356	-5.8647102764885	55
16.6040730123454	-5.92541868670588	55
16.5683865467649	-5.9858970035573	55
16.5328360824378	-6.04614477639935	55
16.4974218817166	-6.10616156135012	55
16.4621442029614	-6.16594692128935	55
16.427003300541	-6.22550042585828	55
16.3919994248323	-6.28482165145977	55
16.3571328222205	-6.34391018125823	55
16.3224037350989	-6.40276560517963	55
16.2878124018693	-6.46138751991151	55
16.2533590569415	-6.51977552890298	55
16.2190439307337	-6.57792924236471	55
16.1848672496723	-6.63584827726895	55
16.150829236192	-6.69353225734953	55
16.1169301087357	-6.75098081310181	55
16.0831700817546	-6.80819358178276	55
16.0495493657082	-6.86517020741086	55
16.016068167064	-6.92191034076622	55
15.9827266882979	-6.97841363939049	55
15.9495251278943	-7.0346797675869	55
15.9164636803454	-7.09070839642023	55
15.8835425361521	-7.14649920371681	55
15.8507618818231	-7.20205187406459	55
15.8181218998757	-7.25736609881306	55
15.7856227688354	-7.31244157607328	55
15.7532646632357	-7.36727801071787	55
15.7210477536186	-7.42187511438102	55
15.6889722065344	-7.4762326054585	55
15.6570381845414	-7.53035020910762	55
15.6252458462063	-7.58422765724732	55
15.5935953461042	-7.63786468855802	55
15.562086834818	-7.69126104848178	55
15.5307204589394	-7.74441648922219	55
15.499496361068	-7.79733076974441	55
15.4684146798116	-7.85000365577521	55
15.4374755497866	-7.90243491980284	55
15.4066791016174	-7.95462434107722	55
15.3760254619367	-8.00657170560978	55
15.3455147533853	-8.05827680617351	55
15.3151470946126	-8.109739442303	55
15.2849226002759	-8.16095942029437	55
15.2548413810409	-8.21193655320535	55
15.2249035435817	-8.26267066085524	55
15.1951091905804	-8.31316156982484	55
15.1654584207274	-8.3634091134566	55
15.1359513287216	-8.41341313185447	55
15.1065880052697	-8.46317347188402	55
15.0773685370871	-8.51268998717236	55
15.0482930068971	-8.56196253810819	55
15.0193614934316	-8.61099099184174	55
14.9905740714304	-8.65977522228486	55
14.9619308116417	-8.7083151101109	55
14.9334317808221	-8.75661054275483	55
14.9050770417363	-8.8046614144132	55
14.8768666531571	-8.85246762604406	55
14.8488006698659	-8.9000290853671	55
14.8208791426521	-8.94734570686353	55
14.7931021183134	-8.99441741177615	55
14.7654696396557	-9.04124412810933	55
14.7379817454934	-9.08782579062899	55
14.7106384706488	-9.13416234086263	55
14.6834398459528	-9.18025372709931	55
14.6563858982442	-9.22609990438967	55
14.6294766503703	-9.27170083454593	55
14.6027121211865	-9.31705648614182	55
14.5760923255567	-9.3621668345127	55
14.5496172743528	-9.40703186175547	55
14.5232869744549	-9.45165155672861	55
14.4971014287516	-9.49602591505216	55
14.4710606361397	-9.5401549391077	55
14.4451645915241	-9.58403863803843	55
14.419413285818	-9.62767702774911	55
14.3938067059429	-9.67107013090601	55
14.3683448348286	-9.71421797693704	55
14.343027651413	-9.75712060203163	55
14.3178551306424	-9.79977804914079	55
14.2928272434713	-9.84219036797713	55
14.2679439568624	-9.88435761501478	55
14.2432052337867	-9.92627985348946	55
14.2186110332235	-9.96795715339845	55
14.1941613101602	-10.0093895915006	55
14.1698560155926	-10.0505772513163	55
14.1456950965247	-10.0915202231277	55
14.1216784959688	-10.1322186039781	55
14.0978061529453	-10.1726724976729	55
14.0740780024829	-10.2128820147785	55
14.0504939756188	-10.2528472726234	55
14.0270539993981	-10.2925683952973	55
14.0037579968744	-10.3320455136517	55
13.9806058871093	-10.3712787652994	55
13.957597585173	-10.4102682946151	55
13.9347330021436	-10.4490142527347	55
13.9120120451077	-10.4875167975561	55
13.8894346171601	-10.5257760937384	55
13.8670006174037	-10.5637923127025	55
13.8447099409497	-10.6015656326306	55
13.8225624789179	-10.6390962384667	55
13.8005581184357	-10.6763843219164	55
13.7786967426394	-10.7134300814467	55
13.7569782306732	-10.7502337222863	55
13.7354024576896	-10.7867954564253	55
13.7139692948492	-10.8231155026155	55
13.6926786093213	-10.8591940863704	55
13.671530264283	-10.8950314399647	55
13.6505241189199	-10.930627802435	55
13.6296600284257	-10.9659834195793	55
13.6089378440025	-11.0010985439572	55
13.5883574128605	-11.0359734348899	55
13.5679185782183	-11.0706083584602	55
13.5476211793026	-11.1050035875124	55
13.5274650513486	-11.1391594016524	55
13.5074500255993	-11.1730760872476	55
13.4875759293065	-11.206753937427	55
13.4678425857298	-11.2401932520812	55
13.4482498141373	-11.2733943378625	55
13.4287974298053	-11.3063575081844	55
13.4094852440183	-11.3390830832224	55
13.3903130640691	-11.3715713899132	55
13.3712806932588	-11.4038227619553	55
13.3523879308966	-11.4358375398087	55
13.3336345723001	-11.467616070695	55
13.3150204087951	-11.4991587085972	55
13.2965452277156	-11.5304658142602	55
13.2782088124038	-11.56153775519	55
13.2600109422105	-11.5923749056547	55
13.2419513924943	-11.6229776466836	55
13.2240299346222	-11.6533463660676	55
13.2062463359697	-11.6834814583593	55
13.1886003599202	-11.7133833248727	55
13.1710917658656	-11.7430523736837	55
13.1537203092059	-11.7724890196294	55
13.1364857413493	-11.8016936843086	55
13.1193878097126	-11.8306667960817	55
13.1024262577203	-11.8594087900706	55
13.0856008248057	-11.8879201081589	55
13.06891124641	-11.9162011989917	55
13.0523572539829	-11.9442525179755	55
13.035938574982	-11.9720745272786	55
13.0196549328734	-11.9996676958308	55
13.0035060471315	-12.0270324993234	55
12.9874916332389	-12.0541694202094	55
12.9716114026863	-12.0810789477032	55
12.9558650629728	-12.1077615777809	55
12.9402523176058	-12.1342178131801	55
12.9247728661007	-12.1604481634	55
12.9094264039815	-12.1864531447014	55
12.8942126227801	-12.2122332801066	55
12.879131210037	-12.2377890993994	55
12.8641818493006	-12.2631211391254	55
12.8493642201278	-12.2882299425915	55
12.8346779980838	-12.3131160598664	55
12.8201228547417	-12.3377800477802	55
12.8056984576832	-12.3622224699247	55
12.7914044704982	-12.3864438966532	55
12.7772405527846	-12.4104449050804	55
12.7632063601488	-12.434226079083	55
12.7493015442055	-12.4577880092988	55
12.7355257525774	-12.4811312931274	55
12.7218786288956	-12.50425653473	55
12.7083598127994	-12.5271643450293	55
12.6949689399366	-12.5498553417095	55
12.6817056419628	-12.5723301492165	55
12.6685695465421	-12.5945893987577	55
12.655560277347	-12.6166337283021	55
12.642677454058	-12.6384637825802	55
12.6299206923639	-12.6600802130842	55
12.6172896039619	-12.6814836780676	55
12.6047837965572	-12.7026748425459	55
12.5924028738636	-12.7236543782957	55
12.5801464356027	-12.7444229638555	55
12.5680140775048	-12.7649812845251	55
12.5560053913082	-12.7853300323663	55
12.5441199647594	-12.8054699062019	55
12.5323573816133	-12.8254016116167	55
12.5207172216331	-12.8451258609569	55
12.5091990605901	-12.8646433733304	55
12.4978024702638	-12.8839548746063	55
12.4865270184422	-12.9030610974157	55
12.4753722689213	-12.9219627811511	55
12.4643377815055	-12.9406606719665	55
12.4534231120075	-12.9591555227776	55
12.442627812248	-12.9774480932615	55
12.4319514300563	-12.995539149857	55
12.4213935092695	-13.0134294657645	55
12.4109535897335	-13.0311198209459	55
12.400631207302	-13.0486110021245	55
12.3904258938371	-13.0659038027855	55
12.3803371772092	-13.0829990231754	55
12.370364581297	-13.0998974703025	55
12.3605076259873	-13.1165999579365	55
12.3507658271752	-13.1331073066086	55
12.3411386967641	-13.1494203436117	55
12.3316257426656	-13.1655399030004	55
12.3222264687996	-13.1814668255905	55
12.3129403750943	-13.1972019589597	55
12.3037669574859	-13.2127461574472	55
12.2947057079192	-13.2281002821535	55
12.2857561143469	-13.2432652009411	55
12.2769176607303	-13.2582417884337	55
12.2681898270387	-13.2730309260169	55
12.2595720892498	-13.2876335018374	55
12.2510639193494	-13.302050410804	55
12.2426647853317	-13.3162825545867	55
12.234374151199	-13.3303308416173	55
12.226191476962	-13.3441961870889	55
12.2181162186396	-13.3578795129564	55
12.2101478282589	-13.3713817479363	55
12.2022857538553	-13.3847038275063	55
12.1945294394725	-13.3978466939061	55
12.1868783251623	-13.4108112961369	55
12.1793318469849	-13.4235985899611	55
12.1718894370086	-13.4362095379031	55
12.1645505233102	-13.4486451092486	55
12.1573145299746	-13.4609062800451	55
12.1501808770948	-13.4729940331014	55
12.1431489807722	-13.4849093579881	55
12.1362182531166	-13.4966532510372	55
12.1293881022459	-13.5082267153423	55
12.1226579322861	-13.5196307607588	55
12.1160271433717	-13.5308664039032	55
12.1094951316453	-13.541934668154	55
12.1030612892579	-13.5528365836511	55
12.0967250043685	-13.563573187296	55
12.0904856611447	-13.5741455227517	55
12.0843426397621	-13.5845546404427	55
12.0782953164045	-13.5948015975554	55
12.0723430632642	-13.6048874580374	55
12.0664852485416	-13.614813292598	55
12.0607212364453	-13.6245801787081	55
12.0550503871922	-13.6341892006003	55
12.0494720570075	-13.6436414492684	55
12.0439855981247	-13.6529380224681	55
12.0385903587853	-13.6620800247165	55
12.0332856832394	-13.6710685672924	55
12.028070911745	-13.679904768236	55
12.0229453805687	-13.6885897523492	55
12.0129593642769	-13.7055106030996	55
12.0033222446606	-13.7218402531899	55
11.9940285681481	-13.7375879444513	55
11.9850728172998	-13.7527630269002	55
11.9764494108083	-13.767374958738	55
11.9681527034979	-13.7814333063513	55
11.9601769863252	-13.7949477443117	55
11.9525164863787	-13.8079280553758	55
11.9451653668789	-13.8203841304856	55
11.9381177271784	-13.8323259687678	55
11.9313676027618	-13.8437636775345	55
11.9249089652456	-13.8547074722826	55
11.9187357223785	-13.8651676766943	55
11.912841718041	-13.8751547226368	55
11.9072207322458	-13.8846791501624	55
11.9018664811377	-13.8937516075084	55
11.8967726169931	-13.9023828510974	55
11.8896060035133	-13.9145262365972	55
11.8829889110886	-13.9257384863228	55
11.8768991078235	-13.9360572724174	55
11.8713140384911	-13.9455208147113	55
11.8662108245328	-13.9541678807217	55
11.860115943456	-13.9644952589401	55
11.8547805178688	-13.9735357867565	55
11.849092419298	-13.9831738939297	55
11.843555749273	-13.9925554147238	55
11.8380353142438	-14.0019094263455	55
11.8328577249037	-14.0106825086485	55
11.8277602454761	-14.0193175889437	55
11.822526736539	-14.0279657800735	55
11.8169021478973	-14.0369610509485	55
11.8113953074422	-14.0455564555963	55
11.8054784004199	-14.0546083699402	55
11.7996097054685	-14.0634295801521	55
11.7928113901344	-14.073480249455	55
11.7866544234552	-14.0824457839128	55
11.7798181417502	-14.0922642601847	55
11.7722645407659	-14.1029621867137	55
11.7661055619364	-14.1115777359425	55
11.7595052660396	-14.1207117505535	55
11.7524472756474	-14.1303734867141	55
11.7449151149367	-14.1405716499966	55
11.7368922096887	-14.1513143953787	55
11.7283618872897	-14.162609327243	55
11.7193073767305	-14.1744634993773	55
11.7129714941922	-14.1826802039506	55
11.7063901210126	-14.1911501523146	55
11.6995582151182	-14.1998750266326	55
11.6924707149998	-14.2088564003082	55
11.6851225397118	-14.2180957379856	55
11.6775085888726	-14.2275943955494	55
11.6696237426643	-14.237353620125	55
11.6614628618333	-14.2473745500779	55
11.6530207876894	-14.2576582150145	55
11.6442923421067	-14.2682055357815	55
11.635272327523	-14.2790173244663	55
11.62595552694	-14.2900942843965	55
11.6163367039232	-14.3014370101406	55
11.6064106026023	-14.3130459875074	55
11.5961719476705	-14.3249215935463	55
11.5856154443852	-14.337064096547	55
11.5747357785676	-14.3494736560401	55
11.5635276166027	-14.3621503227964	55
11.5519856054395	-14.3750940388273	55
11.5401043725908	-14.3883046373849	55
11.5278785261334	-14.4017818429615	55
11.5153026547079	-14.4155252712903	55
11.5023713275189	-14.4295344293445	55
11.4890790943346	-14.4438087153384	55
11.4754204854876	-14.4583474187264	55
11.4684520756048	-14.4657156751588	55
11.4613900118739	-14.4731497202036	55
11.4542336051201	-14.4806494344539	55
11.4469821649537	-14.4882146917056	55
11.4396349997704	-14.4958453589568	55
11.432191416751	-14.5035412964084	55
11.4246507218615	-14.5113023574637	55
11.4170122198535	-14.5191283887287	55
11.4092752142634	-14.5270192300117	55
11.4014390074132	-14.5349747143236	55
11.3935029004098	-14.542994667878	55
11.3854661931456	-14.5510789100908	55
11.3773281842981	-14.5592272535806	55
11.3690881713303	-14.5674395041684	55
11.3607454504901	-14.5757154608779	55
11.3522993168108	-14.5840549159352	55
11.3437490641109	-14.5924576547689	55
11.3350939849943	-14.6009234560102	55
11.32633337085	-14.6094520914929	55
11.3174665118522	-14.6180433262533	55
11.3084926969604	-14.6266969185301	55
11.2994112139195	-14.6354126197647	55
11.2902213492593	-14.6441901746009	55
11.2809223882952	-14.6530293208852	55
11.2715136151276	-14.6619297896663	55
11.2619943126423	-14.6708913051959	55
11.2523637625102	-14.6799135849279	55
11.2426212451876	-14.6889963395188	55
11.2327660399158	-14.6981392728277	55
11.2227974247216	-14.7073420819161	55
11.212714676417	-14.7166044570483	55
11.2025170705991	-14.7259260816907	55
11.1922038816503	-14.7353066325127	55
11.1817743827384	-14.7447457793859	55
11.1712278458163	-14.7542431853847	55
11.160563541622	-14.7637985067856	55
11.1497807396791	-14.7734113930682	55
11.1388787082961	-14.7830814869142	55
11.127856714567	-14.7928084242081	55
11.1167140243708	-14.8025918340366	55
11.105449902372	-14.8124313386893	55
11.0940636120202	-14.8223265536582	55
11.0825544155503	-14.8322770876377	55
11.0709215739822	-14.8422825425249	55
11.0591643471215	-14.8523425134194	55
11.0472819935587	-14.8624565886232	55
11.0352737706695	-14.8726243496411	55
11.0231389346152	-14.8828453711802	55
11.010876740342	-14.8931192211501	55
10.9984864415815	-14.9034454606632	55
10.9859672908505	-14.9138236440341	55
10.9733185394511	-14.9242533187803	55
10.9605394374704	-14.9347340256214	55
10.9476292337812	-14.94526529848	55
10.9345871760412	-14.9558466644809	55
10.9214125106933	-14.9664776439514	55
10.9081044829659	-14.9771577504217	55
10.8946623368724	-14.9878864906241	55
10.8810853152117	-14.9986633644938	55
10.8673726595677	-15.0094878651681	55
10.8535236103096	-15.0203594789874	55
10.8395374065921	-15.0312776854941	55
10.8254132863546	-15.0422419574335	55
10.8111504863224	-15.0532517607532	55
10.7967482420054	-15.0643065546034	55
10.7822057876993	-15.0754057913369	55
10.7675223564847	-15.086548916509	55
10.7526971802276	-15.0977353688776	55
10.7377294895791	-15.1089645804028	55
10.7226185139757	-15.1202359762478	55
10.7073634816391	-15.1315489747777	55
10.6919636195761	-15.1429029875607	55
10.6764181535789	-15.1542974193672	55
10.6607263082249	-15.1657316681701	55
10.6448873068769	-15.1772051251451	55
10.6289003716826	-15.1887171746703	55
10.6127647235752	-15.2002671943261	55
10.596479582273	-15.2118545548958	55
10.5800441662798	-15.2234786203651	55
10.5634576928843	-15.2351387479221	55
10.5467193781607	-15.2468342879577	55
10.5298284369683	-15.258564584065	55
10.5127840829516	-15.2703289730398	55
10.4955855285407	-15.2821267848806	55
10.4782319849504	-15.2939573427882	55
10.4607226621811	-15.3058199631659	55
10.4430567690185	-15.3177139556197	55
10.4252335130333	-15.3296386229582	55
10.4072521005815	-15.3415932611922	55
10.3891117368045	-15.3535771595353	55
10.3708116256288	-15.3655896004036	55
10.3523509697662	-15.3776298594156	55
10.3337289707136	-15.3896972053926	55
10.3149448287535	-15.4017909003581	55
10.2959977429532	-15.4139101995384	55
10.2768869111655	-15.4260543513621	55
10.2576115300285	-15.4382225974606	55
10.2381707949653	-15.4504141726676	55
10.2185639001845	-15.4626283050195	55
10.1987900386798	-15.4748642157551	55
10.1788484022301	-15.4871211193157	55
10.1587381813997	-15.4993982233454	55
10.138458565538	-15.5116947286906	55
10.1180087427797	-15.5240098294001	55
10.0973879000448	-15.5363427127257	55
10.0765952230384	-15.5486925591213	55
10.0556298962511	-15.5610585422434	55
10.0344911029583	-15.5734398289513	55
10.0131780252212	-15.5858355793066	55
9.99168984388577	-15.5982449465733	55
9.97002573858348	-15.6106670772184	55
9.94818488773096	-15.6231011109109	55
9.92616646853012	-15.6355461805227	55
9.90396965696807	-15.6480014121281	55
9.88159362781719	-15.6604659250038	55
9.85903755463512	-15.6729388316294	55
9.83630060976469	-15.6854192376867	55
9.81338196433403	-15.6979062420601	55
9.79028078825647	-15.7103989368366	55
9.76699625023062	-15.7228964073058	55
9.74352751774031	-15.7353977319595	55
9.7198737570546	-15.7479019824925	55
9.69603413322784	-15.7604082238018	55
9.67200781009957	-15.7729155139871	55
9.64779395029461	-15.7854229043504	55
9.62339171522301	-15.7979294393966	55
9.59880026508007	-15.8104341568328	55
9.57401875884632	-15.8229360875688	55
9.54904635428754	-15.8354342557169	55
9.52388220795475	-15.8479276785919	55
9.49852547518423	-15.8604153667112	55
9.47297531009748	-15.8728963237947	55
9.44723086560127	-15.8853695467647	55
9.42129129338757	-15.8978340257463	55
9.39515574393364	-15.910288744067	55
9.36882336650197	-15.9227326782567	55
9.34229330914027	-15.935164798048	55
9.31556471868151	-15.9475840663761	55
9.28863674074391	-15.9599894393784	55
9.26150851973093	-15.9723798663953	55
9.23417919883126	-15.9847542899692	55
9.20664792001885	-15.9971116458456	55
9.17891382405288	-16.0094508629721	55
9.15097605047779	-16.0217708634989	55
9.12283373762324	-16.034070562779	55
9.09448602260415	-16.0463488693676	55
9.06593204132069	-16.0586046850227	55
9.03717092845825	-16.0708369047046	55
9.00820181748748	-16.0830444165763	55
8.97902384066426	-16.0952261020032	55
8.94963612902974	-16.1073808355534	55
8.92003781241028	-16.1195074849974	55
8.8902280194175	-16.1316049113083	55
8.86020587744827	-16.1436719686617	55
8.82997051268468	-16.1557075044357	55
8.7995210500941	-16.167710359211	55
8.7688566134291	-16.1796793667707	55
8.73797632522754	-16.1916133541007	55
8.70687930681246	-16.2035111413892	55
8.67556467829222	-16.215371542027	55
8.64403155856036	-16.2271933626074	55
8.6122790652957	-16.2389754029262	55
8.58030631496228	-16.250716455982	55
8.5481124228094	-16.2624153079755	55
8.5156965028716	-16.2740707383103	55
8.48305766796866	-16.2856815195924	55
8.4501950297056	-16.2972464176303	55
8.41710769847269	-16.308764191435	55
8.38379478344543	-16.3202335932201	55
8.35025539258459	-16.3316533684018	55
8.31648863263616	-16.3430222555987	55
8.28249360913137	-16.3543389866319	55
8.24826942638672	-16.3656022865253	55
8.21381518750393	-16.3768108735051	55
8.17912999436996	-16.387963459	55
8.14421294765704	-16.3990587476414	55
8.10906314682261	-16.4100954372631	55
8.07367969010938	-16.4210722189015	55
8.03806167454529	-16.4319877767955	55
8.00220819594352	-16.4428407883866	55
7.96611834890251	-16.4536299243187	55
7.92979122680592	-16.4643538484384	55
7.89322592182268	-16.4750112177946	55
7.85642152490693	-16.4856006826391	55
7.81937712579809	-16.4961208864258	55
7.78209181302079	-16.5065704658114	55
7.74456467388493	-16.5169480506551	55
7.70679479448564	-16.5272522640186	55
7.66878125970329	-16.5374817221661	55
7.6305231532035	-16.5476350345644	55
7.59201955743713	-16.5577108038829	55
7.55326955364029	-16.5677076259933	55
7.51427222183433	-16.57762408997	55
7.47502664082583	-16.5874587780899	55
7.43553188820663	-16.5972102658324	55
7.3957870403538	-16.6068771218796	55
7.35579117242968	-16.6164579081158	55
7.31554335838182	-16.6259511796282	55
7.27504267094303	-16.6353554847063	55
7.23428818163135	-16.6446693648421	55
7.1932789607501	-16.6538913547304	55
7.15201407738779	-16.6630199822682	55
7.11049259941821	-16.6720537685554	55
7.06871359350039	-16.680991227894	55
7.02667612507859	-16.6898308677888	55
6.98437925838232	-16.6985711889472	55
6.94182205642633	-16.7072106852789	55
6.89900358101063	-16.7157478438963	55
6.85592289272044	-16.7241811451144	55
6.81257905092626	-16.7325090624504	55
6.76897111378381	-16.7407300626244	55
6.72509813823405	-16.7488426055588	55
6.6809591800032	-16.7568451443787	55
6.63655329360273	-16.7647361254116	55
6.59187953232931	-16.7725139881876	55
6.54693694826491	-16.7801771654393	55
6.5017245922767	-16.7877240831018	55
6.45624151401711	-16.7951531603128	55
6.41048676192381	-16.8024628094126	55
6.36445938321973	-16.8096514359438	55
6.31815842391301	-16.8167174386518	55
6.27158292879706	-16.8236592094844	55
6.22473194145052	-16.8304751335918	55
6.17760450423729	-16.837163589327	55
6.13019965830649	-16.8437229482453	55
6.08251644359249	-16.8501515751048	55
6.03455389881493	-16.8564478278658	55
5.98631106147865	-16.8626100576914	55
5.93778696787376	-16.8686366089471	55
5.88898065307562	-16.874525819201	55
5.8398911509448	-16.8802760192237	55
5.79051749412714	-16.8858855329882	55
5.74085871405372	-16.8913526776703	55
5.69091384094087	-16.8966757636482	55
5.64068190379014	-16.9018530945026	55
5.59016193038834	-16.9068829670166	55
5.53935294730753	-16.9117636711763	55
5.48825397990499	-16.9164934901698	55
5.43686405232326	-16.921070700388	55
5.38518218749012	-16.9254935714243	55
5.3332074071186	-16.9297603660747	55
5.28093873170696	-16.9338693403375	55
5.22837518053872	-16.9378187434139	55
5.17551577168261	-16.9416068177072	55
5.12235952199264	-16.9452317988235	55
5.06890544710806	-16.9486919155715	55
5.01515256145334	-16.9519853899623	55
4.9610998782382	-16.9551104372094	55
4.90674640945761	-16.9580652657291	55
4.8520911658918	-16.9608480771401	55
4.79713315710622	-16.9634570662636	55
4.74187139145155	-16.9658904211234	55
4.68630487606374	-16.9681463229459	55
4.63043261686399	-16.9702229461598	55
4.57425361855872	-16.9721184583966	55
4.5177668846396	-16.9738310204901	55
4.46097141738353	-16.9753587864768	55
4.4038662178527	-16.9766999035957	55
4.34645028589448	-16.9778525122883	55
4.28872262014154	-16.9788147461985	55
4.23068221801175	-16.979584732173	55
4.17232807570825	-16.9801605902609	55
4.11365918821941	-16.9805404337138	55
4.05467454931884	-16.9807223689859	55
3.99537315156542	-16.9807044957339	55
3.93575398630324	-16.980484906817	55
3.87581604366166	-16.9800616882969	55
3.81555831255525	-16.979432919438	55
3.75497978068386	-16.9785966727072	55
3.69407943453256	-16.9775510137736	55
3.63285625937167	-16.9762940015094	55
3.57130923925676	-16.9748236879888	55
3.50943735702863	-16.9731381184889	55
3.44723959431333	-16.971235331489	55
3.38471493152215	-16.9691133586714	55
3.32186234785164	-16.9667702249204	55
3.25868082128357	-16.9642039483233	55
3.19516932858496	-16.9614125401696	55
3.13132684530808	-16.9583940049514	55
3.06715234579044	-16.9551463403635	55
3.00264480315479	-16.9516675373031	55
2.93780318930912	-16.9479555798699	55
2.87262647494669	-16.9440084453662	55
2.80711362954596	-16.9398241042968	55
2.74126362137066	-16.9354005203691	55
2.67507541746977	-16.9307356504929	55
2.60854798367749	-16.9258274447807	55
2.54168028461327	-16.9206738465474	55
2.47447128368183	-16.9152727923105	55
2.40691994307309	-16.90962221179	55
2.33902522376225	-16.9037200279084	55
2.27078608550973	-16.8975641567908	55
2.20220148686121	-16.8911525077648	55
2.13327038514758	-16.8844829833606	55
2.06399173648503	-16.8775534793108	55
1.99436449577494	-16.8703618845506	55
1.92438761670397	-16.8629060812178	55
1.85406005174399	-16.8551839446526	55
1.78338075215214	-16.8471933433979	55
1.71234866797079	-16.8389321391989	55
1.64096274802756	-16.8303981870035	55
1.56922193993531	-16.8215893349622	55
1.49712519009214	-16.8125034244278	55
1.42467144368141	-16.8031382899558	55
1.3518596446717	-16.7934917593043	55
1.27868873581684	-16.7835616534336	55
1.20515765865591	-16.7733457865071	55
