1.20515765865591	-17.0929999570693	44.5
1.1921002262679	-17.0911020655157	44.5
1.17906126073989	-17.0890811966738	44.5
1.16604192026819	-17.0869375300489	44.5
1.1530433613059	-17.0846712560538	44.5
1.14006673846019	-17.0822825759922	44.5
1.12711320438973	-17.0797717020403	44.5
1.11418390970232	-17.0771388572286	44.5
1.10128000285266	-17.0743842754215	44.5
1.08840263004038	-17.0715082012969	44.5
1.07555293510818	-17.0685108903243	44.5
1.06273205944027	-17.0653926087423	44.5
1.04994114186096	-17.0621536335345	44.5
1.03718131853351	-17.0587942524057	44.5
1.0244537228592	-17.0553147637553	44.5
1.01175948537667	-17.0517154766518	44.5
0.999099733661496	-17.0479967108045	44.5
0.986475592226023	-17.0441587965358	44.5
0.973888182419488	-17.0402020747514	44.5
0.961338622328412	-17.0361268969102	44.5
0.948828026677284	-17.0319336249931	44.5
0.93635750672955	-17.0276226314707	44.5
0.923928170188894	-17.0231942992705	44.5
0.911541121100857	-17.0186490217424	44.5
0.899197459754763	-17.0139872026243	44.5
0.886898282585984	-17.009209256006	44.5
0.874644682078551	-17.0043156062922	44.5
0.862437746668113	-16.9993066881653	44.5
0.850278560645255	-16.9941829465463	44.5
0.838168204059185	-16.9889448365556	44.5
0.826107752621798	-16.9835928234723	44.5
0.814098277612126	-16.9781273826933	44.5
0.802140845781179	-16.9725489996906	44.5
0.790236519257192	-16.9668581699684	44.5
0.778386355451278	-16.9610553990191	44.5
0.766591406963504	-16.9551412022784	44.5
0.754852721489397	-16.9491161050795	44.5
0.743171341726873	-16.9429806426062	44.5
0.731548305283626	-16.936735359846	44.5
0.719984644584959	-16.9303808115408	44.5
0.708481386782077	-16.9239175621384	44.5
0.69703955366085	-16.9173461857421	44.5
0.685660161551056	-16.9106672660593	44.5
0.674344221236097	-16.9038813963505	44.5
0.663092737863223	-16.8969891793758	44.5
0.651906710854243	-16.8899912273417	44.5
0.640787133816756	-16.8828881618469	44.5
0.629734994455888	-16.8756806138266	44.5
0.618751274486562	-16.868369223497	44.5
0.607836949546295	-16.860954640298	44.5
0.596992989108535	-16.8534375228357	44.5
0.58622035639655	-16.8458185388241	44.5
0.575520008297866	-16.8380983650253	44.5
0.56489289527927	-16.8302776871898	44.5
0.554339961302389	-16.8223571999954	44.5
0.543862143739837	-16.8143376069856	44.5
0.533460373291951	-16.806219620507	44.5
0.52313557390413	-16.7980039616462	44.5
0.512888662684753	-16.7896913601654	44.5
0.502720549823722	-16.7812825544379	44.5
0.492632138511617	-16.7727782913826	44.5
0.48262432485946	-16.7641793263971	44.5
0.472697997819128	-16.7554864232914	44.5
0.462854039104383	-16.7467003542194	44.5
0.453093323112557	-16.7378218996104	44.5
0.443416716846881	-16.7288518481002	44.5
0.433825079839476	-16.7197909964606	44.5
0.424319264074999	-16.7106401495288	44.5
0.414900113914972	-16.701400120136	44.5
0.405568466022772	-16.692071729035	44.5
0.396325149289324	-16.6826558048275	44.5
0.387170984759465	-16.6731531838903	44.5
0.378106785559018	-16.663564710301	44.5
0.369133356822567	-16.6538912357635	44.5
0.360251495621938	-16.6441336195316	44.5
0.351461990895397	-16.6342927283332	44.5
0.342765623377577	-16.6243694362931	44.5
0.334163165530124	-16.6143646248556	44.5
0.325655381473085	-16.6042791827059	44.5
0.317243026917031	-16.5941140056912	44.5
0.308926849095936	-16.5838699967414	44.5
0.300707586700799	-16.5735480657885	44.5
0.29258596981403	-16.5631491296861	44.5
0.284562719844602	-16.5526741121279	44.5
0.276638549463967	-16.5421239435655	44.5
0.268814162542757	-16.5314995611258	44.5
0.261090254088261	-16.520801908528	44.5
0.253467510182687	-16.5100319359994	44.5
0.245946607922224	-16.4991906001912	44.5
0.238528215356898	-16.4882788640937	44.5
0.231212991431231	-16.4772976969501	44.5
0.224001585925709	-16.4662480741714	44.5
0.216894639399065	-16.4551309772489	44.5
0.209892783131384	-16.4439473936675	44.5
0.202996639068025	-16.4326983168176	44.5
0.196206819764377	-16.4213847459074	44.5
0.189523928331451	-16.4100076858736	44.5
0.182948558382305	-16.3985681472925	44.5
0.176481293979317	-16.38706714629	44.5
0.170122709582305	-16.3755057044516	44.5
0.163873369997502	-16.3638848487314	44.5
0.157733830327385	-16.3522056113609	44.5
0.151704635921365	-16.3404690297576	44.5
0.145786322327352	-16.3286761464325	44.5
0.13997941524418	-16.3168280088977	44.5
0.13428443047491	-16.3049256695732	44.5
0.128701873881021	-16.2929701856937	44.5
0.123232241337467	-16.2809626192144	44.5
0.117876018688636	-16.2689040367167	44.5
0.112633681705195	-16.2567955093137	44.5
0.107505696041827	-16.2446381125549	44.5
0.102492517195868	-16.2324329263303	44.5
0.0975945904668494	-16.2201810347754	44.5
0.092812350916945	-16.2078835261739	44.5
0.0881462233323225	-16.1955414928616	44.5
0.0835966221854134	-16.1831560311294	44.5
0.0791639515980986	-16.1707282411255	44.5
0.0748486053058095	-16.1582592267581	44.5
0.0706509666225552	-16.1457500955972	44.5
0.0665714084068756	-16.133201958776	44.5
0.0626102930287189	-16.1206159308928	44.5
0.0587679723372567	-16.1079931299112	44.5
0.0550447876296305	-16.0953346770614	44.5
0.0514410696206324	-16.0826416967405	44.5
0.0479571384133337	-16.0699153164122	44.5
0.0445933034706494	-16.0571566665073	44.5
0.0413498635878478	-16.0443668803229	44.5
0.0382271068660136	-16.0315470939217	44.5
0.0352253106864557	-16.0186984460312	44.5
0.0323447416860667	-16.0058220779427	44.5
0.0295856557336409	-15.9929191334096	44.5
0.0269482979071465	-15.9799907585461	44.5
0.0244329024719545	-15.9670381017252	44.5
0.0220396928600322	-15.9540623134766	44.5
0.0197688816500947	-15.9410645463851	44.5
0.0176206705487241	-15.9280459549874	44.5
0.0155952503724512	-15.9150076956701	44.5
0.0136928010308077	-15.9019509265667	44.5
0.0119134915103438	-15.888876807455	44.5
0.0102574798596196	-15.8757864996538	44.5
0.00872491317516499	-15.86268116592	44.5
0.00731592758841448	-15.8495619703451	44.5
0.00603064825361477	-15.8364300782518	44.5
0.00486918933670766	-15.8232866560909	44.5
0.00383165400519014	-15.8101328713369	44.5
0.00291813441894928	-15.7969698923853	44.5
0.00212871172207718	-15.7837988884477	44.5
0.00146345603566189	-15.7706210294491	44.5
0.000922426451560376	-15.7574374859229	44.5
0.000505671027148269	-15.7442494289079	44.5
0.000213226781052178	-15.7310580298433	44.5
4.51196898612061e-05	-15.7178644604657	44.5
1.36468581879434e-06	-15.7046698927041	44.5
8.19656554977843e-05	-15.6914754985762	44.5
0.000286915439454027	-15.6782824500846	44.5
0.000616195832862321	-15.665091919112	44.5
0.00106977758713445	-15.6519050773176	44.5
0.00164762041251598	-15.6387230960331	44.5
0.00234967298166655	-15.6255471461582	44.5
0.00317587293421751	-15.6123783980569	44.5
0.00412614688231172	-15.5992180214536	44.5
0.00520041041712238	-15.586067185329	44.5
0.0063985681163512	-15.5729270578165	44.5
0.0077205135527032	-15.5597988060982	44.5
0.00916612930334137	-15.5466835963012	44.5
0.0107352869603157	-15.5335825933944	44.5
0.0124278471419703	-15.5204969610846	44.5
0.0142436595053232	-15.5074278617133	44.5
0.0161825627594212	-15.4943764561534	44.5
0.0182443846796663	-15.4813439037063	44.5
0.0204289421231139	-15.4683313619987	44.5
0.0227360410447399	-15.4553399868797	44.5
0.0251654765146794	-15.4423709323184	44.5
0.027717032736426	-15.4294253503012	44.5
0.0303904830660027	-15.4165043907295	44.5
0.0331855900320932	-15.4036092013178	44.5
0.0361021053571353	-15.3907409274912	44.5
0.0391397699793739	-15.3779007122843	44.5
0.0422983140758735	-15.3650896962392	44.5
0.0455774570864844	-15.3523090173045	44.5
0.0489769077387636	-15.3395598107339	44.5
0.0524963640738492	-15.3268432089857	44.5
0.0561355134732786	-15.314160341622	44.5
0.0598940326867607	-15.3015123352084	44.5
0.0637715878608871	-15.288900313214	44.5
0.0677678345687862	-15.2763253959114	44.5
0.0718824178407191	-15.2637887002776	44.5
0.0761149721956089	-15.2512913398943	44.5
0.0804651216735039	-15.2388344248494	44.5
0.0849324798689752	-15.226419061638	44.5
0.0895166499654372	-15.2140463530645	44.5
0.0942172247703952	-15.2017173981445	44.5
0.0990337867516162	-15.189433292007	44.5
0.103965908074216	-15.1771951257973	44.5
0.109013150638659	-15.1650039865802	44.5
0.114175066119678	-15.152860957243	44.5
0.119451196006093	-15.1407671163999	44.5
0.12484107164154	-15.1287235382957	44.5
0.130344214266102	-15.1167312927107	44.5
0.135960135058829	-15.1047914448655	44.5
0.141688335181166	-15.0929050553264	44.5
0.147528305821256	-15.0810731799113	44.5
0.153479528239141	-15.0692968695957	44.5
0.159541473812834	-15.0575771704196	44.5
0.165713604085278	-15.0459151233944	44.5
0.171995370812176	-15.0343117644107	44.5
0.178386216010683	-15.0227681241458	44.5
0.184885572008979	-15.0112852279726	44.5
0.191492861496682	-14.9998640958683	44.5
0.198207497576137	-14.988505742324	44.5
0.205028883814541	-14.9772111762543	44.5
0.211956414296929	-14.9659814009078	44.5
0.218989473679986	-14.9548174137782	44.5
0.226127437246711	-14.9437202065152	44.5
0.23336967096191	-14.9326907648371	44.5
0.240715531528507	-14.9217300684426	44.5
0.248164366444694	-14.9108390909241	44.5
0.255715514061882	-14.9000187996812	44.5
0.263368303643479	-14.8892701558349	44.5
0.271122055424464	-14.8785941141416	44.5
0.278976080671773	-14.8679916229093	44.5
0.286929681745469	-14.8574636239125	44.5
0.294982152160717	-14.8470110523089	44.5
0.303132776650534	-14.8366348365564	44.5
0.311380831229325	-14.8263358983304	44.5
0.319725583257192	-14.8161151524423	44.5
0.328166291505009	-14.8059735067577	44.5
0.336702206220264	-14.7959118621162	44.5
0.345332569193658	-14.7859311122514	44.5
0.354056613826449	-14.7760321437111	44.5
0.36287356519855	-14.7662158357789	44.5
0.371782640137358	-14.7564830603962	44.5
0.380783047287326	-14.7468346820842	44.5
0.389873987180249	-14.7372715578677	44.5
0.399054652306279	-14.7277945371987	44.5
0.408324227185659	-14.718404461881	44.5
0.417681888441149	-14.7091021659953	44.5
0.42712680487117	-14.6998884758254	44.5
0.436658137523632	-14.6907642097845	44.5
0.446275039770459	-14.6817301783427	44.5
0.455976657382787	-14.6727871839549	44.5
0.465762128606844	-14.6639360209895	44.5
0.475630584240495	-14.655177475658	44.5
0.485581147710451	-14.6465123259451	44.5
0.495612935150129	-14.6379413415395	44.5
0.505725055478162	-14.6294652837655	44.5
0.515916610477557	-14.6210849055156	44.5
0.526186694875468	-14.6128009511835	44.5
0.536534396423616	-14.6046141565979	44.5
0.546958795979319	-14.5965252489572	44.5
0.557458967587131	-14.5885349467649	44.5
0.568033978561101	-14.580643959766	44.5
0.578682889567606	-14.5728529888835	44.5
0.589404754708796	-14.5651627261564	44.5
0.600198621606618	-14.5575738546785	44.5
0.6110635314874	-14.5500870485371	44.5
0.621998519267024	-14.5427029727536	44.5
0.63300261363665	-14.5354222832243	44.5
0.64407483714899	-14.5282456266623	44.5
0.655214206305128	-14.5211736405396	44.5
0.666419731641889	-14.5142069530309	44.5
0.67769041781972	-14.5073461829576	44.5
0.689025263711106	-14.5005919397332	44.5
0.700423262489498	-14.4939448233084	44.5
0.711883401718738	-14.4874054241186	44.5
0.723404663442996	-14.4809743230311	44.5
0.73498602427719	-14.4746520912934	44.5
0.746626455497885	-14.4684392904828	44.5
0.758324923134673	-14.462336472456	44.5
0.770080388062019	-14.4563441793007	44.5
0.781891806091557	-14.4504629432871	44.5
0.793758128064839	-14.4446932868204	44.5
0.805678299946539	-14.439035722395	44.5
0.817651262918066	-14.4334907525485	44.5
0.829675953471618	-14.428058869817	44.5
0.841751303504655	-14.422740556692	44.5
0.853876240414764	-14.4175362855765	44.5
0.866049687194941	-14.4124465187443	44.5
0.878270562529257	-14.4074717082976	44.5
0.890537780888901	-14.4026122961281	44.5
0.902850252628607	-14.3978687138767	44.5
0.915206884083446	-14.3932413828959	44.5
0.927606577665962	-14.3887307142119	44.5
0.940048231963676	-14.3843371084885	44.5
0.952530741836914	-14.3800609559911	44.5
0.965052998516975	-14.3759026365522	44.5
0.977613889704614	-14.371862519538	44.5
0.990212299668849	-14.3679409638148	44.5
1.00284710934606	-14.364138317718	44.5
1.0155171964394	-14.3604549190206	44.5
1.02822143551847	-14.3568910949034	44.5
1.04095869811929	-14.3534471619258	44.5
1.05372785284457	-14.3501234259978	44.5
1.06652776546413	-14.3469201823529	44.5
1.07935729901573	-14.3438377155218	44.5
1.09221531390603	-14.3408762993069	44.5
1.10510066801178	-14.3380361967584	44.5
1.11801221678134	-14.3353176601506	44.5
1.13094881333629	-14.3327209309596	44.5
1.14390930857332	-14.330246239842	44.5
1.1568925512663	-14.327893806614	44.5
1.16989738816855	-14.3256638402325	44.5
1.18292266411526	-14.323556538776	44.5
1.1959672221261	-14.321572089427	44.5
1.2203180778371	-14.3181112450854	44.5
1.23547638543599	-14.3159584992588	44.5
1.25063258145259	-14.3137911271131	44.5
1.2657866658869	-14.3116091286483	44.5
1.28093863873891	-14.3094125038644	44.5
1.29608850000863	-14.3072012527614	44.5
1.31123624969606	-14.3049753753392	44.5
1.32638188780119	-14.3027348715979	44.5
1.34152541432403	-14.3004797415376	44.5
1.35666682926458	-14.2982099851581	44.5
1.37180613262284	-14.2959256024595	44.5
1.3869433243988	-14.2936265934418	44.5
1.40207840459246	-14.291312958105	44.5
1.41721137320384	-14.2889846964491	44.5
1.43234223023292	-14.286641808474	44.5
1.44747097567971	-14.2842842941799	44.5
1.4625976095442	-14.2819121535666	44.5
1.4777221318264	-14.2795253866343	44.5
1.49284454252631	-14.2771239933828	44.5
1.50796484164392	-14.2747079738122	44.5
1.52308302917924	-14.2722773279225	44.5
1.53819910513227	-14.2698320557137	44.5
1.55331306950301	-14.2673721571858	44.5
1.56842492229145	-14.2648976323388	44.5
1.58353466349759	-14.2624084811726	44.5
1.59864229312145	-14.2599047036874	44.5
1.61374781116301	-14.257386299883	44.5
1.62885121762228	-14.2548532697596	44.5
1.64395251249925	-14.252305613317	44.5
1.65905169579393	-14.2497433305553	44.5
1.67414876750632	-14.2471664214745	44.5
1.68924372763641	-14.2445748860746	44.5
1.70433657618421	-14.2419687243556	44.5
1.71942731314972	-14.2393479363175	44.5
1.73451593853294	-14.2367125219602	44.5
1.74960245233386	-14.2340624812839	44.5
1.76468685455248	-14.2313978142884	44.5
1.77976914518882	-14.2287185209738	44.5
1.79484932424286	-14.2260246013401	44.5
1.80992739171461	-14.2233160553874	44.5
1.82500334760406	-14.2205928831155	44.5
1.84007719191122	-14.2178550845244	44.5
1.85514892463609	-14.2151026596143	44.5
1.87021854577866	-14.2123356083851	44.5
1.88528605533895	-14.2095539308367	44.5
1.90035145331693	-14.2067576269693	44.5
1.91541473971263	-14.2039466967827	44.5
1.93047591452603	-14.201121140277	44.5
1.94553497775714	-14.1982809574523	44.5
1.96059192940595	-14.1954261483084	44.5
1.97564676947247	-14.1925567128454	44.5
1.9906994979567	-14.1896726510632	44.5
2.00575011485863	-14.186773962962	44.5
2.02079862017828	-14.1838606485417	44.5
2.03584501391562	-14.1809327078022	44.5
2.05088929607068	-14.1779901407437	44.5
2.06593146664344	-14.175032947366	44.5
2.08097152563391	-14.1720611276692	44.5
2.09600947304208	-14.1690746816533	44.5
2.11104530886796	-14.1660736093183	44.5
2.12607903311155	-14.1630579106642	44.5
2.14111064577284	-14.160027585691	44.5
2.15614014685185	-14.1569826343987	44.5
2.17116753634855	-14.1539230567872	44.5
2.18619281426297	-14.1508488528567	44.5
2.20121598059509	-14.147760022607	44.5
2.21623703534492	-14.1446565660382	44.5
2.23125597851245	-14.1415384831503	44.5
2.24627281009769	-14.1384057739433	44.5
2.26128753010064	-14.1352584384172	44.5
2.27630013852129	-14.132096476572	44.5
2.29131063535966	-14.1289198884077	44.5
2.30631902061572	-14.1257286739243	44.5
2.3213252942895	-14.1225228331217	44.5
2.33632945638098	-14.1193023660001	44.5
2.35133150689017	-14.1160672725593	44.5
2.36633144581706	-14.1128175527994	44.5
2.38132927316166	-14.1095532067204	44.5
2.39632498892397	-14.1062742343223	44.5
2.41131859310399	-14.1029806356051	44.5
2.42631008570171	-14.0996724105688	44.5
2.44129946671714	-14.0963495592134	44.5
2.45628673615027	-14.0930120815388	44.5
2.47127189400111	-14.0896599775452	44.5
2.48625494026966	-14.0862932472324	44.5
2.50123587495591	-14.0829118906006	44.5
2.51621469805987	-14.0795159076496	44.5
2.53119140958154	-14.0761052983795	44.5
2.54616600952092	-14.0726800627903	44.5
2.561138497878	-14.069240200882	44.5
2.57610887465279	-14.0657857126545	44.5
2.59107713984528	-14.062316598108	44.5
2.60604329345548	-14.0588328572424	44.5
2.62100733548339	-14.0553344900576	44.5
2.63596926592901	-14.0518214965537	44.5
2.65092908479233	-14.0482938767308	44.5
2.66588679207336	-14.0447516305887	44.5
2.68084238777209	-14.0411947581275	44.5
2.69579587188853	-14.0376232593472	44.5
2.71074724442268	-14.0340371342478	44.5
2.72569650537454	-14.0304363828292	44.5
2.7406436547441	-14.0268210050916	44.5
2.75558869253137	-14.0231910010349	44.5
2.77053161873634	-14.019546370659	44.5
2.78547243335902	-14.015887113964	44.5
2.80041113639941	-14.01221323095	44.5
2.8153477278575	-14.0085247216168	44.5
2.83028220773331	-14.0048215859645	44.5
2.84521457602681	-14.0011038239931	44.5
2.86014483273803	-13.9973714357025	44.5
2.87507297786695	-13.9936244210929	44.5
2.88999901141358	-13.9898627801642	44.5
2.90492293337791	-13.9860865129163	44.5
2.91984474375996	-13.9822956193494	44.5
2.9347644425597	-13.9784900994633	44.5
2.94968202977716	-13.9746699532581	44.5
2.96459750541232	-13.9708351807338	44.5
2.97951086946519	-13.9669857818904	44.5
2.99442212193576	-13.9631217567279	44.5
3.00933126282404	-13.9592431052463	44.5
3.02423829213003	-13.9553498274455	44.5
3.03914320985373	-13.9514419233257	44.5
3.05404601599513	-13.9475193928867	44.5
3.06894671055424	-13.9435822361286	44.5
3.08384529353105	-13.9396304530515	44.5
3.09874176492557	-13.9356640436552	44.5
3.1136361247378	-13.9316830079398	44.5
3.12852837296774	-13.9276873459053	44.5
3.14341850961538	-13.9236770575517	44.5
3.15830653468073	-13.9196521428789	44.5
3.17319244816378	-13.9156126018871	44.5
3.18807625006455	-13.9115584345761	44.5
3.20295794038301	-13.9074896409461	44.5
3.21783751911919	-13.9034062209969	44.5
3.23271498627307	-13.8993081747286	44.5
3.24759034184466	-13.8951955021412	44.5
3.26246358583395	-13.8910682032347	44.5
3.27733471824096	-13.8869262780091	44.5
3.29220373906566	-13.8827697264644	44.5
3.30707064830808	-13.8785985486006	44.5
3.3219354459682	-13.8744127444176	44.5
3.33679813204603	-13.8702123139156	44.5
3.35165870654156	-13.8659972570944	44.5
3.36651716945481	-13.8617675739541	44.5
3.38137352078575	-13.8575232644948	44.5
3.39622776053441	-13.8532643287163	44.5
3.41107988870077	-13.8489907666186	44.5
3.42592990528484	-13.8447025782019	44.5
3.44077781028662	-13.8403997634661	44.5
3.4556236037061	-13.8360823224112	44.5
3.47046728554329	-13.8317502550371	44.5
3.48530885579818	-13.827403561344	44.5
3.50014831447078	-13.8230422413317	44.5
3.51498566156109	-13.8186662950003	44.5
3.52982089706911	-13.8142757223498	44.5
3.54465402099483	-13.8098705233802	44.5
3.55948503333826	-13.8054506980915	44.5
3.57431393409939	-13.8010162464837	44.5
3.58914072327823	-13.7965671685568	44.5
3.60396540087478	-13.7921034643107	44.5
3.61878796688904	-13.7876251337456	44.5
3.633608421321	-13.7831321768613	44.5
3.64842676417067	-13.7786245936579	44.5
3.66324299543804	-13.7741023841355	44.5
3.67805711512313	-13.7695655482939	44.5
3.69286912322592	-13.7650140861332	44.5
3.70767901974641	-13.7604479976534	44.5
3.72248680468461	-13.7558672828544	44.5
3.73729247804052	-13.7512719417364	44.5
3.75209603981414	-13.7466619742992	44.5
3.76689749000546	-13.742037380543	44.5
3.78169682861449	-13.7373981604676	44.5
3.79649405564122	-13.7327443140732	44.5
3.81128917108567	-13.7280758413596	44.5
3.82608217494781	-13.7233927423269	44.5
3.84087306722767	-13.7186950169751	44.5
3.85566184792523	-13.7139826653041	44.5
3.8704485170405	-13.7092556873141	44.5
3.88523307457348	-13.704514083005	44.5
3.90001552052416	-13.6997578523767	44.5
3.91479585489255	-13.6949869954294	44.5
3.92957407767864	-13.6902015121629	44.5
3.94435018888244	-13.6854014025773	44.5
3.95912418850395	-13.6805866666726	44.5
3.97389607654317	-13.6757573044488	44.5
3.98866585300009	-13.6709133159059	44.5
4.00343351787472	-13.6660547010439	44.5
4.01819907116706	-13.6611814598628	44.5
4.0329625128771	-13.6562935923625	44.5
4.04772384300485	-13.6513910985432	44.5
4.0624830615503	-13.6464739784047	44.5
4.07724016851346	-13.6415422319471	44.5
4.09199516389433	-13.6365958591704	44.5
4.10674804769291	-13.6316348600746	44.5
4.12149881990919	-13.6266592346597	44.5
4.13624748054318	-13.6216689829257	44.5
4.15099402959488	-13.6166641048726	44.5
4.16573846706428	-13.6116446005004	44.5
4.18048079295139	-13.606610469809	44.5
4.1952210072562	-13.6015617127985	44.5
4.20995910997872	-13.596498329469	44.5
4.22469510111895	-13.5914203198203	44.5
4.23942898067689	-13.5863276838525	44.5
4.25416074865253	-13.5812204215656	44.5
4.26889040504588	-13.5760985329596	44.5
4.28361794985694	-13.5709620180345	44.5
4.2983433830857	-13.5658108767903	44.5
4.31306670473217	-13.5606451092269	44.5
4.32778791479634	-13.5554647153445	44.5
4.34250701327823	-13.5502696951429	44.5
4.35722400017781	-13.5450600486222	44.5
4.37193887549511	-13.5398357757825	44.5
4.38665163923011	-13.5345968766236	44.5
4.40136229138282	-13.5293433511456	44.5
4.41607083195324	-13.5240751993484	44.5
4.43077726094136	-13.5187924212322	44.5
4.44548157834719	-13.5134950167969	44.5
4.46018378417072	-13.5081829860424	44.5
4.47488387841197	-13.5028563289689	44.5
4.48958186107092	-13.4975150455762	44.5
4.50427773214757	-13.4921591358644	44.5
4.51897149164193	-13.4867885998336	44.5
4.533663139554	-13.4814034374836	44.5
4.54835267588378	-13.4760036488145	44.5
4.56304010063126	-13.4705892338262	44.5
4.57772541379645	-13.4651601925189	44.5
4.59240861537935	-13.4597165248925	44.5
4.60708970537995	-13.4542582309469	44.5
4.62176868379826	-13.4487853106823	44.5
4.63644555063428	-13.4432977640985	44.5
4.651120305888	-13.4377955911956	44.5
4.66579294955943	-13.4322787919736	44.5
4.68046348164856	-13.4267473664325	44.5
4.69513190215541	-13.4212013145723	44.5
4.70979821107995	-13.415640636393	44.5
4.72446240842221	-13.4100653318946	44.5
4.73912449418217	-13.404475401077	44.5
4.75378446835984	-13.3988708439404	44.5
4.76844233095522	-13.3932516604846	44.5
4.7830980819683	-13.3876178507097	44.5
4.79775172139909	-13.3819694146157	44.5
4.81240324924759	-13.3763063522026	44.5
4.82705266551379	-13.3706286634704	44.5
4.8416999701977	-13.3649363484191	44.5
4.85634516329931	-13.3592294070487	44.5
4.87098824481864	-13.3535078393592	44.5
4.88562921475567	-13.3477716453505	44.5
4.9002680731104	-13.3420208250228	44.5
4.91490481988284	-13.3362553783759	44.5
4.92953945507299	-13.3304753054099	44.5
4.94417197868085	-13.3246806061248	44.5
4.95880239070641	-13.3188712805206	44.5
4.97343069114968	-13.3130473285973	44.5
4.98805688001066	-13.3072087503549	44.5
5.00268095728934	-13.3013555457934	44.5
5.01730292298573	-13.2954877149127	44.5
5.03192277709983	-13.289605257713	44.5
5.04654051963163	-13.2837081741941	44.5
5.06115615058114	-13.2777964643562	44.5
5.07576966994835	-13.2718701281991	44.5
5.09038107773328	-13.2659291657229	44.5
5.10499037393591	-13.2599735769276	44.5
5.11959755855624	-13.2540033618132	44.5
5.13420263159429	-13.2480185203796	44.5
5.14880559305004	-13.242019052627	44.5
5.16340644292349	-13.2360049585553	44.5
5.17800518121466	-13.2299762381644	44.5
5.19260180792352	-13.2239328914544	44.5
5.2071963230501	-13.2178749184254	44.5
5.22178872659438	-13.2118023190772	44.5
5.23637901855637	-13.2057150934099	44.5
5.25096719893607	-13.1996132414235	44.5
5.26555326773347	-13.193496763118	44.5
5.28013722494858	-13.1873656584933	44.5
5.2947190705814	-13.1812199275496	44.5
5.30929880463192	-13.1750595702867	44.5
5.32387642710015	-13.1688845867048	44.5
5.33845193798609	-13.1626949768037	44.5
5.35302533728973	-13.1564907405835	44.5
5.36759662501108	-13.1502718780442	44.5
5.38216580115014	-13.1440383891858	44.5
5.3967328657069	-13.1377902740083	44.5
5.41129781868137	-13.1315275325117	44.5
5.42586066007354	-13.125250164696	44.5
5.44042138988343	-13.1189581705611	44.5
5.45498000811102	-13.1126515501072	44.5
5.46953651475631	-13.1063303033341	44.5
5.48409090981932	-13.099994430242	44.5
5.49864319330003	-13.0936439308307	44.5
5.51319336519844	-13.0872788051003	44.5
5.52774142551457	-13.0808990530508	44.5
5.5422873742484	-13.0745046746822	44.5
5.55683121139993	-13.0680956699944	44.5
5.57137293696918	-13.0616720389876	44.5
5.58591255095612	-13.0552337816617	44.5
5.60045005336078	-13.0487808980166	44.5
5.61498544418314	-13.0423133880524	44.5
5.62951872342321	-13.0358312517692	44.5
5.64404989108099	-13.0293344891668	44.5
5.65857894715647	-13.0228231002453	44.5
5.67310589164966	-13.0162970850047	44.5
5.68763072456056	-13.0097564434449	44.5
5.70215344588916	-13.0032011755661	44.5
5.71667405563547	-12.9966312813682	44.5
5.73119255379949	-12.9900467608511	44.5
5.74570894038121	-12.983447614015	44.5
5.76022321538064	-12.9768338408597	44.5
5.77473537879778	-12.9702054413853	44.5
5.78924543063262	-12.9635624155918	44.5
5.80375337088517	-12.9569047634792	44.5
5.81825919955543	-12.9502324850475	44.5
5.83276291664339	-12.9435455802967	44.5
5.84726452214906	-12.9368440492267	44.5
5.86176401607244	-12.9301278918377	44.5
5.87626139841352	-12.9233971081295	44.5
5.89075666917231	-12.9166516981023	44.5
5.90524982834881	-12.9098916617559	44.5
5.91974087594301	-12.9031169990904	44.5
5.93422981195492	-12.8963277101058	44.5
5.94871663638454	-12.8895237948021	44.5
5.96320134923186	-12.8827052531793	44.5
5.97768395049689	-12.8758720852374	44.5
5.99216444017963	-12.8690242909763	44.5
6.00664281828007	-12.8621618703962	44.5
6.02111908479822	-12.8552848234969	44.5
6.03559323973408	-12.8483931502786	44.5
6.05006528308764	-12.8414868507411	44.5
6.06453521485891	-12.8345659248845	44.5
6.07900303504789	-12.8276303727088	44.5
6.09346874365457	-12.820680194214	44.5
6.10793234067896	-12.8137153894001	44.5
6.12239382612106	-12.806735958267	44.5
6.13685319998086	-12.7997419008149	44.5
6.15131046225837	-12.7927332170436	44.5
6.16576561295359	-12.7857099069533	44.5
6.18021865206651	-12.7786719705438	44.5
6.19466957959714	-12.7716194078152	44.5
6.20911839554548	-12.7645522187675	44.5
6.22356509991152	-12.7574704034007	44.5
6.23800969269527	-12.7503739617148	44.5
6.25245217389673	-12.7432628937098	44.5
6.26689254351589	-12.7361371993857	44.5
6.28133080155276	-12.7289968787424	44.5
6.29576694800734	-12.72184193178	44.5
6.31020098287962	-12.7146723584986	44.5
6.32463290616961	-12.707488158898	44.5
6.33906271787731	-12.7002893329783	44.5
6.35349041800271	-12.6930758807395	44.5
6.36791600654582	-12.6858478021816	44.5
6.38233948350664	-12.6786050973046	44.5
6.39676084888516	-12.6713477661085	44.5
6.41118010268139	-12.6640758085932	44.5
6.42559724489533	-12.6567892247589	44.5
6.44001227552697	-12.6494880146054	44.5
6.45442519457633	-12.6421721781329	44.5
6.46883600204338	-12.6348417153412	44.5
6.48324469792815	-12.6274966262304	44.5
6.49765128223062	-12.6201369108005	44.5
6.51205575495079	-12.6127625690515	44.5
6.52645811608868	-12.6053736009833	44.5
6.54085836564427	-12.5979700065961	44.5
6.55525650361756	-12.5905517858898	44.5
6.56965253000857	-12.5831189388643	44.5
6.58404644481728	-12.5756714655197	44.5
6.59843824804369	-12.5682093658561	44.5
6.61282793968782	-12.5607326398733	44.5
6.62721551974965	-12.5532412875714	44.5
6.64160098822919	-12.5457353089504	44.5
6.65598434512643	-12.5382147040103	44.5
6.67036559044138	-12.530679472751	44.5
6.68474472417403	-12.5231296151727	44.5
6.6991217463244	-12.5155651312753	44.5
6.71349665689247	-12.5079860210587	44.5
6.72786945587825	-12.500392284523	44.5
6.74224014328173	-12.4927839216683	44.5
6.75660871910292	-12.4851609324944	44.5
6.77097518334182	-12.4775233170014	44.5
6.78533953599842	-12.4698710751893	44.5
6.79970177707273	-12.462204207058	44.5
6.81406190656475	-12.4545227126077	44.5
6.82841992447447	-12.4468265918383	44.5
6.84277583080191	-12.4391158447497	44.5
6.85712962554704	-12.4313904713421	44.5
6.87148130870989	-12.4236504716153	44.5
6.88583088029044	-12.4158958455694	44.5
6.90017834028869	-12.4081265932044	44.5
6.91452368870466	-12.4003427145203	44.5
6.92886692553833	-12.3925442095171	44.5
6.9432080507897	-12.3847310781948	44.5
6.95754706445879	-12.3769033205533	44.5
6.97188396654558	-12.3690609365928	44.5
6.98621875705008	-12.3612039263131	44.5
7.00055143597228	-12.3533322897144	44.5
7.01488200331219	-12.3454460267965	44.5
7.02921045906981	-12.3375451375595	44.5
7.04353680324513	-12.3296296220034	44.5
7.05786103583816	-12.3216994801282	44.5
7.0721831568489	-12.3137547119339	44.5
7.08650316627734	-12.3057953174205	44.5
7.10082106412349	-12.2978212965879	44.5
7.11513685038735	-12.2898326494363	44.5
7.12945052506892	-12.2818293759655	44.5
7.14376208816819	-12.2738114761756	44.5
7.15807153968516	-12.2657789500667	44.5
7.17237887961985	-12.2577317976386	44.5
7.18668410797224	-12.2496700188914	44.5
7.20098722474234	-12.2415936138251	44.5
7.21528822993014	-12.2335025824396	44.5
7.22958712353565	-12.2253969247351	44.5
7.24388390555887	-12.2172766407115	44.5
7.25817857599979	-12.2091417303687	44.5
7.27247113485842	-12.2009921937068	44.5
7.28676158213476	-12.1928280307259	44.5
7.3010499178288	-12.1846492414258	44.5
7.31533614194055	-12.1764558258066	44.5
7.32962025447001	-12.1682477838683	44.5
7.34390225541718	-12.1600251156109	44.5
7.35818214478205	-12.1517878210343	44.5
7.37245992256462	-12.1435359001387	44.5
7.38673558876491	-12.135269352924	44.5
7.4010091433829	-12.1269881793901	44.5
7.4152805864186	-12.1186923795371	44.5
7.429549917872	-12.110381953365	44.5
7.44381713774311	-12.1020569008739	44.5
7.45808224603193	-12.0937172220636	44.5
7.47234524273845	-12.0853629169342	44.5
7.48660612786268	-12.0769939854856	44.5
7.50086490140462	-12.068610427718	44.5
7.51512156336427	-12.0602122436313	44.5
7.52937611374162	-12.0517994332254	44.5
7.54362855253667	-12.0433719965004	44.5
7.55787887974944	-12.0349299334564	44.5
7.57212709537991	-12.0264732440932	44.5
7.58637319942809	-12.0180019284109	44.5
7.60061719189397	-12.0095159864095	44.5
7.61485907277756	-12.001015418089	44.5
7.62909884207886	-11.9925002234494	44.5
7.64333649979786	-11.9839704024906	44.5
7.65757204593458	-11.9754259552128	44.5
7.67180548048899	-11.9668668816158	44.5
7.68603680346112	-11.9582931816998	44.5
7.70026601485095	-11.9497048554646	44.5
7.71449311465849	-11.9411019029103	44.5
7.72871810288373	-11.9324843240369	44.5
7.74294097952668	-11.9238521188444	44.5
7.75716174458734	-11.9152052873328	44.5
7.7713803980657	-11.9065438295021	44.5
7.78559693996177	-11.8978677453522	44.5
7.79981137027555	-11.8891770348833	44.5
7.81402368900704	-11.8804716980952	44.5
7.82823389615623	-11.871751734988	44.5
7.84244199172312	-11.8630171455618	44.5
7.85664797570773	-11.8542679298164	44.5
7.87085184811004	-11.8455040877519	44.5
7.88505360893006	-11.8367256193683	44.5
7.89925325816778	-11.8279325246655	44.5
7.91345079582321	-11.8191248036437	44.5
7.92764622189635	-11.8103024563028	44.5
7.9418395363872	-11.8014654826427	44.5
7.95603073929575	-11.7926138826636	44.5
7.970219830622	-11.7837476563653	44.5
7.98440681036597	-11.7748668037479	44.5
7.99859167852764	-11.7659713248114	44.5
8.01277443510702	-11.7570612195558	44.5
8.0269550801041	-11.7481364879811	44.5
8.04113361351889	-11.7391971300873	44.5
8.05531003535139	-11.7302431458743	44.5
8.0694843456016	-11.7212745353423	44.5
8.08365654426951	-11.7122912984911	44.5
8.09782663135513	-11.7032934353209	44.5
8.11199460685845	-11.6942809458315	44.5
8.12616047077948	-11.685253830023	44.5
8.14032422311822	-11.6762120878954	44.5
8.15448586387466	-11.6671557194487	44.5
8.16864539304881	-11.6580847246829	44.5
8.18280281064067	-11.6489991035979	44.5
8.19695811665024	-11.6398988561939	44.5
8.21111131107751	-11.6307839824707	44.5
8.22526239392248	-11.6216544824285	44.5
8.23941136518517	-11.6125103560671	44.5
8.25355822486556	-11.6033516033866	44.5
8.26770297296366	-11.594178224387	44.5
8.28184560947946	-11.5849902190683	44.5
8.29598613441297	-11.5757875874305	44.5
8.31012454776419	-11.5665703294736	44.5
8.32426084953312	-11.5573384451976	44.5
8.33839503971975	-11.5480919346024	44.5
8.35252711832409	-11.5388307976882	44.5
8.36665708534613	-11.5295550344548	44.5
8.38078494078588	-11.5202646449023	44.5
8.39491068464334	-11.5109596290307	44.5
8.40903431691851	-11.50163998684	44.5
8.42315583761138	-11.4923057183302	44.5
8.43727524672196	-11.4829568235013	44.5
8.45139254425024	-11.4735933023533	44.5
8.46550773019623	-11.4642151548862	44.5
8.47962080455993	-11.4548223810999	44.5
8.49373176734134	-11.4454149809945	44.5
8.50784061854045	-11.4359929545701	44.5
8.52194735815726	-11.4265563018265	44.5
8.53605198619179	-11.4171050227638	44.5
8.55015450264402	-11.407639117382	44.5
8.56425490751396	-11.3981585856811	44.5
8.5783532008016	-11.3886634276611	44.5
8.59244938250696	-11.3791536433219	44.5
8.60654345263001	-11.3696292326637	44.5
8.62063541117078	-11.3600901956863	44.5
8.63472525812925	-11.3505365323899	44.5
8.64881299350543	-11.3409682427743	44.5
8.66289861729931	-11.3313853268396	44.5
8.6769821295109	-11.3217877845858	44.5
8.6910635301402	-11.3121756160129	44.5
8.70514281918721	-11.3025488211209	44.5
8.71921999665192	-11.2929073999098	44.5
8.73329506253434	-11.2832513523796	44.5
8.74736801683446	-11.2735806785302	44.5
8.76143885955229	-11.2638953783618	44.5
8.77550759068783	-11.2541954518742	44.5
8.78957421024108	-11.2444808990675	44.5
8.80363871821203	-11.2347517199417	44.5
8.81770111460069	-11.2250079144968	44.5
8.83176139940705	-11.2152494827328	44.5
8.84581957263113	-11.2054764246497	44.5
8.8598756342729	-11.1956887402475	44.5
8.87392958433239	-11.1858864295261	44.5
8.88798142280958	-11.1760694924857	44.5
8.90203114970448	-11.1662379291261	44.5
8.91607876501708	-11.1563917394475	44.5
8.93012426874739	-11.1465309234497	44.5
8.94416766089541	-11.1366554811328	44.5
8.95820894146114	-11.1267654124968	44.5
8.97224811044457	-11.1168607175417	44.5
8.98628516784571	-11.1069413962674	44.5
9.00032011366455	-11.0970074486741	44.5
9.0143529479011	-11.0870588747617	44.5
9.02838367055536	-11.0770956745301	44.5
9.04241228162733	-11.0671178479794	44.5
9.056438781117	-11.0571253951097	44.5
9.07046316902438	-11.0471183159208	44.5
9.08448544534946	-11.0370966104128	44.5
9.09850561009225	-11.0270602785857	44.5
9.11252366325275	-11.0170093204395	44.5
9.12653960483096	-11.0069437359741	44.5
9.14055343482687	-10.9968635251897	44.5
9.15456515324049	-10.9867686880862	44.5
9.16857476007181	-10.9766592246635	44.5
9.18258225532085	-10.9665351349217	44.5
9.19658763898758	-10.9563964188609	44.5
9.21059091107203	-10.9462430764809	44.5
9.22459207157418	-10.9360751077818	44.5
9.23859112049404	-10.9258925127636	44.5
9.25258805783161	-10.9156952914262	44.5
9.26658288358688	-10.9054834437698	44.5
9.28057559775985	-10.8952569697943	44.5
9.29456620035054	-10.8850158694996	44.5
9.30855469135893	-10.8747601428859	44.5
9.32254107078503	-10.864489789953	44.5
9.33652533862884	-10.854204810701	44.5
9.35050749489035	-10.8439052051299	44.5
9.36448753956957	-10.8335909732397	44.5
9.37846547266649	-10.8232621150304	44.5
9.39244129418112	-10.812918630502	44.5
9.40641500411346	-10.8025605196544	44.5
9.42038660246351	-10.7921877824878	44.5
9.43435608923126	-10.781800419002	44.5
9.44832346441672	-10.7713984291972	44.5
9.46228872801988	-10.7609818130732	44.5
9.47625188004076	-10.7505505706301	44.5
9.49021292047934	-10.7401047018679	44.5
9.50417184933562	-10.7296442067866	44.5
9.51812866660961	-10.7191690853862	44.5
9.53208337230131	-10.7086793376666	44.5
9.54603596641072	-10.698174963628	44.5
9.55998644893783	-10.6876559632702	44.5
9.57393481988265	-10.6771223365934	44.5
9.58788107924517	-10.6665740835974	44.5
9.6018252270254	-10.6560112042823	44.5
9.61576726322334	-10.6454336986482	44.5
9.62970718783899	-10.6348415666948	44.5
9.64364500087234	-10.6242348084224	44.5
9.6575807023234	-10.6136134238309	44.5
9.67151429219217	-10.6029774129203	44.5
9.68544577047864	-10.5923267756905	44.5
9.69937513718282	-10.5816615121417	44.5
9.7133023923047	-10.5709816222737	44.5
9.72722753584429	-10.5602871060866	44.5
9.74115056780159	-10.5495779635805	44.5
9.7550714881766	-10.5388541947552	44.5
9.76899029696931	-10.5281157996108	44.5
9.78290699417973	-10.5173627781472	44.5
9.79682157980785	-10.5065951303646	44.5
9.81073405385369	-10.4958128562629	44.5
9.82464441631723	-10.485015955842	44.5
9.83855266719847	-10.4742044291021	44.5
9.85245880649742	-10.463378276043	44.5
9.86636283421408	-10.4525374966648	44.5
9.88026475034845	-10.4416820909675	44.5
9.89416455490052	-10.4308120589511	44.5
9.9080622478703	-10.4199274006156	44.5
9.92195782925779	-10.409028115961	44.5
9.93585129906298	-10.3981142049873	44.5
9.94974265728588	-10.3871856676944	44.5
9.96363190392648	-10.3762425040825	44.5
9.97751903898479	-10.3652847141514	44.5
9.99140406246081	-10.3543122979013	44.5
10.0052869743545	-10.343325255332	44.5
10.019167774666	-10.3323235864436	44.5
10.0330464633951	-10.3213072912361	44.5
10.046923040542	-10.3102763697095	44.5
10.0607975061065	-10.2992308218637	44.5
10.0746698600888	-10.2881706476989	44.5
10.0885401024887	-10.277095847215	44.5
10.1024082333064	-10.2660064204119	44.5
10.1162742525418	-10.2549023672897	44.5
10.1301381601949	-10.2437836878485	44.5
10.1439999562657	-10.2326503820881	44.5
10.1578596407542	-10.2215024500086	44.5
10.1717172136604	-10.21033989161	44.5
10.1855726749843	-10.1991627068923	44.5
10.1994260247259	-10.1879708958554	44.5
10.2132772628852	-10.1767644584995	44.5
10.2271263894623	-10.1655433948244	44.5
10.240973404457	-10.1543077048303	44.5
10.2548183078694	-10.143057388517	44.5
10.2686610996996	-10.1317924458846	44.5
10.2825017799475	-10.1205128769331	44.5
10.296340348613	-10.1092186816625	44.5
10.3101768056963	-10.0979098600728	44.5
10.3240111511973	-10.086586412164	44.5
10.337843385116	-10.0752483379361	44.5
10.3516735074524	-10.063895637389	44.5
10.3655015182064	-10.0525283105229	44.5
10.3793274173783	-10.0411463573376	44.5
10.3931512049678	-10.0297497778332	44.5
10.406972880975	-10.0183385720098	44.5
10.4207924453999	-10.0069127398672	44.5
10.4346098982425	-9.99547228140546	44.5
10.4484252395029	-9.98401719662465	44.5
10.4622384691809	-9.97254748552472	44.5
10.4760495872767	-9.96106314810568	44.5
10.4898585937901	-9.94956418436753	44.5
10.5036654887213	-9.93805059431028	44.5
10.5174702720702	-9.92652237793391	44.5
10.5312729438368	-9.91497953523843	44.5
10.545073504021	-9.90342206622384	44.5
10.558871952623	-9.89184997089015	44.5
10.5726682896427	-9.88026324923734	44.5
10.5864625150801	-9.86866190126542	44.5
10.6002546289353	-9.85704592697439	44.5
10.6140446312081	-9.84541532636425	44.5
10.6278325218986	-9.833770099435	44.5
10.6416183010068	-9.82211024618664	44.5
10.6554019685328	-9.81043576661916	44.5
10.6691835244764	-9.79874666073258	44.5
10.6829629688378	-9.78704292852689	44.5
10.6967403016168	-9.77532457000209	44.5
10.7105155228136	-9.76359158515817	44.5
10.7242886324281	-9.75184397399515	44.5
10.7380596304602	-9.74008173651302	44.5
10.7518285169101	-9.72830487271177	44.5
10.7655952917777	-9.71651338259142	44.5
10.779359955063	-9.70470726615196	44.5
10.793122506766	-9.69288652339337	44.5
10.8068829468867	-9.68105115431569	44.5
10.8206412754252	-9.6692011589189	44.5
10.8343974923813	-9.65733653720299	44.5
10.8481515977551	-9.64545728916797	44.5
10.8619035915467	-9.63356341481384	44.5
10.8756534737559	-9.62165491414061	44.5
10.8894012443829	-9.60973178714825	44.5
10.9031469034275	-9.5977940338368	44.5
10.9168904508899	-9.58584165420623	44.5
10.93063188677	-9.57387464825655	44.5
10.9443712110677	-9.56189301598776	44.5
10.9581084237832	-9.54989675739986	44.5
10.9718435249164	-9.53788587249285	44.5
10.9855765144673	-9.52586036126673	44.5
10.9993073924359	-9.5138202237215	44.5
11.0130361588222	-9.50176545985715	44.5
11.0267628136263	-9.4896960696737	44.5
11.040487356848	-9.47761205317114	44.5
11.0542097884874	-9.46551341034947	44.5
11.0679301085446	-9.45340014120868	44.5
11.0816483170194	-9.44127224574879	44.5
11.095364413912	-9.42912972396978	44.5
11.1090783992222	-9.41697257587167	44.5
11.1227902729502	-9.40480080145444	44.5
11.1365000350959	-9.39261440071811	44.5
11.1502076856592	-9.38041337366266	44.5
11.1639132246403	-9.3681977202881	44.5
11.1776166520391	-9.35596744059444	44.5
11.1913179678556	-9.34372253458166	44.5
11.2050171720898	-9.33146300224977	44.5
11.2187142647417	-9.31918884359877	44.5
11.2324092458114	-9.30690005862867	44.5
11.2461021152987	-9.29459664733945	44.5
11.2597928732037	-9.28227860973112	44.5
11.2734815195265	-9.26994594580367	44.5
11.2871680542669	-9.25759865555713	44.5
11.3008524774251	-9.24523673899147	44.5
11.3145347890009	-9.2328601961067	44.5
11.3282149889945	-9.22046902690281	44.5
11.3418930774058	-9.20806323137982	44.5
11.3555690542347	-9.19564280953772	44.5
11.3692429194814	-9.18320776137651	44.5
11.3829146731458	-9.17075808689618	44.5
11.3965843152279	-9.15829378609675	44.5
11.4102518457277	-9.14581485897821	44.5
11.4239172646452	-9.13332130554055	44.5
11.4375805719805	-9.12081312578379	44.5
11.4512417677334	-9.10829031970791	44.5
11.464900851904	-9.09575288731293	44.5
11.4785578244924	-9.08320082859883	44.5
11.4922126854984	-9.07063414356562	44.5
11.5058654349222	-9.05805283221331	44.5
11.5195160727636	-9.04545689454188	44.5
11.5331645990228	-9.03284633055135	44.5
11.5468110136997	-9.02022114024169	44.5
11.5604553167942	-9.00758132361294	44.5
11.5740975083065	-8.99492688066507	44.5
11.5877375882365	-8.98225781139809	44.5
11.6013755565842	-8.969574115812	44.5
11.6150114133496	-8.9568757939068	44.5
11.6286451585327	-8.94416284568248	44.5
11.6422767921336	-8.93143527113907	44.5
11.6559063141521	-8.91869307027654	44.5
11.6695337245883	-8.9059362430949	44.5
11.6831590234423	-8.89316478959414	44.5
11.6967822107139	-8.88037870977428	44.5
11.7104032864033	-8.86757800363531	44.5
11.7240222505103	-8.85476267117723	44.5
11.7376391030351	-8.84193271240003	44.5
11.7512538439776	-8.82908812730373	44.5
11.7648664733377	-8.81622891588831	44.5
11.7784769911156	-8.80335507815379	44.5
11.7920853973112	-8.79046661410015	44.5
11.8056916919245	-8.77756352372741	44.5
11.8192958749555	-8.76464580703555	44.5
11.8328979464042	-8.75171346402459	44.5
11.8464979062707	-8.73876649469451	44.5
11.8600957545548	-8.72580489904532	44.5
11.8736914912566	-8.71282867707702	44.5
11.8872851163762	-8.69983782878962	44.5
11.9008766299134	-8.6868323541831	44.5
11.9144660318684	-8.67381225325747	44.5
11.928053322241	-8.66077752601273	44.5
11.9416385010314	-8.64772817244888	44.5
11.9552215682395	-8.63466419256592	44.5
11.9688025238652	-8.62158558636385	44.5
11.9823813679087	-8.60849235384267	44.5
11.9959581003699	-8.59538449500237	44.5
12.0095327212488	-8.58226200984298	44.5
12.0231052305454	-8.56912489836446	44.5
12.0366756282597	-8.55597316056684	44.5
12.0502439143918	-8.54280679645011	44.5
12.0638100889415	-8.52962580601426	44.5
12.0773741519089	-8.51643018925931	44.5
12.0909361032941	-8.50321994618525	44.5
12.1044959430969	-8.48999507679207	44.5
12.1180536713175	-8.47675558107979	44.5
12.1316092879557	-8.46350145904839	44.5
12.1451627930117	-8.45023271069788	44.5
12.1587141864854	-8.43694933602827	44.5
12.1722634683767	-8.42365133503954	44.5
12.1858106386858	-8.41033870773171	44.5
12.1993556974126	-8.39701145410476	44.5
12.2128986445571	-8.3836695741587	44.5
12.2264394801193	-8.37031306789353	44.5
12.2399782040992	-8.35694193530925	44.5
12.2535148164969	-8.34355617640587	44.5
12.2670493173122	-8.33015579118336	44.5
12.2805817065452	-8.31674077964175	44.5
12.294111984196	-8.30331114178103	44.5
12.3076401502644	-8.2898668776012	44.5
12.3211662047506	-8.27640798710226	44.5
12.3346901476544	-8.26293447028421	44.5
12.348211978976	-8.24944632714705	44.5
12.3617316987153	-8.23594355769078	44.5
12.3752493068722	-8.22242616191539	44.5
12.3887648034469	-8.2088941398209	44.5
12.4022781884393	-8.1953474914073	44.5
12.4157894618494	-8.18178621667458	44.5
12.4292986236772	-8.16821031562276	44.5
12.4428056739227	-8.15461978825182	44.5
12.456310612586	-8.14101463456178	44.5
12.4698134396669	-8.12739485455262	44.5
12.4833141551655	-8.11376044822436	44.5
12.4968127590819	-8.10011141557698	44.5
12.5103092514159	-8.08644775661049	44.5
12.5238036321677	-8.07276947132489	44.5
12.5372959013371	-8.05907655972019	44.5
12.5507860589243	-8.04536902179637	44.5
12.5642741049292	-8.03164685755344	44.5
12.5777600393518	-8.0179100669914	44.5
12.591243862192	-8.00415865011025	44.5
12.60472557345	-7.99039260691	44.5
12.6182051731257	-7.97661193739062	44.5
12.6316826612191	-7.96281664155214	44.5
12.6451580377303	-7.94900671939455	44.5
12.6586313026591	-7.93518217091785	44.5
12.6721024560056	-7.92134299612204	44.5
12.6855714977698	-7.90748919500712	44.5
12.6990384279518	-7.89362076757309	44.5
12.7125032465514	-7.87973771381994	44.5
12.7259659535688	-7.86584003374769	44.5
12.7394265490038	-7.85192772735633	44.5
12.7528850328566	-7.83800079464585	44.5
12.7663414051271	-7.82405923561627	44.5
12.7797956658153	-7.81010305026757	44.5
12.7932478149211	-7.79613223859977	44.5
12.8066978524447	-7.78214680061285	44.5
12.820145778386	-7.76814673630683	44.5
12.833591592745	-7.75413204568169	44.5
12.8470352955218	-7.74010272873744	44.5
12.8604768867162	-7.72605878547408	44.5
12.8739163663283	-7.71200021589162	44.5
12.8873537343581	-7.69792701999004	44.5
12.9007889908057	-7.68383919776935	44.5
12.9142221356709	-7.66973674922955	44.5
12.9276531689539	-7.65561967437064	44.5
12.9410820906546	-7.64148797319262	44.5
12.9545089007729	-7.62734164569549	44.5
12.967933599309	-7.61318069187925	44.5
12.9813561862628	-7.5990051117439	44.5
12.9947766616343	-7.58481490528944	44.5
13.0081950254235	-7.57061007251587	44.5
13.0216112776304	-7.55639061342318	44.5
13.035025418255	-7.54215652801139	44.5
13.0484374472973	-7.52790781628049	44.5
13.0618473647573	-7.51364447823048	44.5
13.075255170635	-7.49936651386135	44.5
13.0886608649305	-7.48507392317312	44.5
13.1020644476436	-7.47076670616577	44.5
13.1154659187744	-7.45644486283932	44.5
13.128865278323	-7.44210839319375	44.5
13.1422625262893	-7.42775729722908	44.5
13.1556576626732	-7.41339157494529	44.5
13.1690506874749	-7.3990112263424	44.5
13.1824416006943	-7.38461625142039	44.5
13.1958304023314	-7.37020665017927	44.5
13.2092170923862	-7.35578242261904	44.5
13.2226016708587	-7.3413435687397	44.5
13.2359841377489	-7.32689008854125	44.5
13.2493644930568	-7.3124219820237	44.5
13.2627427367824	-7.29793924918702	44.5
13.2761188689257	-7.28344189003125	44.5
13.2894928894868	-7.26892990455636	44.5
13.3028647984655	-7.25440329276235	44.5
13.316234595862	-7.23986205464924	44.5
13.3296022816761	-7.22530619021702	44.5
13.342967855908	-7.21073569946569	44.5
13.3563313185575	-7.19615058239525	44.5
13.3696926696248	-7.18155083900569	44.5
13.3830519091098	-7.16693646929703	44.5
13.3964090370125	-7.15230747326926	44.5
13.4097640533329	-7.13766385092237	44.5
13.423116958071	-7.12300560225638	44.5
13.4364677512268	-7.10833272727128	44.5
13.4498164328003	-7.09364522596706	44.5
13.4631630027915	-7.07894309834373	44.5
13.4765074612005	-7.0642263444013	44.5
13.4898498080271	-7.04949496413975	44.5
13.5031900432714	-7.03474895755909	44.5
13.5165281669335	-7.01998832465933	44.5
13.5298641790132	-7.00521306544045	44.5
13.5431980795107	-6.99042317990246	44.5
13.5565298684259	-6.97561866804536	44.5
13.5698595457587	-6.96079952986916	44.5
13.5831871115093	-6.94596576537383	44.5
13.5965125656776	-6.9311173745594	44.5
13.6098359082636	-6.91625435742586	44.5
13.6231571392673	-6.90137671397322	44.5
13.6364762586887	-6.88648444420145	44.5
13.6497932665278	-6.87157754811058	44.5
13.6631081627846	-6.8566560257006	44.5
13.6764209474592	-6.84171987697151	44.5
13.6897316205514	-6.8267691019233	44.5
13.7030401820613	-6.81180370055599	44.5
13.716346631989	-6.79682367286957	44.5
13.7296509703343	-6.78182901886404	44.5
13.7429531970974	-6.76681973853939	44.5
13.7562533122782	-6.75179583189564	44.5
13.7695513158767	-6.73675729893277	44.5
13.7828472078928	-6.7217041396508	44.5
13.7961409883267	-6.70663635404971	44.5
13.8094326571783	-6.69155394212951	44.5
13.8227222144476	-6.67645690389021	44.5
13.8360096601346	-6.66134523933179	44.5
13.8492949942393	-6.64621894845426	44.5
13.8625782167618	-6.63107803125762	44.5
13.8758593277019	-6.61592248774188	44.5
13.8891383270597	-6.60075231790702	44.5
13.9024152148353	-6.58556752175305	44.5
13.9156899910285	-6.57036809927997	44.5
13.9289626556395	-6.55515405048778	44.5
13.9422332086681	-6.53992537537648	44.5
13.9555016501145	-6.52468207394607	44.5
13.9687679799786	-6.50942414619655	44.5
13.9820321982604	-6.49415159212792	44.5
13.9952943049598	-6.47886441174018	44.5
14.008554300077	-6.46356260503332	44.5
14.0218121836119	-6.44824617200736	44.5
14.0350679555645	-6.43291511266229	44.5
14.0483216159349	-6.4175694269981	44.5
14.0615731647229	-6.40220911501481	44.5
14.0748226019286	-6.3868341767124	44.5
14.088069927552	-6.37144461209089	44.5
14.1013151415932	-6.35604042115026	44.5
14.114558244052	-6.34062160389053	44.5
14.1277992349286	-6.32518816031168	44.5
14.1410381142229	-6.30974009041373	44.5
14.1542748819348	-6.29427739419666	44.5
14.1675095380645	-6.27880007166048	44.5
14.1807420826119	-6.26330812280519	44.5
14.193972515577	-6.2478015476308	44.5
14.2072008369598	-6.23228034613729	44.5
14.2204270467603	-6.21674451832467	44.5
14.2336511449785	-6.20119406419294	44.5
14.2468731316144	-6.1856289837421	44.5
14.260093006668	-6.17004927697215	44.5
14.2733107701393	-6.15445494388309	44.5
14.2865264220284	-6.13884598447492	44.5
14.2997399623351	-6.12322239874764	44.5
14.3129513910596	-6.10758418670125	44.5
14.3261607082017	-6.09193134833574	44.5
14.3393679137616	-6.07626388365113	44.5
14.3525730077391	-6.06058179264741	44.5
14.3657759901344	-6.04488507532458	44.5
14.3789768609474	-6.02917373168264	44.5
14.3921756201781	-6.01344776172158	44.5
14.4053722678265	-5.99770716544142	44.5
14.4185668038926	-5.98195194284214	44.5
14.4317592283764	-5.96618209392375	44.5
14.4449495412779	-5.95039761868626	44.5
14.4581377425971	-5.93459851712965	44.5
14.4713238323341	-5.91878478925394	44.5
14.4845078104887	-5.90295643505911	44.5
14.497689677061	-5.88711345454517	44.5
14.5108694320511	-5.87125584771212	44.5
14.5240470754588	-5.85538361455997	44.5
14.5372226072843	-5.8394967550887	44.5
14.5503960275275	-5.82359526929832	44.5
14.5635673361883	-5.80767915718883	44.5
14.5767365332669	-5.79174841876023	44.5
14.5899036187632	-5.77580305401252	44.5
14.6030685926772	-5.7598430629457	44.5
14.6162314550089	-5.74386844555977	44.5
14.6293922057583	-5.72787920185472	44.5
14.6425508449254	-5.71187533183057	44.5
14.6557073725103	-5.69585683548731	44.5
14.6688617885128	-5.67982371282494	44.5
14.682014092933	-5.66377596384346	44.5
14.695164285771	-5.64771358854286	44.5
14.7083123670266	-5.63163658692315	44.5
14.7214583367	-5.61554495898434	44.5
14.734602194791	-5.59943870472642	44.5
14.7477439412998	-5.58331782414939	44.5
14.7608835762263	-5.56718231725324	44.5
14.7740210995705	-5.55103218403798	44.5
14.7871565113323	-5.53486742450361	44.5
14.8002898115119	-5.51868803865014	44.5
14.8134210001092	-5.50249402647755	44.5
14.8265500771242	-5.48628538798586	44.5
14.839677042557	-5.47006212317505	44.5
14.8528018964074	-5.45382423204513	44.5
14.8659246386755	-5.4375717145961	44.5
14.8790452693614	-5.42130457082796	44.5
14.8921637884649	-5.40502280074071	44.5
14.9052801959861	-5.38872640433435	44.5
14.9183944919251	-5.37241538160888	44.5
14.9315066762818	-5.3560897325643	44.5
14.9446167490561	-5.33974945720061	44.5
14.9577247102482	-5.3233945555178	44.5
14.970830559858	-5.30702502751589	44.5
14.9839342978855	-5.29064087319487	44.5
14.9970359243307	-5.27424209255474	44.5
15.0101354391936	-5.2578286855955	44.5
15.0232328424742	-5.24140065231714	44.5
15.0363281341725	-5.22495799271968	44.5
15.0494213142885	-5.2085007068031	44.5
15.0625123828222	-5.19202879456742	44.5
15.0756013397737	-5.17554225601262	44.5
15.0886881851428	-5.15904109113872	44.5
15.1017729189297	-5.1425252999457	44.5
15.1148555411342	-5.12599488243358	44.5
15.1279360517565	-5.10944983860234	44.5
15.1410144507965	-5.09289016845199	44.5
15.1540907382541	-5.07631587198253	44.5
15.1671649141295	-5.05972694919396	44.5
15.1802369784226	-5.04312340008629	44.5
15.1933069311334	-5.0265052246595	44.5
15.2063747722619	-5.0098724229136	44.5
15.2194405018081	-4.99322499484859	44.5
15.232504119772	-4.97656294046447	44.5
15.2455656261537	-4.95988625976124	44.5
15.258625020953	-4.9431949527389	44.5
15.27168230417	-4.92648901939744	44.5
15.2847374758048	-4.90976845973688	44.5
15.2977905358572	-4.89303327375722	44.5
15.3108414843274	-4.87628346145843	44.5
15.3238903212152	-4.85951902284054	44.5
15.3369370465208	-4.84273995790354	44.5
15.3499816602441	-4.82594626664742	44.5
15.3630241623851	-4.80913794907219	44.5
15.3760645529437	-4.79231500517786	44.5
15.3891028319201	-4.77547743496442	44.5
15.4021389993142	-4.75862523843186	44.5
15.415173055126	-4.7417584155802	44.5
15.4282049993556	-4.72487696640941	44.5
15.4412348320028	-4.70798089091953	44.5
15.4542625530677	-4.69107018911054	44.5
15.4672881625503	-4.67414486098243	44.5
15.4803116604507	-4.65720490653521	44.5
15.4933330467687	-4.64025032576888	44.5
15.5063523215045	-4.62328111868344	44.5
15.519369484658	-4.6062972852789	44.5
15.5323845362291	-4.58929882555523	44.5
15.545397476218	-4.57228573951246	44.5
15.5584083046246	-4.55525802715058	44.5
15.5714170214489	-4.5382156884696	44.5
15.5844236266909	-4.52115872346949	44.5
15.5974281203506	-4.50408713215028	44.5
15.610430502428	-4.48700091451196	44.5
15.6234307729231	-4.46990007055453	44.5
15.6364289318359	-4.45278460027798	44.5
15.6494249791664	-4.43565450368233	44.5
15.6624189149147	-4.41850978076757	44.5
15.6754107390806	-4.40135043153369	44.5
15.6884004516643	-4.38417645598071	44.5
15.7013880526656	-4.36698785410861	44.5
15.7143735420847	-4.34978462591741	44.5
15.7273569199215	-4.33256677140709	44.5
15.7403381861759	-4.31533429057767	44.5
15.7533173408481	-4.29808718342914	44.5
15.766294383938	-4.28082544996148	44.5
15.7792693154456	-4.26354909017473	44.5
15.7922421353709	-4.24625810406886	44.5
15.8052128437139	-4.22895249164388	44.5
15.8181814404746	-4.21163225289979	44.5
15.8311479256531	-4.1942973878366	44.5
15.8441122992492	-4.17694789645428	44.5
15.857074561263	-4.15958377875286	44.5
15.8700347116946	-4.14220503473233	44.5
15.8829927505438	-4.12481166439269	44.5
15.8959486778108	-4.10740366773394	44.5
15.9089024934954	-4.08998104475608	44.5
15.9218541975978	-4.07254379545912	44.5
15.9348037901179	-4.05509191984303	44.5
15.9477512710557	-4.03762541790784	44.5
15.9606966404112	-4.02014428965353	44.5
15.9736398981843	-4.00264853508012	44.5
15.9865810443753	-3.9851381541876	44.5
15.9995200789839	-3.96761314697596	44.5
16.0124570020102	-3.95007351344522	44.5
16.0253918134542	-3.93251925359536	44.5
16.0383245133159	-3.9149503674264	44.5
16.0512551015954	-3.89736685493832	44.5
16.0641835782925	-3.87976871613114	44.5
16.0771099434074	-3.86215595100484	44.5
16.0900341969399	-3.84452855955944	44.5
16.1029563388902	-3.82688654179492	44.5
16.1158763692581	-3.80922989771129	44.5
16.1287942880438	-3.79155862730855	44.5
16.1417100952472	-3.7738727305867	44.5
16.1546237908683	-3.75617220754574	44.5
16.1675353749071	-3.73845705818568	44.5
16.1804448473636	-3.72072728250649	44.5
16.1933522082378	-3.7029828805082	44.5
16.2062574575297	-3.68522385219081	44.5
16.2191605952393	-3.66745019755429	44.5
16.2320616213667	-3.64966191659867	44.5
16.2449605359117	-3.63185900932394	44.5
16.2578573388745	-3.6140414757301	44.5
16.2707520302549	-3.59620931581714	44.5
16.2836446100531	-3.57836252958508	44.5
16.2965350782689	-3.5605011170339	44.5
16.3094234349025	-3.54262507816362	44.5
16.3223096799538	-3.52473441297423	44.5
16.3351938134227	-3.50682912146572	44.5
16.3480758353094	-3.48890920363811	44.5
16.3609557456138	-3.47097465949138	44.5
16.3738335443359	-3.45302548902555	44.5
16.3867092314757	-3.4350616922406	44.5
16.3995828070333	-3.41708326913654	44.5
16.4124542710085	-3.39909021971338	44.5
16.4253236234014	-3.3810825439711	44.5
16.4381908642121	-3.36306024190971	44.5
16.4510559934404	-3.34502331352921	44.5
16.4639190110864	-3.3269717588296	44.5
16.4767799171502	-3.30890557781089	44.5
16.4896387116317	-3.29082477047305	44.5
16.5024953945308	-3.27272933681612	44.5
16.5153499658477	-3.25461927684006	44.5
16.5282024255823	-3.2364945905449	44.5
16.5410527737346	-3.21835527793063	44.5
16.5539010103046	-3.20020133899725	44.5
16.5667471352923	-3.18203277374476	44.5
16.5795911486977	-3.16384958217316	44.5
16.5924330505208	-3.14565176428244	44.5
16.6052728407616	-3.12743932007262	44.5
16.6181105194202	-3.10921224954369	44.5
16.6309460864964	-3.09097055269564	44.5
16.6437795419903	-3.07271422952849	44.5
16.656610885902	-3.05444328004222	44.5
16.6694401182313	-3.03615770423685	44.5
16.6822672389784	-3.01785750211237	44.5
16.6950922481432	-2.99954267366877	44.5
16.7079151457257	-2.98121321890606	44.5
16.7207359317258	-2.96286913782425	44.5
16.7335546061437	-2.94451043042332	44.5
16.7463711689793	-2.92613709670328	44.5
16.7591856202326	-2.90774913666413	44.5
16.7719979599036	-2.88934655030587	44.5
16.7848081879924	-2.8709293376285	44.5
16.7976163044988	-2.85249749863202	44.5
16.8104223094229	-2.83405103331644	44.5
16.8232262027647	-2.81558994168174	44.5
16.8360279845243	-2.79711422372792	44.5
16.8488276547015	-2.778623879455	44.5
16.8616252132965	-2.76011890886297	44.5
16.8744206603092	-2.74159931195183	44.5
16.8872139957395	-2.72306508872158	44.5
16.9000052195876	-2.70451623917222	44.5
16.9127943318534	-2.68595276330374	44.5
16.9255813325369	-2.66737466111616	44.5
16.9383662216381	-2.64878193260946	44.5
16.951148999157	-2.63017457778366	44.5
16.9639296650936	-2.61155259663875	44.5
16.9767082194479	-2.59291598917472	44.5
16.9894846622199	-2.57426475539159	44.5
17.0022589934097	-2.55559889528934	44.5
17.0150312130171	-2.53691840886799	44.5
17.0278013210422	-2.51822329612752	44.5
17.0405693174851	-2.49951355706794	44.5
17.0533352023456	-2.48078919168925	44.5
17.0660989756239	-2.46205019999146	44.5
17.0788606373199	-2.44329658197455	44.5
17.0916201874336	-2.42452833763853	44.5
17.1043776259649	-2.4057454669834	44.5
17.117132952914	-2.38694797000916	44.5
17.1298861682808	-2.36813584671581	44.5
17.1426372720653	-2.34930909710335	44.5
17.1553862642675	-2.33046772117178	44.5
17.1681331448875	-2.3116117189211	44.5
17.1808779139251	-2.29274109035131	44.5
17.1936205713804	-2.2738558354624	44.5
17.2063611172534	-2.25495595425439	44.5
17.2190995515442	-2.23604144672727	44.5
17.2318358742526	-2.21711231288104	44.5
17.2445700853788	-2.19816855271569	44.5
17.2573021849227	-2.17921016623124	44.5
17.2700321728842	-2.16023715342768	44.5
17.2827600492635	-2.141249514305	44.5
17.2954858140605	-2.12224724886321	44.5
17.3082094672752	-2.10323035710232	44.5
17.3209310089076	-2.08419883902231	44.5
17.3336504389577	-2.06515269462319	44.5
17.3463677574255	-2.04609192390497	44.5
17.359082964311	-2.02701652686763	44.5
17.3717960596142	-2.00792650351119	44.5
17.3845070433352	-1.98882185383563	44.5
17.3972159154738	-1.96970257784096	44.5
17.4099226760301	-1.95056867552718	44.5
17.4226273250042	-1.93142014689429	44.5
17.4353298623959	-1.91225699194229	44.5
17.4480302882054	-1.89307921067118	44.5
17.4607286024326	-1.87388680308096	44.5
17.4734248050775	-1.85467976917163	44.5
17.48611889614	-1.83545810894319	44.5
17.4988108756203	-1.81622182239564	44.5
17.5115007435183	-1.79697090952898	44.5
17.524188499834	-1.7777053703432	44.5
17.5368741445674	-1.75842520483832	44.5
17.5495576777186	-1.73913041301433	44.5
17.5622390992874	-1.71982099487122	44.5
17.5749184092739	-1.70049695040901	44.5
17.5875956076782	-1.68115827962768	44.5
17.6002706945001	-1.66180498252725	44.5
17.6129436697397	-1.6424370591077	44.5
17.6256145333971	-1.62305450936905	44.5
17.6382832854722	-1.60365733331128	44.5
17.6509499259649	-1.58424553093441	44.5
17.6636144548754	-1.56481910223842	44.5
17.6762768722036	-1.54537804722332	44.5
17.6889371779495	-1.52592236588911	44.5
17.7015953721131	-1.50645205823579	44.5
17.7142514546944	-1.48696712426336	44.5
17.7269054256934	-1.46746756397183	44.5
17.7395572851101	-1.44795337736118	44.5
17.7522070329445	-1.42842456443142	44.5
17.7648546691967	-1.40888112518255	44.5
17.7775001938665	-1.38932305961456	44.5
17.7901436069541	-1.36975036772748	44.5
17.8027849084593	-1.35016304952127	44.5
17.8154240983823	-1.33056110499596	44.5
17.8280611767229	-1.31094453415154	44.5
17.8406961434813	-1.29131333698801	44.5
17.8533289986574	-1.27166751350536	44.5
17.8659597422512	-1.25200706370361	44.5
17.8785883742626	-1.23233198758275	44.5
17.8912148946918	-1.21264228514277	44.5
17.9038393035387	-1.19293795638369	44.5
17.9164616008034	-1.17321900130549	44.5
17.9290817864857	-1.15348541990819	44.5
17.9416998605857	-1.13373721219177	44.5
17.9543158231034	-1.11397437815625	44.5
17.9669296740389	-1.09419691780161	44.5
17.979541413392	-1.07440483112786	44.5
17.9921510411629	-1.054598118135	44.5
18.0047585573514	-1.03477677882304	44.5
18.0173639619577	-1.01494081319196	44.5
18.0299672549817	-0.995090221241771	44.5
18.0425684364233	-0.975225002972472	44.5
18.0551675062827	-0.955345158384059	44.5
18.0677644645598	-0.935450687476543	44.5
18.0803593112546	-0.915541590249909	44.5
18.0929520463671	-0.895617866704171	44.5
18.1055426698973	-0.875679516839316	44.5
18.1181311818452	-0.855726540655358	44.5
18.1307175822109	-0.835758938152281	44.5
18.1433018709942	-0.815776709330102	44.5
18.1558840481952	-0.795779854188808	44.5
18.168464113814	-0.775768372728404	44.5
18.1810420678504	-0.755742264948896	44.5
18.1936179103046	-0.735701530850267	44.5
18.2061916411764	-0.715646170432535	44.5
18.218763260466	-0.695576183695689	44.5
18.2313327681733	-0.675491570639736	44.5
18.2439001642983	-0.655392331264668	44.5
18.256465448841	-0.635278465570494	44.5
18.2690286218014	-0.615149973557205	44.5
18.2815896831795	-0.59500685522481	44.5
18.2941486329753	-0.5748491105733	44.5
18.3067054711888	-0.554676739602684	44.5
18.31926019782	-0.534489742312957	44.5
18.331812812869	-0.514288118704119	44.5
18.3443633163356	-0.494071868776171	44.5
18.3569117082199	-0.473840992529109	44.5
18.369457988522	-0.45359548996294	44.5
18.3820021572417	-0.43333536107766	44.5
18.3945442143792	-0.41306060587327	44.5
18.4070841599344	-0.392771224349765	44.5
18.4196219939073	-0.372467216507157	44.5
18.4321577162978	-0.352148582345432	44.5
18.4446913271061	-0.331815321864603	44.5
18.4572228263321	-0.31146743506466	44.5
18.4697522139758	-0.291104921945607	44.5
18.4822794900372	-0.270727782507446	44.5
18.4948046545164	-0.250336016750168	44.5
18.5073277074132	-0.229929624673787	44.5
18.5198486487277	-0.209508606278291	44.5
18.53236747846	-0.189072961563685	44.5
18.5448841966099	-0.168622690529968	44.5
18.5573988031775	-0.148157793177145	44.5
18.5699112981629	-0.127678269505207	44.5
18.582421681566	-0.107184119514162	44.5
18.5949299533867	-0.0866753432040035	44.5
18.6074361136252	-0.0661519405747377	44.5
18.6199401622814	-0.0456139116263614	44.5
18.6324420993553	-0.025061256358871	44.5
18.6449419248469	-0.00449397477227365	44.5
18.6574396387562	0.0160879331334378	44.5
18.6699352410832	0.0366844673582527	44.5
18.6824287318279	0.0572956279021888	44.5
18.6949201109904	0.0779214147652247	44.5
18.7074093785705	0.0985618279473783	44.5
18.7198965345683	0.119216867448639	44.5
18.7323815789839	0.13988653326901	44.5
18.7448645118171	0.160570825408492	44.5
18.7573453330681	0.181269743867084	44.5
18.7698240427367	0.201983288644787	44.5
18.7823006408231	0.2227114597416	44.5
18.7947751273272	0.243454257157524	44.5
18.807247502249	0.264211680892554	44.5
18.8197177655885	0.284983730946703	44.5
18.8321859173457	0.305770407319955	44.5
18.8446519575206	0.326571710012324	44.5
18.8571158861132	0.347387639023797	44.5
18.8695777031235	0.368218194354384	44.5
18.8820374085515	0.389063376004078	44.5
18.8944950023973	0.409923183972889	44.5
18.9069504846607	0.430797618260804	44.5
18.9194038553418	0.45168667886783	44.5
18.9318551144407	0.47259036579397	44.5
18.9443042619572	0.493508679039216	44.5
18.9567512978915	0.514441618603577	44.5
18.9691962222435	0.535389184487045	44.5
18.9816390350132	0.556351376689626	44.5
18.9940797362005	0.577328195211312	44.5
19.0065183258056	0.598319640052118	44.5
19.0189548038284	0.619325711212024	44.5
19.0313891702689	0.640346408691048	44.5
19.0438214251271	0.661381732489179	44.5
19.0562515684031	0.682431682606421	44.5
19.0686796000967	0.703496259042776	44.5
19.081105520208	0.724575461798235	44.5
19.0935293287371	0.745669290872812	44.5
19.1059510256838	0.766777746266492	44.5
19.1183706110483	0.787900827979289	44.5
19.1307880848304	0.80903853601119	44.5
19.1432034470303	0.830190870362209	44.5
19.1556166976479	0.851357831032335	44.5
19.1680278366831	0.872539418021571	44.5
19.1804368641361	0.893735631329914	44.5
19.1928437800068	0.914946470957375	44.5
19.2052485842952	0.936171936903939	44.5
19.2176512770013	0.957412029169614	44.5
19.2300518581251	0.978666747754403	44.5
19.2424503276666	0.999936092658299	44.5
19.2548466856259	1.02122006388131	44.5
19.2672409320028	1.04251866142343	44.5
19.2796330667974	1.06383188528466	44.5
19.2920230900098	1.085159735465	44.5
19.3044110016398	1.10650221196445	44.5
19.3167968016876	1.12785931478301	44.5
19.3291804901531	1.14923104392068	44.5
19.3415620670362	1.17061739937746	44.5
19.3539415323371	1.19201838115335	44.5
19.3663188860557	1.21343398924835	44.5
19.378694128192	1.23486422366247	44.5
19.391067258746	1.25630908439569	44.5
19.4034382777177	1.27776857144802	44.5
19.4158071851071	1.29924268481947	44.5
19.4281739809142	1.32073142451002	44.5
19.440538665139	1.34223479051969	44.5
19.4529012377816	1.36375278284846	44.5
19.4652616988418	1.38528540149635	44.5
19.4776200483197	1.40683264646335	44.5
19.4899762862154	1.42839451774945	44.5
19.5023304125288	1.44997101535467	44.5
19.5146824272598	1.47156213927899	44.5
19.5270323304086	1.49316788952243	44.5
19.5393801219751	1.51478826608498	44.5
19.5517258019593	1.53642326896664	44.5
19.5640693703611	1.55807289816741	44.5
19.5764108271808	1.57973715368729	44.5
19.5887501724181	1.60141603552627	44.5
19.6010874060731	1.62310954368438	44.5
19.6134225281458	1.64481767816158	44.5
19.6257555386362	1.66654043895791	44.5
19.6380864375443	1.68827782607334	44.5
19.6504152248702	1.71002983950788	44.5
19.6627419006137	1.73179647926153	44.5
19.675066464775	1.75357774533429	44.5
19.6873889173539	1.77537363772617	44.5
19.6997092583506	1.79718415643715	44.5
19.712027487765	1.81900930146724	44.5
19.7243436055971	1.84084907281645	44.5
19.7366576118468	1.86270347048476	44.5
19.7489695065143	1.88457249447219	44.5
19.7612792895995	1.90645614477872	44.5
19.7735869611024	1.92835442140437	44.5
19.785892521023	1.95026732434912	44.5
19.7981959693614	1.97219485361299	44.5
19.8104973061174	1.99413700919596	44.5
19.8227965312911	2.01609379109805	44.5
19.8350936448826	2.03806519931925	44.5
19.8473886468917	2.06005123385956	44.5
19.8596815373186	2.08205189471898	44.5
19.8719723161631	2.10406718189751	44.5
19.8842609834254	2.12609709539515	44.5
19.8965475391053	2.1481416352119	44.5
19.908831983203	2.17020080134776	44.5
19.9211143157184	2.19227459380273	44.5
19.9333945366515	2.21436301257681	44.5
19.9456726460023	2.23646605767	44.5
19.9579486437708	2.2585837290823	44.5
19.970222529957	2.28071602681371	44.5
19.9824943045609	2.30286295086424	44.5
19.9947639675826	2.32502450123387	44.5
20.0070315190219	2.34720067792261	44.5
20.0192969588789	2.36939148093046	44.5
20.0315602871537	2.39159691025743	44.5
20.0438215038461	2.4138169659035	44.5
20.0560806089563	2.43605164786869	44.5
20.0683376024842	2.45830095615299	44.5
20.0805924844297	2.48056489075639	44.5
20.092845254793	2.50284345167891	44.5
20.105095913574	2.52513663892053	44.5
20.1173444607727	2.54744445248127	44.5
20.1295908963891	2.56976689236112	44.5
20.1418352204232	2.59210395856008	44.5
20.154077432875	2.61445565107814	44.5
20.1663175337445	2.63682196991532	44.5
20.1785555230317	2.65920291507161	44.5
20.1907914007367	2.68159848654701	44.5
20.2030251668593	2.70400868434152	44.5
20.2152568213997	2.72643350845514	44.5
20.2274863643577	2.74887295888787	44.5
20.2397137957335	2.77132703563971	44.5
20.2519391155269	2.79379573871067	44.5
20.2641623237381	2.81627906810073	44.5
20.276383420367	2.8387770238099	44.5
20.2886024054136	2.86128960583818	44.5
20.3008192788779	2.88381681418558	44.5
20.3130340407599	2.90635864885208	44.5
20.3252466910596	2.92891510983769	44.5
20.337457229777	2.95148619714242	44.5
20.3496656569121	2.97407191076625	44.5
20.3618719724649	2.9966722507092	44.5
20.3740761764355	3.01928721697125	44.5
20.3862782688237	3.04191680955242	44.5
20.3984782496296	3.06456102845269	44.5
20.4106761188533	3.08721987367208	44.5
20.4228718764947	3.10989334521058	44.5
20.4350655225537	3.13258144306819	44.5
20.4472570570305	3.1552841672449	44.5
20.459446479925	3.17800151774074	44.5
20.4716337912372	3.20073349455567	44.5
20.4838189909671	3.22348009768972	44.5
20.4960020791146	3.24624132714288	44.5
20.50818305568	3.26901718291515	44.5
20.520361920663	3.29180766500653	44.5
20.5325386740637	3.31461277341702	44.5
20.5447133158821	3.33743250814662	44.5
20.5568858461182	3.36026686919533	44.5
20.5690562647721	3.38311585656316	44.5
20.5812245718436	3.40597947025009	44.5
20.5933907673329	3.42885771025614	44.5
20.6055548512398	3.45175057658129	44.5
20.6177168235645	3.47465806922555	44.5
20.6298766843069	3.49758018818892	44.5
20.642034433467	3.52051693347141	44.5
20.6541900710447	3.543468305073	44.5
20.6663435970402	3.56643430299371	44.5
20.6784950114534	3.58941492723352	44.5
20.6906443142843	3.61241017779245	44.5
20.702791505533	3.63542005467049	44.5
20.7149365851993	3.65844455786763	44.5
20.7270795532833	3.68148368738389	44.5
20.739220409785	3.70453744321926	44.5
20.7513591547045	3.72760582537374	44.5
20.7634957880416	3.75068883384733	44.5
20.7756303097965	3.77378646864003	44.5
20.787762719969	3.79689872975183	44.5
20.7998930185593	3.82002561718276	44.5
20.8120212055673	3.84316713093278	44.5
20.8241472809929	3.86632327100192	44.5
20.8362712448363	3.88949403739018	44.5
20.8483930970974	3.91267943009754	44.5
20.8605128377762	3.93587944912401	44.5
20.8726304668727	3.95909409446959	44.5
20.8847459843869	3.98232336613428	44.5
20.8968593903189	4.00556726411809	44.5
20.9089706846685	4.028825788421	44.5
20.9210798674358	4.05209893904302	44.5
20.9331869386209	4.07538671598416	44.5
20.9452918982236	4.0986891192444	44.5
20.9573947462441	4.12200614882376	44.5
20.9694954826822	4.14533780472222	44.5
20.9815941075381	4.1686840869398	44.5
20.9936906208117	4.19204499547649	44.5
21.0057850225029	4.21542053033228	44.5
21.0178773126119	4.23881069150719	44.5
21.0299674911386	4.26221547900121	44.5
21.042055558083	4.28563489281434	44.5
21.0541415134451	4.30906893294657	44.5
21.0662253572249	4.33251759939792	44.5
21.0783070894225	4.35598089216838	44.5
21.0903867100377	4.37945881125795	44.5
21.1024642190706	4.40295135666663	44.5
21.1145396165212	4.42645852839442	44.5
21.1266129023896	4.44998032644132	44.5
21.1386840766757	4.47351675080733	44.5
21.1507531393794	4.49706780149246	44.5
21.1628200905009	4.52063347849669	44.5
21.1748849300401	4.54421378182003	44.5
21.1869476579969	4.56780871146248	44.5
21.1990082743715	4.59141826742405	44.5
21.2110667791638	4.61504244970472	44.5
21.2231231723738	4.6386812583045	44.5
21.2351774540015	4.6623346932234	44.5
21.2472296240469	4.6860027544614	44.5
21.25927968251	4.70968544201852	44.5
21.2713276293909	4.73338275589474	44.5
21.2833734646894	4.75709469609008	44.5
21.2954171884056	4.78082126260453	44.5
21.3074588005396	4.80456245543808	44.5
21.3194983010912	4.82831827459075	44.5
21.3315356900606	4.85208872006253	44.5
21.3435709674477	4.87587379185342	44.5
21.3556041332524	4.89967348996342	44.5
21.3676351874749	4.92348781439252	44.5
21.3796641301151	4.94731676514074	44.5
21.391690961173	4.97116034220807	44.5
21.4037156806486	4.99501854559451	44.5
21.4157382885419	5.01889137530007	44.5
21.4277587848529	5.04277883132473	44.5
21.4397771695816	5.06668091366849	44.5
21.4517934427281	5.09059762233137	44.5
21.4638076042922	5.11452895731337	44.5
21.475819654274	5.13847491861447	44.5
21.4878295926736	5.16243550623469	44.5
21.4998374194908	5.18641072017401	44.5
21.5118431347258	5.21040056043244	44.5
21.5238467383785	5.23440502700999	44.5
21.5358482304488	5.25842411990664	44.5
21.5478476109369	5.28245783912241	44.5
21.5598448798427	5.30650618465728	44.5
21.5718400371662	5.33056915651127	44.5
21.5838330829074	5.35464675468436	44.5
21.5958240170663	5.37873897917657	44.5
21.6078128396429	5.40284582998788	44.5
21.6197995506372	5.42696730711832	44.5
21.6317841500493	5.45110341056786	44.5
21.643766637879	5.4752541403365	44.5
21.6557470141264	5.49941949642426	44.5
21.6677252787916	5.52359947883112	44.5
21.6797014318744	5.54779408755711	44.5
21.691675473375	5.57200332260219	44.5
21.7036474032933	5.5962271839664	44.5
21.7156172216292	5.62046567164971	44.5
21.7275849283829	5.64471878565213	44.5
21.7395505235543	5.66898652597366	44.5
21.7515140071434	5.69326889261431	44.5
21.7634753791502	5.71756588557406	44.5
21.7754346395747	5.74187750485292	44.5
21.7873917884169	5.76620375045089	44.5
21.7993468256768	5.79054462236798	44.5
21.8112997513545	5.81490012060417	44.5
21.8232505654498	5.83927024515947	44.5
21.8351992679628	5.86365499603389	44.5
21.8471458588936	5.88805437322741	44.5
21.859090338242	5.91246837674005	44.5
21.8710327060082	5.93689700657179	44.5
21.8829729621921	5.96134026272265	44.5
21.8949111067936	5.98579814519262	44.5
21.9068471398129	6.0102706539817	44.5
21.9187810612499	6.03475778908988	44.5
21.9307128711046	6.05925955051718	44.5
21.942642569377	6.08377593826359	44.5
21.9545701560671	6.1083069523291	44.5
21.9664956311749	6.13285259271374	44.5
21.9784189947004	6.15741285941748	44.5
21.9903402466437	6.18198775244033	44.5
22.0022593870046	6.20657727178229	44.5
22.0141764157832	6.23118141744336	44.5
22.0260913329796	6.25580018942354	44.5
22.0380041385936	6.28043358772283	44.5
22.0499148326254	6.30508161234123	44.5
22.0618234150749	6.32974426327875	44.5
22.073729885942	6.35442154053537	44.5
22.0856342452269	6.37911344411111	44.5
22.0975364929295	6.40381997400595	44.5
22.1094366290498	6.4285411302199	44.5
22.1213346535878	6.45327691275296	44.5
22.1332305665435	6.47802732160514	44.5
22.1451243679169	6.50279235677643	44.5
22.157016057708	6.52757201826682	44.5
22.1689056359169	6.55236630607633	44.5
22.1807931025434	6.57717522020494	44.5
22.1926784575876	6.60199876065267	44.5
22.2045617010496	6.62683692741951	44.5
22.2164428329292	6.65168972050546	44.5
22.2283218532266	6.67655713991052	44.5
22.2331376336012	6.68644189723459	44.5
22.2381080828848	6.69624979211024	44.5
22.2432319746934	6.70597840458616	44.5
22.2485080447833	6.7156253342728	44.5
22.2539349913632	6.72518820093459	44.5
22.2595114754153	6.73466464507729	44.5
22.2652361210255	6.7440523285301	44.5
22.2711075157232	6.75334893502262	44.5
22.2771242108296	6.76255217075627	44.5
22.2832847218152	6.77165976497037	44.5
22.2895875286662	6.78066947050232	44.5
22.2960310762591	6.78957906434209	44.5
22.3026137747452	6.79838634818072	44.5
22.309333999942	6.80708914895272	44.5
22.3161900937345	6.81568531937221	44.5
22.3231803644842	6.82417273846277	44.5
22.3303030874463	6.83254931208074	44.5
22.3375565051956	6.84081297343192	44.5
22.3449388280597	6.84896168358152	44.5
22.352448234561	6.85699343195724	44.5
22.3600828718658	6.86490623684537	44.5
22.3678408562415	6.87269814587968	44.5
22.3757202735216	6.88036723652322	44.5
22.3837191795777	6.88791161654264	44.5
22.3918356007996	6.89532942447504	44.5
22.4000675345816	6.90261883008731	44.5
22.4084129498174	6.9097780348277	44.5
22.4168697874006	6.91680527226957	44.5
22.425435960733	6.92369880854722	44.5
22.4341093562397	6.93045694278372	44.5
22.4428878338899	6.93707800751057	44.5
22.4517692277257	6.94356036907914	44.5
22.4607513463961	6.9499024280637	44.5
22.4698319736977	6.95610261965609	44.5
22.4790088691215	6.96215941405181	44.5
22.4882797684061	6.96807131682749	44.5
22.4976423840955	6.97383686930955	44.5
22.5070944061047	6.97945464893422	44.5
22.5166335022885	6.98492326959841	44.5
22.5262573190177	6.99024138200182	44.5
22.5359634817595	6.99540767397979	44.5
22.5457495956636	7.00042087082707	44.5
22.5556132461527	7.00527973561234	44.5
22.5655519995186	7.00998306948346	44.5
22.5755634035228	7.01452971196313	44.5
22.585644988001	7.01891854123537	44.5
22.5957942654732	7.02314847442224	44.5
22.606008731757	7.02721846785101	44.5
22.6162858665856	7.03112751731169	44.5
22.62662313423	7.03487465830484	44.5
22.6370179841238	7.03845896627947	44.5
22.6474678514935	7.04187955686123	44.5
22.6579701579907	7.04513558607057	44.5
22.6685223123283	7.04822625053102	44.5
22.6791217109203	7.05115078766736	44.5
22.6897657385235	7.05390847589381	44.5
22.7004517688835	7.05649863479207	44.5
22.7111771653821	7.05892062527919	44.5
22.7219392816883	7.06117384976525	44.5
22.7327354624109	7.06325775230082	44.5
22.7435630437538	7.06517181871416	44.5
22.7544193541735	7.06691557673799	44.5
22.7653017150376	7.06848859612612	44.5
22.7762074412865	7.06989048875956	44.5
22.7871338420955	7.07112090874229	44.5
22.7980782215387	7.07217955248656	44.5
22.8090378792541	7.0730661587879	44.5
22.8200101111102	7.07378050888944	44.5
22.8309922098731	7.07432242653601	44.5
22.8419814658741	7.07469177801752	44.5
22.8529751676788	7.07488847220203	44.5
22.8639706027557	7.07491246055818	44.5
22.8749650581458	7.07476373716723	44.5
22.8859558211318	7.07444233872441	44.5
22.8969401799073	7.07394834453001	44.5
22.9079154242461	7.07328187646969	44.5
22.918878846171	7.07244309898448	44.5
22.9298277406216	7.07143221903017	44.5
22.9407594061221	7.07024948602626	44.5
22.9516711454475	7.06889519179442	44.5
22.9625602662895	7.06736967048649	44.5
22.9734240819204	7.06567329850204	44.5
22.9842599118564	7.06380649439545	44.5
22.9950650825184	7.0617697187727	44.5
23.0058369278923	7.05956347417772	44.5
23.0165727901865	7.05718830496833	44.5
23.0272700204875	7.054644797182	44.5
23.0379259794139	7.05193357839122	44.5
23.0485380377673	7.04905531754867	44.5
23.0591035771809	7.04601072482211	44.5
23.0696199907662	7.04280055141926	44.5
23.0800846837553	7.03942558940238	44.5
23.090495074142	7.03588667149283	44.5
23.100848593318	7.03218467086566	44.5
23.1111426867076	7.02832050093412	44.5
23.1213748143971	7.02429511512434	44.5
23.1315424517623	7.02010950664002	44.5
23.1416430900906	7.01576470821742	44.5
23.1516742372007	7.01126179187055	44.5
23.1616334180573	7.00660186862663	44.5
23.1715181753814	7.001786088252	44.5
23.181326070257	6.9968156389684	44.5
23.1910546827329	6.99169174715982	44.5
23.2007016124196	6.9864156770699	44.5
23.2102644790814	6.98098873048998	44.5
23.2197409232241	6.97541224643792	44.5
23.2291286066769	6.96968760082772	44.5
23.2384252131694	6.96381620613004	44.5
23.247628448903	6.95779951102363	44.5
23.2567360431171	6.95163900003802	44.5
23.2657457486491	6.94533619318708	44.5
23.2746553424889	6.9388926455941	44.5
23.2834626263275	6.93230994710805	44.5
23.2921654270995	6.92558972191126	44.5
23.300761597519	6.91873362811875	44.5
23.3092490166095	6.91174335736907	44.5
23.3176255902275	6.90462063440693	44.5
23.3258892515787	6.89736721665764	44.5
23.3340379617283	6.88998489379351	44.5
23.342069710104	6.88247548729221	44.5
23.3499825149921	6.87484084998746	44.5
23.3577744240265	6.86708286561177	44.5
23.36544351467	6.85920344833168	44.5
23.3729878946894	6.85120454227552	44.5
23.3804057026218	6.84308812105366	44.5
23.3876951082341	6.83485618727159	44.5
23.3948543129745	6.8265107720358	44.5
23.4018815504163	6.81805393445262	44.5
23.408775086694	6.80948776112018	44.5
23.4155332209305	6.80081436561357	44.5
23.4221542856573	6.79203588796335	44.5
23.4286366472259	6.78315449412753	44.5
23.4349787062105	6.77417237545714	44.5
23.4411788978029	6.76509174815556	44.5
23.4472356921986	6.75591485273169	44.5
23.4531475949743	6.74664395344718	44.5
23.4589131474563	6.73728133775769	44.5
23.464530927081	6.72782931574855	44.5
23.4699995477452	6.71829021956474	44.5
23.4753176601486	6.70866640283554	44.5
23.4804839521266	6.69896024009371	44.5
23.4854971489738	6.68917412618965	44.5
23.4903560137591	6.67931047570056	44.5
23.4950593476302	6.6693717223346	44.5
23.4996059901099	6.65936031833043	44.5
23.5039948193821	6.6492787338522	44.5
23.508224752569	6.63912945638002	44.5
23.5122947459978	6.62891499009624	44.5
23.5162037954585	6.61863785526758	44.5
23.5199509364516	6.60830058762327	44.5
23.5235352444262	6.59790573772942	44.5
23.526955835008	6.58745587035971	44.5
23.5302118642173	6.57695356386254	44.5
23.5333025286778	6.56640140952489	44.5
23.5362270658141	6.55580201093295	44.5
23.5389847540406	6.54515798332972	44.5
23.5415749129388	6.53447195296975	44.5
23.543996903426	6.52374655647111	44.5
23.546250127912	6.51298444016492	44.5
23.5483340304476	6.50218825944233	44.5
23.5502480968609	6.49136067809938	44.5
23.5519918548848	6.48050436767978	44.5
23.5535648742729	6.46962200681565	44.5
23.5549667669063	6.45871628056671	44.5
23.5561971868891	6.44778987975771	44.5
23.5572558306333	6.43684550031458	44.5
23.5581424369347	6.42588584259916	44.5
23.5588567870362	6.41491361074302	44.5
23.5593987046828	6.40393151198017	44.5
23.5597680561643	6.39294225597916	44.5
23.5599647503488	6.38194855417447	44.5
23.559988738705	6.37095311909752	44.5
23.559840015314	6.35995866370739	44.5
23.5595186168712	6.34896790072143	44.5
23.5590246226768	6.33798354194595	44.5
23.5583581546165	6.32700829760711	44.5
23.5575193771313	6.31604487568223	44.5
23.5565084971769	6.30509598123162	44.5
23.555325764173	6.29416431573115	44.5
23.5539714699412	6.28325257640572	44.5
23.5524459486333	6.27236345556372	44.5
23.5507495766488	6.26149963993279	44.5
23.5488827725422	6.25066380999687	44.5
23.5468459969195	6.23985863933485	44.5
23.5446397523245	6.22908679396093	44.5
23.5422645831151	6.21835093166676	44.5
23.5397210753288	6.20765370136572	44.5
23.537009856538	6.19699774243932	44.5
23.5341315956954	6.18638568408597	44.5
23.5310870029689	6.17582014467229	44.5
23.527876829566	6.16530373108703	44.5
23.5245018675491	6.15483903809788	44.5
23.5209629496396	6.14442864771125	44.5
23.5172609490124	6.13407512853519	44.5
23.5133967790809	6.12378103514563	44.5
23.5093713932711	6.11354890745609	44.5
23.5051857847868	6.10338127009097	44.5
23.5008409863642	6.09328063176265	44.5
23.4963380700173	6.08324948465249	44.5
23.4917307821149	6.07340055702427	44.5
23.4406058862035	5.9662873477815	44.5
23.3895512337721	5.85932168070005	44.5
23.3385684830579	5.7525070257562	44.5
23.2876592817127	5.64584683076721	44.5
23.2368252668034	5.53934452139168	44.5
23.1860680648118	5.43300350112919	44.5
23.1353892916346	5.32682715132048	44.5
23.0847905525837	5.22081883114753	44.5
23.0342734423855	5.11498187763331	44.5
22.9838395451818	5.00931960564209	44.5
22.9334904345291	4.90383530787912	44.5
22.8832276733988	4.79853225489085	44.5
22.8330528141775	4.69341369506494	44.5
22.7829673986665	4.58848285463004	44.5
22.732972958082	4.48374293765606	44.5
22.6830710130555	4.37919712605404	44.5
22.6332630736332	4.27484857957608	44.5
22.5835506392761	4.17070043581544	44.5
22.5339351988604	4.06675581020659	44.5
22.4844182306772	3.96301779602502	44.5
22.4350012024325	3.85948946438749	44.5
22.3856855712473	3.75617386425179	44.5
22.3364727836574	3.65307402241685	44.5
22.2873642756137	3.55019294352285	44.5
22.2383614724819	3.44753361005095	44.5
22.1894657890429	3.3450989823236	44.5
22.1406786294923	3.24289199850427	44.5
22.0920013874408	3.14091557459759	44.5
22.0434354459138	3.03917260444938	44.5
21.994982177352	2.93766595974658	44.5
21.9466429436108	2.83639849001721	44.5
21.8984190959607	2.73537302263052	44.5
21.850311975087	2.63459236279681	44.5
21.8023229110899	2.53405929356752	44.5
21.7544532234848	2.43377657583534	44.5
21.7067042212019	2.33374694833394	44.5
21.6590772025863	2.23397312763828	44.5
21.6115734553981	2.13445780816433	44.5
21.5641942568123	2.03520366216923	44.5
21.516940873419	1.93621333975134	44.5
21.469814561223	1.83748946885002	44.5
21.4228165656443	1.73903465524591	44.5
21.3759481215176	1.64085148256066	44.5
21.3292104530927	1.54294251225717	44.5
21.2826047740344	1.44531028363935	44.5
21.2361322874224	1.3479573138524	44.5
21.1897941857511	1.2508860978825	44.5
21.1435916509302	1.1540991085571	44.5
21.0975258542842	1.05759879654471	44.5
21.0515979565526	0.961387590354963	44.5
21.0058091078896	0.865467896338725	44.5
20.9601604478648	0.769842098687867	44.5
20.9146531054622	0.674512559435541	44.5
20.8692881990813	0.579481618455922	44.5
20.8240668365361	0.484751593464335	44.5
20.7789901150558	0.390324780017334	44.5
20.7340591212845	0.296203451512479	44.5
20.6892749312811	0.202389859188568	44.5
20.6446386105197	0.108886232125528	44.5
20.6001512138892	0.0156947772443701	44.5
20.5558137856933	-0.0771823206927635	44.5
20.5116273596509	-0.169742899082497	44.5
20.4675929588958	-0.261984817480442	44.5
20.4237115959767	-0.353905957600954	44.5
20.3799842728571	-0.445504223317343	44.5
20.3364119809157	-0.53677754066177	44.5
20.2929957009461	-0.627723857825185	44.5
20.2497364031566	-0.718341145157506	44.5
20.2066350471707	-0.808627395167409	44.5
20.1636925820268	-0.898580622522541	44.5
20.1209099461783	-0.988198864049295	44.5
20.0782880674932	-1.07748017873304	44.5
20.035827863255	-1.16642264771792	44.5
19.9935302401617	-1.25502437430701	44.5
19.9513960943264	-1.34328348396218	44.5
19.9094263112773	-1.43119812430421	44.5
19.8676217659572	-1.51876646511276	44.5
19.8259833227241	-1.60598669832628	44.5
19.7845118353509	-1.69285703804217	44.5
19.7432081470255	-1.77937572051661	44.5
19.7020730903506	-1.86554100416472	44.5
19.661107487344	-1.9513511695604	44.5
19.6203121494382	-2.03680451943649	44.5
19.579687877481	-2.12189937868468	44.5
19.5392354617349	-2.20663409435545	44.5
19.4989556818774	-2.29100703565826	44.5
19.458849307001	-2.37501659396132	44.5
19.4189170956131	-2.45866118279178	44.5
19.379159795636	-2.5419392378356	44.5
19.3395781444069	-2.62484921693767	44.5
19.3001728686783	-2.70738960010166	44.5
19.2609446846172	-2.78955888949017	44.5
19.2218942978057	-2.87135560942462	44.5
19.1830224032411	-2.95277830638531	44.5
19.1443296853352	-3.03382554901144	44.5
19.105816817915	-3.11449592810099	44.5
19.0674844642226	-3.19478805661089	44.5
19.0293332769147	-3.27470056965684	44.5
18.9913638980631	-3.35423212451348	44.5
18.9535769591546	-3.43338140061433	44.5
18.9159730810909	-3.51214709955169	44.5
18.8785528741887	-3.59052794507674	44.5
18.8413169381796	-3.66852268309957	44.5
18.8042658622101	-3.74613008168914	44.5
18.7674002248416	-3.82334893107318	44.5
18.7307205940506	-3.90017804363841	44.5
18.6942275272286	-3.97661625393029	44.5
18.6579215711818	-4.05266241865326	44.5
18.6218032621314	-4.12831541667049	44.5
18.5858731257138	-4.20357414900414	44.5
18.5501316769801	-4.27843753883519	44.5
18.5145794203964	-4.35290453150342	44.5
18.4792168498437	-4.42697409450758	44.5
18.444044448618	-4.50064521750518	44.5
18.4090626894304	-4.57391691231267	44.5
18.3742720344066	-4.64678821290534	44.5
18.3396729350876	-4.71925817541732	44.5
18.3052658324292	-4.79132587814161	44.5
18.271051156802	-4.86299042153011	44.5
18.2370293279917	-4.93425092819352	44.5
18.203200755199	-5.00510654290147	44.5
18.1695658370394	-5.07555643258242	44.5
18.1361249615436	-5.14559978632367	44.5
18.1028785061568	-5.21523581537144	44.5
18.0698268377396	-5.28446375313075	44.5
18.0369703125672	-5.35328285516551	44.5
18.0043092763301	-5.42169239919854	44.5
17.9718440641334	-5.48969168511142	44.5
17.9395750004974	-5.5572800349447	44.5
17.9075023993571	-5.62445679289774	44.5
17.8756265640627	-5.69122132532871	44.5
17.8439477873793	-5.75757302075475	44.5
17.8124663514867	-5.82351128985182	44.5
17.78118252798	-5.88903556545471	44.5
17.7500965778689	-5.95414530255712	44.5
17.7192087515784	-6.01883997831156	44.5
17.6885192889481	-6.08311909202946	44.5
17.6580284192328	-6.14698216518109	44.5
17.6277363611022	-6.21042874139556	44.5
17.5976433226408	-6.27345838646089	44.5
17.5677495013482	-6.33607068832391	44.5
17.538055084139	-6.39826525709035	44.5
17.5085602473424	-6.4600417250248	44.5
17.479265156703	-6.52139974655069	44.5
17.4501699673801	-6.58233899825034	44.5
17.4212748239479	-6.64285917886493	44.5
17.3925798603956	-6.70296000929445	44.5
17.3640852001276	-6.76264123259782	44.5
17.3357909559627	-6.82190261399283	44.5
17.3076972301353	-6.88074394085605	44.5
17.2798041142941	-6.93916502272302	44.5
17.2521116895033	-6.99716569128803	44.5
17.2246200262417	-7.05474580040432	44.5
17.1973291844031	-7.11190522608398	44.5
17.1702392132964	-7.16864386649791	44.5
17.1433501516453	-7.22496164197595	44.5
17.1166620275884	-7.28085849500672	44.5
17.0901748586795	-7.33633439023776	44.5
17.0638886518871	-7.39138931447549	44.5
17.0378034035948	-7.44602327668513	44.5
17.0119190996009	-7.50023630799078	44.5
16.986235715119	-7.55402846167545	44.5
16.9607532147773	-7.60739981318095	44.5
16.9354715526193	-7.66035046010799	44.5
16.9103906721031	-7.71288052221617	44.5
16.885510506102	-7.76499014142387	44.5
16.8608309769041	-7.81667948180841	44.5
16.8363519962125	-7.86794872960593	44.5
16.8120734651453	-7.91879809321144	44.5
16.7879952742354	-7.96922780317885	44.5
16.7641173034308	-8.01923811222088	44.5
16.7404394220944	-8.06882929520914	44.5
16.716961489004	-8.11800164917409	44.5
16.6936833523523	-8.16675549330507	44.5
16.6706048497472	-8.21509116895029	44.5
16.6477258082112	-8.26300903961679	44.5
16.6250460441819	-8.31050949097047	44.5
16.602565363512	-8.35759293083616	44.5
16.5802835614689	-8.40425978919745	44.5
16.5582004227351	-8.45051051819689	44.5
16.536315721408	-8.49634559213585	44.5
16.5146292209999	-8.54176550747454	44.5
16.4931406744381	-8.58677078283208	44.5
16.4718498240649	-8.63136195898641	44.5
16.4507564016374	-8.67553959887437	44.5
16.4298601283278	-8.71930428759165	44.5
16.4091607147231	-8.76265663239278	44.5
16.3886578608253	-8.80559726269119	44.5
16.3683512560515	-8.84812683005915	44.5
16.3482405792335	-8.89024600822777	44.5
16.3283254986183	-8.93195549308708	44.5
16.3086056718675	-8.97325600268595	44.5
16.289080746058	-9.01414827723208	44.5
16.2697503576814	-9.05463307909208	44.5
16.2506141326444	-9.09471119279138	44.5
16.2316716862686	-9.13438342501432	44.5
16.2129226232905	-9.17365060460407	44.5
16.1943665378617	-9.21251358256265	44.5
16.1760030135484	-9.250973232051	44.5
16.1578316233322	-9.28903044838886	44.5
16.1398519296093	-9.32668614905487	44.5
16.122063484191	-9.36394127368651	44.5
16.1044658283035	-9.40079678408014	44.5
16.087058492588	-9.437253664191	44.5
16.0698409971005	-9.47331292013314	44.5
16.0528128513122	-9.50897558017951	44.5
16.035973554109	-9.54424269476192	44.5
16.0193225937919	-9.57911533647106	44.5
16.0028594480767	-9.61359460005643	44.5
15.9865835840943	-9.64768160242645	44.5
15.9704944583905	-9.68137748264835	44.5
15.9545915169261	-9.71468340194828	44.5
15.9388741950766	-9.74760054371122	44.5
15.9233419176327	-9.78013011348099	44.5
15.9079940988	-9.81227333896034	44.5
15.8928301421989	-9.84403147001081	44.5
15.877849440865	-9.87540577865285	44.5
15.8630513772487	-9.90639755906576	44.5
15.8484353232153	-9.93700812758769	44.5
15.8340006400451	-9.96723882271566	44.5
15.8197466784333	-9.99709100510559	44.5
15.8056727784902	-10.0265660575722	44.5
15.7917782697408	-10.0556653850891	44.5
15.7780624711253	-10.0843904147888	44.5
15.7645246909987	-10.1127425959626	44.5
15.751164227131	-10.1407234000607	44.5
15.737980366707	-10.1683343206922	44.5
15.7249723863267	-10.195576873625	44.5
15.7121395520049	-10.2224525967859	44.5
15.6994811191713	-10.2489630502605	44.5
15.6869963326706	-10.2751098162934	44.5
15.6746844267625	-10.300894499288	44.5
15.6625446251216	-10.3263187258065	44.5
15.6505761408375	-10.3513841445699	44.5
15.6387781764145	-10.3760924264583	44.5
15.6271499237722	-10.4004452645105	44.5
15.615690564245	-10.4244443739241	44.5
15.6043992685821	-10.4480914920559	44.5
15.5932751969479	-10.471388378421	44.5
15.5823174989216	-10.4943368146939	44.5
15.5715253134973	-10.5169386047077	44.5
15.5608977690841	-10.5391955744544	44.5
15.5504339835062	-10.5611095720848	44.5
15.5401330640025	-10.5826824679088	44.5
15.529994107227	-10.6039161543948	44.5
15.5200161992485	-10.6248125461704	44.5
15.510198415551	-10.6453735800219	44.5
15.5005398210332	-10.6656012148944	44.5
15.4910394700088	-10.685497431892	44.5
15.4816964062065	-10.7050642342776	44.5
15.47250966277	-10.7243036474731	44.5
15.4634782622579	-10.7432177190589	44.5
15.4546012166436	-10.7618085187747	44.5
15.4458775273157	-10.7800781385188	44.5
15.4373061850775	-10.7980286923483	44.5
15.4288861701474	-10.8156623164795	44.5
15.4206164521587	-10.8329811692873	44.5
15.4124959901597	-10.8499874313054	44.5
15.4045237326135	-10.8666833052265	44.5
15.3966986173984	-10.8830710159023	44.5
15.3890195718073	-10.899152810343	44.5
15.3814855125484	-10.914930957718	44.5
15.3740953457446	-10.9304077493553	44.5
15.3668479669339	-10.945585498742	44.5
15.3597422610691	-10.960466541524	44.5
15.3527771025181	-10.9750532355058	44.5
15.3459513550636	-10.9893479606512	44.5
15.3392638719034	-11.0033531190826	44.5
15.33271349565	-11.0170711350813	44.5
15.3262990583311	-11.0305044550873	44.5
15.3200193813893	-11.0436555476999	44.5
15.3138732756821	-11.0565269036768	44.5
15.3078595414819	-11.0691210359348	44.5
15.3019769684761	-11.0814404795496	44.5
15.296224335767	-11.0934877917556	44.5
15.2906004118719	-11.1052655519462	44.5
15.2851039547231	-11.1167763616735	44.5
15.2797337116677	-11.1280228446487	44.5
15.2744884194679	-11.1390076467417	44.5
15.2693668043007	-11.1497334359813	44.5
15.2643675817582	-11.1602029025551	44.5
15.2594894568472	-11.1704187588096	44.5
15.2547311239898	-11.1803837392503	44.5
15.2500912670227	-11.1901006005415	44.5
15.2455685591978	-11.1995721215061	44.5
15.2411616631817	-11.2088011031262	44.5
15.2326899043182	-11.2265427630551	44.5
15.2246650800648	-11.2433484313613	44.5
15.2170761106938	-11.2592413136195	44.5
15.2099117471161	-11.2742449699464	44.5
15.2031605708823	-11.2883833150006	44.5
15.1968109941817	-11.3016806179822	44.5
15.1908512598428	-11.3141615026335	44.5
15.1852694413335	-11.3258509472382	44.5
15.1800534427606	-11.3367742846221	44.5
15.1751909988701	-11.3469572021527	44.5
15.1706696750472	-11.3564257417392	44.5
15.1644996719329	-11.3693469316559	44.5
15.1590255374222	-11.3808108300551	44.5
15.1542031612163	-11.3909098155504	44.5
15.1487093271054	-11.4024149591943	44.5
15.1441851719483	-11.4118894069636	44.5
15.1397233784886	-11.4212332570028	44.5
15.1353187783307	-11.4304573333101	44.5
15.1308801125513	-11.4397527495533	44.5
15.1263252861884	-11.449270369544	44.5
15.121866468948	-11.4584442764491	44.5
15.1171435740591	-11.4680079383223	44.5
15.1123572551403	-11.4775681104538	44.5
15.1073797583525	-11.4873907644907	44.5
15.1025569581655	-11.4968066620006	44.5
15.0970735677012	-11.5074043488769	44.5
15.0921814555595	-11.5167715177155	44.5
15.0868154276247	-11.526959106679	44.5
15.0809526268545	-11.5379938481036	44.5
15.0762157249487	-11.5468413310597	44.5
15.0711767839124	-11.5561902382605	44.5
15.0658260741076	-11.5660506729866	44.5
15.0601538410898	-11.5764324029692	44.5
15.0541503056076	-11.5873448603895	44.5
15.0478056636031	-11.5987971418791	44.5
15.0411100862116	-11.6107980085202	44.5
15.0340537197618	-11.6233558858451	44.5
15.026626685776	-11.6364788638366	44.5
15.0214645138865	-11.645545303804	44.5
15.0161302594887	-11.6548685677003	44.5
15.0106209772511	-11.6644508040021	44.5
15.0049337169418	-11.6742940949047	44.5
14.999065523429	-11.6844004563218	44.5
14.9930134366806	-11.6947718378858	44.5
14.9867744917647	-11.7054101229478	44.5
14.9803457188492	-11.7163171285772	44.5
14.9737241432018	-11.7274946055623	44.5
14.9669067851904	-11.7389442384098	44.5
14.9598906602825	-11.7506676453451	44.5
14.9526727790457	-11.7626663783121	44.5
14.9452501471475	-11.7749419229732	44.5
14.9376197653554	-11.7874956987096	44.5
14.9297786295367	-11.8003290586211	44.5
14.9217237306587	-11.8134432895257	44.5
14.9134520547884	-11.8268396119606	44.5
14.9049605830931	-11.840519180181	44.5
14.8962462918397	-11.854483082161	44.5
14.8873061523952	-11.8687323395934	44.5
14.8781371312264	-11.8832679078892	44.5
14.8687361899002	-11.8980906761783	44.5
14.8591002850832	-11.9132014673091	44.5
14.8492263685421	-11.9286010378486	44.5
14.8391113871434	-11.9442900780824	44.5
14.8287522828536	-11.9602692120146	44.5
14.818145992739	-11.976538997368	44.5
14.8072894489661	-11.9930999255838	44.5
14.8017663719198	-12.0014897037168	44.5
14.7961795788009	-12.0099524218222	44.5
14.7905286847521	-12.0184881226884	44.5
14.7848133046097	-12.0270968449615	44.5
14.7790330529039	-12.0357786231447	44.5
14.7731875438586	-12.0445334875989	44.5
14.7672763913913	-12.0533614645421	44.5
14.7612992091135	-12.06226257605	44.5
14.7552556103302	-12.0712368400556	44.5
14.7491452080403	-12.0802842703492	44.5
14.7429676149364	-12.0894048765787	44.5
14.7367224434049	-12.0985986642493	44.5
14.7304093055258	-12.1078656347236	44.5
14.7240278130731	-12.1172057852217	44.5
14.7175775775141	-12.1266191088211	44.5
14.7110582100104	-12.1361055944566	44.5
14.704469321417	-12.1456652269206	44.5
14.6978105222826	-12.1552979868626	44.5
14.6910814228499	-12.1650038507898	44.5
14.6842816330551	-12.1747827910668	44.5
14.6774107625284	-12.1846347759155	44.5
14.6704684205934	-12.1945597694151	44.5
14.6634542162678	-12.2045577315026	44.5
14.6563677582628	-12.2146286179719	44.5
14.6492086549836	-12.2247723804748	44.5
14.6419765145287	-12.2349889665202	44.5
14.6346709446908	-12.2452783194745	44.5
14.6272915529562	-12.2556403785615	44.5
14.6198379465048	-12.2660750788625	44.5
14.6123097322104	-12.2765823513161	44.5
14.6047065166405	-12.2871621227183	44.5
14.5970279060564	-12.2978143157226	44.5
14.5892735064131	-12.3085388488399	44.5
14.5814429233592	-12.3193356364385	44.5
14.5735357622373	-12.330204588744	44.5
14.5655516280836	-12.3411456118396	44.5
14.5574901256281	-12.3521586076658	44.5
14.5493508592945	-12.3632434740205	44.5
14.5411334332002	-12.374400104559	44.5
14.5328374511566	-12.3856283887942	44.5
14.5244625166684	-12.3969282120962	44.5
14.5160082329345	-12.4082994556925	44.5
14.5074742028472	-12.4197419966682	44.5
14.4988600289928	-12.4312557079656	44.5
14.4901653136511	-12.4428404583847	44.5
14.481389658796	-12.4544961125825	44.5
14.4725326660947	-12.4662225310738	44.5
14.4635939369085	-12.4780195702306	44.5
14.4545730722922	-12.4898870822823	44.5
14.4454696729946	-12.5018249153159	44.5
14.4362833394581	-12.5138329132756	44.5
14.4270136718187	-12.525910915963	44.5
14.4176602699064	-12.5380587590375	44.5
14.4082227332448	-12.5502762740153	44.5
14.3987006610513	-12.5625632882705	44.5
14.3890936522371	-12.5749196250345	44.5
14.379401305407	-12.5873451033959	44.5
14.3696232188596	-12.5998395383009	44.5
14.3597589905873	-12.6124027405532	44.5
14.3498082182762	-12.6250345168137	44.5
14.3397704993062	-12.6377346696008	44.5
14.3296454307508	-12.6505029972904	44.5
14.3194326093775	-12.6633392941155	44.5
14.3091316316472	-12.676243350167	44.5
14.2987420937149	-12.6892149513929	44.5
14.288263591429	-12.7022538795985	44.5
14.277695720332	-12.7153599124469	44.5
14.26703807566	-12.7285328234582	44.5
14.2562902523426	-12.7417723820101	44.5
14.2454518450035	-12.7550783533379	44.5
14.23452244796	-12.7684504985339	44.5
14.2235016552232	-12.7818885745482	44.5
14.2123890604978	-12.795392334188	44.5
14.2011842571824	-12.8089615261182	44.5
14.1898868383692	-12.8225958948609	44.5
14.1784963968443	-12.8362951807956	44.5
14.1670125250875	-12.8500591201594	44.5
14.1554348152723	-12.8638874450467	44.5
14.1437628592659	-12.8777798834093	44.5
14.1319962486294	-12.8917361590564	44.5
14.1201345746175	-12.9057559916546	44.5
14.1081774281787	-12.9198390967281	44.5
14.0961243999554	-12.9339851856582	44.5
14.0839750802833	-12.9481939656838	44.5
14.0717290591924	-12.9624651399013	44.5
14.059385926406	-12.9767984072643	44.5
14.0469452713415	-12.9911934625839	44.5
14.0344066831097	-13.0056499965287	44.5
14.0217697505155	-13.0201676956245	44.5
14.0090340620571	-13.0347462422548	44.5
13.996199205927	-13.0493853146603	44.5
13.9832647700109	-13.0640845869391	44.5
13.9702303418887	-13.0788437290469	44.5
13.9570955088337	-13.0936624067966	44.5
13.9438598578132	-13.1085402818586	44.5
13.930522975488	-13.1234770117608	44.5
13.9170844482129	-13.1384722498883	44.5
13.9035438620363	-13.1535256454839	44.5
13.8899008027003	-13.1686368436475	44.5
13.8761548556408	-13.1838054853366	44.5
13.8623056059875	-13.1990312073661	44.5
13.8483526385639	-13.2143136424083	44.5
13.834295537887	-13.2296524189929	44.5
13.8201338881678	-13.245047161507	44.5
13.8058672733109	-13.2604974901951	44.5
13.7914952769146	-13.2760030211591	44.5
13.7770174822711	-13.2915633663584	44.5
13.7624334723663	-13.3071781336098	44.5
13.7477428298798	-13.3228469265874	44.5
13.7329451371849	-13.3385693448228	44.5
13.7180399763488	-13.3543449837049	44.5
13.7030269291323	-13.3701734344803	44.5
13.6879055769901	-13.3860542842526	44.5
13.6726755010703	-13.4019871159832	44.5
13.6573362822152	-13.4179715084906	44.5
13.6418875009606	-13.434007036451	44.5
13.6263287375361	-13.4500932703978	44.5
13.6106595718649	-13.4662297767218	44.5
13.5948795835642	-13.4824161176713	44.5
13.5789883519447	-13.4986518513521	44.5
13.562985456011	-13.5149365317272	44.5
13.5468704744615	-13.5312697086172	44.5
13.5306429856881	-13.5476509277001	44.5
13.5143025677767	-13.564079730511	44.5
13.4978487985068	-13.5805556544429	44.5
13.4812812553517	-13.5970782327458	44.5
13.4645995154784	-13.6136469945274	44.5
13.4478031557477	-13.6302614647527	44.5
13.4308917527141	-13.6469211642439	44.5
13.4138648826258	-13.6636256096811	44.5
13.396722121425	-13.6803743136013	44.5
13.3794630447473	-13.6971667843993	44.5
13.3620872279222	-13.7140025263271	44.5
13.344594245973	-13.7308810394941	44.5
13.3269836736166	-13.7478018198672	44.5
13.3092550852639	-13.7647643592707	44.5
13.2914080550193	-13.7817681453863	44.5
13.2734421566809	-13.7988126617532	44.5
13.2553569637408	-13.8158973877677	44.5
13.2371520493847	-13.833021798684	44.5
13.2188269864921	-13.8501853656132	44.5
13.2003813476361	-13.8673875555242	44.5
13.1818147050838	-13.8846278312432	44.5
13.1631266307957	-13.9019056514536	44.5
13.1443166964264	-13.9192204706966	44.5
13.1253844733239	-13.9365717393705	44.5
13.1063295325304	-13.9539589037311	44.5
13.0871514447814	-13.9713814058916	44.5
13.0678497805063	-13.9888386838228	44.5
13.0484241098283	-14.0063301713526	44.5
13.0288740025644	-14.0238552981665	44.5
13.0091990282251	-14.0414134898074	44.5
12.989398756015	-14.0590041676755	44.5
12.969472754832	-14.0766267490287	44.5
12.9494205932682	-14.0942806469818	44.5
12.9292418396091	-14.1119652705076	44.5
12.9089360618342	-14.129680024436	44.5
12.8885028276165	-14.1474243094541	44.5
12.8679417043229	-14.165197522107	44.5
12.8472522590141	-14.1829990547966	44.5
12.8264340584444	-14.2008282957826	44.5
12.8054866690619	-14.218684629182	44.5
12.7844096570085	-14.2365674349691	44.5
12.7632025881197	-14.2544760889759	44.5
12.741865027925	-14.2724099628914	44.5
12.7203965416473	-14.2903684242625	44.5
12.6987966942035	-14.308350836493	44.5
12.6770650502043	-14.3263565588445	44.5
12.6552011739538	-14.3443849464358	44.5
12.6332046294502	-14.3624353502433	44.5
12.6110749803854	-14.3805071171006	44.5
12.5888117901447	-14.3985995896989	44.5
12.5664146218077	-14.4167121065866	44.5
12.5438830381472	-14.4348440021697	44.5
12.5212166016301	-14.4529946067115	44.5
12.498414874417	-14.4711632463329	44.5
12.475477418362	-14.4893492430119	44.5
12.4524037950133	-14.5075519145842	44.5
12.4291935656126	-14.5257705747427	44.5
12.4058462910954	-14.5440045330378	44.5
12.382361532091	-14.5622530948774	44.5
12.3587388489224	-14.5805155615267	44.5
12.3349778016064	-14.5987912301083	44.5
12.3110779498534	-14.6170793936022	44.5
12.2870388530677	-14.6353793408461	44.5
12.2628600703472	-14.6536903565346	44.5
12.2385411604838	-14.6720117212201	44.5
12.2140816819628	-14.6903427113124	44.5
12.1894811929635	-14.7086825990784	44.5
12.164739251359	-14.7270306526428	44.5
12.1398554147158	-14.7453861359874	44.5
12.1148292402944	-14.7637483089516	44.5
12.0896602850491	-14.7821164272322	44.5
12.0643481056278	-14.8004897423833	44.5
12.0388922583722	-14.8188675018166	44.5
12.0132922993177	-14.8372489488009	44.5
11.9875477841935	-14.8556333224628	44.5
11.9616582684225	-14.874019857786	44.5
11.9356233071215	-14.8924077856117	44.5
11.9094424551007	-14.9107963326387	44.5
11.8831152668645	-14.9291847214228	44.5
11.8566412966107	-14.9475721703777	44.5
11.8300200982309	-14.9659578937742	44.5
11.8032512253106	-14.9843411017405	44.5
11.7763342311288	-15.0027210002624	44.5
11.7492686686586	-15.021096791183	44.5
11.7220540905665	-15.0394676722028	44.5
11.6946900492128	-15.0578328368797	44.5
11.6671760966518	-15.0761914746291	44.5
11.6395117846313	-15.0945427707237	44.5
11.6116966645928	-15.1128859062937	44.5
11.5837302876719	-15.1312200583267	44.5
11.5556122046975	-15.1495443996677	44.5
11.5273419661925	-15.167858099019	44.5
11.4989191223735	-15.1861603209406	44.5
11.4703432231509	-15.2044502258496	44.5
11.4416138181286	-15.2227269700206	44.5
11.4127304566047	-15.2409897055858	44.5
11.3836926875706	-15.2592375805345	44.5
11.3545000597116	-15.2774697387137	44.5
11.3251521214069	-15.2956853198276	44.5
11.2956484207292	-15.3138834594379	44.5
11.265988505445	-15.3320632889639	44.5
11.2361719230148	-15.3502239356818	44.5
11.2061982205925	-15.3683645227258	44.5
11.1760669450259	-15.3864841690871	44.5
11.1457776428565	-15.4045819896145	44.5
11.1153298603197	-15.4226570950143	44.5
11.0847231433444	-15.4407085918498	44.5
11.0539570375535	-15.4587355825422	44.5
11.0230310882634	-15.4767371653699	44.5
10.9919448404844	-15.4947124344686	44.5
10.9606978389205	-15.5126604798316	44.5
10.9292896279694	-15.5305803873096	44.5
10.8977197517228	-15.5484712386105	44.5
10.8659877539657	-15.5663321112999	44.5
10.8340931781771	-15.5841620788006	44.5
10.8020355675299	-15.6019602103929	44.5
10.7698144648905	-15.6197255712146	44.5
10.7374294128191	-15.6374572222606	44.5
10.7048799535696	-15.6551542203836	44.5
10.6721656290899	-15.6728156182935	44.5
10.6392859810212	-15.6904404645576	44.5
10.6062405506989	-15.7080278036006	44.5
10.5730288791519	-15.7255766757049	44.5
10.5396505071029	-15.7430861170098	44.5
10.5061049749682	-15.7605551595125	44.5
10.4723918228582	-15.7779828310673	44.5
10.4385105905767	-15.795368155386	44.5
10.4044608176213	-15.8127101520379	44.5
10.3702420431836	-15.8300078364496	44.5
10.3358538061486	-15.8472602199051	44.5
10.3012956450953	-15.864466309546	44.5
10.2665670982963	-15.8816251083711	44.5
10.2316677037181	-15.8987356152367	44.5
10.1965969990207	-15.9157968248565	44.5
10.161354521558	-15.9328077278015	44.5
10.1259398083778	-15.9497673105004	44.5
10.0903523962212	-15.966674555239	44.5
10.0545918215236	-15.9835284401607	44.5
10.0186576204137	-16.0003279392662	44.5
9.98254932871418	-16.0170720224138	44.5
9.94626648194135	-16.033759655319	44.5
9.90980861530534	-16.0503897995548	44.5
9.87317526371	-16.0669614125516	44.5
9.83636596175291	-16.0834734475972	44.5
9.79938024372541	-16.0999248538368	44.5
9.76221764361258	-16.1163145762732	44.5
9.72487769509325	-16.1326415557662	44.5
9.68735993154	-16.1489047290335	44.5
9.64966388601914	-16.1651030286498	44.5
9.61178909129073	-16.1812353830475	44.5
9.57373507980858	-16.1973007165163	44.5
9.53550138372024	-16.2132979492032	44.5
9.49708753486702	-16.2292259971128	44.5
9.45849306478395	-16.245083772107	44.5
9.41971750469982	-16.2608701819053	44.5
9.38076038553716	-16.2765841300842	44.5
9.34162123791226	-16.292224516078	44.5
9.30229959213513	-16.3077902351784	44.5
9.26279497820954	-16.3232801785342	44.5
9.22310692583301	-16.3386932331518	44.5
9.1832349643968	-16.3540282818952	44.5
9.1431786229859	-16.3692842034855	44.5
9.10293743037906	-16.3844598725013	44.5
9.06251091504879	-16.3995541593788	44.5
9.02189860516131	-16.4145659304113	44.5
8.98110002857661	-16.4294940477498	44.5
8.94011471284842	-16.4443373694025	44.5
8.89894218522422	-16.4590947492352	44.5
8.85758197264521	-16.4737650369709	44.5
8.81603360174637	-16.4883470781902	44.5
8.7742965988564	-16.502839714331	44.5
8.73237048999776	-16.5172417826886	44.5
8.69025480088664	-16.5315521164159	44.5
8.647949056933	-16.5457695445229	44.5
8.60545278324051	-16.5598928918773	44.5
8.56276550460662	-16.573920979204	44.5
8.5198867455225	-16.5878526230855	44.5
8.47681603017307	-16.6016866359615	44.5
8.43355288243701	-16.6154218261294	44.5
8.39009682588673	-16.6290569977437	44.5
8.34644738378838	-16.6425909508165	44.5
8.30260407910188	-16.6560224812172	44.5
8.25856643448087	-16.6693503806728	44.5
8.21433397227275	-16.6825734367675	44.5
8.16990621451866	-16.695690432943	44.5
8.12528268295348	-16.7087001484984	44.5
8.08046289900583	-16.7216013585903	44.5
8.0354463837981	-16.7343928342326	44.5
7.99023265814641	-16.7470733422966	44.5
7.94482124256061	-16.7596416455111	44.5
7.89921165724433	-16.7720965024622	44.5
7.85340342209491	-16.7844366675936	44.5
7.80739605670346	-16.7966608912062	44.5
7.76118908035481	-16.8087679194585	44.5
7.71478201202757	-16.8207564943662	44.5
7.66817437039406	-16.8326253538026	44.5
7.62136567382036	-16.8443732314983	44.5
7.5743554403663	-16.8559988570413	44.5
7.52714318778546	-16.8675009558772	44.5
7.47972843352514	-16.8788782493089	44.5
7.43211069472641	-16.8901294544965	44.5
7.38428948822407	-16.9012532844578	44.5
7.33626433054668	-16.912248448068	44.5
7.28803473791653	-16.9231136500594	44.5
7.23960022624964	-16.9338475910222	44.5
7.19096031115583	-16.9444489674035	44.5
7.14211450793862	-16.9549164715082	44.5
7.09306233159527	-16.9652487914985	44.5
7.04380329681682	-16.9754446113938	44.5
6.99433691798802	-16.9855026110713	44.5
6.9446627091874	-16.9954214662653	44.5
6.8947801841872	-17.0051998485677	44.5
6.84468885645343	-17.0148364254276	44.5
6.79438823914583	-17.0243298601517	44.5
6.7438778451179	-17.0336788119041	44.5
6.69315718691687	-17.0428819357061	44.5
6.64222577678372	-17.0519378824368	44.5
6.59108312665318	-17.0608452988324	44.5
6.53972874815372	-17.0696028274865	44.5
6.48816215260755	-17.0782091068503	44.5
6.43638285103065	-17.0866627712324	44.5
6.38439035413271	-17.0949624507986	44.5
6.33218417231719	-17.1031067715723	44.5
6.27976381568128	-17.1110943554342	44.5
6.22712879401593	-17.1189238201226	44.5
6.17427861680582	-17.126593779233	44.5
6.12121279322938	-17.1341028422183	44.5
6.0679308321588	-17.1414496143891	44.5
6.01443224215999	-17.1486326969131	44.5
5.96071653149262	-17.1556506868156	44.5
5.90678320811011	-17.1625021769791	44.5
5.85263177965961	-17.1691857561437	44.5
5.79826175348201	-17.175700008907	44.5
5.74367263661198	-17.1820435157238	44.5
5.68886393577791	-17.1882148529063	44.5
5.63383515740192	-17.1942125926243	44.5
5.57858580759991	-17.2000353029048	44.5
5.5231153921815	-17.2056815476325	44.5
5.46742341665006	-17.2111498865492	44.5
5.41150938620271	-17.2164388752543	44.5
5.35537280573032	-17.2215470652045	44.5
5.29901317981749	-17.226473003714	44.5
5.24243001274257	-17.2312152339544	44.5
5.18562280847767	-17.2357722949547	44.5
5.12859107068862	-17.2401427216013	44.5
5.07133430273502	-17.244325044638	44.5
5.0138520076702	-17.2483177906661	44.5
4.95614368824123	-17.2521194821441	44.5
4.89820884688894	-17.2557286373881	44.5
4.8400469857479	-17.2591437705716	44.5
4.78165760664642	-17.2623633917255	44.5
4.72304021110655	-17.265386006738	44.5
4.66419430034411	-17.2682101173549	44.5
4.60511937526865	-17.2708342211793	44.5
4.54581493648344	-17.2732568116716	44.5
4.48628048428555	-17.2754763781499	44.5
4.42651551866573	-17.2774914057894	44.5
4.36651953930854	-17.279300375623	44.5
4.30629204559223	-17.2809017645408	44.5
4.24583253658884	-17.2822940452903	44.5
4.18514051106412	-17.2834756864766	44.5
4.12421546747758	-17.2844451525621	44.5
4.06305690398248	-17.2852009038665	44.5
4.00166431842581	-17.2857413965672	44.5
3.94003720834833	-17.2860650826988	44.5
3.87817507098451	-17.2861704101533	44.5
3.8160774032626	-17.2860558226801	44.5
3.75374370180457	-17.2857197598862	44.5
3.69117346292615	-17.2851606572359	44.5
3.6283661826368	-17.2843769460508	44.5
3.56532135663975	-17.28336705351	44.5
3.50203848033195	-17.2821294026501	44.5
3.4385170488041	-17.2806624123651	44.5
3.37475655684066	-17.2789644974061	44.5
3.31075649891983	-17.2770340683822	44.5
3.24651636921353	-17.2748695317592	44.5
3.18203566158746	-17.272469289861	44.5
3.11731386960104	-17.2698317408684	44.5
3.05235048650746	-17.2669552788199	44.5
2.98714500525363	-17.2638382936112	44.5
2.92169691848021	-17.2604791709957	44.5
2.85600571852162	-17.256876292584	44.5
2.79007089740601	-17.253028035844	44.5
2.72389194685529	-17.2489327741013	44.5
2.65746835828509	-17.2445888765387	44.5
2.59079962280481	-17.2399947081966	44.5
2.52388523121758	-17.2351486299726	44.5
2.45672467402029	-17.2300489986219	44.5
2.38931744140356	-17.2246941667569	44.5
2.32166302325176	-17.2190824828476	44.5
2.253760909143	-17.2132122912214	44.5
2.18561058834916	-17.207081932063	44.5
2.11721154983582	-17.2006897414145	44.5
2.04856328226235	-17.1940340511756	44.5
1.97966527398185	-17.1871131891033	44.5
1.91051701304114	-17.1799254788119	44.5
1.84111798718082	-17.1724692397733	44.5
1.77146768383522	-17.1647427873167	44.5
1.70156559013241	-17.1567444326287	44.5
1.63141119289422	-17.1484724827535	44.5
1.56100397863622	-17.1399252405924	44.5
1.49034343356771	-17.1311010049043	44.5
1.41942904359175	-17.1219980703056	44.5
1.34826029430514	-17.1126147272698	44.5
1.27683667099843	-17.1029492621283	44.5
1.20515765865591	-17.0929999570693	44.5
