1.20515765865591	-16.9299566463512	50
1.1921002262679	-16.9280587547976	50
1.17906126073989	-16.9260378859557	50
1.16604192026819	-16.9238942193308	50
1.1530433613059	-16.9216279453358	50
1.14006673846019	-16.9192392652741	50
1.12711320438973	-16.9167283913222	50
1.11418390970232	-16.9140955465105	50
1.10128000285266	-16.9113409647034	50
1.08840263004038	-16.9084648905788	50
1.07555293510818	-16.9054675796062	50
1.06273205944027	-16.9023492980242	50
1.04994114186096	-16.8991103228165	50
1.03718131853351	-16.8957509416876	50
1.0244537228592	-16.8922714530372	50
1.01175948537667	-16.8886721659337	50
0.999099733661496	-16.8849534000864	50
0.986475592226023	-16.8811154858177	50
0.973888182419488	-16.8771587640333	50
0.961338622328412	-16.8730835861921	50
0.948828026677284	-16.868890314275	50
0.93635750672955	-16.8645793207526	50
0.923928170188894	-16.8601509885524	50
0.911541121100857	-16.8556057110243	50
0.899197459754763	-16.8509438919062	50
0.886898282585984	-16.8461659452879	50
0.874644682078551	-16.8412722955741	50
0.862437746668113	-16.8362633774472	50
0.850278560645255	-16.8311396358282	50
0.838168204059185	-16.8259015258375	50
0.826107752621798	-16.8205495127542	50
0.814098277612126	-16.8150840719752	50
0.802140845781179	-16.8095056889725	50
0.790236519257192	-16.8038148592503	50
0.778386355451278	-16.798012088301	50
0.766591406963504	-16.7920978915603	50
0.754852721489397	-16.7860727943614	50
0.743171341726873	-16.7799373318882	50
0.731548305283626	-16.7736920491279	50
0.719984644584959	-16.7673375008227	50
0.708481386782077	-16.7608742514203	50
0.69703955366085	-16.754302875024	50
0.685660161551056	-16.7476239553413	50
0.674344221236097	-16.7408380856324	50
0.663092737863223	-16.7339458686577	50
0.651906710854243	-16.7269479166236	50
0.640787133816756	-16.7198448511288	50
0.629734994455888	-16.7126373031085	50
0.618751274486562	-16.7053259127789	50
0.607836949546295	-16.6979113295799	50
0.596992989108535	-16.6903942121176	50
0.58622035639655	-16.682775228106	50
0.575520008297866	-16.6750550543072	50
0.56489289527927	-16.6672343764717	50
0.554339961302389	-16.6593138892773	50
0.543862143739837	-16.6512942962675	50
0.533460373291951	-16.643176309789	50
0.52313557390413	-16.6349606509281	50
0.512888662684753	-16.6266480494473	50
0.502720549823722	-16.6182392437198	50
0.492632138511617	-16.6097349806645	50
0.48262432485946	-16.6011360156791	50
0.472697997819128	-16.5924431125733	50
0.462854039104383	-16.5836570435013	50
0.453093323112557	-16.5747785888923	50
0.443416716846881	-16.5658085373821	50
0.433825079839476	-16.5567476857425	50
0.424319264074999	-16.5475968388107	50
0.414900113914972	-16.5383568094179	50
0.405568466022772	-16.529028418317	50
0.396325149289324	-16.5196124941094	50
0.387170984759465	-16.5101098731722	50
0.378106785559018	-16.500521399583	50
0.369133356822567	-16.4908479250454	50
0.360251495621938	-16.4810903088135	50
0.351461990895397	-16.4712494176151	50
0.342765623377577	-16.461326125575	50
0.334163165530124	-16.4513213141376	50
0.325655381473085	-16.4412358719878	50
0.317243026917031	-16.4310706949731	50
0.308926849095936	-16.4208266860233	50
0.300707586700799	-16.4105047550704	50
0.29258596981403	-16.400105818968	50
0.284562719844602	-16.3896308014098	50
0.276638549463967	-16.3790806328474	50
0.268814162542757	-16.3684562504077	50
0.261090254088261	-16.3577585978099	50
0.253467510182687	-16.3469886252813	50
0.245946607922224	-16.3361472894732	50
0.238528215356898	-16.3252355533756	50
0.231212991431231	-16.314254386232	50
0.224001585925709	-16.3032047634533	50
0.216894639399065	-16.2920876665308	50
0.209892783131384	-16.2809040829494	50
0.202996639068025	-16.2696550060995	50
0.196206819764377	-16.2583414351893	50
0.189523928331451	-16.2469643751555	50
0.182948558382305	-16.2355248365744	50
0.176481293979317	-16.2240238355719	50
0.170122709582305	-16.2124623937335	50
0.163873369997502	-16.2008415380133	50
0.157733830327385	-16.1891623006428	50
0.151704635921365	-16.1774257190395	50
0.145786322327352	-16.1656328357144	50
0.13997941524418	-16.1537846981796	50
0.13428443047491	-16.1418823588551	50
0.128701873881021	-16.1299268749756	50
0.123232241337467	-16.1179193084963	50
0.117876018688636	-16.1058607259986	50
0.112633681705195	-16.0937521985957	50
0.107505696041827	-16.0815948018368	50
0.102492517195868	-16.0693896156123	50
0.0975945904668494	-16.0571377240573	50
0.092812350916945	-16.0448402154558	50
0.0881462233323225	-16.0324981821436	50
0.0835966221854134	-16.0201127204113	50
0.0791639515980986	-16.0076849304074	50
0.0748486053058095	-15.99521591604	50
0.0706509666225552	-15.9827067848791	50
0.0665714084068756	-15.9701586480579	50
0.0626102930287189	-15.9575726201747	50
0.0587679723372567	-15.9449498191931	50
0.0550447876296305	-15.9322913663434	50
0.0514410696206324	-15.9195983860224	50
0.0479571384133337	-15.9068720056941	50
0.0445933034706494	-15.8941133557893	50
0.0413498635878478	-15.8813235696048	50
0.0382271068660136	-15.8685037832036	50
0.0352253106864557	-15.8556551353131	50
0.0323447416860667	-15.8427787672246	50
0.0295856557336409	-15.8298758226915	50
0.0269482979071465	-15.816947447828	50
0.0244329024719545	-15.8039947910071	50
0.0220396928600322	-15.7910190027586	50
0.0197688816500947	-15.778021235667	50
0.0176206705487241	-15.7650026442693	50
0.0155952503724512	-15.751964384952	50
0.0136928010308077	-15.7389076158486	50
0.0119134915103438	-15.7258334967369	50
0.0102574798596196	-15.7127431889357	50
0.00872491317516499	-15.6996378552019	50
0.00731592758841448	-15.686518659627	50
0.00603064825361477	-15.6733867675337	50
0.00486918933670766	-15.6602433453728	50
0.00383165400519014	-15.6470895606189	50
0.00291813441894928	-15.6339265816672	50
0.00212871172207718	-15.6207555777297	50
0.00146345603566189	-15.607577718731	50
0.000922426451560376	-15.5943941752048	50
0.000505671027148269	-15.5812061181898	50
0.000213226781052178	-15.5680147191252	50
4.51196898612061e-05	-15.5548211497476	50
1.36468581879434e-06	-15.541626581986	50
8.19656554977843e-05	-15.5284321878581	50
0.000286915439454027	-15.5152391393665	50
0.000616195832862321	-15.5020486083939	50
0.00106977758713445	-15.4888617665995	50
0.00164762041251598	-15.475679785315	50
0.00234967298166655	-15.4625038354401	50
0.00317587293421751	-15.4493350873388	50
0.00412614688231172	-15.4361747107355	50
0.00520041041712238	-15.423023874611	50
0.0063985681163512	-15.4098837470985	50
0.0077205135527032	-15.3967554953801	50
0.00916612930334137	-15.3836402855832	50
0.0107352869603157	-15.3705392826764	50
0.0124278471419703	-15.3574536503665	50
0.0142436595053232	-15.3443845509952	50
0.0161825627594212	-15.3313331454353	50
0.0182443846796663	-15.3183005929882	50
0.0204289421231139	-15.3052880512806	50
0.0227360410447399	-15.2922966761616	50
0.0251654765146794	-15.2793276216003	50
0.027717032736426	-15.2663820395831	50
0.0303904830660027	-15.2534610800114	50
0.0331855900320932	-15.2405658905997	50
0.0361021053571353	-15.2276976167731	50
0.0391397699793739	-15.2148574015662	50
0.0422983140758735	-15.2020463855212	50
0.0455774570864844	-15.1892657065864	50
0.0489769077387636	-15.1765165000158	50
0.0524963640738492	-15.1637998982676	50
0.0561355134732786	-15.1511170309039	50
0.0598940326867607	-15.1384690244903	50
0.0637715878608871	-15.1258570024959	50
0.0677678345687862	-15.1132820851933	50
0.0718824178407191	-15.1007453895595	50
0.0761149721956089	-15.0882480291762	50
0.0804651216735039	-15.0757911141313	50
0.0849324798689752	-15.0633757509199	50
0.0895166499654372	-15.0510030423465	50
0.0942172247703952	-15.0386740874264	50
0.0990337867516162	-15.0263899812889	50
0.103965908074216	-15.0141518150792	50
0.109013150638659	-15.0019606758621	50
0.114175066119678	-14.9898176465249	50
0.119451196006093	-14.9777238056818	50
0.12484107164154	-14.9656802275776	50
0.130344214266102	-14.9536879819926	50
0.135960135058829	-14.9417481341474	50
0.141688335181166	-14.9298617446083	50
0.147528305821256	-14.9180298691932	50
0.153479528239141	-14.9062535588776	50
0.159541473812834	-14.8945338597015	50
0.165713604085278	-14.8828718126763	50
0.171995370812176	-14.8712684536926	50
0.178386216010683	-14.8597248134277	50
0.184885572008979	-14.8482419172545	50
0.191492861496682	-14.8368207851503	50
0.198207497576137	-14.825462431606	50
0.205028883814541	-14.8141678655362	50
0.211956414296929	-14.8029380901898	50
0.218989473679986	-14.7917741030601	50
0.226127437246711	-14.7806768957972	50
0.23336967096191	-14.769647454119	50
0.240715531528507	-14.7586867577245	50
0.248164366444694	-14.747795780206	50
0.255715514061882	-14.7369754889632	50
0.263368303643479	-14.7262268451168	50
0.271122055424464	-14.7155508034235	50
0.278976080671773	-14.7049483121912	50
0.286929681745469	-14.6944203131944	50
0.294982152160717	-14.6839677415908	50
0.303132776650534	-14.6735915258383	50
0.311380831229325	-14.6632925876123	50
0.319725583257192	-14.6530718417242	50
0.328166291505009	-14.6429301960396	50
0.336702206220264	-14.6328685513981	50
0.345332569193658	-14.6228878015333	50
0.354056613826449	-14.612988832993	50
0.36287356519855	-14.6031725250609	50
0.371782640137358	-14.5934397496781	50
0.380783047287326	-14.5837913713661	50
0.389873987180249	-14.5742282471496	50
0.399054652306279	-14.5647512264806	50
0.408324227185659	-14.5553611511629	50
0.417681888441149	-14.5460588552772	50
0.42712680487117	-14.5368451651073	50
0.436658137523632	-14.5277208990665	50
0.446275039770459	-14.5186868676246	50
0.455976657382787	-14.5097438732368	50
0.465762128606844	-14.5008927102714	50
0.475630584240495	-14.4921341649399	50
0.485581147710451	-14.483469015227	50
0.495612935150129	-14.4748980308214	50
0.505725055478162	-14.4664219730474	50
0.515916610477557	-14.4580415947975	50
0.526186694875468	-14.4497576404654	50
0.536534396423616	-14.4415708458798	50
0.546958795979319	-14.4334819382391	50
0.557458967587131	-14.4254916360468	50
0.568033978561101	-14.4176006490479	50
0.578682889567606	-14.4098096781654	50
0.589404754708796	-14.4021194154383	50
0.600198621606618	-14.3945305439604	50
0.6110635314874	-14.387043737819	50
0.621998519267024	-14.3796596620355	50
0.63300261363665	-14.3723789725063	50
0.64407483714899	-14.3652023159442	50
0.655214206305128	-14.3581303298215	50
0.666419731641889	-14.3511636423128	50
0.67769041781972	-14.3443028722396	50
0.689025263711106	-14.3375486290151	50
0.700423262489498	-14.3309015125903	50
0.711883401718738	-14.3243621134005	50
0.723404663442996	-14.317931012313	50
0.73498602427719	-14.3116087805753	50
0.746626455497885	-14.3053959797647	50
0.758324923134673	-14.2992931617379	50
0.770080388062019	-14.2933008685826	50
0.781891806091557	-14.287419632569	50
0.793758128064839	-14.2816499761023	50
0.805678299946539	-14.2759924116769	50
0.817651262918066	-14.2704474418304	50
0.829675953471618	-14.265015559099	50
0.841751303504655	-14.2596972459739	50
0.853876240414764	-14.2544929748585	50
0.866049687194941	-14.2494032080262	50
0.878270562529257	-14.2444283975796	50
0.890537780888901	-14.23956898541	50
0.902850252628607	-14.2348254031586	50
0.915206884083446	-14.2301980721778	50
0.927606577665962	-14.2256874034938	50
0.940048231963676	-14.2212937977704	50
0.952530741836914	-14.217017645273	50
0.965052998516975	-14.2128593258341	50
0.977613889704614	-14.2088192088199	50
0.990212299668849	-14.2048976530967	50
1.00284710934606	-14.2010950069999	50
1.0155171964394	-14.1974116083025	50
1.02822143551847	-14.1938477841853	50
1.04095869811929	-14.1904038512077	50
1.05372785284457	-14.1870801152797	50
1.06652776546413	-14.1838768716348	50
1.07935729901573	-14.1807944048037	50
1.09221531390603	-14.1778329885888	50
1.10510066801178	-14.1749928860403	50
1.11801221678134	-14.1722743494325	50
1.13094881333629	-14.1696776202415	50
1.14390930857332	-14.1672029291239	50
1.1568925512663	-14.1648504958959	50
1.16989738816855	-14.1626205295144	50
1.18292266411526	-14.1605132280579	50
1.1959672221261	-14.158528778709	50
1.21897353074203	-14.1552570217373	50
1.23278903396997	-14.1532933655545	50
1.24660416833974	-14.1513150853265	50
1.26041893385132	-14.1493221810533	50
1.27423333050473	-14.1473146527348	50
1.28804735829996	-14.1452925003712	50
1.30186101723701	-14.1432557239623	50
1.31567430731588	-14.1412043235082	50
1.32948722853657	-14.1391382990088	50
1.34329978089909	-14.1370576504643	50
1.35711196440342	-14.1349623778745	50
1.37092377904958	-14.1328524812395	50
1.38473522483756	-14.1307279605593	50
1.39854630176736	-14.1285888158338	50
1.41235700983898	-14.1264350470631	50
1.42616734905243	-14.1242666542472	50
1.43997731940769	-14.1220836373861	50
1.45378692090478	-14.1198859964798	50
1.46759615354369	-14.1176737315282	50
1.48140501732442	-14.1154468425314	50
1.49521351224697	-14.1132053294894	50
1.50902163831134	-14.1109491924022	50
1.52282939551754	-14.1086784312697	50
1.53663678386555	-14.106393046092	50
1.55044380335539	-14.1040930368691	50
1.56425045398705	-14.101778403601	50
1.57805673576053	-14.0994491462877	50
1.59186264867583	-14.0971052649291	50
1.60566819273296	-14.0947467595253	50
1.6194733679319	-14.0923736300763	50
1.63327817427267	-14.089985876582	50
1.64708261175526	-14.0875834990426	50
1.66088668037967	-14.0851664974579	50
1.6746903801459	-14.082734871828	50
1.68849371105395	-14.0802886221528	50
1.70229667310383	-14.0778277484325	50
1.71609926629552	-14.0753522506669	50
1.72990149062904	-14.0728621288561	50
1.74370334610438	-14.0703573830001	50
1.75750483272154	-14.0678380130989	50
1.77130595048052	-14.0653040191524	50
1.78510669938133	-14.0627554011607	50
1.79890707942395	-14.0601921591238	50
1.8127070906084	-14.0576142930416	50
1.82650673293467	-14.0550218029143	50
1.84030600640276	-14.0524146887417	50
1.85410491101267	-14.0497929505239	50
1.8679034467644	-14.0471565882609	50
1.88170161365796	-14.0445056019526	50
1.89549941169333	-14.0418399915991	50
1.90929684087053	-14.0391597572004	50
1.92309390118955	-14.0364648987565	50
1.93689059265039	-14.0337554162674	50
1.95068691525305	-14.031031309733	50
1.96448286899754	-14.0282925791534	50
1.97827845388384	-14.0255392245286	50
1.99207366991197	-14.0227712458586	50
2.00586851708192	-14.0199886431433	50
2.01966299539369	-14.0171914163828	50
2.03345710484728	-14.0143795655771	50
2.04725084544269	-14.0115530907262	50
2.06104421717993	-14.0087119918301	50
2.07483722005898	-14.0058562688887	50
2.08862985407986	-14.0029859219021	50
2.10242211924256	-14.0001009508703	50
2.11621401554708	-13.9972013557932	50
2.13000554299342	-13.994287136671	50
2.14379670158159	-13.9913582935035	50
2.15758749131157	-13.9884148262908	50
2.17137791218338	-13.9854567350329	50
2.18516796419701	-13.9824840197297	50
2.19895764735246	-13.9794966803813	50
2.21274696164973	-13.9764947169877	50
2.22653590708882	-13.9734781295489	50
2.24032448366974	-13.9704469180649	50
2.25411269139247	-13.9674010825356	50
2.26790053025703	-13.9643406229611	50
2.28168800026341	-13.9612655393414	50
2.29547510141161	-13.9581758316765	50
2.30926183370163	-13.9550714999663	50
2.32304819713348	-13.9519525442109	50
2.33683419170714	-13.9488189644103	50
2.35061981742263	-13.9456707605645	50
2.36440507427994	-13.9425079326734	50
2.37818996227907	-13.9393304807372	50
2.39197448142002	-13.9361384047557	50
2.40575863170279	-13.9329317047289	50
2.41954241312739	-13.929710380657	50
2.4333258256938	-13.9264744325398	50
2.44710886940204	-13.9232238603775	50
2.4608915442521	-13.9199586641698	50
2.47467385024398	-13.916678843917	50
2.48845578737768	-13.913384399619	50
2.50223735565321	-13.9100753312757	50
2.51601855507055	-13.9067516388872	50
2.52979938562972	-13.9034133224535	50
2.54357984733071	-13.9000603819745	50
2.55735994017352	-13.8966928174503	50
2.57113966415815	-13.8933106288809	50
2.5849190192846	-13.8899138162663	50
2.59869800555288	-13.8865023796065	50
2.61247662296297	-13.8830763189014	50
2.62625487151489	-13.8796356341511	50
2.64003275120863	-13.8761803253556	50
2.65381026204419	-13.8727103925149	50
2.66758740402157	-13.869225835629	50
2.68136417714078	-13.8657266546978	50
2.6951405814018	-13.8622128497214	50
2.70891661680465	-13.8586844206998	50
2.72269228334932	-13.8551413676329	50
2.73646758103581	-13.8515836905208	50
2.75024250986412	-13.8480113893636	50
2.76401706983425	-13.844424464161	50
2.77779126094621	-13.8408229149133	50
2.79156508319998	-13.8372067416203	50
2.80533853659558	-13.8335759442822	50
2.819111621133	-13.8299305228988	50
2.83288433681224	-13.8262704774701	50
2.8466566836333	-13.8225958079963	50
2.86042866159619	-13.8189065144772	50
2.87420027070089	-13.8152025969129	50
2.88797151094742	-13.8114840553034	50
2.90174238233577	-13.8077508896487	50
2.91551288486594	-13.8040030999487	50
2.92928301853793	-13.8002406862035	50
2.94305278335174	-13.7964636484131	50
2.95682217930738	-13.7926719865775	50
2.97059120640483	-13.7888657006966	50
2.98435986464411	-13.7850447907705	50
2.99812815402521	-13.7812092567992	50
3.01189607454813	-13.7773590987827	50
3.02566362621287	-13.773494316721	50
3.03943080901944	-13.769614910614	50
3.05319762296782	-13.7657208804618	50
3.06696406805803	-13.7618122262644	50
3.08073014429006	-13.7578889480217	50
3.09449585166391	-13.7539510457339	50
3.10826119017958	-13.7499985194008	50
3.12202615983707	-13.7460313690225	50
3.13579076063639	-13.742049594599	50
3.14955499257752	-13.7380531961302	50
3.16331885566048	-13.7340421736162	50
3.17708234988526	-13.730016527057	50
3.19084547525186	-13.7259762564526	50
3.20460823176028	-13.721921361803	50
3.21837061941053	-13.7178518431081	50
3.23213263820259	-13.713767700368	50
3.24589428813648	-13.7096689335827	50
3.25965556921219	-13.7055555427522	50
3.27341648142972	-13.7014275278764	50
3.28717702478907	-13.6972848889554	50
3.30093719929024	-13.6931276259892	50
3.31469700493324	-13.6889557389778	50
3.32845644171805	-13.6847692279211	50
3.34221550964469	-13.6805680928193	50
3.35597420871315	-13.6763523336722	50
3.36973253892343	-13.6721219504799	50
3.38349050027553	-13.6678769432423	50
3.39724809276946	-13.6636173119596	50
3.4110053164052	-13.6593430566316	50
3.42476217118277	-13.6550541772584	50
3.43851865710216	-13.6507506738399	50
3.45227477416337	-13.6464325463763	50
3.4660305223664	-13.6420997948674	50
3.47978590171125	-13.6377524193133	50
3.49354091219793	-13.633390419714	50
3.50729555382642	-13.6290137960694	50
3.52104982659674	-13.6246225483797	50
3.53480373050888	-13.6202166766447	50
3.54855726556284	-13.6157961808644	50
3.56231043175862	-13.611361061039	50
3.57606322909623	-13.6069113171683	50
3.58981565757565	-13.6024469492525	50
3.6035677171969	-13.5979679572914	50
3.61731940795997	-13.593474341285	50
3.63107072986486	-13.5889661012335	50
3.64482168291157	-13.5844432371367	50
3.6585722671001	-13.5799057489947	50
3.67232248243046	-13.5753536368075	50
3.68607232890263	-13.570786900575	50
3.69982180651663	-13.5662055402974	50
3.71357091527245	-13.5616095559745	50
3.72731965517009	-13.5569989476064	50
3.74106802620955	-13.552373715193	50
3.75481602839084	-13.5477338587345	50
3.76856366171394	-13.5430793782307	50
3.78231092617887	-13.5384102736817	50
3.79605782178562	-13.5337265450875	50
3.80980434853419	-13.529028192448	50
3.82355050642458	-13.5243152157633	50
3.83729629545679	-13.5195876150335	50
3.85104171563083	-13.5148453902583	50
3.86478676694668	-13.510088541438	50
3.87853144940436	-13.5053170685724	50
3.89227576300386	-13.5005309716617	50
3.90601970774518	-13.4957302507056	50
3.91976328362832	-13.4909149057044	50
3.93350649065329	-13.486084936658	50
3.94724932882007	-13.4812403435663	50
3.96099179812868	-13.4763811264294	50
3.97473389857911	-13.4715072852473	50
3.98847563017136	-13.4666188200199	50
4.00221699290543	-13.4617157307473	50
4.01595798678132	-13.4567980174295	50
4.02969861179904	-13.4518656800665	50
4.04343886795857	-13.4469187186583	50
4.05717875525993	-13.4419571332048	50
4.07091827370311	-13.4369809237062	50
4.08465742328811	-13.4319900901622	50
4.09839620401493	-13.4269846325731	50
4.11213461588358	-13.4219645509388	50
4.12587265889404	-13.4169298452592	50
4.13961033304633	-13.4118805155344	50
4.15334763834044	-13.4068165617644	50
4.16708457477637	-13.4017379839491	50
4.18082114235412	-13.3966447820887	50
4.19455734107369	-13.391536956183	50
4.20829317093509	-13.3864145062321	50
4.2220286319383	-13.3812774322359	50
4.23576372408334	-13.3761257341946	50
4.2494984473702	-13.370959412108	50
4.26323280179888	-13.3657784659762	50
4.27696678736938	-13.3605828957992	50
4.29070040408171	-13.3553727015769	50
4.30443365193585	-13.3501478833094	50
4.31816653093182	-13.3449084409968	50
4.33189904106961	-13.3396543746388	50
4.34563118234922	-13.3343856842357	50
4.35936295477065	-13.3291023697873	50
4.3730943583339	-13.3238044312938	50
4.38682539303898	-13.3184918687549	50
4.40055605888587	-13.3131646821709	50
4.41428635587459	-13.3078228715417	50
4.42801628400513	-13.3024664368672	50
4.44174584327749	-13.2970953781475	50
4.45547503369167	-13.2917096953826	50
4.46920385524768	-13.2863093885724	50
4.4829323079455	-13.280894457717	50
4.49666039178515	-13.2754649028164	50
4.51038810676662	-13.2700207238706	50
4.52411545288991	-13.2645619208796	50
4.53784243015502	-13.2590884938433	50
4.55156903856195	-13.2536004427619	50
4.56529527811071	-13.2480977676352	50
4.57902114880128	-13.2425804684632	50
4.59274665063368	-13.2370485452461	50
4.6064717836079	-13.2315019979837	50
4.62019654772394	-13.2259408266761	50
4.6339209429818	-13.2203650313233	50
4.64764496938148	-13.2147746119252	50
4.66136862692299	-13.209169568482	50
4.67509191560632	-13.2035499009935	50
4.68881483543147	-13.1979156094598	50
4.70253738639844	-13.1922666938808	50
4.71625956850723	-13.1866031542567	50
4.72998138175784	-13.1809249905873	50
4.74370282615028	-13.1752322028727	50
4.75742390168453	-13.1695247911129	50
4.77114460836061	-13.1638027553078	50
4.78486494617851	-13.1580660954576	50
4.79858491513823	-13.1523148115621	50
4.81230451523977	-13.1465489036214	50
4.82602374648314	-13.1407683716354	50
4.83974260886832	-13.1349732156042	50
4.85346110239533	-13.1291634355279	50
4.86717922706416	-13.1233390314063	50
4.88089698287481	-13.1175000032394	50
4.89461436982728	-13.1116463510274	50
4.90833138792157	-13.1057780747701	50
4.92204803715768	-13.0998951744676	50
4.93576431753562	-13.0939976501199	50
4.94948022905538	-13.0880855017269	50
4.96319577171696	-13.0821587292888	50
4.97691094552036	-13.0762173328054	50
4.99062575046558	-13.0702613122768	50
5.00434018655262	-13.0642906677029	50
5.01805425378149	-13.0583053990839	50
5.03176795215218	-13.0523055064196	50
5.04548128166469	-13.0462909897101	50
5.05919424231902	-13.0402618489553	50
5.07290683411517	-13.0342180841554	50
5.08661905705314	-13.0281596953102	50
5.10033091113293	-13.0220866824198	50
5.11404239635455	-13.0159990454842	50
5.12775351271799	-13.0098967845034	50
5.14146426022325	-13.0037798994773	50
5.15517463887033	-12.997648390406	50
5.16888464865923	-12.9915022572895	50
5.18259428958995	-12.9853415001278	50
5.1963035616625	-12.9791661189208	50
5.21001246487687	-12.9729761136686	50
5.22372099923305	-12.9667714843712	50
5.23742916473106	-12.9605522310286	50
5.2511369613709	-12.9543183536408	50
5.26484438915255	-12.9480698522077	50
5.27855144807602	-12.9418067267294	50
5.29225813814132	-12.9355289772059	50
5.30596445934844	-12.9292366036371	50
5.31967041169738	-12.9229296060232	50
5.33337599518814	-12.916607984364	50
5.34708120982072	-12.9102717386596	50
5.36078605559512	-12.90392086891	50
5.37449053251135	-12.8975553751151	50
5.3881946405694	-12.891175257275	50
5.40189837976926	-12.8847805153897	50
5.41560175011095	-12.8783711494592	50
5.42930475159447	-12.8719471594835	50
5.4430073842198	-12.8655085454625	50
5.45670964798695	-12.8590553073963	50
5.47041154289593	-12.8525874452849	50
5.48411306894673	-12.8461049591283	50
5.49781422613934	-12.8396078489264	50
5.51151501447379	-12.8330961146793	50
5.52521543395005	-12.826569756387	50
5.53891548456813	-12.8200287740495	50
5.55261516632804	-12.8134731676667	50
5.56631447922976	-12.8069029372388	50
5.58001342327331	-12.8003180827656	50
5.59371199845868	-12.7937186042472	50
5.60741020478588	-12.7871045016835	50
5.62110804225489	-12.7804757750746	50
5.63480551086572	-12.7738324244206	50
5.64850261061838	-12.7671744497212	50
5.66219934151286	-12.7605018509767	50
5.67589570354915	-12.753814628187	50
5.68959169672728	-12.747112781352	50
5.70328732104722	-12.7403963104718	50
5.71698257650898	-12.7336652155464	50
5.73067746311257	-12.7269194965757	50
5.74437198085797	-12.7201591535598	50
5.7580661297452	-12.7133841864987	50
5.77175990977425	-12.7065945953924	50
5.78545332094513	-12.6997903802409	50
5.79914636325782	-12.6929715410441	50
5.81283903671233	-12.6861380778021	50
5.82653134130867	-12.6792899905149	50
5.84022327704682	-12.6724272791825	50
5.8539148439268	-12.6655499438049	50
5.8676060419486	-12.658657984382	50
5.88129687111223	-12.6517514009139	50
5.89498733141767	-12.6448301934006	50
5.90867742286494	-12.637894361842	50
5.92236714545402	-12.6309439062383	50
5.93605649918493	-12.6239788265893	50
5.94974548405766	-12.6169991228951	50
5.96343410007221	-12.6100047951556	50
5.97712234722859	-12.602995843371	50
5.99081022552678	-12.5959722675411	50
6.0044977349668	-12.588934067666	50
6.01818487554864	-12.5818812437457	50
6.03187164727229	-12.5748137957801	50
6.04555805013777	-12.5677317237693	50
6.05924408414508	-12.5606350277133	50
6.0729297492942	-12.5535237076121	50
6.08661504558515	-12.5463977634657	50
6.10029997301791	-12.539257195274	50
6.1139845315925	-12.5321020030371	50
6.12766872130891	-12.524932186755	50
6.14135254216714	-12.5177477464277	50
6.15503599416719	-12.5105486820551	50
6.16871907730907	-12.5033349936374	50
6.18240179159277	-12.4961066811743	50
6.19608413701828	-12.4888637446661	50
6.20976611358562	-12.4816061841127	50
6.22344772129478	-12.474333999514	50
6.23712896014576	-12.4670471908701	50
6.25080983013857	-12.459745758181	50
6.2644903312732	-12.4524297014467	50
6.27817046354964	-12.4450990206671	50
6.29185022696791	-12.4377537158423	50
6.305529621528	-12.4303937869723	50
6.31920864722991	-12.4230192340571	50
6.33288730407364	-12.4156300570966	50
6.3465655920592	-12.408226256091	50
6.36024351118657	-12.4008078310401	50
6.37392106145577	-12.3933747819439	50
6.38759824286679	-12.3859271088026	50
6.40127505541963	-12.378464811616	50
6.41495149911429	-12.3709878903842	50
6.42862757395078	-12.3634963451072	50
6.44230327992909	-12.355990175785	50
6.45597861704921	-12.3484693824175	50
6.46965358531116	-12.3409339650049	50
6.48332818471493	-12.3333839235469	50
6.49700241526052	-12.3258192580438	50
6.51067627694793	-12.3182399684955	50
6.52434976977717	-12.3106460549019	50
6.53802289374822	-12.3030375172631	50
6.5516956488611	-12.2954143555791	50
6.5653680351158	-12.2877765698499	50
6.57904005251232	-12.2801241600754	50
6.59271170105066	-12.2724571262557	50
6.60638298073083	-12.2647754683908	50
6.62005389155281	-12.2570791864807	50
6.63372443351662	-12.2493682805253	50
6.64739460662225	-12.2416427505247	50
6.6610644108697	-12.2339025964789	50
6.67473384625897	-12.2261478183879	50
6.68840291279006	-12.2183784162517	50
6.70207161046298	-12.2105943900702	50
6.71573993927771	-12.2027957398435	50
6.72940789923427	-12.1949824655716	50
6.74307549033265	-12.1871545672544	50
6.75674271257285	-12.1793120448921	50
6.77040956595487	-12.1714548984845	50
6.78407605047872	-12.1635831280317	50
6.79774216614438	-12.1556967335337	50
6.81140791295187	-12.1477957149904	50
6.82507329090118	-12.1398800724019	50
6.83873829999231	-12.1319498057682	50
6.85240294022526	-12.1240049150893	50
6.86606721160003	-12.1160454003652	50
6.87973111411663	-12.1080712615958	50
6.89339464777504	-12.1000824987812	50
6.90705781257528	-12.0920791119214	50
6.92072060851734	-12.0840611010164	50
6.93438303560122	-12.0760284660661	50
6.94804509382692	-12.0679812070706	50
6.96170678319445	-12.0599193240299	50
6.97536810370379	-12.051842816944	50
6.98902905535496	-12.0437516858129	50
7.00268963814795	-12.0356459306365	50
7.01634985208275	-12.0275255514149	50
7.03000969715939	-12.0193905481481	50
7.04366917337784	-12.011240920836	50
7.05732828073812	-12.0030766694788	50
7.07098701924021	-11.9948977940763	50
7.08464538888413	-11.9867042946286	50
7.09830338966987	-11.9784961711357	50
7.11196102159743	-11.9702734235975	50
7.12561828466681	-11.9620360520141	50
7.13927517887802	-11.9537840563855	50
7.15293170423104	-11.9455174367117	50
7.16658786072589	-11.9372361929927	50
7.18024364836256	-11.9289403252284	50
7.19389906714104	-11.9206298334189	50
7.20755411706136	-11.9123047175642	50
7.22120879812349	-11.9039649776643	50
7.23486311032745	-11.8956106137191	50
7.24851705367322	-11.8872416257287	50
7.26217062816082	-11.8788580136931	50
7.27582383379024	-11.8704597776123	50
7.28947667056148	-11.8620469174862	50
7.30312913847454	-11.8536194333149	50
7.31678123752943	-11.8451773250985	50
7.33043296772613	-11.8367205928367	50
7.34408432906466	-11.8282492365298	50
7.357735321545	-11.8197632561776	50
7.37138594516717	-11.8112626517802	50
7.38503619993117	-11.8027474233376	50
7.39868608583698	-11.7942175708498	50
7.41233560288461	-11.7856730943167	50
7.42598475107407	-11.7771139937385	50
7.43963353040535	-11.7685402691149	50
7.45328194087845	-11.7599519204462	50
7.46692998249337	-11.7513489477323	50
7.48057765525011	-11.7427313509731	50
7.49422495914867	-11.7340991301687	50
7.50787189418906	-11.7254522853191	50
7.52151846037127	-11.7167908164243	50
7.53516465769529	-11.7081147234842	50
7.54881048616114	-11.6994240064989	50
7.56245594576882	-11.6907186654684	50
7.57610103651831	-11.6819987003927	50
7.58974575840962	-11.6732641112717	50
7.60339011144276	-11.6645148981055	50
7.61703409561772	-11.6557510608941	50
7.6306777109345	-11.6469725996375	50
7.6443209573931	-11.6381795143357	50
7.65796383499352	-11.6293718049886	50
7.67160634373576	-11.6205494715963	50
7.68524848361983	-11.6117125141588	50
7.69889025464571	-11.6028609326761	50
7.71253165681342	-11.5939947271481	50
7.72617269012295	-11.5851138975749	50
7.7398133545743	-11.5762184439565	50
7.75345365016748	-11.5673083662929	50
7.76709357690247	-11.558383664584	50
7.78073313477929	-11.54944433883	50
7.79437232379792	-11.5404903890307	50
7.80801114395838	-11.5315218151862	50
7.82164959526066	-11.5225386172964	50
7.83528767770477	-11.5135407953614	50
7.84892539129069	-11.5045283493813	50
7.86256273601844	-11.4955012793559	50
7.876199711888	-11.4864595852852	50
7.88983631889939	-11.4774032671694	50
7.9034725570526	-11.4683323250083	50
7.91710842634763	-11.459246758802	50
7.93074392678449	-11.4501465685505	50
7.94437905836316	-11.4410317542537	50
7.95801382108366	-11.4319023159117	50
7.97164821494597	-11.4227582535245	50
7.98528223995011	-11.4135995670921	50
7.99891589609607	-11.4044262566145	50
8.01254918338386	-11.3952383220916	50
8.02618210181346	-11.3860357635235	50
8.03981465138488	-11.3768185809102	50
8.05344683209813	-11.3675867742517	50
8.0670786439532	-11.3583403435479	50
8.08071008695009	-11.349079288799	50
8.0943411610888	-11.3398036100048	50
8.10797186636933	-11.3305133071654	50
8.12160220279169	-11.3212083802807	50
8.13523217035586	-11.3118888293508	50
8.14886176906186	-11.3025546543758	50
8.16249099890968	-11.2932058553554	50
8.17611985989932	-11.2838424322899	50
8.18974835203078	-11.2744643851791	50
8.20337647530407	-11.2650717140232	50
8.21700422971917	-11.255664418822	50
8.2306316152761	-11.2462424995755	50
8.24425863197485	-11.2368059562839	50
8.25788527981542	-11.227354788947	50
8.27151155879781	-11.2178889975649	50
8.28513746892202	-11.2084085821376	50
8.29876301018806	-11.1989135426651	50
8.31238818259591	-11.1894038791473	50
8.32601298614559	-11.1798795915843	50
8.33963742083709	-11.1703406799761	50
8.35326148667041	-11.1607871443227	50
8.36688518364555	-11.151218984624	50
8.38050851176252	-11.1416362008801	50
8.3941314710213	-11.132038793091	50
8.40775406142191	-11.1224267612567	50
8.42137628296434	-11.1128001053772	50
8.43499813564859	-11.1031588254524	50
8.44861961947466	-11.0935029214824	50
8.46224073444255	-11.0838323934672	50
8.47586148055227	-11.0741472414067	50
8.4894818578038	-11.0644474653011	50
8.50310186619716	-11.0547330651502	50
8.51672150573234	-11.0450040409541	50
8.53034077640934	-11.0352603927128	50
8.54395967822816	-11.0255021204262	50
8.5575782111888	-11.0157292240944	50
8.57119637529127	-11.0059417037174	50
8.58481417053556	-10.9961395592952	50
8.59843159692167	-10.9863227908278	50
8.6120486544496	-10.9764913983151	50
8.62566534311935	-10.9666453817572	50
8.63928166293092	-10.9567847411541	50
8.65289761388432	-10.9469094765058	50
8.66651319597953	-10.9370195878122	50
8.68012840921657	-10.9271150750734	50
8.69374325359543	-10.9171959382894	50
8.70735772911611	-10.9072621774602	50
8.72097183577861	-10.8973137925857	50
8.73458557358293	-10.8873507836661	50
8.74819894252908	-10.8773731507012	50
8.76181194261705	-10.8673808936911	50
8.77542457384683	-10.8573740126357	50
8.78903683621844	-10.8473525075351	50
8.80264872973187	-10.8373163783894	50
8.81626025438713	-10.8272656251983	50
8.8298714101842	-10.8172002479621	50
8.8434821971231	-10.8071202466807	50
8.85709261520382	-10.797025621354	50
8.87070266442636	-10.7869163719821	50
8.88431234479072	-10.776792498565	50
8.8979216562969	-10.7666540011026	50
8.9115305989449	-10.756500879595	50
8.92513917273473	-10.7463331340423	50
8.93874737766637	-10.7361507644442	50
8.95235521373984	-10.725953770801	50
8.96596268095513	-10.7157421531125	50
8.97956977931224	-10.7055159113789	50
8.99317650881118	-10.6952750455999	50
9.00678286945193	-10.6850195557758	50
9.02038886123451	-10.6747494419065	50
9.0339944841589	-10.6644647039919	50
9.04759973822512	-10.6541653420321	50
9.06120462343317	-10.6438513560271	50
9.07480913978303	-10.6335227459768	50
9.08841328727471	-10.6231795118814	50
9.10201706590821	-10.6128216537407	50
9.11562047568354	-10.6024491715548	50
9.12922351660069	-10.5920620653236	50
9.14282618865966	-10.5816603350473	50
9.15642849186045	-10.5712439807257	50
9.17003042620307	-10.5608130023589	50
9.1836319916875	-10.5503673999469	50
9.19723318831376	-10.5399071734896	50
9.21083401608183	-10.5294323229871	50
9.22443447499173	-10.5189428484394	50
9.23803456504345	-10.5084387498465	50
9.251634286237	-10.4979200272084	50
9.26523363857236	-10.487386680525	50
9.27883262204954	-10.4768387097964	50
9.29243123666855	-10.4662761150226	50
9.30602948242938	-10.4556988962036	50
9.31962735933203	-10.4451070533393	50
9.3332248673765	-10.4345005864299	50
9.34682200656279	-10.4238794954752	50
9.36041877689091	-10.4132437804752	50
9.37401517836084	-10.4025934414301	50
9.3876112109726	-10.3919284783397	50
9.40120687472618	-10.3812488912041	50
9.41480216962158	-10.3705546800233	50
9.4283970956588	-10.3598458447973	50
9.44199165283785	-10.349122385526	50
9.45558584115871	-10.3383843022095	50
9.4691796606214	-10.3276315948478	50
9.48277311122591	-10.3168642634409	50
9.49636619297224	-10.3060823079888	50
9.50995890586039	-10.2952857284914	50
9.52355124989036	-10.2844745249488	50
9.53714322506216	-10.273648697361	50
9.55073483137577	-10.2628082457279	50
9.56432606883121	-10.2519531700497	50
9.57791693742847	-10.2410834703262	50
9.59150743716755	-10.2301991465575	50
9.60509756804845	-10.2193001987435	50
9.61868733007118	-10.2083866268844	50
9.63227672323572	-10.19745843098	50
9.64586574754209	-10.1865156110304	50
9.65945440299028	-10.1755581670356	50
9.67304268958029	-10.1645860989955	50
9.68663060731212	-10.1535994069102	50
9.70021815618577	-10.1425980907797	50
9.71380533620125	-10.131582150604	50
9.72739214735854	-10.1205515863831	50
9.74097858965766	-10.1095063981169	50
9.7545646630986	-10.0984465858055	50
9.76815036768136	-10.0873721494489	50
9.78173570340594	-10.0762830890471	50
9.79532067027234	-10.0651794046	50
9.80890526828057	-10.0540610961078	50
9.82248949743062	-10.0429281635703	50
9.83607335772249	-10.0317806069875	50
9.84965684915617	-10.0206184263596	50
9.86323997173169	-10.0094416216864	50
9.87682272544902	-9.99825019296803	50
9.89040511030817	-9.98704414020442	50
9.90398712630915	-9.97582346339558	50
9.91756877345195	-9.96458816254152	50
9.93115005173657	-9.95333823764224	50
9.94473096116301	-9.94207368869773	50
9.95831150173127	-9.93079451570801	50
9.97189167344135	-9.91950071867305	50
9.98547147629326	-9.90819229759288	50
9.99905091028698	-9.89686925246748	50
10.0126299754225	-9.88553158329687	50
10.0262086716999	-9.87417929008102	50
10.0397869991191	-9.86281237281995	50
10.0533649576801	-9.85143083151367	50
10.0669425473829	-9.84003466616216	50
10.0805197682276	-9.82862387676543	50
10.0940966202141	-9.81719846332347	50
10.1076731033424	-9.80575842583629	50
10.1212492176125	-9.79430376430389	50
10.1348249630244	-9.78283447872626	50
10.1484003395782	-9.77135056910341	50
10.1619753472738	-9.75985203543534	50
10.1755499861112	-9.74833887772204	50
10.1891242560904	-9.73681109596353	50
10.2026981572115	-9.72526869015979	50
10.2162716894743	-9.71371166031082	50
10.229844852879	-9.70214000641664	50
10.2434176474256	-9.69055372847724	50
10.2569900731139	-9.6789528264926	50
10.270562129944	-9.66733730046275	50
10.284133817916	-9.65570715038767	50
10.2977051370298	-9.64406237626737	50
10.3112760872854	-9.63240297810186	50
10.3248466686829	-9.62072895589111	50
10.3384168812222	-9.60904030963514	50
10.3519867249032	-9.59733703933395	50
10.3655561997262	-9.58561914498754	50
10.3791253056909	-9.5738866265959	50
10.3926940427974	-9.56213948415904	50
10.4062624110458	-9.55037771767696	50
10.419830410436	-9.53860132714965	50
10.433398040968	-9.52681031257713	50
10.4469653026419	-9.51500467395937	50
10.4605321954575	-9.5031844112964	50
10.474098719415	-9.49134952458821	50
10.4876648745143	-9.47950001383479	50
10.5012306607554	-9.46763587903614	50
10.5147960781384	-9.45575712019227	50
10.5283611266631	-9.44386373730319	50
10.5419258063297	-9.43195573036888	50
10.5554901171381	-9.42003309938935	50
10.5690540590884	-9.40809584436459	50
10.5826176321804	-9.39614396529461	50
10.5961808364143	-9.38417746217941	50
10.60974367179	-9.37219633501899	50
10.6233061383075	-9.36020058381334	50
10.6368682359668	-9.34819020856246	50
10.650429964768	-9.33616520926637	50
10.663991324711	-9.32412558592506	50
10.6775523157958	-9.31207133853852	50
10.6911129380224	-9.30000246710675	50
10.7046731913909	-9.28791897162977	50
10.7182330759011	-9.27582085210757	50
10.7317925915532	-9.26370810854014	50
10.7453517383471	-9.25158074092748	50
10.7589105162829	-9.2394387492696	50
10.7724689253604	-9.22728213356651	50
10.7860269655798	-9.21511089381818	50
10.799584636941	-9.20292503002464	50
10.813141939444	-9.19072454218587	50
10.8266988730888	-9.17850943030188	50
10.8402554378755	-9.16627969437267	50
10.853811633804	-9.15403533439823	50
10.8673674608743	-9.14177635037857	50
10.8809229190864	-9.12950274231369	50
10.8944780084404	-9.11721451020359	50
10.9080327289361	-9.10491165404826	50
10.9215870805737	-9.09259417384771	50
10.9351410633531	-9.08026206960194	50
10.9486946772744	-9.06791534131094	50
10.9622479223374	-9.05555398897472	50
10.9758007985423	-9.04317801259328	50
10.989353305889	-9.03078741216662	50
11.0029054443775	-9.01838218769473	50
11.0164572140079	-9.00596233917762	50
11.03000861478	-8.99352786661529	50
11.043559646694	-8.98107877000773	50
11.0571103097498	-8.96861504935495	50
11.0706606039475	-8.95613670465695	50
11.0842105292869	-8.94364373591373	50
11.0977600857682	-8.93113614312528	50
11.1113092733913	-8.91861392629161	50
11.1248580921562	-8.90607708541271	50
11.1384065420629	-8.8935256204886	50
11.1519546231115	-8.88095953151926	50
11.1655023353019	-8.8683788185047	50
11.1790496786341	-8.85578348144492	50
11.1925966531081	-8.84317352033991	50
11.2061432587239	-8.83054893518968	50
11.2196894954816	-8.81790972599423	50
11.2332353633811	-8.80525589275355	50
11.2467808624224	-8.79258743546765	50
11.2603259926055	-8.77990435413654	50
11.2738707539305	-8.76720664876019	50
11.2874151463972	-8.75449431933862	50
11.3009591700058	-8.74176736587183	50
11.3145028247563	-8.72902578835982	50
11.3280461106485	-8.71626958680258	50
11.3415890276826	-8.70349876120012	50
11.3551315758584	-8.69071331155244	50
11.3686737551761	-8.67791323785954	50
11.3822155656357	-8.66509854012141	50
11.395757007237	-8.65226921833806	50
11.4092980799802	-8.63942527250949	50
11.4228387838652	-8.6265667026357	50
11.436379118892	-8.61369350871668	50
11.4499190850606	-8.60080569075244	50
11.4634586823711	-8.58790324874297	50
11.4769979108233	-8.57498618268828	50
11.4905367704174	-8.56205449258838	50
11.5040752611533	-8.54910817844324	50
11.5176133830311	-8.53614724025289	50
11.5311511360506	-8.52317167801731	50
11.544688520212	-8.51018149173651	50
11.5582255355152	-8.49717668141049	50
11.5717621819603	-8.48415724703924	50
11.5852984595471	-8.47112318862277	50
11.5988343682758	-8.45807450616108	50
11.6123699081463	-8.44501119965416	50
11.6259050791586	-8.43193326910203	50
11.6394398813127	-8.41884071450466	50
11.6529743146087	-8.40573353586208	50
11.6665083790464	-8.39261173317428	50
11.680042074626	-8.37947530644125	50
11.6935754013474	-8.36632425566299	50
11.7071083592107	-8.35315858083952	50
11.7206409482157	-8.33997828197082	50
11.7341731683626	-8.3267833590569	50
11.7477050196513	-8.31357381209776	50
11.7612365020819	-8.30034964109339	50
11.7747676156542	-8.2871108460438	50
11.7882983603684	-8.27385742694899	50
11.8018287362244	-8.26058938380895	50
11.8153587432222	-8.24730671662369	50
11.8288883813618	-8.23400942539321	50
11.8424176506433	-8.22069751011751	50
11.8559465510666	-8.20737097079658	50
11.8694750826317	-8.19402980743044	50
11.8830032453386	-8.18067402001906	50
11.8965310391873	-8.16730360856247	50
11.9100584641779	-8.15391857306065	50
11.9235855203103	-8.14051891351361	50
11.9371122075845	-8.12710462992135	50
11.9506385260005	-8.11367572228386	50
11.9641644755584	-8.10023219060115	50
11.977690056258	-8.08677403487322	50
11.9912152680995	-8.07330125510006	50
12.0047401110828	-8.05981385128169	50
12.018264585208	-8.04631182341809	50
12.0317886904749	-8.03279517150926	50
12.0453124268837	-8.01926389555522	50
12.0588357944343	-8.00571799555595	50
12.0723587931267	-7.99215747151146	50
12.085881422961	-7.97858232342174	50
12.099403683937	-7.9649925512868	50
12.1129255760549	-7.95138815510665	50
12.1264470993146	-7.93776913488126	50
12.1399682537162	-7.92413549061066	50
12.1534890392595	-7.91048722229483	50
12.1670094559447	-7.89682432993378	50
12.1805295037717	-7.8831468135275	50
12.1940491827405	-7.869454673076	50
12.2075684928511	-7.85574790857928	50
12.2210874341036	-7.84202652003734	50
12.2346060064979	-7.82829050745017	50
12.248124210034	-7.81453987081779	50
12.2616420447119	-7.80077461014017	50
12.2751595105316	-7.78699472541734	50
12.2886766074932	-7.77320021664928	50
12.3021933355966	-7.759391083836	50
12.3157096948418	-7.7455673269775	50
12.3292256852288	-7.73172894607377	50
12.3427413067577	-7.71787594112482	50
12.3562565594284	-7.70400831213065	50
12.3697714432409	-7.69012605909126	50
12.3832859581952	-7.67622918200664	50
12.3968001042913	-7.6623176808768	50
12.4103138815293	-7.64839155570174	50
12.4238272899091	-7.63445080648145	50
12.4373403294307	-7.62049543321594	50
12.4508530000941	-7.60652543590521	50
12.4643653018993	-7.59254081454926	50
12.4778772348464	-7.57854156914808	50
12.4913887989353	-7.56452769970168	50
12.504899994166	-7.55049920621006	50
12.5184108205385	-7.53645608867321	50
12.5319212780529	-7.52239834709114	50
12.5454313667091	-7.50832598146385	50
12.5589410865071	-7.49423899179134	50
12.5724504374469	-7.4801373780736	50
12.5859594195285	-7.46602114031064	50
12.599468032752	-7.45189027850246	50
12.6129762771173	-7.43774479264905	50
12.6264841526244	-7.42358468275043	50
12.6399916592733	-7.40940994880657	50
12.6534987970641	-7.3952205908175	50
12.6670055659966	-7.3810166087832	50
12.680511966071	-7.36679800270368	50
12.6940179972872	-7.35256477257894	50
12.7075236596453	-7.33831691840897	50
12.7210289531451	-7.32405444019379	50
12.7345338777868	-7.30977733793338	50
12.7480384335703	-7.29548561162774	50
12.7615426204956	-7.28117926127688	50
12.7750464385628	-7.2668582868808	50
12.7885498877717	-7.2525226884395	50
12.8020529681225	-7.23817246595298	50
12.8155556796151	-7.22380761942123	50
12.8290580222495	-7.20942814884426	50
12.8425599960258	-7.19503405422206	50
12.8560616009439	-7.18062533555465	50
12.8695628370038	-7.16620199284201	50
12.8830637042055	-7.15176402608415	50
12.896564202549	-7.13731143528106	50
12.9100643320344	-7.12284422043275	50
12.9235640926615	-7.10836238153922	50
12.9370634844305	-7.09386591860047	50
12.9505625073414	-7.07935483161649	50
12.964061161394	-7.06482912058729	50
12.9775594465885	-7.05028878551287	50
12.9910573629248	-7.03573382639322	50
13.0045549104029	-7.02116424322835	50
13.0180520890228	-7.00658003601827	50
13.0315488987845	-6.99198120476295	50
13.0450453396881	-6.97736774946241	50
13.0585414117335	-6.96273967011666	50
13.0720371149207	-6.94809696672567	50
13.0855324492498	-6.93343963928947	50
13.0990274147206	-6.91876768780804	50
13.1125220113333	-6.90408111228139	50
13.1260162390878	-6.88937991270952	50
13.1395100979841	-6.87466408909242	50
13.1530035880223	-6.8599336414301	50
13.1664967092022	-6.84518856972256	50
13.179989461524	-6.83042887396979	50
13.1934818449876	-6.81565455417181	50
13.2069738595931	-6.80086561032859	50
13.2204655053403	-6.78606204244016	50
13.2339567822294	-6.77124385050651	50
13.2474476902603	-6.75641103452763	50
13.260938229433	-6.74156359450352	50
13.2744283997476	-6.7267015304342	50
13.2879182012039	-6.71182484231965	50
13.3014076338021	-6.69693353015988	50
13.3148966975421	-6.68202759395489	50
13.3283853924239	-6.66710703370467	50
13.3418737184476	-6.65217184940923	50
13.355361675613	-6.63722204106857	50
13.3688492639203	-6.62225760868269	50
13.3823364833694	-6.60727855225158	50
13.3958233339604	-6.59228487177525	50
13.4093098156931	-6.5772765672537	50
13.4227959285677	-6.56225363868692	50
13.4362816725841	-6.54721608607492	50
13.4497670477423	-6.5321639094177	50
13.4632520540424	-6.51709710871525	50
13.4767366914842	-6.50201568396758	50
13.4902209600679	-6.48691963517469	50
13.5037048597934	-6.47180896233658	50
13.5171883906607	-6.45668366545324	50
13.5306715526699	-6.44154374452469	50
13.5441543458209	-6.42638919955091	50
13.5576367701136	-6.4112200305319	50
13.5711188255483	-6.39603623746767	50
13.5846005121247	-6.38083782035822	50
13.598081829843	-6.36562477920355	50
13.611562778703	-6.35039711400366	50
13.6250433587049	-6.33515482475853	50
13.6385235698487	-6.31989791146819	50
13.6520034121342	-6.30462637413263	50
13.6654828855616	-6.28934021275184	50
13.6789619901307	-6.27403942732583	50
13.6924407258417	-6.2587240178546	50
13.7059190926946	-6.24339398433815	50
13.7193970906892	-6.22804932677647	50
13.7328747198257	-6.21269004516957	50
13.746351980104	-6.19731613951744	50
13.7598288715241	-6.18192760982009	50
13.773305394086	-6.16652445607752	50
13.7867815477898	-6.15110667828973	50
13.8002573326354	-6.13567427645671	50
13.8137327486228	-6.12022725057848	50
13.827207795752	-6.10476560065502	50
13.840682474023	-6.08928932668633	50
13.8541567834359	-6.07379842867242	50
13.8676307239906	-6.05829290661329	50
13.8811042956871	-6.04277276050894	50
13.8945774985254	-6.02723799035936	50
13.9080503325056	-6.01168859616457	50
13.9215227976276	-5.99612457792454	50
13.9349948938914	-5.9805459356393	50
13.948466621297	-5.96495266930883	50
13.9619379798444	-5.94934477893314	50
13.9754089695337	-5.93372226451223	50
13.9888795903647	-5.9180851260461	50
14.0023498423376	-5.90243336353474	50
14.0158197254524	-5.88676697697816	50
14.0292892397089	-5.87108596637635	50
14.0427583851073	-5.85539033172933	50
14.0562271616475	-5.83968007303707	50
14.0696955693295	-5.8239551902996	50
14.0831636081533	-5.80821568351691	50
14.096631278119	-5.79246155268899	50
14.1100985792264	-5.77669279781585	50
14.1235655114757	-5.76090941889749	50
14.1370320748669	-5.7451114159339	50
14.1504982693998	-5.72929878892509	50
14.1639640950746	-5.71347153787105	50
14.1774295518911	-5.6976296627718	50
14.1908946398495	-5.68177316362732	50
14.2043593589498	-5.66590204043762	50
14.2178237091918	-5.65001629320269	50
14.2312876905757	-5.63411592192255	50
14.2447513031014	-5.61820092659718	50
14.2582145467689	-5.60227130722659	50
14.2716774215782	-5.58632706381077	50
14.2851399275294	-5.57036819634973	50
14.2986020646223	-5.55439470484348	50
14.3120638328571	-5.53840658929199	50
14.3255252322338	-5.52240384969529	50
14.3389862627522	-5.50638648605335	50
14.3524469244125	-5.4903544983662	50
14.3659072172145	-5.47430788663383	50
14.3793671411585	-5.45824665085623	50
14.3928266962442	-5.44217079103341	50
14.4062858824717	-5.42608030716537	50
14.4197446998411	-5.4099751992521	50
14.4332031483523	-5.39385546729361	50
14.4466612280053	-5.3777211112899	50
14.4601189388001	-5.36157213124096	50
14.4735762807368	-5.3454085271468	50
14.4870332538153	-5.32923029900742	50
14.5004898580356	-5.31303744682282	50
14.5139460933977	-5.29682997059299	50
14.5274019599016	-5.28060787031795	50
14.5408574575474	-5.26437114599767	50
14.554312586335	-5.24811979763218	50
14.5677673462644	-5.23185382522146	50
14.5812217373356	-5.21557322876552	50
14.5946757595487	-5.19927800826435	50
14.6081294129035	-5.18296816371797	50
14.6215826974002	-5.16664369512636	50
14.6350356130387	-5.15030460248953	50
14.6484881598191	-5.13395088580747	50
14.6619403377412	-5.11758254508019	50
14.6753921468052	-5.10119958030769	50
14.688843587011	-5.08480199148997	50
14.7022946583586	-5.06838977862702	50
14.7157453608481	-5.05196294171885	50
14.7291956944793	-5.03552148076547	50
14.7426456592524	-5.01906539576685	50
14.7560952551673	-5.00259468672301	50
14.7695444822241	-4.98610935363395	50
14.7829933404226	-4.96960939649967	50
14.796441829763	-4.95309481532016	50
14.8098899502452	-4.93656561009543	50
14.8233377018692	-4.92002178082548	50
14.836785084635	-4.9034633275103	50
14.8502320985427	-4.88689025014991	50
14.8636787435922	-4.87030254874429	50
14.8771250197835	-4.85370022329345	50
14.8905709271166	-4.83708327379738	50
14.9040164655916	-4.82045170025609	50
14.9174616352083	-4.80380550266958	50
14.9309064359669	-4.78714468103785	50
14.9443508678673	-4.77046923536089	50
14.9577949309095	-4.75377916563871	50
14.9712386250936	-4.7370744718713	50
14.9846819504195	-4.72035515405867	50
14.9981249068872	-4.70362121220083	50
15.0115674944967	-4.68687264629776	50
15.025009713248	-4.67010945634946	50
15.0384515631412	-4.65333164235595	50
15.0518930441762	-4.63653920431721	50
15.065334156353	-4.61973214223324	50
15.0787748996716	-4.60291045610406	50
15.092215274132	-4.58607414592965	50
15.1056552797343	-4.56922321171002	50
15.1190949164784	-4.55235765344517	50
15.1325341843643	-4.53547747113508	50
15.145973083392	-4.51858266477979	50
15.1594116135616	-4.50167323437926	50
15.172849774873	-4.48474917993352	50
15.1862875673262	-4.46781050144254	50
15.1997249909212	-4.45085719890636	50
15.213162045658	-4.43388927232494	50
15.2265987315367	-4.41690672169831	50
15.2400350485572	-4.39990954702644	50
15.2534709967195	-4.38289774830936	50
15.2669065760236	-4.36587132554706	50
15.2803417864696	-4.34883027873953	50
15.2937766280573	-4.33177460788678	50
15.3072111007869	-4.3147043129888	50
15.3206452046583	-4.29761939404561	50
15.3340789396716	-4.28051985105719	50
15.3475123058266	-4.26340568402354	50
15.3609453031235	-4.24627689294468	50
15.3743779315622	-4.22913347782059	50
15.3878101911427	-4.21197543865128	50
15.4012420818651	-4.19480277543674	50
15.4146736037292	-4.17761548817698	50
15.4281047567352	-4.16041357687201	50
15.441535540883	-4.14319704152181	50
15.4549659561727	-4.12596588212638	50
15.4683960026041	-4.10872009868573	50
15.4818256801774	-4.09145969119986	50
15.4952549888925	-4.07418465966877	50
15.5086839287494	-4.05689500409245	50
15.5221124997481	-4.03959072447091	50
15.5355407018887	-4.02227182080415	50
15.548968535171	-4.00493829309216	50
15.5623959995953	-3.98759014133496	50
15.5758230951613	-3.97022736553252	50
15.5892498218691	-3.95284996568487	50
15.6026761797188	-3.93545794179199	50
15.6161021687103	-3.91805129385389	50
15.6295277888436	-3.90063002187057	50
15.6429530401187	-3.88319412584203	50
15.6563779225357	-3.86574360576826	50
15.6698024360944	-3.84827846164927	50
15.683226580795	-3.83079869348505	50
15.6966503566374	-3.81330430127562	50
15.7100737636217	-3.79579528502096	50
15.7234968017477	-3.77827164472107	50
15.7369194710156	-3.76073338037597	50
15.7503417714253	-3.74318049198564	50
15.7637637029768	-3.72561297955009	50
15.7771852656702	-3.70803084306932	50
15.7906064595054	-3.69043408254332	50
15.8040272844823	-3.6728226979721	50
15.8174477406012	-3.65519668935566	50
15.8308678278618	-3.637556056694	50
15.8442875462642	-3.61990079998711	50
15.8577068958085	-3.60223091923499	50
15.8711258764946	-3.58454641443766	50
15.8845444883225	-3.56684728559511	50
15.8979627312923	-3.54913353270733	50
15.9113806054038	-3.53140515577432	50
15.9247981106572	-3.5136621547961	50
15.9382152470524	-3.49590452977265	50
15.9516320145894	-3.47813228070398	50
15.9650484132683	-3.46034540759009	50
15.9784644430889	-3.44254391043097	50
15.9918801040514	-3.42472778922664	50
16.0052953961558	-3.40689704397707	50
16.0187103194019	-3.38905167468229	50
16.0321248737898	-3.37119168134228	50
16.0455390593196	-3.35331706395705	50
16.0589528759912	-3.33542782252659	50
16.0723663238046	-3.31752395705092	50
16.0857794027599	-3.29960546753002	50
16.0991921128569	-3.2816723539639	50
16.1126044540958	-3.26372461635256	50
16.1260164264765	-3.24576225469598	50
16.139428029999	-3.2277852689942	50
16.1528392646634	-3.20979365924718	50
16.1662501304696	-3.19178742545495	50
16.1796606274176	-3.17376656761749	50
16.1930707555074	-3.15573108573481	50
16.206480514739	-3.1376809798069	50
16.2198899051125	-3.11961624983377	50
16.2332989266277	-3.10153689581543	50
16.2467075792848	-3.08344291775185	50
16.2601158630838	-3.06533431564305	50
16.2735237780245	-3.04721108948903	50
16.2869313241071	-3.0290732392898	50
16.3003385013314	-3.01092076504533	50
16.3137453096977	-2.99275366675564	50
16.3271517492057	-2.97457194442073	50
16.3405578198555	-2.9563755980406	50
16.3539635216472	-2.93816462761524	50
16.3673688545807	-2.91993903314467	50
16.380773818656	-2.90169881462886	50
16.3941784138731	-2.88344397206784	50
16.4075826402321	-2.86517450546159	50
16.4209864977329	-2.84689041481012	50
16.4343899863755	-2.82859170011343	50
16.4477931061599	-2.81027836137151	50
16.4611958570861	-2.79195039858438	50
16.4745982391542	-2.77360781175201	50
16.4880002523641	-2.75525060087443	50
16.5014018967158	-2.73687876595162	50
16.5148031722093	-2.71849230698359	50
16.5282040788447	-2.70009122397033	50
16.5416046166219	-2.68167551691186	50
16.5550047855409	-2.66324518580817	50
16.5684045856017	-2.64480023065924	50
16.5818040168043	-2.6263406514651	50
16.5952030791488	-2.60786644822573	50
16.608601772635	-2.58937762094114	50
16.6220000972632	-2.57087416961133	50
16.6353980530331	-2.5523560942363	50
16.6487956399448	-2.53382339481603	50
16.6621928579984	-2.51527607135055	50
16.6755897071938	-2.49671412383985	50
16.688986187531	-2.47813755228392	50
16.70238229901	-2.45954635668277	50
16.7157780416309	-2.4409405370364	50
16.7291734153935	-2.4223200933448	50
16.742568420298	-2.40368502560799	50
16.7559630563444	-2.38503533382594	50
16.7693573235325	-2.36637101799868	50
16.7827512218625	-2.3476920781262	50
16.7961447513342	-2.32899851420848	50
16.8095379119478	-2.31029032624555	50
16.8229307037033	-2.29156751423739	50
16.8363231266005	-2.27283007818402	50
16.8497151806396	-2.25407801808542	50
16.8631068658205	-2.23531133394159	50
16.8764981821432	-2.21653002575255	50
16.8898891296077	-2.19773409351827	50
16.9032797082141	-2.17892353723879	50
16.9166699179622	-2.16009835691407	50
16.9300597588522	-2.14125855254413	50
16.9434492308841	-2.12240412412897	50
16.9568383340577	-2.10353507166858	50
16.9702270683732	-2.08465139516298	50
16.9836154338304	-2.06575309461215	50
16.9970034304296	-2.04684017001609	50
17.0103910581705	-2.02791262137482	50
17.0237783170532	-2.00897044868833	50
17.0371652070778	-1.9900136519566	50
17.0505517282442	-1.97104223117966	50
17.0639378805524	-1.95205618635749	50
17.0773236640024	-1.93305551749011	50
17.0907090785943	-1.91404022457749	50
17.104094124328	-1.89501030761966	50
17.1174788012035	-1.8759657666166	50
17.1308631092208	-1.85690660156832	50
17.1442470483799	-1.83783281247481	50
17.1576306186809	-1.81874439933609	50
17.1710138201237	-1.79964136215214	50
17.1843966527083	-1.78052370092296	50
17.1977791164347	-1.76139141564857	50
17.211161211303	-1.74224450632895	50
17.224542937313	-1.72308297296411	50
17.2379242944649	-1.70390681555405	50
17.2513052827586	-1.68471603409876	50
17.2646859021942	-1.66551062859825	50
17.2780661527715	-1.64629059905252	50
17.2914460344907	-1.62705594546157	50
17.3048255473517	-1.60780666782539	50
17.3182046913545	-1.58854276614399	50
17.3315834664992	-1.56926424041736	50
17.3449618727856	-1.54997109064552	50
17.3583399102139	-1.53066331682845	50
17.371717578784	-1.51134091896616	50
17.385094878496	-1.49200389705864	50
17.3984718093497	-1.47265225110591	50
17.4118483713453	-1.45328598110794	50
17.4252245644827	-1.43390508706476	50
17.4386003887619	-1.41450956897635	50
17.4519758441829	-1.39509942684273	50
17.4653509307458	-1.37567466066387	50
17.4787256484505	-1.3562352704398	50
17.492099997297	-1.3367812561705	50
17.5054739772853	-1.31731261785598	50
17.5188475884155	-1.29782935549624	50
17.5322208306874	-1.27833146909127	50
17.5455937041012	-1.25881895864108	50
17.5589662086568	-1.23929182414567	50
17.5723383443542	-1.21975006560504	50
17.5857101111935	-1.20019368301918	50
17.5990815091746	-1.1806226763881	50
17.6124525382975	-1.1610370457118	50
17.6258231985622	-1.14143679099027	50
17.6391934899687	-1.12182191222352	50
17.6525634125171	-1.10219240941155	50
17.6659329662073	-1.08254828255436	50
17.6793021510393	-1.06288953165194	50
17.6926709670131	-1.0432161567043	50
17.7060394141287	-1.02352815771143	50
17.7194074923862	-1.00382553467335	50
17.7327752017855	-0.984108287590038	50
17.7461425423266	-0.964376416461507	50
17.7595095140096	-0.944629921287751	50
17.7728761168343	-0.924868802068778	50
17.7862423508009	-0.905093058804576	50
17.7996082159093	-0.885302691495154	50
17.8129737121595	-0.865497700140507	50
17.8263388395515	-0.845678084740639	50
17.8397035980854	-0.82584384529555	50
17.8530679877611	-0.805994981805233	50
17.8664320085786	-0.786131494269698	50
17.8797956605379	-0.766253382688936	50
17.8931589436391	-0.746360647062955	50
17.906521857882	-0.726453287391747	50
17.9198844032668	-0.706531303675321	50
17.9332465797934	-0.686594695913668	50
17.9466083874619	-0.666643464106793	50
17.9599698262721	-0.646677608254693	50
17.9733308962242	-0.626697128357376	50
17.9866915973181	-0.606702024414838	50
18.0000519295538	-0.586692296427069	50
18.0134118929314	-0.566667944394082	50
18.0267714874507	-0.546628968315867	50
18.0401307131119	-0.526575368192434	50
18.0534895699149	-0.506507144023777	50
18.0668480578597	-0.486424295809899	50
18.0802061769464	-0.466326823550796	50
18.0935639271749	-0.446214727246472	50
18.1069213085452	-0.42608800689692	50
18.1202783210573	-0.405946662502148	50
18.1336349647112	-0.385790694062154	50
18.146991239507	-0.365620101576939	50
18.1603471454445	-0.345434885046503	50
18.1737026825239	-0.325235044470839	50
18.1870578507452	-0.305020579849954	50
18.2004126501082	-0.284791491183844	50
18.2137670806131	-0.264547778472513	50
18.2271211422598	-0.244289441715958	50
18.2404748350483	-0.224016480914182	50
18.2538281589786	-0.203728896067181	50
18.2671811140508	-0.183426687174959	50
18.2805337002647	-0.163109854237513	50
18.2938859176205	-0.142778397254846	50
18.3072377661181	-0.122432316226957	50
18.3205892457576	-0.102071611153841	50
18.3339403565388	-0.0816962820355069	50
18.3472910984619	-0.0613063288719449	50
18.3606414715268	-0.0409017516631653	50
18.3739914757335	-0.0204825504091577	50
18.3873411110821	-4.87251099325903e-05	50
18.4006903775725	0.0203997242345206	50
18.4140392752046	0.0408627976241949	50
18.4273878039787	0.0613404950590937	50
18.4407359638945	0.0818328165392099	50
18.4540837549521	0.102339762064554	50
18.4674311771516	0.122861331635116	50
18.4807782304929	0.143397525250903	50
18.494124914976	0.163948342911917	50
18.507471230601	0.184513784618149	50
18.5208171773677	0.205093850369606	50
18.5341627552763	0.225688540166287	50
18.5475079643267	0.246297854008189	50
18.5608528045189	0.266921791895312	50
18.574197275853	0.287560353827663	50
18.5875413783288	0.308213539805232	50
18.6008851119465	0.328881349828025	50
18.614228476706	0.349563783896043	50
18.6275714726074	0.370260842009278	50
18.6409140996505	0.390972524167742	50
18.6542563578355	0.411698830371426	50
18.6675982471623	0.432439760620335	50
18.6809397676309	0.453195314914465	50
18.6942809192414	0.47396549325382	50
18.7076217019936	0.494750295638395	50
18.7209621158877	0.515549722068195	50
18.7343021609236	0.536363772543217	50
18.7476418371013	0.557192447063462	50
18.7609811444209	0.578035745628929	50
18.7743200828823	0.598893668239617	50
18.7876586524855	0.619766214895533	50
18.8009968532305	0.640653385596666	50
18.8143346851173	0.661555180343028	50
18.827672148146	0.682471599134606	50
18.8410092423164	0.703402641971413	50
18.8543459676287	0.724348308853441	50
18.8676823240829	0.745308599780694	50
18.8810183116788	0.766283514753164	50
18.8943539304166	0.787273053770862	50
18.9076891802961	0.808277216833778	50
18.9210240613175	0.829296003941925	50
18.9343585734808	0.850329415095286	50
18.9476927167858	0.871377450293872	50
18.9610264912327	0.892440109537686	50
18.9743598968214	0.913517392826718	50
18.9876929335519	0.934609300160973	50
19.0010256014242	0.95571583154045	50
19.0143579004384	0.976836986965155	50
19.0276898305944	0.997972766435078	50
19.0410213918922	1.01912316995023	50
19.0543525843318	1.0402881975106	50
19.0676834079132	1.06146784911619	50
19.0810138626365	1.082662124767	50
19.0943439485016	1.10387102446304	50
19.1076736655085	1.1250945482043	50
19.1210030136572	1.14633269599079	50
19.1343319929478	1.1675854678225	50
19.1476606033802	1.18885286369943	50
19.1609888449543	1.21013488362158	50
19.1743167176704	1.23143152758895	50
19.1876442215282	1.25274279560155	50
19.2009713565279	1.27406868765937	50
19.2142981226693	1.29540920376242	50
19.2276245199526	1.31676434391069	50
19.2409505483778	1.33813410810418	50
19.2542762079447	1.35951849634289	50
19.2676014986535	1.38091750862682	50
19.2809264205041	1.40233114495599	50
19.2942509734965	1.42375940533036	50
19.3075751576307	1.44520228974997	50
19.3208989729068	1.46665979821479	50
19.3342224193246	1.48813193072485	50
19.3475454968843	1.50961868728012	50
19.3608682055859	1.53112006788062	50
19.3741905454292	1.55263607252633	50
19.3875125164144	1.57416670121728	50
19.4008341185413	1.59571195395344	50
19.4141553518101	1.61727183073482	50
19.4274762162208	1.63884633156143	50
19.4407967117732	1.66043545643326	50
19.4541168384675	1.68203920535032	50
19.4674365963036	1.7036575783126	50
19.4807559852815	1.7252905753201	50
19.4940750054012	1.74693819637283	50
19.5073936566628	1.76860044147078	50
19.5207119390661	1.79027731061394	50
19.5340298526113	1.81196880380234	50
19.5473473972984	1.83367492103595	50
19.5606645731272	1.85539566231479	50
19.5739813800979	1.87713102763885	50
19.5872978182103	1.89888101700813	50
19.6006138874646	1.92064563042264	50
19.6139295878608	1.94242486788237	50
19.6272449193987	1.96421872938732	50
19.6405598820785	1.9860272149375	50
19.6538744759001	2.0078503245329	50
19.6671887008635	2.02968805817352	50
19.6805025569687	2.05154041585936	50
19.6938160442158	2.07340739759043	50
19.7071291626047	2.09528900336672	50
19.7204419121354	2.11718523318823	50
19.7337542928079	2.13909608705496	50
19.7470663046222	2.16102156496692	50
19.7603779475784	2.1829616669241	50
19.7736892216764	2.2049163929265	50
19.7870001269162	2.22688574297413	50
19.8003106632978	2.24886971706698	50
19.8136208308213	2.27086831520506	50
19.8269306294865	2.29288153738835	50
19.8402400592936	2.31490938361687	50
19.8535491202425	2.33695185389061	50
19.8668578123333	2.35900894820957	50
19.8801661355658	2.38108066657376	50
19.8934740899402	2.40316700898317	50
19.9067816754564	2.4252679754378	50
19.9200888921144	2.44738356593765	50
19.9333957399143	2.46951378048273	50
19.9467022188559	2.49165861907303	50
19.9600083289394	2.51381808170856	50
19.9733140701647	2.5359921683893	50
19.9866194425319	2.55818087911527	50
19.9999244460408	2.58038421388647	50
20.0132290806916	2.60260217270288	50
20.0265333464842	2.62483475556452	50
20.0398372434186	2.64708196247138	50
20.0531407714948	2.66934379342346	50
20.0664439307129	2.69162024842077	50
20.0797467210728	2.7139113274633	50
20.0930491425745	2.73621703055105	50
20.106351195218	2.75853735768402	50
20.1196528790033	2.78087230886222	50
20.1329541939305	2.80322188408564	50
20.1462551399995	2.82558608335429	50
20.1595557172103	2.84796490666815	50
20.1728559255629	2.87035835402724	50
20.1861557650574	2.89276642543155	50
20.1994552356937	2.91518912088109	50
20.2127543374718	2.93762644037584	50
20.2260530703917	2.96007838391582	50
20.2393514344534	2.98254495150103	50
20.252649429657	3.00502614313145	50
20.2659470560024	3.0275219588071	50
20.2792443134896	3.05003239852797	50
20.2925412021186	3.07255746229407	50
20.3058377218894	3.09509715010538	50
20.3191338728021	3.11765146196193	50
20.3324296548566	3.14022039786369	50
20.3457250680529	3.16280395781068	50
20.359020112391	3.18540214180288	50
20.372314787871	3.20801494984031	50
20.3856090944928	3.23064238192297	50
20.3989030322564	3.25328443805085	50
20.4121966011618	3.27594111822395	50
20.425489801209	3.29861242244227	50
20.4387826323981	3.32129835070582	50
20.452075094729	3.34399890301458	50
20.4653671882017	3.36671407936858	50
20.4786589128162	3.38944387976779	50
20.4919502685726	3.41218830421223	50
20.5052412554707	3.43494735270189	50
20.5185318735107	3.45772102523677	50
20.5318221226925	3.48050932181688	50
20.5451120030162	3.5033122424422	50
20.5584015144816	3.52612978711276	50
20.5716906570889	3.54896195582853	50
20.584979430838	3.57180874858953	50
20.5982678357289	3.59467016539575	50
20.6115558717617	3.61754620624719	50
20.6248435389362	3.64043687114386	50
20.6381308372526	3.66334216008575	50
20.6514177667108	3.68626207307286	50
20.6647043273108	3.70919661010519	50
20.6779905190527	3.73214577118275	50
20.6912763419364	3.75510955630553	50
20.7045617959619	3.77808796547353	50
20.7178468811292	3.80108099868676	50
20.7311315974383	3.82408865594521	50
20.7444159448893	3.84711093724887	50
20.757699923482	3.87014784259777	50
20.7709835332166	3.89319937199189	50
20.7842667740931	3.91626552543123	50
20.7975496461113	3.93934630291579	50
20.8108321492714	3.96244170444558	50
20.8241142835733	3.98555173002058	50
20.837396049017	4.00867637964081	50
20.8506774456025	4.03181565330627	50
20.8639584733298	4.05496955101694	50
20.877239132199	4.07813807277284	50
20.89051942221	4.10132121857396	50
20.9037993433628	4.12451898842031	50
20.9170788956575	4.14773138231188	50
20.9303580790939	4.17095840024867	50
20.9436368936722	4.19420004223069	50
20.9569153393923	4.21745630825792	50
20.9701934162542	4.24072719833038	50
20.983471124258	4.26401271244807	50
20.9967484634035	4.28731285061097	50
21.0100254336909	4.3106276128191	50
21.0233020351201	4.33395699907245	50
21.0365782676912	4.35730100937102	50
21.049854131404	4.38065964371482	50
21.0631296262587	4.40403290210383	50
21.0764047522552	4.42742078453808	50
21.0896795093935	4.45082329101754	50
21.1029538976736	4.47424042154223	50
21.1162279170956	4.49767217611214	50
21.1295015676594	4.52111855472728	50
21.142774849365	4.54457955738763	50
21.1560477622124	4.56805518409321	50
21.1693203062017	4.59154543484402	50
21.1825924813327	4.61505030964004	50
21.1958642876056	4.63856980848129	50
21.2091357250203	4.66210393136776	50
21.2224067935769	4.68565267829945	50
21.2356774932752	4.70921604927637	50
21.2489478241154	4.73279404429851	50
21.2622177860974	4.75638666336587	50
21.2754873792212	4.77999390647846	50
21.2887566034869	4.80361577363626	50
21.3020254588943	4.82725226483929	50
21.3152939454436	4.85090338008755	50
21.3285620631347	4.87456911938103	50
21.3418298119676	4.89824948271972	50
21.3550971919424	4.92194447010364	50
21.3683642030589	4.94565408153279	50
21.3816308453173	4.96937831700716	50
21.3948971187176	4.99311717652675	50
21.4081630232596	5.01687066009156	50
21.4214285589434	5.0406387677016	50
21.4346937257691	5.06442149935686	50
21.4479585237366	5.08821885505734	50
21.4612229528459	5.11203083480304	50
21.4744870130971	5.13585743859397	50
21.48775070449	5.15969866643012	50
21.5010140270248	5.18355451831149	50
21.5142769807014	5.20742499423809	50
21.5275395655199	5.23131009420991	50
21.5408017814801	5.25520981822696	50
21.5540636285822	5.27912416628922	50
21.5673251068261	5.3030531383967	50
21.5805862162118	5.32699673454941	50
21.5938469567393	5.35095495474735	50
21.6071073284087	5.3749277989905	50
21.6203673312199	5.39891526727888	50
21.6336269651729	5.42291735961248	50
21.6468862302677	5.4469340759913	50
21.6601451265043	5.47096541641536	50
21.6734036538828	5.49501138088462	50
21.6866618124031	5.51907196939912	50
21.6999196020652	5.54314718195883	50
21.7131770228691	5.56723701856378	50
21.7264340748149	5.59134147921393	50
21.7396907579024	5.61546056390932	50
21.7529470721318	5.63959427264993	50
21.7662030175031	5.66374260543576	50
21.7794585940161	5.68790556226681	50
21.7927138016709	5.71208314314309	50
21.8059686404676	5.73627534806458	50
21.8192231104061	5.7604821770313	50
21.8324772114865	5.78470363004325	50
21.8457309437086	5.80893970710042	50
21.8589843070726	5.83319040820281	50
21.8722373015784	5.85745573335042	50
21.885489927226	5.88173568254325	50
21.8987421840154	5.90603025578131	50
21.9119940719466	5.9303394530646	50
21.9252455910197	5.9546632743931	50
21.9384967412346	5.97900171976682	50
21.9517475225913	6.00335478918578	50
21.9649979350899	6.02772248264995	50
21.9782479787302	6.05210480015934	50
21.9914976535124	6.07650174171397	50
22.0047469594364	6.10091330731381	50
22.0179958965022	6.12533949695887	50
22.0312444647099	6.14978031064916	50
22.0444926640594	6.17423574838466	50
22.0577404945507	6.1987058101654	50
22.0709879561838	6.22319049599136	50
22.0842350489587	6.24768980586254	50
22.0974817728754	6.27220373977893	50
22.110728127934	6.29673229774056	50
22.1239741141344	6.3212754797474	50
22.1372197314766	6.34583328579948	50
22.1504649799607	6.37040571589677	50
22.1637098595865	6.39499277003928	50
22.1769543703542	6.41959444822702	50
22.1901985122637	6.44421075045998	50
22.2034422853151	6.46884167673817	50
22.2166856895082	6.49348722706157	50
22.2299287248432	6.5181474014302	50
22.24317139132	6.54282219984406	50
22.2484456956217	6.55247009506041	50
22.2538708917971	6.56203395486861	50
22.2594456412602	6.57151141952936	50
22.2651685685251	6.58090015062006	50
22.271038261545	6.59019783161181	50
22.2770532720611	6.59940216844093	50
22.2832121159595	6.60851089007505	50
22.2895132736376	6.6175217490734	50
22.2959551903791	6.62643252214136	50
22.3025362767373	6.63524101067901	50
22.3092549089278	6.64394504132359	50
22.3161094292285	6.6525424664858	50
22.3230981463891	6.66103116487962	50
22.3302193360483	6.66940904204575	50
22.3374712411591	6.67767403086834	50
22.3448520724223	6.68582409208507	50
22.3523600087283	6.69385721479032	50
22.3599931976062	6.70177141693123	50
22.3677497556808	6.70956474579685	50
22.3756277691375	6.71723527849991	50
22.3836252941943	6.72478112245124	50
22.3917403575817	6.73220041582674	50
22.3999709570291	6.7394913280268	50
22.4083150617593	6.74665206012794	50
22.4167706129893	6.75368084532664	50
22.4253355244383	6.76057594937534	50
22.4340076828427	6.76733567101028	50
22.4427849484771	6.77395834237131	50
22.4516651556825	6.78044232941336	50
22.4606461134007	6.78678603230965	50
22.4697256057148	6.79298788584641	50
22.4789013923958	6.79904635980908	50
22.4881712094558	6.80495995935987	50
22.4975327697061	6.81072722540658	50
22.5069837633217	6.8163467349626	50
22.5165218584114	6.82181710149804	50
22.526144701593	6.82713697528181	50
22.5358499185739	6.83230504371467	50
22.545635114737	6.83732003165304	50
22.5554978757316	6.8421807017237	50
22.565435768069	6.84688585462905	50
22.575446339723	6.85143432944301	50
22.5855271207348	6.85582500389748	50
22.5956756238225	6.86005679465923	50
22.6058893449948	6.86412865759722	50
22.616165764169	6.86803958804019	50
22.6265023457923	6.87178862102458	50
22.6368965394678	6.8753748315326	50
22.6473457805839	6.87879733472047	50
22.6578474909466	6.88205528613674	50
22.668399079416	6.88514788193064	50
22.6789979425456	6.88807435905043	50
22.6896414652245	6.8908339954317	50
22.7003270213227	6.89342611017543	50
22.7110519743391	6.89585006371611	50
22.7218136780522	6.89810525797948	50
22.7326094771724	6.90019113653009	50
22.743436707998	6.90210718470862	50
22.7542926990717	6.90385292975886	50
22.7651747718401	6.90542794094433	50
22.7760802413148	6.9068318296546	50
22.7870064167341	6.90806424950113	50
22.7979506022279	6.90912489640277	50
22.8089100974821	6.91001350866076	50
22.8198821984054	6.91072986702333	50
22.8308641977958	6.91127379473976	50
22.8418533860095	6.91164515760404	50
22.8528470516286	6.91184386398793	50
22.8638424821308	6.91186986486361	50
22.8748369645579	6.91172315381575	50
22.8858277861861	6.91140376704309	50
22.8968122351945	6.91091178334957	50
22.9077876013347	6.91024732412479	50
22.9187511765993	6.9094105533141	50
22.9297002558902	6.9084016773782	50
22.9406321376859	6.90722094524214	50
22.9515441247082	6.90586864823388	50
22.9624335245875	6.90434512001249	50
22.9732976505273	6.90265073648576	50
22.9841338219672	6.90078591571746	50
22.994939365244	6.89875111782422	50
23.0057116142515	6.89654684486197	50
23.0164479110986	6.89417364070209	50
23.0271456067645	6.89163209089718	50
23.0378020617531	6.88892282253663	50
23.0484146467434	6.88604650409188	50
23.058980743239	6.88300384525145	50
23.0694977442136	6.87979559674588	50
23.0799630547545	6.8764225501625	50
23.0903740927031	6.87288553775007	50
23.1007282892915	6.86918543221347	50
23.1110230897766	6.8653231464984	50
23.1212559540704	6.86129963356604	50
23.1314243573668	6.85711588615803	50
23.1415257907645	6.85277293655141	50
23.1515577618858	6.84827185630403	50
23.1615177954921	6.84361375599008	50
23.171403434094	6.83879978492612	50
23.1812122385582	6.83383113088747	50
23.1909417887089	6.82870901981518	50
23.2005896839253	6.82343471551349	50
23.2101535437335	6.81800951933808	50
23.2196310083942	6.81243476987493	50
23.2290197394849	6.80671184261005	50
23.2383174204767	6.8008421495901	50
23.2475217573058	6.79482713907401	50
23.2566304789399	6.78866829517563	50
23.2656413379383	6.78236713749751	50
23.2745521110062	6.77592522075605	50
23.2833605995439	6.76934413439779	50
23.2920646301884	6.76262550220733	50
23.3006620553507	6.75577098190663	50
23.3091507537445	6.74878226474599	50
23.3175286309106	6.74166107508681	50
23.3257936197332	6.73440916997608	50
23.3339436809499	6.72702833871287	50
23.3419768036552	6.71952040240685	50
23.3498910057961	6.71188721352897	50
23.3576843346617	6.70413065545436	50
23.3653548673648	6.69625264199766	50
23.3729007113161	6.68825511694082	50
23.3803200046916	6.68014005355346	50
23.3876109168917	6.67190945410606	50
23.3947716489928	6.66356534937587	50
23.4018004341915	6.65510979814587	50
23.4086955382402	6.64654488669681	50
23.4154552598751	6.63787272829243	50
23.4220779312362	6.62909546265805	50
23.4285619182782	6.62021525545264	50
23.4349056211745	6.61123429773443	50
23.4411074747113	6.60215480542036	50
23.4471659486739	6.5929790187393	50
23.4530795482247	6.58370920167932	50
23.4588468142714	6.57434764142907	50
23.4644663238275	6.56489664781346	50
23.4699366903629	6.55535855272374	50
23.4752565641467	6.54573570954215	50
23.4804246325795	6.53603049256127	50
23.4854396205179	6.52624529639816	50
23.4903002905886	6.51638253540355	50
23.4950054434939	6.50644464306614	50
23.4995539183079	6.49643407141217	50
23.5039445927623	6.48635329040038	50
23.5081763835241	6.47620478731267	50
23.5122482464621	6.4659910661403	50
23.516159176905	6.45571464696615	50
23.5199082098894	6.44537806534288	50
23.5234944203975	6.43498387166734	50
23.5269169235853	6.42453463055127	50
23.5301748750016	6.41403292018858	50
23.5332674707955	6.40348133171915	50
23.5361939479153	6.39288246858956	50
23.5389535842966	6.38223894591068	50
23.5415456990403	6.37155338981247	50
23.543969652581	6.36082843679601	50
23.5462248468443	6.35006673308298	50
23.5483107253949	6.33927093396273	50
23.5502267735735	6.32844370313716	50
23.5519725186237	6.31758771206347	50
23.5535475298092	6.306705639295	50
23.5549514185195	6.29580016982038	50
23.556183838366	6.28487399440103	50
23.5572444852676	6.27392980890723	50
23.5581330975256	6.262970313653	50
23.5588494558882	6.25199821272979	50
23.5593933836046	6.24101621333934	50
23.5597647464689	6.23002702512566	50
23.5599634528528	6.21903335950651	50
23.5599894537285	6.20803792900439	50
23.5598427426806	6.19704344657723	50
23.559523355908	6.18605262494907	50
23.5590313722144	6.17506817594068	50
23.5583669129896	6.16409280980049	50
23.557530142179	6.15312923453587	50
23.5565212662431	6.14218015524496	50
23.555340534107	6.13124827344925	50
23.5539882370987	6.12033628642698	50
23.5524647088773	6.10944688654768	50
23.5507703253506	6.09858276060784	50
23.5489055045823	6.08774658916794	50
23.5468707066891	6.07694104589116	50
23.5446664337268	6.06616879688362	50
23.5422932295669	6.05543250003656	50
23.539751679762	6.0447348043706	50
23.5370424114015	6.03407834938203	50
23.5341660929567	6.02346576439171	50
23.5311234341163	6.01289966789615	50
23.5279151856107	6.00238266692158	50
23.5245421390274	5.99191735638061	50
23.5210051266149	5.98150631843202	50
23.5173050210783	5.97115212184365	50
23.5134427353633	5.96085732135856	50
23.5094192224309	5.95062445706474	50
23.5052354750229	5.94045605376833	50
23.5008925254163	5.93035462037068	50
23.4963914451689	5.92032264924935	50
23.4917333448549	5.91036261564309	50
23.486919373791	5.90047697704116	50
23.4819507197523	5.89066817257696	50
23.4768863595234	5.88104628436763	50
23.4258175538492	5.78582150527278	50
23.3748053508051	5.69070252786249	50
23.3238509115363	5.59569151481012	50
23.2729553910604	5.50079061737126	50
23.222119938267	5.40600197538415	50
23.1713456959179	5.31132771726947	50
23.1206338006471	5.21676996003043	50
23.0699853829608	5.12233080925276	50
23.0194015672373	5.02801235910458	50
22.9688834717271	4.93381669233664	50
22.9184322085528	4.83974588028211	50
22.8680488837093	4.74580198285672	50
22.8177345970634	4.6519870485586	50
22.7674904423544	4.55830311446848	50
22.7173175071936	4.46475220624955	50
22.6672168730643	4.3713363381475	50
22.6171896153223	4.27805751299053	50
22.5672368031953	4.1849177221893	50
22.5173594997834	4.091918945737	50
22.4675587620585	3.99906315220934	50
22.4178356408651	3.90635229876449	50
22.3681911809195	3.81378833114314	50
22.3186264208104	3.72137318366847	50
22.2691423929986	3.62910877924621	50
22.2197401238169	3.53699702936446	50
22.1704206334706	3.44503983409396	50
22.1211849360369	3.35323908208786	50
22.0720340394652	3.26159665058189	50
22.022968945577	3.17011440539417	50
21.9739906500664	3.07879420092541	50
21.925100142499	2.98763788015878	50
21.876298406313	2.89664727465996	50
21.8275864188187	2.80582420457716	50
21.7789651511985	2.71517047864099	50
21.730435568507	2.62468789416466	50
21.6819986296709	2.53437823704385	50
21.6336552874892	2.44424328175673	50
21.5854064886329	2.35428479136396	50
21.5372531736452	2.26450451750874	50
21.4891962769417	2.17490420041674	50
21.4412367268098	2.08548556889609	50
21.3933754454093	1.99625034033748	50
21.3456133487721	1.90720022071409	50
21.2979513468022	1.81833690458158	50
21.2503903432759	1.72966207507815	50
21.2029312358416	1.64117740392441	50
21.1555749160198	1.55288455142354	50
21.1083222692033	1.46478516646123	50
21.0611741746569	1.37688088650566	50
21.0141315055177	1.28917333760743	50
20.9671951287949	1.20166413439974	50
20.9203659053699	1.11435488009825	50
20.8736446899962	1.02724716650113	50
20.8270323312996	0.940342573989051	50
20.7805296717779	0.853642671525099	50
20.7341375478011	0.767149016655045	50
20.6878567896114	0.680863155506961	50
20.6416882213233	0.594786622791533	50
20.5956326609231	0.50892094180192	50
20.5496909202697	0.423267624413773	50
20.5038638050939	0.337828171085279	50
20.4581521149987	0.252604070857037	50
20.4125566434592	0.167596801352223	50
20.3670781778229	0.0828078287764935	50
20.3217174993093	-0.0017613920819759	50
20.27647538301	-0.0861094178525814	50
20.2313525978888	-0.170234816582154	50
20.1863499067818	-0.254136167735036	50
20.1414680663971	-0.337812062193079	50
20.0967078273152	-0.421261102255615	50
20.0520699339884	-0.504481901639545	50
20.0075551247414	-0.587473085479202	50
19.9631641317711	-0.670233290326431	50
19.9188976811465	-0.752761164150593	50
19.8747564928087	-0.835055366338546	50
19.830741280571	-0.917114567694641	50
19.7868527521189	-0.998937450440712	50
19.7430916090101	-1.08052270821617	50
19.6994585466744	-1.16186904607784	50
19.6559542544137	-1.2429751805001	50
19.6125794154022	-1.32383983937479	50
19.5693347066862	-1.40446176201126	50
19.5262207991842	-1.48483969913642	50
19.4832383576868	-1.56497241289461	50
19.4403880408567	-1.64485867684768	50
19.3976705012291	-1.72449727597498	50
19.3550863852109	-1.80388700667343	50
19.3126363330815	-1.88302667675736	50
19.2703209789923	-1.96191510545864	50
19.228140950967	-2.04055112342664	50
19.1860968709013	-2.11893357272823	50
19.1441893545632	-2.19706130684777	50
19.1024190115928	-2.27493319068712	50
19.0607864455023	-2.35254810056569	50
19.0192922536763	-2.42990492422033	50
18.9779370273712	-2.50700256080541	50
18.936721351716	-2.5838399208928	50
18.8956458057114	-2.66041592647185	50
18.8547109622307	-2.7367295109495	50
18.813917388019	-2.81277961915008	50
18.7732656436938	-2.88856520731547	50
18.7327562837447	-2.96408524310503	50
18.6923898565335	-3.03933870559568	50
18.6521669042939	-3.11432458528178	50
18.6120879631323	-3.18904188407521	50
18.5721535630266	-3.26348961530534	50
18.5323642278275	-3.33766680371903	50
18.4927204752575	-3.41157248548075	50
18.4532228169113	-3.48520570817225	50
18.4138717582557	-3.55856553079303	50
18.37466779863	-3.63165102375992	50
18.3356114312452	-3.7044612689073	50
18.2967031431849	-3.77699535948708	50
18.2579434154045	-3.84925240016861	50
18.2193327227318	-3.92123150703883	50
18.1808715338666	-3.99293180760209	50
18.1425603113811	-4.06435244078029	50
18.1043995117195	-4.13549255691279	50
18.066389585198	-4.20635131775653	50
18.0285309760054	-4.27692789648588	50
17.9908241222022	-4.34722147769273	50
17.9532694557213	-4.41723125738648	50
17.9158674023679	-4.48695644299398	50
17.878618381819	-4.55639625335969	50
17.8415228076241	-4.62554991874547	50
17.8045810872047	-4.69441668083071	50
17.7677936218544	-4.76299579271233	50
17.7311608067392	-4.83128651890471	50
17.6946830308971	-4.89928813533975	50
17.6583606772382	-4.96699992936682	50
17.622194122545	-5.03442119975288	50
17.5861837374718	-5.1015512566823	50
17.5503298865454	-5.16838942175698	50
17.5146329281647	-5.23493502799632	50
17.4790932146006	-5.3011874198372	50
17.4437110919964	-5.36714595313407	50
17.4084869003673	-5.43280999515882	50
17.3734209736009	-5.49817892460084	50
17.3385136394568	-5.56325213156702	50
17.3037652195668	-5.62802901758181	50
17.269176029435	-5.69250899558711	50
17.2347463784375	-5.7566914899423	50
17.2004765698226	-5.82057593642431	50
17.1663669007109	-5.88416178222754	50
17.1324176620949	-5.94744848596391	50
17.0986291388395	-6.01043551766279	50
17.0650016096816	-6.07312235877116	50
17.0315353472305	-6.13550850215339	50
16.9982306179673	-6.19759345209141	50
16.9650876822457	-6.25937672428462	50
16.9321067942911	-6.32085784584993	50
16.8992882022015	-6.38203635532178	50
16.8666321479468	-6.44291180265208	50
16.834138867369	-6.50348374921024	50
16.8018085901826	-6.56375176778316	50
16.7696415399739	-6.6237154425753	50
16.7376379342016	-6.68337436920856	50
16.7057979841965	-6.74272815472235	50
16.6741218951614	-6.8017764175736	50
16.6426098661716	-6.86051878763672	50
16.6112620901743	-6.91895490620369	50
16.580078753989	-6.97708442598384	50
16.5490600383072	-7.03490701110417	50
16.5182061176927	-7.09242233710907	50
16.4875171605815	-7.14963009096048	50
16.4569933292817	-7.20652997103781	50
16.4266347799734	-7.26312168713799	50
16.3964416627092	-7.31940496047547	50
16.3664141214137	-7.37537952368217	50
16.3365522938835	-7.43104512080752	50
16.3068563117877	-7.48640150731844	50
16.2773263006673	-7.54144845009935	50
16.2479623799355	-7.59618572745222	50
16.2187646628778	-7.65061312909646	50
16.1897332566517	-7.704730456169	50
16.160868262287	-7.75853752122428	50
16.1321697746855	-7.81203414823424	50
16.1036378826215	-7.86522017258832	50
16.075272668741	-7.91809544109344	50
16.0470742095625	-7.97065981197405	50
16.0190425754765	-8.02291315487209	50
15.9911778307458	-8.07485535084699	50
15.9634800335053	-8.12648629237568	50
15.935949235762	-8.17780588335263	50
15.9085854833952	-8.22881403908976	50
15.8813888161561	-8.27951068631653	50
15.8543592676685	-8.32989576317987	50
15.8274968654279	-8.3799692192442	50
15.8008016308023	-8.42973101549152	50
15.7742735790316	-8.47918112432124	50
15.7479127192282	-8.52831952955031	50
15.7217190543763	-8.57714622641316	50
15.6956925813326	-8.62566122156178	50
15.6698332908256	-8.67386453306558	50
15.6441411674563	-8.72175619041154	50
15.6186161896977	-8.76933623450409	50
15.5932583298949	-8.81660471766518	50
15.5680675542654	-8.86356170363428	50
15.5430438228986	-8.9102072675683	50
15.5181870897563	-8.95654149604174	50
15.4934973026722	-9.00256448704654	50
15.4689744033525	-9.04827634999215	50
15.4446183273751	-9.09367720570553	50
15.4204290041906	-9.13876718643112	50
15.3964063571214	-9.1835464358309	50
15.3725503033622	-9.22801510898432	50
15.3488607539797	-9.27217337238833	50
15.3253376139131	-9.3160214039574	50
15.3019807819734	-9.35955939302347	50
15.278790150844	-9.40278754033604	50
15.2557656070804	-9.44570605806204	50
15.2329070311102	-9.48831516978595	50
15.2102142972332	-9.5306151105097	50
15.1876872736214	-9.57260612665281	50
15.1653258223191	-9.61428847605219	50
15.1431297992424	-9.65566242796234	50
15.1210990541798	-9.69672826305522	50
15.0992334307921	-9.73748627342029	50
15.0775327666119	-9.77793676256452	50
15.0559968930443	-9.81808004541237	50
15.0346256353664	-9.85791644830583	50
15.0134188127275	-9.89744630900435	50
14.992376238149	-9.93666997668492	50
14.9714977185246	-9.97558781194201	50
14.95078305462	-10.0142001867876	50
14.9302320410732	-10.0525074846511	50
14.9098444663944	-10.0905101003795	50
14.8896201129658	-10.1282084402374	50
14.8695587570418	-10.1656029219067	50
14.849660168749	-10.2026939744868	50
14.8299241120863	-10.2394820384947	50
14.8103503449246	-10.275967565865	50
14.7909386190069	-10.3121510199495	50
14.7716886799486	-10.3480328755179	50
14.752600267237	-10.3836136187569	50
14.7336731142318	-10.4188937472713	50
14.7149069481647	-10.4538737700828	50
14.6963014901396	-10.488554207631	50
14.6778564551327	-10.522935591773	50
14.6595715519921	-10.557018465783	50
14.6414464834383	-10.5908033843533	50
14.6234809460639	-10.6242909135932	50
14.6056746303336	-10.6574816310297	50
14.5880272205843	-10.6903761256073	50
14.5705383950251	-10.722974997688	50
14.5532078257372	-10.7552788590513	50
14.5360351786741	-10.7872883328942	50
14.5190201136612	-10.8190040538312	50
14.5021622843964	-10.8504266678942	50
14.4854613384495	-10.8815568325328	50
14.4689169172625	-10.9123952166139	50
14.4525286561498	-10.9429425004221	50
14.4362961842976	-10.9731993756593	50
14.4202191247646	-11.003166545445	50
14.4042970944814	-11.0328447243163	50
14.3885297042509	-11.0622346382276	50
14.3729165587482	-11.0913370245509	50
14.3574572565204	-11.1201526320757	50
14.342151389987	-11.1486822210091	50
14.3269985454395	-11.1769265629754	50
14.3119983030415	-11.2048864410168	50
14.297150236829	-11.2325626495927	50
14.2824539147099	-11.2599559945801	50
14.2679088984645	-11.2870672932736	50
14.2535147437451	-11.3138973743851	50
14.2392710000763	-11.3404470780441	50
14.2251772108546	-11.3667172557976	50
14.2112329133491	-11.3927087706102	50
14.1974376387006	-11.4184224968639	50
14.1837909119223	-11.4438593203581	50
14.1702922518997	-11.4690201383099	50
14.1569411713902	-11.4939058593538	50
14.1437371770234	-11.5185174035417	50
14.1306797693013	-11.5428557023432	50
14.1177684425977	-11.5669216986454	50
14.105002685159	-11.5907163467527	50
14.0923819791033	-11.6142406123871	50
14.0799058004212	-11.6374954726881	50
14.0675736189754	-11.6604819162129	50
14.0553848985006	-11.6832009429358	50
14.0433390966039	-11.7056535642489	50
14.0314356647643	-11.7278408029617	50
14.0196740483333	-11.7497636933013	50
14.0080536865342	-11.771423280912	50
13.9965740124628	-11.7928206228561	50
13.9852344530868	-11.813956787613	50
13.9740344292462	-11.8348328550796	50
13.9629733556531	-11.8554499165706	50
13.9520506408919	-11.875809074818	50
13.9412656874189	-11.8959114439712	50
13.9306178915628	-11.9157581495973	50
13.9201066435245	-11.9353503286809	50
13.9097313273768	-11.9546891296239	50
13.8994913210649	-11.9737757122459	50
13.889385996406	-11.9926112477839	50
13.8794147190897	-12.0111969188924	50
13.8695768486774	-12.0295339196435	50
13.8598717386031	-12.0476234555267	50
13.8502987361725	-12.065466743449	50
13.840857182564	-12.0830650117349	50
13.8315464128276	-12.1004195001265	50
13.8223657558858	-12.1175314597834	50
13.8133145345333	-12.1344021532825	50
13.8043920654368	-12.1510328546184	50
13.7955976591352	-12.1674248492031	50
13.7869306200396	-12.1835794338661	50
13.7783902464333	-12.1994979168546	50
13.7699758304716	-12.215181617833	50
13.7616866581822	-12.2306318678833	50
13.7535220094648	-12.2458500095052	50
13.7454811580913	-12.2608373966156	50
13.7375633717058	-12.2755953945491	50
13.7297679118245	-12.2901253800577	50
13.7220940338358	-12.304428741311	50
13.7145409870004	-12.318506877896	50
13.7071080144508	-12.3323612008172	50
13.6997943531921	-12.3459931324968	50
13.6925992341013	-12.3594041067742	50
13.6855218819276	-12.3725955689064	50
13.6785615152923	-12.3855689755682	50
13.6717173466892	-12.3983257948514	50
13.6649885824837	-12.4108675062656	50
13.6583744229139	-12.4231956007379	50
13.6518740620899	-12.4353115806129	50
13.6454866879937	-12.4472169596525	50
13.6392114824797	-12.4589132630364	50
13.6330476212746	-12.4704020273615	50
13.626994273977	-12.4816848006425	50
13.6210506040577	-12.4927631423114	50
13.6152157688599	-12.5036386232177	50
13.6094889195987	-12.5143128256285	50
13.6038692013614	-12.5247873432284	50
13.5983557531076	-12.5350637811194	50
13.5929477076689	-12.5451437558211	50
13.5876441917493	-12.5550288952705	50
13.5824443259247	-12.5647208388221	50
13.5773472246434	-12.5742212372482	50
13.5723519962256	-12.5835317527381	50
13.5674577428638	-12.592654058899	50
13.5626635606228	-12.6015898407555	50
13.5533717631225	-12.6189086287407	50
13.5444692496853	-12.6355018252404	50
13.5359485682265	-12.6513833214809	50
13.5278021686161	-12.6665671913689	50
13.5200224026785	-12.681067691491	50
13.512601524193	-12.6948992611136	50
13.5055316888933	-12.7080765221833	50
13.4988049544679	-12.7206142793268	50
13.4924132805598	-12.7325275198506	50
13.4863485287667	-12.7438314137414	50
13.480602462641	-12.7545413136657	50
13.4751667476894	-12.7646727549703	50
13.4700329513737	-12.7742414556817	50
13.46519254311	-12.7832633165066	50
13.4584631313764	-12.7958060153168	50
13.4523448701123	-12.8072096069294	50
13.4468077277107	-12.8175300682732	50
13.4418211762098	-12.8268243010949	50
13.4359752218428	-12.8377203363965	50
13.4309779724542	-12.8470345026744	50
13.4258082394946	-12.8566701527039	50
13.4209823450328	-12.8656649362824	50
13.4160304829379	-12.8748945056828	50
13.4112984430624	-12.8837143576091	50
13.4065105659315	-12.8925840906268	50
13.4014933353376	-12.9016650306878	50
13.3965093521275	-12.9105102188318	50
13.3908642983444	-12.9203615138345	50
13.3849501186572	-12.930524063072	50
13.3791890664437	-12.9402895598018	50
13.3739945354153	-12.9489943878025	50
13.368247821766	-12.9585243903357	50
13.3619196279263	-12.9689075748225	50
13.3549805094281	-12.980170592086	50
13.3493574557139	-12.9892105123556	50
13.343361576664	-12.9987697646106	50
13.3369802877149	-13.0088580898409	50
13.3302009578231	-13.0194847998004	50
13.323010909466	-13.0306587770071	50
13.3153974186408	-13.0423884747426	50
13.3073477148655	-13.0546819170529	50
13.301732577703	-13.0631945048775	50
13.2959140635524	-13.0719631744794	50
13.2898883541378	-13.0809899854008	50
13.2836516220021	-13.090276912397	50
13.2772000305071	-13.0998258454356	50
13.2705297338334	-13.109638589697	50
13.2636368769805	-13.1197168655742	50
13.2565175957665	-13.1300623086728	50
13.2491680168288	-13.1406764698111	50
13.2415842576231	-13.1515608150199	50
13.2337624264245	-13.162716725543	50
13.2256986223264	-13.1741454978363	50
13.2173889352415	-13.1858483435688	50
13.2088294459009	-13.1978263896219	50
13.200016225855	-13.2100806780897	50
13.1909453374727	-13.2226121662789	50
13.1816128339419	-13.2354217267089	50
13.1720147592693	-13.2485101471117	50
13.1621471482804	-13.261878130432	50
13.1520060266195	-13.275526294827	50
13.14158741075	-13.2894551736666	50
13.1308873079538	-13.3036652155333	50
13.1199017163318	-13.3181567842225	50
13.1086266248038	-13.3329301587419	50
13.0970580131084	-13.347985533312	50
13.085191851803	-13.3633230173658	50
13.0730241022639	-13.3789426355491	50
13.0668258673262	-13.3868582294571	50
13.060550716686	-13.3948443277204	50
13.0541981429331	-13.4029009095732	50
13.0477676380835	-13.4110279489505	50
13.0412586935793	-13.4192254144883	50
13.0346708002889	-13.4274932695232	50
13.028003448507	-13.4358314720927	50
13.0212561279541	-13.4442399749348	50
13.0144283277772	-13.4527187254887	50
13.0075195365494	-13.4612676658941	50
13.0005292422699	-13.4698867329917	50
12.9934569323641	-13.4785758583228	50
12.9863020936837	-13.4873349681296	50
12.9790642125064	-13.496163983355	50
12.9717427745362	-13.5050628196428	50
12.9643372649032	-13.5140313873376	50
12.9568471681638	-13.5230695914846	50
12.9492719683005	-13.53217733183	50
12.9416111487218	-13.5413545028207	50
12.9338641922627	-13.5506009936044	50
12.9260305811842	-13.5599166880296	50
12.9181097971735	-13.5693014646455	50
12.9101013213439	-13.5787551967023	50
12.9020046342351	-13.5882777521507	50
12.8938192158128	-13.5978689936425	50
12.8855445454688	-13.60752877853	50
12.8771801020213	-13.6172569588666	50
12.8687253637146	-13.6270533814061	50
12.860179808219	-13.6369178876035	50
12.8515429126313	-13.6468503136143	50
12.8428141534742	-13.6568504902949	50
12.8339930066966	-13.6669182432025	50
12.8250789476739	-13.677053392595	50
12.8160714512072	-13.6872557534313	50
12.8069699915241	-13.6975251353708	50
12.7977740422783	-13.7078613427738	50
12.7884830765496	-13.7182641747016	50
12.7790965668442	-13.728733424916	50
12.7696139850941	-13.7392688818798	50
12.7600348026579	-13.7498703287564	50
12.7503584903201	-13.7605375434101	50
12.7405845182914	-13.7712702984059	50
12.7307123562088	-13.7820683610099	50
12.7207414731354	-13.7929314931885	50
12.7106713375604	-13.8038594516093	50
12.7005014173994	-13.8148519876405	50
12.690231179994	-13.8259088473511	50
12.679860092112	-13.8370297715109	50
12.6693876199474	-13.8482144955905	50
12.6588132291204	-13.8594627497614	50
12.6481363846773	-13.8707742588957	50
12.6373565510906	-13.8821487425663	50
12.6264731922591	-13.8935859150471	50
12.6154857715077	-13.9050854853126	50
12.6043937515873	-13.9166471570381	50
12.5931965946753	-13.9282706285998	50
12.5818937623751	-13.9399555930745	50
12.5704847157162	-13.9517017382401	50
12.5589689151545	-13.963508746575	50
12.5473458205718	-13.9753762952585	50
12.5356148912764	-13.9873040561706	50
12.5237755860024	-13.9992916958923	50
12.5118273629105	-14.0113388757052	50
12.4997696795872	-14.0234452515918	50
12.4876019930454	-14.0356104742353	50
12.4753237597241	-14.0478341890197	50
12.4629344354885	-14.0601160360298	50
12.45043347563	-14.0724556500513	50
12.4378203348661	-14.0848526605706	50
12.4250944673405	-14.0973066917748	50
12.4122553266232	-14.109817362552	50
12.3993023657102	-14.1223842864909	50
12.3862350370238	-14.135007071881	50
12.3730527924124	-14.1476853217128	50
12.3597550831506	-14.1604186336772	50
12.3463413599392	-14.1732066001664	50
12.3328110729052	-14.186048808273	50
12.3191636716018	-14.1989448397905	50
12.3053986050082	-14.2118942712131	50
12.2915153215299	-14.2248966737361	50
12.2775132689987	-14.2379516132552	50
12.2633918946724	-14.2510586503672	50
12.2491506452349	-14.2642173403695	50
12.2347889667967	-14.2774272332603	50
12.2203063048939	-14.2906878737387	50
12.2057021044892	-14.3039988012045	50
12.1909758099713	-14.3173595497583	50
12.1761268651551	-14.3307696482016	50
12.1611547132818	-14.3442286200365	50
12.1460587970187	-14.357735983466	50
12.130838558459	-14.3712912513939	50
12.1154934391226	-14.3848939314247	50
12.1000228799552	-14.3985435258639	50
12.0844263213288	-14.4122395317175	50
12.0687032030415	-14.4259814406925	50
12.0528529643177	-14.4397687391967	50
12.0368750438079	-14.4536009083385	50
12.0207688795889	-14.4674774239272	50
12.0045339091634	-14.4813977564729	50
11.9881695694605	-14.4953613711866	50
11.9716752968355	-14.5093677279798	50
11.9550505270698	-14.5234162814651	50
11.9382946953709	-14.5375064809558	50
11.9214072363726	-14.5516377704658	50
11.9043875841349	-14.5658095887099	50
11.8872351721438	-14.5800213691039	50
11.8699494333117	-14.5942725397641	50
11.852529799977	-14.6085625235078	50
11.8349757039043	-14.6228907378528	50
11.8172865762846	-14.6372565950181	50
11.7994618477348	-14.6516595019231	50
11.781500948298	-14.6660988601883	50
11.7634033074437	-14.6805740661348	50
11.7451683540673	-14.6950845107845	50
11.7267955164907	-14.7096295798602	50
11.7082842224616	-14.7242086537854	50
11.6896338991541	-14.7388211076844	50
11.6708439731686	-14.7534663113823	50
11.6519138705313	-14.7681436294049	50
11.632843016695	-14.7828524209791	50
11.6136308365384	-14.7975920400322	50
11.5942767543664	-14.8123618351925	50
11.5747801939102	-14.8271611497891	50
11.5551405783271	-14.8419893218517	50
11.5353573302006	-14.8568456841111	50
11.5154298715403	-14.8717295639986	50
11.4953576237821	-14.8866402836465	50
11.475140007788	-14.9015771598878	50
11.4547764438463	-14.9165395042562	50
11.4342663516712	-14.9315266229863	50
11.4136091504033	-14.9465378170135	50
11.3928042586095	-14.961572381974	50
11.3718510942825	-14.9766296082047	50
11.3507490748414	-14.9917087807433	50
11.3294976171316	-15.0068091793284	50
11.3080961374245	-15.0219300783993	50
11.2865440514176	-15.0370707470961	50
11.2648407742349	-15.0522304492597	50
11.2429857204262	-15.0674084434317	50
11.2209783039677	-15.0826039828548	50
11.1988179382617	-15.097816315472	50
11.1765040361368	-15.1130446839276	50
11.1540360098476	-15.1282883255662	50
11.131413271075	-15.1435464724337	50
11.108635230926	-15.1588183512763	50
11.0857012999338	-15.1741031835414	50
11.0626108880579	-15.1894001853769	50
11.0393634046838	-15.2047085676315	50
11.0159582586233	-15.220027535855	50
10.9923948581142	-15.2353562902977	50
10.9686726108207	-15.2506940259107	50
10.9447909238331	-15.266039932346	50
10.9207492036678	-15.2813931939564	50
10.8965468562675	-15.2967529897953	50
10.872183287001	-15.3121184936172	50
10.8476579006632	-15.327488873877	50
10.8229701014753	-15.3428632937308	50
10.7981192930848	-15.3582409110352	50
10.773104878565	-15.3736208783477	50
10.7479262604158	-15.3890023429266	50
10.7225828405629	-15.404384446731	50
10.6970740203585	-15.4197663264206	50
10.6713992005808	-15.4351471133561	50
10.6455577814341	-15.4505259335991	50
10.6195491625491	-15.4659019079116	50
10.5933727429826	-15.4812741517567	50
10.5670279212175	-15.4966417752983	50
10.5405140951629	-15.5120038834008	50
10.513830662154	-15.5273595756298	50
10.4869770189525	-15.5427079462513	50
10.4599525617459	-15.5580480842323	50
10.4327566861481	-15.5733790732406	50
10.405388787199	-15.5886999916447	50
10.377848259365	-15.6040099125139	50
10.3501344965382	-15.6193079036184	50
10.3222468920374	-15.6345930274291	50
10.2941848386071	-15.6498643411177	50
10.2659477284183	-15.6651208965567	50
10.2375349530681	-15.6803617403193	50
10.2089459035797	-15.6955859136796	50
10.1801799704025	-15.7107924526125	50
10.1512365434122	-15.7259803877937	50
10.1221150119105	-15.7411487445995	50
10.0928147646254	-15.7562965431072	50
10.0633351897111	-15.7714227980948	50
10.0336756747478	-15.7865265190412	50
10.0038356067421	-15.8016067101259	50
9.97381437212657	-15.8166623702293	50
9.94361135676013	-15.8316924929327	50
9.91322594592778	-15.8466960665179	50
9.88265752434074	-15.8616720739677	50
9.85190547613638	-15.8766194929657	50
9.82096918487826	-15.8915372958962	50
9.78984803355612	-15.9064244498444	50
9.75854140458588	-15.9212799165961	50
9.72704867980963	-15.9361026526381	50
9.69536924049563	-15.9508916091578	50
9.66350246733834	-15.9656457320436	50
9.63144774045838	-15.9803639618846	50
9.59920443940254	-15.9950452339705	50
9.56677194314382	-16.0096884782921	50
9.53414963008136	-16.0242926195408	50
9.50133687804051	-16.0388565771089	50
9.46833306427277	-16.0533792650892	50
9.43513756545584	-16.0678595922758	50
9.40174975769358	-16.0822964621632	50
9.36816901651604	-16.0966887729467	50
9.33439471687943	-16.1110354175227	50
9.30042623316616	-16.1253352834879	50
9.26626293918481	-16.1395872531403	50
9.23190420817013	-16.1537902034783	50
9.19734941278306	-16.1679430062014	50
9.16259792511069	-16.1820445277096	50
9.12764911666634	-16.1960936291038	50
9.09250235838944	-16.2100891661859	50
9.05715702064566	-16.2240299894582	50
9.0216124732268	-16.2379149441241	50
8.98586808535086	-16.2517428700877	50
8.94992322566203	-16.2655126019538	50
8.91377726223065	-16.2792229690281	50
8.87742956255325	-16.2928727953171	50
8.84087949355256	-16.306460899528	50
8.80412642157743	-16.3199860950688	50
8.76716971240294	-16.3334471900484	50
8.73000873123034	-16.3468429872763	50
8.69264284268702	-16.360172284263	50
8.6550714108266	-16.3734338732197	50
8.61729379912885	-16.3866265410583	50
8.57930937049971	-16.3997490693917	50
8.54111748727131	-16.4128002345333	50
8.50271751120196	-16.4257788074975	50
8.46410880347614	-16.4386835539995	50
8.42529072470451	-16.4515132344553	50
8.38626263492391	-16.4642666039814	50
8.34702389359736	-16.4769424123955	50
8.30757385961404	-16.4895394042158	50
8.26791189128933	-16.5020563186615	50
8.22803734636478	-16.5144918896523	50
8.1879495820081	-16.5268448458091	50
8.14764795481321	-16.5391139104531	50
8.10713182080018	-16.5512978016068	50
8.06640053541527	-16.5633952319931	50
8.02545345353093	-16.5754049090358	50
7.98428992944575	-16.5873255348597	50
7.94290931688453	-16.59915580629	50
7.90131096899825	-16.610894414853	50
7.85949423836403	-16.6225400467756	50
7.81745847698522	-16.6340913829858	50
7.7752030362913	-16.6455470991119	50
7.73272726713796	-16.6569058654834	50
7.69003051980706	-16.6681663471305	50
7.64711214400661	-16.679327203784	50
7.60397148887085	-16.6903870898757	50
7.56060790296015	-16.7013446545381	50
7.51702073426107	-16.7121985416045	50
7.47320933018637	-16.7229473896091	50
7.42917303757497	-16.7335898317866	50
7.38491120269195	-16.7441244960729	50
7.34042317122861	-16.7545500051043	50
7.29570828830238	-16.764864976218	50
7.25076589845691	-16.7750680214523	50
7.205595345662	-16.7851577475458	50
7.16019597331363	-16.7951327559382	50
7.11456712423397	-16.80499164277	50
7.06870814067137	-16.8147329988823	50
7.02261836430033	-16.8243554098171	50
6.97629713622156	-16.8338574558172	50
6.92974379696192	-16.8432377118262	50
6.88295768647448	-16.8524947474885	50
6.83593814413845	-16.8616271271492	50
6.78868450875924	-16.8706334098542	50
6.74119611856845	-16.8795121493504	50
6.69347231122382	-16.8882618940851	50
6.64551242380929	-16.8968811872068	50
6.597315792835	-16.9053685665645	50
6.54888175423722	-16.9137225647081	50
6.50020964337842	-16.9219417088883	50
6.45129879504727	-16.9300245210566	50
6.40214854345857	-16.9379695178653	50
6.35275822225334	-16.9457752106673	50
6.30312716449876	-16.9534401055166	50
6.25325470268818	-16.9609627031678	50
6.20314016874115	-16.9683414990762	50
6.15278289400337	-16.9755749833982	50
6.10218220924674	-16.9826616409907	50
6.05133744466933	-16.9895999514115	50
6.00024792989537	-16.9963883889191	50
5.94891299397531	-17.003025422473	50
5.89733196538573	-17.0095095157334	50
5.84550417202941	-17.0158391270611	50
5.79342894123532	-17.0220127095179	50
5.74110559975859	-17.0280287108663	50
5.68853347378053	-17.0338855735697	50
5.63571188890862	-17.0395817347922	50
5.58264017017654	-17.0451156263987	50
5.52931764204412	-17.0504856749548	50
5.47574362839739	-17.0556903017271	50
5.42191745254855	-17.0607279226827	50
5.36783843723598	-17.0655969484899	50
5.31350590462422	-17.0702957845174	50
5.25891917630401	-17.0748228308348	50
5.20407757329227	-17.0791764822126	50
5.14898041603206	-17.0833551281221	50
5.09362702439267	-17.0873571527351	50
5.03801671766953	-17.0911809349246	50
4.98214881458426	-17.094824848264	50
4.92602263328466	-17.0982872610279	50
4.8696374913447	-17.1015665361913	50
4.81299270576453	-17.1046610314302	50
4.75608759297049	-17.1075690991214	50
4.69892146881507	-17.1102890863423	50
4.64149364857697	-17.1128193348714	50
4.58380344696104	-17.1151581811878	50
4.52585017809833	-17.1173039564712	50
4.46763315554605	-17.1192549866026	50
4.40915169228759	-17.1210095921632	50
4.35040510073254	-17.1225660884355	50
4.29139269271663	-17.1239227854024	50
4.23211377950179	-17.1250779877478	50
4.17256767177613	-17.1260299948565	50
4.11275367965394	-17.1267771008137	50
4.05267111267566	-17.1273175944058	50
3.99231927980794	-17.1276497591198	50
3.93169748944359	-17.1277718731433	50
3.8708050494016	-17.1276822093652	50
3.80964126692715	-17.1273790353747	50
3.74820544869158	-17.126860613462	50
3.68649690079241	-17.126125200618	50
3.62451492875334	-17.1251710485347	50
3.56225883752427	-17.1239964036043	50
3.49972793148124	-17.1225995069204	50
3.43692151442648	-17.1209785942771	50
3.37383888958841	-17.1191318961691	50
3.31047935962163	-17.1170576377924	50
3.24684222660689	-17.1147540390432	50
3.18292679205114	-17.112219314519	50
3.11873235688751	-17.1094516735178	50
3.05425822147529	-17.1064493200385	50
2.98950368559996	-17.1032104527807	50
2.92446804847318	-17.0997332651448	50
2.85915060873277	-17.0960159452322	50
2.79355066444275	-17.0920566758447	50
2.72766751309331	-17.0878536344853	50
2.66150045160081	-17.0834049933575	50
2.59504877630779	-17.0787089193657	50
2.52831178298297	-17.0737635741151	50
2.46128876682126	-17.0685671139117	50
2.39397902244371	-17.0631176897623	50
2.3263818438976	-17.0574134473743	50
2.25849652465634	-17.0514525271561	50
2.19032235761954	-17.0452330642169	50
2.121858635113	-17.0387531883666	50
2.05310464888867	-17.0320110241158	50
1.98405969012469	-17.0250046906762	50
1.91472304942538	-17.0177323019599	50
1.84509401682123	-17.0101919665801	50
1.77517188176893	-17.0023817878506	50
1.70495593315131	-16.994299863786	50
1.6344454592774	-16.985944287102	50
1.56363974788242	-16.9773131452146	50
1.49253808612774	-16.9684045202408	50
1.42113976060092	-16.9592164889986	50
1.3494440573157	-16.9497471230066	50
1.277450261712	-16.9399944884841	50
1.20515765865591	-16.9299566463512	50
