1.20515765865591	4.30785693398519	39
1.1921002262679	4.30975482553881	39
1.17906126073989	4.3117756943807	39
1.16604192026819	4.31391936100561	39
1.1530433613059	4.31618563500067	39
1.14006673846019	4.31857431506232	39
1.12711320438973	4.32108518901419	39
1.11418390970232	4.32371803382594	39
1.10128000285266	4.32647261563305	39
1.08840263004038	4.32934868975766	39
1.07555293510818	4.33234600073023	39
1.06273205944027	4.33546428231226	39
1.04994114186096	4.33870325751996	39
1.03718131853351	4.34206263864882	39
1.0244537228592	4.34554212729919	39
1.01175948537667	4.34914141440275	39
0.999099733661496	4.35286018025003	39
0.986475592226023	4.35669809451874	39
0.973888182419488	4.36065481630313	39
0.961338622328412	4.36472999414431	39
0.948828026677284	4.36892326606141	39
0.93635750672955	4.37323425958378	39
0.923928170188894	4.37766259178404	39
0.911541121100857	4.38220786931213	39
0.899197459754763	4.38686968843021	39
0.886898282585984	4.39164763504855	39
0.874644682078551	4.39654128476231	39
0.862437746668113	4.40155020288923	39
0.850278560645255	4.40667394450823	39
0.838168204059185	4.41191205449896	39
0.826107752621798	4.4172640675822	39
0.814098277612126	4.42272950836121	39
0.802140845781179	4.42830789136393	39
0.790236519257192	4.43399872108612	39
0.778386355451278	4.4398014920354	39
0.766591406963504	4.44571568877609	39
0.754852721489397	4.45174078597503	39
0.743171341726873	4.45787624844827	39
0.731548305283626	4.46412153120853	39
0.719984644584959	4.47047607951371	39
0.708481386782077	4.47693932891608	39
0.69703955366085	4.48351070531245	39
0.685660161551056	4.49018962499517	39
0.674344221236097	4.49697549470399	39
0.663092737863223	4.50386771167872	39
0.651906710854243	4.51086566371279	39
0.640787133816756	4.51796872920764	39
0.629734994455888	4.52517627722792	39
0.618751274486562	4.53248766755755	39
0.607836949546295	4.53990225075656	39
0.596992989108535	4.5474193682188	39
0.58622035639655	4.55503835223042	39
0.575520008297866	4.56275852602923	39
0.56489289527927	4.57057920386473	39
0.554339961302389	4.57849969105911	39
0.543862143739837	4.5865192840689	39
0.533460373291951	4.59463727054747	39
0.52313557390413	4.60285292940833	39
0.512888662684753	4.61116553088915	39
0.502720549823722	4.61957433661661	39
0.492632138511617	4.62807859967196	39
0.48262432485946	4.63667756465737	39
0.472697997819128	4.64537046776308	39
0.462854039104383	4.65415653683514	39
0.453093323112557	4.66303499144412	39
0.443416716846881	4.67200504295433	39
0.433825079839476	4.68106589459394	39
0.424319264074999	4.6902167415257	39
0.414900113914972	4.69945677091849	39
0.405568466022772	4.70878516201947	39
0.396325149289324	4.71820108622699	39
0.387170984759465	4.72770370716424	39
0.378106785559018	4.73729218075347	39
0.369133356822567	4.74696565529102	39
0.360251495621938	4.75672327152294	39
0.351461990895397	4.76656416272135	39
0.342765623377577	4.77648745476138	39
0.334163165530124	4.78649226619887	39
0.325655381473085	4.7965777083486	39
0.317243026917031	4.80674288536328	39
0.308926849095936	4.81698689431314	39
0.300707586700799	4.82730882526605	39
0.29258596981403	4.83770776136843	39
0.284562719844602	4.84818277892664	39
0.276638549463967	4.85873294748905	39
0.268814162542757	4.86935732992871	39
0.261090254088261	4.88005498252651	39
0.253467510182687	4.89082495505511	39
0.245946607922224	4.90166629086327	39
0.238528215356898	4.91257802696086	39
0.231212991431231	4.92355919410439	39
0.224001585925709	4.93460881688309	39
0.216894639399065	4.94572591380559	39
0.209892783131384	4.95690949738705	39
0.202996639068025	4.96815857423692	39
0.196206819764377	4.97947214514714	39
0.189523928331451	4.99084920518092	39
0.182948558382305	5.00228874376203	39
0.176481293979317	5.0137897447645	39
0.170122709582305	5.0253511866029	39
0.163873369997502	5.03697204232314	39
0.157733830327385	5.04865127969361	39
0.151704635921365	5.06038786129692	39
0.145786322327352	5.07218074462203	39
0.13997941524418	5.08402888215686	39
0.13428443047491	5.09593122148132	39
0.128701873881021	5.10788670536081	39
0.123232241337467	5.11989427184013	39
0.117876018688636	5.13195285433778	39
0.112633681705195	5.14406138174077	39
0.107505696041827	5.15621877849966	39
0.102492517195868	5.16842396472418	39
0.0975945904668494	5.18067585627912	39
0.092812350916945	5.19297336488062	39
0.0881462233323225	5.20531539819287	39
0.0835966221854134	5.21770085992511	39
0.0791639515980986	5.23012864992902	39
0.0748486053058095	5.24259766429641	39
0.0706509666225552	5.25510679545735	39
0.0665714084068756	5.26765493227848	39
0.0626102930287189	5.28024096016172	39
0.0587679723372567	5.2928637611433	39
0.0550447876296305	5.30552221399307	39
0.0514410696206324	5.31821519431403	39
0.0479571384133337	5.33094157464229	39
0.0445933034706494	5.34370022454716	39
0.0413498635878478	5.35649001073159	39
0.0382271068660136	5.36930979713282	39
0.0352253106864557	5.38215844502328	39
0.0323447416860667	5.39503481311179	39
0.0295856557336409	5.40793775764488	39
0.0269482979071465	5.4208661325084	39
0.0244329024719545	5.43381878932935	39
0.0220396928600322	5.44679457757786	39
0.0197688816500947	5.45979234466939	39
0.0176206705487241	5.47281093606711	39
0.0155952503724512	5.48584919538445	39
0.0136928010308077	5.49890596448784	39
0.0119134915103438	5.51198008359955	39
0.0102574798596196	5.52507039140072	39
0.00872491317516499	5.53817572513453	39
0.00731592758841448	5.55129492070945	39
0.00603064825361477	5.56442681280268	39
0.00486918933670766	5.57757023496364	39
0.00383165400519014	5.59072401971756	39
0.00291813441894928	5.60388699866924	39
0.00212871172207718	5.61705800260677	39
0.00146345603566189	5.63023586160543	39
0.000922426451560376	5.64341940513158	39
0.000505671027148269	5.65660746214665	39
0.000213226781052178	5.66979886121119	39
4.51196898612061e-05	5.68299243058883	39
1.36468581879434e-06	5.69618699835046	39
8.19656554977843e-05	5.70938139247829	39
0.000286915439454027	5.72257444096993	39
0.000616195832862321	5.73576497194254	39
0.00106977758713445	5.74895181373688	39
0.00164762041251598	5.76213379502141	39
0.00234967298166655	5.77530974489636	39
0.00317587293421751	5.78847849299764	39
0.00412614688231172	5.80163886960093	39
0.00520041041712238	5.81478970572547	39
0.0063985681163512	5.82792983323796	39
0.0077205135527032	5.8410580849563	39
0.00916612930334137	5.85417329475326	39
0.0107352869603157	5.86727429766008	39
0.0124278471419703	5.88035992996991	39
0.0142436595053232	5.89342902934124	39
0.0161825627594212	5.90648043490111	39
0.0182443846796663	5.91951298734819	39
0.0204289421231139	5.93252552905583	39
0.0227360410447399	5.94551690417483	39
0.0251654765146794	5.95848595873614	39
0.027717032736426	5.97143154075334	39
0.0303904830660027	5.98435250032498	39
0.0331855900320932	5.99724768973673	39
0.0361021053571353	6.0101159635633	39
0.0391397699793739	6.0229561787702	39
0.0422983140758735	6.03576719481527	39
0.0455774570864844	6.04854787375001	39
0.0489769077387636	6.06129708032059	39
0.0524963640738492	6.07401368206879	39
0.0561355134732786	6.0866965494325	39
0.0598940326867607	6.0993445558461	39
0.0637715878608871	6.11195657784055	39
0.0677678345687862	6.12453149514311	39
0.0718824178407191	6.13706819077694	39
0.0761149721956089	6.14956555116022	39
0.0804651216735039	6.16202246620515	39
0.0849324798689752	6.17443782941652	39
0.0895166499654372	6.18681053798996	39
0.0942172247703952	6.19913949290998	39
0.0990337867516162	6.2114235990475	39
0.103965908074216	6.22366176525719	39
0.109013150638659	6.23585290447436	39
0.114175066119678	6.24799593381153	39
0.119451196006093	6.26008977465465	39
0.12484107164154	6.27213335275881	39
0.130344214266102	6.28412559834379	39
0.135960135058829	6.29606544618899	39
0.141688335181166	6.30795183572809	39
0.147528305821256	6.31978371114324	39
0.153479528239141	6.33156002145886	39
0.159541473812834	6.34327972063496	39
0.165713604085278	6.3549417676601	39
0.171995370812176	6.36654512664385	39
0.178386216010683	6.37808876690875	39
0.184885572008979	6.38957166308194	39
0.191492861496682	6.40099279518617	39
0.198207497576137	6.41235114873047	39
0.205028883814541	6.42364571480019	39
0.211956414296929	6.43487549014667	39
0.218989473679986	6.44603947727632	39
0.226127437246711	6.45713668453927	39
0.23336967096191	6.4681661262174	39
0.240715531528507	6.47912682261193	39
0.248164366444694	6.49001780013041	39
0.255715514061882	6.50083809137326	39
0.263368303643479	6.51158673521965	39
0.271122055424464	6.52226277691288	39
0.278976080671773	6.5328652681452	39
0.286929681745469	6.54339326714204	39
0.294982152160717	6.55384583874563	39
0.303132776650534	6.56422205449815	39
0.311380831229325	6.57452099272411	39
0.319725583257192	6.58474173861225	39
0.328166291505009	6.59488338429686	39
0.336702206220264	6.6049450289383	39
0.345332569193658	6.61492577880312	39
0.354056613826449	6.62482474734342	39
0.36287356519855	6.63464105527557	39
0.371782640137358	6.64437383065834	39
0.380783047287326	6.65402220897035	39
0.389873987180249	6.66358533318684	39
0.399054652306279	6.67306235385582	39
0.408324227185659	6.68245242917354	39
0.417681888441149	6.69175472505919	39
0.42712680487117	6.70096841522908	39
0.436658137523632	6.71009268126996	39
0.446275039770459	6.71912671271178	39
0.455976657382787	6.72806970709962	39
0.465762128606844	6.73692087006502	39
0.475630584240495	6.74567941539648	39
0.485581147710451	6.75434456510939	39
0.495612935150129	6.76291554951504	39
0.505725055478162	6.77139160728903	39
0.515916610477557	6.77977198553892	39
0.526186694875468	6.78805593987103	39
0.536534396423616	6.79624273445666	39
0.546958795979319	6.80433164209736	39
0.557458967587131	6.81232194428959	39
0.568033978561101	6.82021293128852	39
0.578682889567606	6.82800390217104	39
0.589404754708796	6.83569416489808	39
0.600198621606618	6.84328303637603	39
0.6110635314874	6.85076984251745	39
0.621998519267024	6.85815391830094	39
0.63300261363665	6.86543460783017	39
0.64407483714899	6.87261126439222	39
0.655214206305128	6.87968325051495	39
0.666419731641889	6.88664993802365	39
0.67769041781972	6.89351070809687	39
0.689025263711106	6.90026495132134	39
0.700423262489498	6.90691206774611	39
0.711883401718738	6.91345146693589	39
0.723404663442996	6.91988256802341	39
0.73498602427719	6.92620479976109	39
0.746626455497885	6.93241760057176	39
0.758324923134673	6.93852041859852	39
0.770080388062019	6.94451271175379	39
0.781891806091557	6.95039394776745	39
0.793758128064839	6.95616360423409	39
0.805678299946539	6.96182116865949	39
0.817651262918066	6.96736613850605	39
0.829675953471618	6.97279802123747	39
0.841751303504655	6.97811633436256	39
0.853876240414764	6.98332060547797	39
0.866049687194941	6.98841037231024	39
0.878270562529257	6.99338518275687	39
0.890537780888901	6.99824459492641	39
0.902850252628607	7.00298817717781	39
0.915206884083446	7.00761550815862	39
0.927606577665962	7.01212617684259	39
0.940048231963676	7.01651978256602	39
0.952530741836914	7.02079593506344	39
0.965052998516975	7.02495425450229	39
0.977613889704614	7.02899437151656	39
0.990212299668849	7.03291592723972	39
1.00284710934606	7.0367185733365	39
1.0155171964394	7.0404019720339	39
1.02822143551847	7.04396579615114	39
1.04095869811929	7.04740972912876	39
1.05372785284457	7.05073346505672	39
1.06652776546413	7.05393670870158	39
1.07935729901573	7.05701917553271	39
1.09221531390603	7.05998059174758	39
1.10510066801178	7.06282069429609	39
1.11801221678134	7.06553923090391	39
1.13094881333629	7.06813596009489	39
1.14390930857332	7.07061065121254	39
1.1568925512663	7.07296308444048	39
1.16989738816855	7.07519305082198	39
1.18292266411526	7.07730035227854	39
1.1959672221261	7.07928480162747	39
1.22175312138125	7.08294740449736	39
1.23834461398937	7.08530180027368	39
1.25493213648027	7.08767071379059	39
1.27151568885394	7.09005414504805	39
1.2880952711104	7.09245209404608	39
1.30467088324963	7.09486456078468	39
1.32124252527165	7.09729154526384	39
1.33781019717644	7.09973304748357	39
1.35437389896401	7.10218906744385	39
1.37093363063436	7.10465960514472	39
1.38748939218749	7.10714466058614	39
1.4040411836234	7.10964423376812	39
1.42058900494209	7.11215832469068	39
1.43713285614355	7.1146869333538	39
1.4536727372278	7.11723005975749	39
1.47020864819482	7.11978770390174	39
1.48674058904463	7.12235986578656	39
1.50326855977721	7.12494654541194	39
1.51979256039257	7.12754774277789	39
1.53631259089071	7.13016345788439	39
1.55282865127163	7.13279369073148	39
1.56934074153532	7.13543844131913	39
1.5858488616818	7.13809770964733	39
1.60235301171106	7.14077149571611	39
1.61885319162309	7.14345979952545	39
1.6353494014179	7.14616262107536	39
1.6518416410955	7.14887996036583	39
1.66832991065587	7.15161181739686	39
1.68481421009902	7.15435819216847	39
1.70129453942495	7.15711908468064	39
1.71777089863365	7.15989449493337	39
1.73424328772514	7.16268442292667	39
1.75071170669941	7.16548886866053	39
1.76717615555645	7.16830783213496	39
1.78363663429627	7.17114131334996	39
1.80009314291888	7.17398931230552	39
1.81654568142426	7.17685182900164	39
1.83299424981242	7.17972886343833	39
1.84943884808336	7.18262041561559	39
1.86587947623708	7.18552648553342	39
1.88231613427357	7.18844707319181	39
1.89874882219285	7.19138217859076	39
1.9151775399949	7.19433180173028	39
1.93160228767974	7.19729594261037	39
1.94802306524735	7.20027460123102	39
1.96443987269774	7.20326777759223	39
1.98085271003091	7.20627547169402	39
1.99726157724686	7.20929768353636	39
2.01366647434559	7.21233441311927	39
2.0300674013271	7.21538566044276	39
2.04646435819139	7.21845142550679	39
2.06285734493845	7.2215317083114	39
2.0792463615683	7.22462650885658	39
2.09563140808092	7.22773582714232	39
2.11201248447632	7.23085966316862	39
2.1283895907545	7.2339980169355	39
2.14476272691546	7.23715088844293	39
2.1611318929592	7.24031827769094	39
2.17749708888572	7.24350018467951	39
2.19385831469501	7.24669660940864	39
2.21021557038709	7.24990755187834	39
2.22656885596194	7.2531330120886	39
2.24291817141958	7.25637299003943	39
2.25926351675999	7.25962748573083	39
2.27560489198318	7.26289649916279	39
2.29194229708915	7.26618003033532	39
2.3082757320779	7.26947807924841	39
2.32460519694943	7.27279064590206	39
2.34093069170374	7.27611773029629	39
2.35725221634082	7.27945933243108	39
2.37356977086069	7.28281545230642	39
2.38988335526333	7.28618608992235	39
2.40619296954875	7.28957124527884	39
2.42249861371695	7.29297091837589	39
2.43880028776794	7.2963851092135	39
2.45509799170169	7.29981381779168	39
2.47139172551823	7.30325704411043	39
2.48768148921755	7.30671478816974	39
2.50396728279965	7.31018704996962	39
2.52024910626452	7.31367382951007	39
2.53652695961218	7.31717512679107	39
2.55280084284261	7.32069094181264	39
2.56907075595582	7.32422127457478	39
2.58533669895181	7.32776612507748	39
2.60159867183058	7.33132549332076	39
2.61785667459213	7.3348993793046	39
2.63411070723646	7.338487783029	39
2.65036076976356	7.34209070449396	39
2.66660686217345	7.34570814369951	39
2.68284898446611	7.3493401006456	39
2.69908713664156	7.35298657533226	39
2.71532131869978	7.35664756775949	39
2.73155153064078	7.36032307792729	39
2.74777777246456	7.36401310583565	39
2.76400004417112	7.36771765148458	39
2.78021834576046	7.37143671487407	39
2.79643267723257	7.37517029600412	39
2.81264303858747	7.37891839487475	39
2.82884942982514	7.38268101148593	39
2.8450518509456	7.38645814583769	39
2.86125030194883	7.39024979793001	39
2.87744478283484	7.39405596776289	39
2.89363529360363	7.39787665533633	39
2.9098218342552	7.40171186065035	39
2.92600440478955	7.40556158370494	39
2.94218300520668	7.40942582450008	39
2.95835763550658	7.4133045830358	39
2.97452829568927	7.41719785931208	39
2.99069498575473	7.42110565332892	39
3.00685770570297	7.42502796508632	39
3.023016455534	7.4289647945843	39
3.0391712352478	7.43291614182284	39
3.05532204484438	7.43688200680195	39
3.07146888432373	7.44086238952161	39
3.08761175368587	7.44485728998185	39
3.10375065293079	7.44886670818265	39
3.11988558205848	7.45289064412402	39
3.13601654106896	7.45692909780595	39
3.15214352996221	7.46098206922844	39
3.16826654873824	7.46504955839151	39
3.18438559739705	7.46913156529514	39
3.20050067593864	7.47322808993933	39
3.21661178436301	7.4773391323241	39
3.23271892267016	7.48146469244942	39
3.24882209086009	7.48560477031531	39
3.26492128893279	7.48975936592177	39
3.28101651688828	7.49392847926879	39
3.29710777472654	7.49811211035638	39
3.31319506244758	7.50231025918453	39
3.3292783800514	7.50652292575325	39
3.345357727538	7.51075011006253	39
3.36143310490738	7.51499181211238	39
3.37750451215954	7.5192480319028	39
3.39357194929448	7.52351876943378	39
3.40963541631219	7.52780402470533	39
3.42569491321269	7.53210379771743	39
3.44175043999596	7.53641808847012	39
3.45780199666201	7.54074689696336	39
3.47384958321085	7.54509022319717	39
3.48989319964246	7.54944806717154	39
3.50593284595685	7.55382042888648	39
3.52196852215401	7.55820730834199	39
3.53800022823396	7.56260870553806	39
3.55402796419669	7.56702462047469	39
3.57005173004219	7.57145505315189	39
3.58607152577048	7.57590000356966	39
3.60208735138154	7.58035947172799	39
3.61809920687538	7.58483345762689	39
3.634107092252	7.58932196126635	39
3.6501110075114	7.59382498264638	39
3.66611095265358	7.59834252176698	39
3.68210692767854	7.60287457862813	39
3.69809893258628	7.60742115322986	39
3.71408696737679	7.61198224557215	39
3.73007103205009	7.616557855655	39
3.74605112660616	7.62114798347842	39
3.76202725104501	7.62575262904242	39
3.77799940536664	7.63037179234697	39
3.79396758957105	7.63500547339209	39
3.80993180365824	7.63965367217777	39
3.82589204762821	7.64431638870402	39
3.84184832148096	7.64899362297084	39
3.85780062521648	7.65368537497822	39
3.87374895883479	7.65839164472616	39
3.88969332233587	7.66311243221468	39
3.90563371571973	7.66784773744375	39
3.92157013898637	7.67259756041339	39
3.93750259213579	7.6773619011236	39
3.95343107516799	7.68214075957437	39
3.96935558808297	7.68693413576571	39
3.98527613088073	7.69174202969762	39
4.00119270356126	7.69656444137008	39
4.01710530612458	7.70140137078312	39
4.03301393857067	7.70625281793672	39
4.04891860089955	7.71111878283089	39
4.0648192931112	7.71599926546562	39
4.08071601520563	7.72089426584091	39
4.09660876718284	7.72580378395678	39
4.11249754904283	7.73072781981321	39
4.12838236078559	7.7356663734102	39
4.14426320241114	7.74061944474776	39
4.16014007391947	7.74558703382588	39
4.17601297531057	7.75056914064458	39
4.19188190658445	7.75556576520383	39
4.20774686774111	7.76057690750366	39
4.22360785878056	7.76560256754404	39
4.23946487970277	7.77064274532499	39
4.25531793050777	7.77569744084651	39
4.27116701119555	7.78076665410859	39
4.28701212176611	7.78585038511124	39
4.30285326221944	7.79094863385446	39
4.31869043255556	7.79606140033823	39
4.33452363277445	7.80118868456258	39
4.35035286287612	7.80633048652749	39
4.36617812286058	7.81148680623297	39
4.3819994127278	7.81665764367902	39
4.39781673247781	7.82184299886562	39
4.4136300821106	7.82704287179279	39
4.42943946162617	7.83225726246053	39
4.44524487102451	7.83748617086884	39
4.46104631030564	7.8427295970177	39
4.47684377946954	7.84798754090714	39
4.49263727851623	7.85326000253714	39
4.50842680744569	7.85854698190771	39
4.52421236625793	7.86384847901884	39
4.53999395495295	7.86916449387053	39
4.55577157353075	7.8744950264628	39
4.57154522199132	7.87984007679563	39
4.58731490033468	7.88519964486902	39
4.60308060856081	7.89057373068298	39
4.61884234666973	7.8959623342375	39
4.63460011466142	7.90136545553259	39
4.65035391253589	7.90678309456825	39
4.66610374029314	7.91221525134447	39
4.68184959793317	7.91766192586126	39
4.69759148545598	7.92312311811861	39
4.71332940286157	7.92859882811652	39
4.72906335014994	7.93408905585501	39
4.74479332732108	7.93959380133406	39
4.76051933437501	7.94511306455367	39
4.77624137131171	7.95064684551385	39
4.79195943813119	7.95619514421459	39
4.80767353483345	7.9617579606559	39
4.82338366141849	7.96733529483778	39
4.83908981788631	7.97292714676022	39
4.85479200423691	7.97853351642323	39
4.87049022047029	7.9841544038268	39
4.88618446658644	7.98978980897093	39
4.90187474258538	7.99543973185564	39
4.91756104846709	8.00110417248091	39
4.93324338423158	8.00678313084674	39
4.94892174987885	8.01247660695315	39
4.9645961454089	8.01818460080011	39
4.98026657082173	8.02390711238764	39
4.99593302611734	8.02964414171574	39
5.01159551129573	8.0353956887844	39
5.02725402635689	8.04116175359363	39
5.04290857130084	8.04694233614343	39
5.05855914612756	8.05273743643378	39
5.07420575083707	8.05854705446471	39
5.08984838542935	8.06437119023619	39
5.10548704990441	8.07020984374825	39
5.12112174426225	8.07606301500087	39
5.13675246850287	8.08193070399406	39
5.15237922262626	8.08781291072781	39
5.16800200663244	8.09370963520213	39
5.1836208205214	8.099620877417	39
5.19923566429313	8.10554663737246	39
5.21484653794764	8.11148691506847	39
5.23045344148493	8.11744171050504	39
5.24605637490501	8.1234110236822	39
5.26165533820786	8.12939485459991	39
5.27725033139348	8.13539320325818	39
5.29284135446189	8.14140606965702	39
5.30842840741308	8.14743345379643	39
5.32401149024705	8.1534753556764	39
5.33959060296379	8.15953177529694	39
5.35516574556331	8.16560271265804	39
5.37073691804561	8.17168816775971	39
5.38630412041069	8.17778814060195	39
5.40186735265855	8.18390263118475	39
5.41742661478919	8.19003163950811	39
5.43298190680261	8.19617516557204	39
5.44853322869881	8.20233320937654	39
5.46408058047779	8.20850577092159	39
5.47962396213954	8.21469285020722	39
5.49516337368407	8.22089444723342	39
5.51069881511139	8.22711056200017	39
5.52623028642148	8.2333411945075	39
5.54175778761435	8.23958634475539	39
5.55728131869	8.24584601274384	39
5.57280087964843	8.25212019847286	39
5.58831647048963	8.25840890194245	39
5.60382809121362	8.26471212315261	39
5.61933574182039	8.27102986210331	39
5.63483942230993	8.2773621187946	39
5.65033913268225	8.28370889322646	39
5.66583487293735	8.29007018539886	39
5.68132664307523	8.29644599531184	39
5.69681444309589	8.30283632296538	39
5.71229827299933	8.3092411683595	39
5.72777813278555	8.31566053149417	39
5.74325402245455	8.32209441236941	39
5.75872594200632	8.32854281098521	39
5.77419389144088	8.33500572734158	39
5.78965787075821	8.34148316143853	39
5.80511787995832	8.34797511327603	39
5.82057391904121	8.3544815828541	39
5.83602598800688	8.36100257017273	39
5.85147408685533	8.36753807523193	39
5.86691821558656	8.37408809803169	39
5.88235837420057	8.38065263857203	39
5.89779456269735	8.38723169685292	39
5.91322678107692	8.39382527287438	39
5.92865502933926	8.40043336663641	39
5.94407930748438	8.40705597813901	39
5.95949961551228	8.41369310738216	39
5.97491595342296	8.42034475436588	39
5.99032832121642	8.42701091909017	39
6.00573671889266	8.43369160155503	39
6.02114114645168	8.44038680176045	39
6.03654160389348	8.44709651970643	39
6.05193809121805	8.45382075539298	39
6.0673306084254	8.4605595088201	39
6.08271915551554	8.46731277998778	39
6.09810373248845	8.47408056889603	39
6.11348433934414	8.48086287554484	39
6.12886097608261	8.48765969993422	39
6.14423364270386	8.49447104206416	39
6.15960233920788	8.50129690193467	39
6.17496706559469	8.50813727954574	39
6.19032782186427	8.51499217489739	39
6.20568460801664	8.52186158798959	39
6.22103742405178	8.52874551882237	39
6.2363862699697	8.5356439673957	39
6.25173114577041	8.54255693370961	39
6.26707205145389	8.54948441776407	39
6.28240898702014	8.55642641955911	39
6.29774195246918	8.5633829390947	39
6.313070947801	8.57035397637086	39
6.32839597301559	8.5773395313876	39
6.34371702811297	8.5843396041449	39
6.35903411309312	8.59135419464276	39
6.37434722795605	8.59838330288118	39
6.38965637270176	8.60542692886018	39
6.40496154733026	8.61248507257973	39
6.42026275184152	8.61955773403986	39
6.43555998623557	8.62664491324054	39
6.4508532505124	8.6337466101818	39
6.466142544672	8.64086282486362	39
6.48142786871439	8.64799355728601	39
6.49670922263955	8.65513880744895	39
6.5119866064475	8.66229857535247	39
6.52726002013822	8.66947286099655	39
6.54252946371172	8.6766616643812	39
6.557794937168	8.68386498550641	39
6.57305644050706	8.69108282437219	39
6.58831397372889	8.69831518097853	39
6.60356753683351	8.70556205532544	39
6.6188171298209	8.71282344741292	39
6.63406275269108	8.72009935724096	39
6.64930440544403	8.72738978480956	39
6.66454208807976	8.73469473011873	39
6.67977580059827	8.74201419316847	39
6.69500554299956	8.74934817395877	39
6.71023131528363	8.75669667248964	39
6.72545311745048	8.76405968876107	39
6.74067094950011	8.77143722277307	39
6.75588481143251	8.77882927452564	39
6.7710947032477	8.78623584401876	39
6.78630062494566	8.79365693125247	39
6.8015025765264	8.80109253622672	39
6.81670055798992	8.80854265894155	39
6.83189456933622	8.81600729939694	39
6.8470846105653	8.82348645759289	39
6.86227068167716	8.83098013352942	39
6.8774527826718	8.83848832720651	39
6.89263091354921	8.84601103862416	39
6.90780507430941	8.85354826778238	39
6.92297526495238	8.86110001468117	39
6.93814148547813	8.86866627932052	39
6.95330373588666	8.87624706170043	39
6.96846201617797	8.88384236182091	39
6.98361632635206	8.89145217968196	39
6.99876666640893	8.89907651528357	39
7.01391303634858	8.90671536862575	39
7.029055436171	8.91436873970849	39
7.04419386587621	8.9220366285318	39
7.05932832546419	8.92971903509567	39
7.07445881493495	8.93741595940011	39
7.0895853342885	8.94512740144512	39
7.10470788352482	8.95285336123069	39
7.11982646264392	8.96059383875682	39
7.13494107164579	8.96834883402353	39
7.15005171053045	8.97611834703079	39
7.16515837929789	8.98390237777863	39
7.1802610779481	8.99170092626702	39
7.1953598064811	8.99951399249599	39
7.21045456489687	9.00734157646552	39
7.22554535319542	9.01518367817561	39
7.24063217137676	9.02304029762627	39
7.25571501944086	9.0309114348175	39
7.27079389738775	9.03879708974929	39
7.28586880521742	9.04669726242165	39
7.30093974292987	9.05461195283456	39
7.31600671052509	9.06254116098806	39
7.3310697080031	9.07048488688211	39
7.34612873536388	9.07844313051673	39
7.36118379260744	9.08641589189191	39
7.37623487973378	9.09440317100766	39
7.3912819967429	9.10240496786398	39
7.4063251436348	9.11042128246086	39
7.42136432040948	9.1184521147983	39
7.43639952706694	9.12649746487632	39
7.45143076360717	9.1345573326949	39
7.46645803003019	9.14263171825404	39
7.48148132633598	9.15072062155375	39
7.49650065252455	9.15882404259402	39
7.5115160085959	9.16694198137486	39
7.52652739455004	9.17507443789627	39
7.54153481038694	9.18322141215823	39
7.55653825610663	9.19138290416077	39
7.5715377317091	9.19955891390387	39
7.58653323719435	9.20774944138754	39
7.60152477256237	9.21595448661177	39
7.61651233781318	9.22417404957657	39
7.63149593294676	9.23240813028193	39
7.64647555796312	9.24065672872787	39
7.66145121286226	9.24891984491436	39
7.67642289764418	9.25719747884141	39
7.69139061230888	9.26548963050904	39
7.70635435685636	9.27379629991723	39
7.72131413128661	9.28211748706599	39
7.73626993559965	9.29045319195531	39
7.75122176979546	9.2988034145852	39
7.76616963387406	9.30716815495565	39
7.78111352783543	9.31554741306667	39
7.79605345167958	9.32394118891826	39
7.81098940540651	9.3323494825104	39
7.82592138901622	9.34077229384312	39
7.84084940250871	9.3492096229164	39
7.85577344588397	9.35766146973024	39
7.87069351914202	9.36612783428466	39
7.88560962228284	9.37460871657963	39
7.90052175530645	9.38310411661517	39
7.91542991821283	9.39161403439128	39
7.93033411100199	9.40013846990796	39
7.94523433367393	9.4086774231652	39
7.96013058622865	9.417230894163	39
7.97502286866615	9.42579888290137	39
7.98991118098643	9.43438138938031	39
8.00479552318948	9.44297841359981	39
8.01967589527532	9.45158995555987	39
8.03455229724393	9.4602160152605	39
8.04942472909532	9.4688565927017	39
8.06429319082949	9.47751168788347	39
8.07915768244644	9.48618130080579	39
8.09401820394617	9.49486543146868	39
8.10887475532868	9.50356407987214	39
8.12372733659397	9.51227724601617	39
8.13857594774204	9.52100492990076	39
8.15342058877288	9.52974713152592	39
8.16826125968651	9.53850385089164	39
8.18309796048291	9.54727508799793	39
8.19793069116209	9.55606084284478	39
8.21275945172405	9.5648611154322	39
8.22758424216879	9.57367590576018	39
8.24240506249631	9.58250521382873	39
8.25722191270661	9.59134903963785	39
8.27203479279968	9.60020738318753	39
8.28684370277554	9.60908024447777	39
8.30164864263417	9.61796762350859	39
8.31644961237559	9.62686952027996	39
8.33124661199978	9.6357859347919	39
8.34603964150675	9.6447168670444	39
8.3608287008965	9.65366231703748	39
8.37561379016903	9.66262228477112	39
8.39039490932434	9.67159677024532	39
8.40517205836242	9.68058577346009	39
8.41994523728329	9.68958929441543	39
8.43471444608694	9.69860733311133	39
8.44947968477336	9.70763988954779	39
8.46424095334256	9.71668696372483	39
8.47899825179454	9.72574855564242	39
8.4937515801293	9.73482466530059	39
8.50850093834684	9.74391529269931	39
8.52324632644716	9.75302043783861	39
8.53798774443026	9.76214010071846	39
8.55272519229613	9.77127428133889	39
8.56745867004479	9.78042297969988	39
8.58218817767622	9.78958619580144	39
8.59691371519044	9.79876392964356	39
8.61163528258743	9.80795618122625	39
8.6263528798672	9.8171629505495	39
8.64106650702975	9.82638423761332	39
8.65577616407508	9.8356200424177	39
8.67048185100318	9.84487036496265	39
8.68518356781407	9.85413520524816	39
8.69988131450773	9.86341456327424	39
8.71457509108418	9.87270843904089	39
8.7292648975434	9.8820168325481	39
8.74395073388541	9.89133974379587	39
8.75863260011019	9.90067717278422	39
8.77331049621775	9.91002911951313	39
8.78798442220809	9.91939558398259	39
8.8026543780812	9.92877656619263	39
8.8173203638371	9.93817206614324	39
8.83198237947578	9.94758208383441	39
8.84664042499723	9.95700661926614	39
8.86129450040146	9.96644567243844	39
8.87594460568848	9.97589924335131	39
8.89059074085827	9.98536733200474	39
8.90523290591084	9.99484993839874	39
8.91987110084619	10.0043470625333	39
8.93450532566431	10.0138587044084	39
8.94913558036522	10.0233848640241	39
8.96376186494891	10.0329255413804	39
8.97838417941537	10.0424807364772	39
8.99300252376462	10.0520504493146	39
9.00761689799664	10.0616346798926	39
9.02222730211144	10.0712334282111	39
9.03683373610902	10.0808466942702	39
9.05143619998938	10.0904744780698	39
9.06603469375252	10.10011677961	39
9.08062921739844	10.1097735988908	39
9.09521977092713	10.1194449359122	39
9.10980635433861	10.1291307906741	39
9.12438896763286	10.1388311631765	39
9.1389676108099	10.1485460534196	39
9.15354228386971	10.1582754614032	39
9.1681129868123	10.1680193871274	39
9.18267971963767	10.1777778305921	39
9.19724248234582	10.1875507917974	39
9.21180127493674	10.1973382707433	39
9.22635609741045	10.2071402674297	39
9.24090694976694	10.2169567818567	39
9.2554538320062	10.2267878140243	39
9.26999674412824	10.2366333639324	39
9.28453568613307	10.2464934315811	39
9.29907065802067	10.2563680169704	39
9.31360165979105	10.2662571201002	39
9.32812869144421	10.2761607409706	39
9.34265175298014	10.2860788795816	39
9.35717084439886	10.2960115359331	39
9.37168596570036	10.3059587100252	39
9.38619711688463	10.3159204018579	39
9.40070429795169	10.3258966114311	39
9.41520750890152	10.3358873387449	39
9.42970674973413	10.3458925837992	39
9.44420202044952	10.3559123465942	39
9.45869332104769	10.3659466271297	39
9.47318065152864	10.3759954254057	39
9.48766401189236	10.3860587414223	39
9.50214340213887	10.3961365751795	39
9.51661882226816	10.4062289266773	39
9.53109027228022	10.4163357959156	39
9.54555775217506	10.4264571828944	39
9.56002126195268	10.4365930876139	39
9.57448080161308	10.4467435100739	39
9.58893637115627	10.4569084502745	39
9.60338797058222	10.4670879082156	39
9.61783559989096	10.4772818838973	39
9.63227925908248	10.4874903773196	39
9.64671894815677	10.4977133884824	39
9.66115466711384	10.5079509173858	39
9.6755864159537	10.5182029640298	39
9.69001419467633	10.5284695284143	39
9.70443800328174	10.5387506105394	39
9.71885784176993	10.5490462104051	39
9.7332737101409	10.5593563280113	39
9.74768560839465	10.5696809633581	39
9.76209353653118	10.5800201164455	39
9.77649749455048	10.5903737872734	39
9.79089748245257	10.6007419758419	39
9.80529350023743	10.611124682151	39
9.81968554790507	10.6215219062006	39
9.83407362545549	10.6319336479908	39
9.84845773288869	10.6423599075215	39
9.86283787020467	10.6528006847929	39
9.87721403740343	10.6632559798047	39
9.89158623448497	10.6737257925572	39
9.90595446144928	10.6842101230502	39
9.92031871829638	10.6947089712838	39
9.93467900502625	10.7052223372579	39
9.94903532163891	10.7157502209726	39
9.96338766813434	10.7262926224279	39
9.97773604451255	10.7368495416238	39
9.99208045077354	10.7474209785602	39
10.0064208869173	10.7580069332371	39
10.0207573529439	10.7686074056547	39
10.0350898488532	10.7792223958128	39
10.0494183746453	10.7898519037115	39
10.0637429303202	10.8004959293507	39
10.0780635158778	10.8111544727305	39
10.0923801313183	10.8218275338509	39
10.1066927766415	10.8325151127118	39
10.1210014518475	10.8432172093133	39
10.1353061569363	10.8539338236554	39
10.1496068919078	10.864664955738	39
10.1639036567622	10.8754106055612	39
10.1781964514993	10.886170773125	39
10.1924852761192	10.8969454584293	39
10.2067701306218	10.9077346614742	39
10.2210510150073	10.9185383822596	39
10.2353279292755	10.9293566207857	39
10.2496008734265	10.9401893770523	39
10.2638698474603	10.9510366510594	39
10.2781348513769	10.9618984428071	39
10.2923958851762	10.9727747522954	39
10.3066529488584	10.9836655795243	39
10.3209060424233	10.9945709244937	39
10.335155165871	11.0054907872037	39
10.3494003192014	11.0164251676542	39
10.3636415024147	11.0273740658453	39
10.3778787155107	11.038337481777	39
10.3921119584895	11.0493154154492	39
10.4063412313511	11.0603078668621	39
10.4205665340954	11.0713148360154	39
10.4347878667226	11.0823363229094	39
10.4490052292325	11.0933723275439	39
10.4632186216252	11.1044228499189	39
10.4774280439006	11.1154878900346	39
10.4916334960589	11.1265674478908	39
10.5058349780999	11.1376615234876	39
10.5200324900237	11.1487701168249	39
10.5342260318303	11.1598932279028	39
10.5484156035197	11.1710308567212	39
10.5626012050918	11.1821830032803	39
10.5767828365468	11.1933496675799	39
10.5909604978845	11.20453084962	39
10.6051341891049	11.2157265494008	39
10.6193039102082	11.2269367669221	39
10.6334696611942	11.2381615021839	39
10.6476314420631	11.2494007551863	39
10.6617892528147	11.2606545259293	39
10.675943093449	11.2719228144129	39
10.6900929639662	11.283205620637	39
10.7042388643661	11.2945029446017	39
10.7183807946489	11.3058147863069	39
10.7325187548143	11.3171411457527	39
10.7466527448626	11.3284820229391	39
10.7607827647937	11.3398374178661	39
10.7749088146075	11.3512073305336	39
10.7890308943041	11.3625917609417	39
10.8031490038835	11.3739907090903	39
10.8172631433457	11.3854041749795	39
10.8313733126906	11.3968321586093	39
10.8454795119183	11.4082746599796	39
10.8595817410288	11.4197316790905	39
10.8736800000221	11.431203215942	39
10.8877742888982	11.442689270534	39
10.901864607657	11.4541898428666	39
10.9159509562986	11.4657049329398	39
10.930033334823	11.4772345407535	39
10.9441117432302	11.4887786663078	39
10.9581861815202	11.5003373096027	39
10.9722566496929	11.5119104706381	39
10.9863231477484	11.5234981494141	39
11.0003856756867	11.5351003459307	39
11.0144442335078	11.5467170601878	39
11.0284988212116	11.5583482921855	39
11.0425494387983	11.5699940419238	39
11.0565960862677	11.5816543094026	39
11.0706387636199	11.593329094622	39
11.0846774708548	11.6050183975819	39
11.0987122079726	11.6167222182824	39
11.1127429749731	11.6284405567235	39
11.1267697718564	11.6401734129052	39
11.1407925986225	11.6519207868274	39
11.1548114552713	11.6636826784902	39
11.168826341803	11.6754590878935	39
11.1828372582174	11.6872500150374	39
11.1968442045146	11.6990554599219	39
11.2108471806946	11.710875422547	39
11.2248461867573	11.7227099029126	39
11.2388412227029	11.7345589010187	39
11.2528322885312	11.7464224168655	39
11.2668193842423	11.7583004504528	39
11.2808025098361	11.7701930017807	39
11.2947816653128	11.7821000708491	39
11.3087568506722	11.7940216576581	39
11.3227280659144	11.8059577622077	39
11.3366953110394	11.8179083844978	39
11.3506585860472	11.8298735245285	39
11.3646178909377	11.8418531822998	39
11.3785732257111	11.8538473578116	39
11.3925245903672	11.865856051064	39
11.406471984906	11.8778792620569	39
11.4204154093277	11.8899169907905	39
11.4343548636321	11.9019692372646	39
11.4482903478194	11.9140360014792	39
11.4622218618894	11.9261172834344	39
11.4761494058421	11.9382130831302	39
11.4900729796777	11.9503234005666	39
11.503992583396	11.9624482357435	39
11.5179082169971	11.974587588661	39
11.531819880481	11.986741459319	39
11.5457275738477	11.9989098477176	39
11.5596312970972	12.0110927538568	39
11.5735310502294	12.0232901777366	39
11.5874268332444	12.0355021193569	39
11.6013186461422	12.0477285787178	39
11.6152064889227	12.0599695558192	39
11.6290903615861	12.0722250506612	39
11.6429702641322	12.0844950632438	39
11.6568461965611	12.0967795935669	39
11.6707181588728	12.1090786416306	39
11.6845861510673	12.1213922074349	39
11.6984501731445	12.1337202909797	39
11.7123102251045	12.1460628922651	39
11.7261663069473	12.1584200112911	39
11.7400184186729	12.1707916480576	39
11.7538665602812	12.1831778025647	39
11.7677107317724	12.1955784748124	39
11.7815509331463	12.2079936648006	39
11.795387164403	12.2204233725294	39
11.8092194255424	12.2328675979988	39
11.8230477165647	12.2453263412087	39
11.8368720374697	12.2577996021592	39
11.8506923882575	12.2702873808503	39
11.8645087689281	12.2827896772819	39
11.8783211794815	12.2953064914541	39
11.8921296199176	12.3078378233668	39
11.9059340902366	12.3203836730201	39
11.9197345904383	12.332944040414	39
11.9335311205227	12.3455189255485	39
11.94732368049	12.3581083284235	39
11.96111227034	12.3707122490391	39
11.9748968900728	12.3833306873952	39
11.9886775396884	12.3959636434919	39
12.0024542191868	12.4086111173292	39
12.016226928568	12.421273108907	39
12.0299956678319	12.4339496182254	39
12.0437604369786	12.4466406452844	39
12.0575212360081	12.459346190084	39
12.0712780649204	12.4720662526241	39
12.0850309237154	12.4848008329047	39
12.0987798123933	12.497549930926	39
12.1125247309539	12.5103135466878	39
12.1262656793972	12.5230916801901	39
12.1400026577234	12.5358843314331	39
12.1537356659324	12.5486915004166	39
12.1674647040241	12.5615131871406	39
12.1811897719986	12.5743493916053	39
12.1949108698559	12.5872001138104	39
12.2086279975959	12.6000653537562	39
12.2223411552188	12.6129451114425	39
12.2360503427244	12.6258393868694	39
12.2497555601128	12.6387481800369	39
12.263456807384	12.6516714909449	39
12.2771540845379	12.6646093195935	39
12.2908473915746	12.6775616659826	39
12.3045367284941	12.6905285301124	39
12.3182220952964	12.7035099119826	39
12.3319034919815	12.7165058115935	39
12.3455809185494	12.7295162289449	39
12.359254375	12.7425411640369	39
12.3729238613334	12.7555806168694	39
12.3865893775496	12.7686345874425	39
12.4002509236485	12.7817030757562	39
12.4139084996303	12.7947860818105	39
12.4275621054948	12.8078836056053	39
12.4412117412421	12.8209956471406	39
12.4548574068722	12.8341222064166	39
12.468499102385	12.8472632834331	39
12.4821368277807	12.8604188781901	39
12.4957705830591	12.8735889906878	39
12.5094003682203	12.886773620926	39
12.5230261832643	12.8999727689047	39
12.536648028191	12.9131864346241	39
12.5502659030006	12.926414618084	39
12.5638798076929	12.9396573192844	39
12.577489742268	12.9529145382255	39
12.5910957067258	12.9661862749071	39
12.6046977010665	12.9794725293292	39
12.6182957252899	12.9927733014919	39
12.6318897793961	13.0060885913952	39
12.6454798633851	13.0194183990391	39
12.6590659772569	13.0327627244235	39
12.6726481210114	13.0461215675485	39
12.6862262946487	13.059494928414	39
12.6998004981688	13.0728828070202	39
12.7133707315717	13.0862852033669	39
12.7269369948574	13.0997021174541	39
12.7404992880258	13.1131335492819	39
12.754057611077	13.1265794988503	39
12.767611964011	13.1400399661592	39
12.7811623468278	13.1535149512087	39
12.7947087595273	13.1670044539988	39
12.8082512021097	13.1805084745295	39
12.8217896745748	13.1940270128007	39
12.8353241769227	13.2075600688124	39
12.8488547091533	13.2211076425648	39
12.8623812712668	13.2346697340577	39
12.875903863263	13.2482463432912	39
12.889422485142	13.2618374702652	39
12.9029371369038	13.2754431149798	39
12.9164478185484	13.289063277435	39
12.9299545300757	13.3026979576307	39
12.9434572714858	13.316347155567	39
12.9569560427787	13.3300108712438	39
12.9704508439544	13.3436891046613	39
12.9839416750129	13.3573818558193	39
12.9974285359541	13.3710891247178	39
13.0109114267781	13.3848109113569	39
13.0243903474849	13.3985472157366	39
13.0378652980745	13.4122980378569	39
13.0513362785468	13.4260633777177	39
13.064803288902	13.4398432353191	39
13.0782663291399	13.453637610661	39
13.0917253992606	13.4674465037436	39
13.105180499264	13.4812699145666	39
13.1186316291503	13.4951078431303	39
13.1320787889193	13.5089602894345	39
13.1455219785711	13.5228272534793	39
13.1589611981057	13.5367087352646	39
13.1723964475231	13.5506047347905	39
13.1858277268232	13.564515252057	39
13.1992550360061	13.5784402870641	39
13.2126783750718	13.5923798398117	39
13.2260977440203	13.6063339102998	39
13.2395131428516	13.6203024985286	39
13.2529245715656	13.6342856044979	39
13.2663320301624	13.6482832282077	39
13.279735518642	13.6622953696582	39
13.2931350370044	13.6763220288492	39
13.3065305852495	13.6903632057808	39
13.3199221633775	13.7044189004529	39
13.3333097713882	13.7184891128656	39
13.3466934092817	13.7325738430188	39
13.3600730770579	13.7466730909127	39
13.373448774717	13.7607868565471	39
13.3868205022588	13.774915139922	39
13.4001882596834	13.7890579410375	39
13.4135520469908	13.8032152598936	39
13.4269118641809	13.8173870964903	39
13.4402677112539	13.8315734508275	39
13.4536195882096	13.8457743229053	39
13.4669674950481	13.8599897127236	39
13.4803114317694	13.8742196202826	39
13.4936513983734	13.888464045582	39
13.5069873948603	13.9027229886221	39
13.5203194212299	13.9169964494027	39
13.5336474774823	13.9312844279239	39
13.5469715636175	13.9455869241856	39
13.5602916796354	13.9599039381879	39
13.5736078255361	13.9742354699308	39
13.5869200013197	13.9885815194142	39
13.6002282069859	14.0029420866383	39
13.613532442535	14.0173171716028	39
13.6268327079669	14.031706774308	39
13.6401290032815	14.0461108947537	39
13.6534213284789	14.0605295329399	39
13.6667096835591	14.0749626888668	39
13.679994068522	14.0894103625342	39
13.6932744833678	14.1038725539421	39
13.7065509280963	14.1183492630907	39
13.7198234027076	14.1328404899798	39
13.7330919072017	14.1473462346094	39
13.7463564415785	14.1618664969797	39
13.7596170058382	14.1764012770904	39
13.7728735999806	14.1909505749418	39
13.7861262240058	14.2055143905337	39
13.7993748779137	14.2200927238662	39
13.8126195617045	14.2346855749393	39
13.825860275378	14.2492929437529	39
13.8390970189343	14.2639148303071	39
13.8523297923734	14.2785512346018	39
13.8655585956953	14.2932021566371	39
13.8787834288999	14.307867596413	39
13.8920042919874	14.3225475539295	39
13.9052211849576	14.3372420291865	39
13.9184341078105	14.3519510221841	39
13.9316430605463	14.3666745329222	39
13.9448480431648	14.3814125614009	39
13.9580490556662	14.3961651076202	39
13.9712460980503	14.41093217158	39
13.9844391703171	14.4257137532804	39
13.9976282724668	14.4405098527214	39
14.0108134044992	14.4553204699029	39
14.0239945664144	14.470145604825	39
14.0371717582124	14.4849852574877	39
14.0503449798932	14.4998394278909	39
14.0635142314568	14.5147081160347	39
14.0766795129031	14.5295913219191	39
14.0898408242322	14.544489045544	39
14.1029981654441	14.5594012869095	39
14.1161515365387	14.5743280460156	39
14.1293009375162	14.5892693228622	39
14.1424463683764	14.6042251174494	39
14.1555878291194	14.6191954297772	39
14.1687253197452	14.6341802598455	39
14.1818588402538	14.6491796076544	39
14.1949883906451	14.6641934732038	39
14.2081139709192	14.6792218564939	39
14.2212355810761	14.6942647575244	39
14.2343532211158	14.7093221762956	39
14.2474668910382	14.7243941128073	39
14.2605765908435	14.7394805670596	39
14.2736823205315	14.7545815390524	39
14.2867840801023	14.7696970287858	39
14.2998818695559	14.7848270362598	39
14.3129756888922	14.7999715614744	39
14.3260655381113	14.8151306044295	39
14.3391514172132	14.8303041651252	39
14.3522333261979	14.8454922435614	39
14.3653112650654	14.8606948397382	39
14.3783852338156	14.8759119536556	39
14.3914552324487	14.8911435853135	39
14.4045212609645	14.906389734712	39
14.4175833193631	14.9216504018511	39
14.4306414076444	14.9369255867307	39
14.4436955258086	14.9522152893509	39
14.4567456738555	14.9675195097117	39
14.4697918517852	14.982838247813	39
14.4828340595976	14.9981715036549	39
14.4958722972929	15.0135192772374	39
14.5089065648709	15.0288815685604	39
14.5219368623317	15.044258377624	39
14.5349631896753	15.0596497044281	39
14.5479855469017	15.0750555489729	39
14.5610039340109	15.0904759112581	39
14.5740183510028	15.105910791284	39
14.5870287978775	15.1213601890504	39
14.600035274635	15.1368241045574	39
14.6130377812752	15.152302537805	39
14.6260363177983	15.1677954887931	39
14.6390308842041	15.1833029575217	39
14.6520214804927	15.198824943991	39
14.6650081066641	15.2143614482008	39
14.6779907627183	15.2299124701512	39
14.6909694486552	15.2454780098421	39
14.7039441644749	15.2610580672736	39
14.7169149101774	15.2766526424457	39
14.7298816857627	15.2922617353583	39
14.7428444912307	15.3078853460116	39
14.7558033265816	15.3235234744053	39
14.7687581918152	15.3391761205397	39
14.7817090869316	15.3548432844146	39
14.7946560119307	15.37052496603	39
14.8075989668127	15.3862211653861	39
14.8205379515774	15.4019318824827	39
14.8334729662249	15.4176571173198	39
14.8464040107552	15.4333968698976	39
14.8593310851683	15.4491511402158	39
14.8722541894641	15.4649199282747	39
14.8851733236427	15.4807032340741	39
14.8980884877042	15.4965010576141	39
14.9109996816483	15.5123133988947	39
14.9239069054753	15.5281402579158	39
14.936810159185	15.5439816346775	39
14.9497094427775	15.5598375291797	39
14.9626047562528	15.5757079414226	39
14.9754960996109	15.5915928714059	39
14.9883834728518	15.6074923191299	39
15.0012668759754	15.6234062845944	39
15.0141463089818	15.6393347677995	39
15.027021771871	15.6552777687451	39
15.039893264643	15.6712352874314	39
15.0527607872977	15.6872073238581	39
15.0656243398353	15.7031938780255	39
15.0784839222556	15.7191949499334	39
15.0913395345586	15.7352105395819	39
15.1041911767445	15.7512406469709	39
15.1170388488132	15.7672852721005	39
15.1298825507646	15.7833444149707	39
15.1427222825988	15.7994180755814	39
15.1555580443158	15.8155062539327	39
15.1683898359155	15.8316089500246	39
15.1812176573981	15.847726163857	39
15.1940415087634	15.86385789543	39
15.2068613900115	15.8800041447436	39
15.2196773011423	15.8961649117977	39
15.232489242156	15.9123401965924	39
15.2452972130524	15.9285299991276	39
15.2581012138316	15.9447343194035	39
15.2709012444936	15.9609531574199	39
15.2836973050384	15.9771865131768	39
15.296489395466	15.9934343866743	39
15.3092775157763	16.0096967779124	39
15.3220616659694	16.0259736868911	39
15.3348418460453	16.0422651136103	39
15.3476180560039	16.0585710580701	39
15.3603902958454	16.0748915202704	39
15.3731585655696	16.0912265002113	39
15.3859228651766	16.1075759978928	39
15.3986831946664	16.1239400133149	39
15.4114395540389	16.1403185464775	39
15.4241919432943	16.1567115973807	39
15.4369403624324	16.1731191660244	39
15.4496848114533	16.1895412524087	39
15.462425290357	16.2059778565336	39
15.4751617991434	16.222428978399	39
15.4878943378126	16.238894618005	39
15.5006229063647	16.2553747753516	39
15.5133475047994	16.2718694504387	39
15.526068133117	16.2883786432664	39
15.5387847913174	16.3049023538347	39
15.5514974794005	16.3214405821435	39
15.5642061973664	16.3379933281929	39
15.5769109452151	16.3545605919829	39
15.5896117229465	16.3711423735134	39
15.6023085305608	16.3877386727845	39
15.6150013680578	16.4043494897962	39
15.6276902354376	16.4209748245484	39
15.6403751327002	16.4376146770412	39
15.6530560598455	16.4542690472746	39
15.6657330168737	16.4709379352485	39
15.6784060037846	16.487621340963	39
15.6910750205783	16.504319264418	39
15.7037400672548	16.5210317056136	39
15.716401143814	16.5377586645498	39
15.7290582502561	16.5545001412266	39
15.7417113865809	16.5712561356439	39
15.7543605527885	16.5880266478018	39
15.7670057488788	16.6048116777002	39
15.779646974852	16.6216112253392	39
15.7922842307079	16.6384252907188	39
15.8049175164466	16.6552538738389	39
15.8175468320681	16.6720969746996	39
15.8301721775723	16.6889545933009	39
15.8427935529594	16.7058267296428	39
15.8554109582292	16.7227133837252	39
15.8680243933818	16.7396145555481	39
15.8806338584172	16.7565302451117	39
15.8932393533353	16.7734604524158	39
15.9058408781363	16.7904051774604	39
15.91843843282	16.8073644202457	39
15.9310320173865	16.8243381807715	39
15.9436216318358	16.8413264590378	39
15.9562072761678	16.8583292550447	39
15.9687889503826	16.8753465687922	39
15.9813666544803	16.8923784002803	39
15.9939403884606	16.9094247495089	39
16.0065101523238	16.9264856164781	39
16.0190759460698	16.9435610011879	39
16.0316377696985	16.9606509036382	39
16.04419562321	16.9777553238291	39
16.0567495066043	16.9948742617605	39
16.0692994198813	17.0120077174325	39
16.0818453630412	17.0291556908451	39
16.0943873360838	17.0463181819983	39
16.1069253390092	17.063495190892	39
16.1194593718174	17.0806867175263	39
16.1319894345083	17.0978927619011	39
16.1445155270821	17.1151133240165	39
16.1570376495386	17.1323484038725	39
16.1695558018779	17.149598001469	39
16.1820699841	17.1668621168062	39
16.1945801962048	17.1841407498838	39
16.2070864381924	17.2014339007021	39
16.2195887100628	17.2187415692609	39
16.232087011816	17.2360637555602	39
16.244581343452	17.2534004596002	39
16.2570717049707	17.2707516813807	39
16.2695580963723	17.2881174209017	39
16.2820405176566	17.3054976781634	39
16.2945189688237	17.3228924531656	39
16.3069934498735	17.3403017459083	39
16.3194639608062	17.3577255563917	39
16.3319305016216	17.3751638846156	39
16.3443930723198	17.39261673058	39
16.3568516729008	17.410084094285	39
16.3693063033645	17.4275659757306	39
16.3817569637111	17.4450623749168	39
16.3942036539404	17.4625732918435	39
16.4066463740525	17.4800987265108	39
16.4190851240473	17.4976386789186	39
16.431519903925	17.5151931490671	39
16.4439507136854	17.532762136956	39
16.4563775533286	17.5503456425856	39
16.4688004228546	17.5679436659557	39
16.4812193222634	17.5855562070664	39
16.4936342515549	17.6031832659176	39
16.5060452107293	17.6208248425094	39
16.5184521997864	17.6384809368418	39
16.5308552187262	17.6561515489147	39
16.5432542675489	17.6738366787283	39
16.5556493462543	17.6915363262823	39
16.5680404548426	17.709250491577	39
16.5804275933136	17.7269791746122	39
16.5928107616673	17.7447223753879	39
16.6051899599039	17.7624800939043	39
16.6175651880232	17.7802523301612	39
16.6299364460253	17.7980390841586	39
16.6423037339102	17.8158403558967	39
16.6546670516779	17.8336561453753	39
16.6670263993284	17.8514864525944	39
16.6793817768616	17.8693312775542	39
16.6917331842776	17.8871906202544	39
16.7040806215764	17.9050644806953	39
16.716424088758	17.9229528588767	39
16.7287635858223	17.9408557547987	39
16.7410991127694	17.9587731684613	39
16.7534306695993	17.9767050998644	39
16.765758256312	17.9946515490081	39
16.7780818729075	18.0126125158923	39
16.7904015193857	18.0305880005171	39
16.8027171957467	18.0485780028825	39
16.8150289019905	18.0665825229885	39
16.8273366381171	18.084601560835	39
16.8396404041265	18.1026351164221	39
16.8519402000186	18.1206831897497	39
16.8642360257935	18.1387457808179	39
16.8765278814512	18.1568228896267	39
16.8888157669917	18.174914516176	39
16.9010996824149	18.1930206604659	39
16.9133796277209	18.2111413224964	39
16.9256556029098	18.2292765022675	39
16.9379276079813	18.2474261997791	39
16.9501956429357	18.2655904150312	39
16.9624597077729	18.283769148024	39
16.9747198024928	18.3019623987573	39
16.9869759270955	18.3201701672311	39
16.999228081581	18.3383924534456	39
17.0114762659492	18.3566292574006	39
17.0237204802003	18.3748805790961	39
17.0359607243341	18.3931464185322	39
17.0481969983507	18.4114267757089	39
17.0604293022501	18.4297216506262	39
17.0726576360322	18.448031043284	39
17.0848819996971	18.4663549536824	39
17.0971023932449	18.4846933818214	39
17.1093188166754	18.5030463277009	39
17.1215312699886	18.521413791321	39
17.1337397531847	18.5397957726816	39
17.1459442662635	18.5581922717828	39
17.1581448092251	18.5766032886246	39
17.1703413820695	18.595028823207	39
17.1825339847967	18.6134688755299	39
17.1947226174066	18.6319234455934	39
17.2069072798993	18.6503925333974	39
17.2190879722748	18.668876138942	39
17.2312646945331	18.6873742622272	39
17.2434374466742	18.7058869032529	39
17.255606228698	18.7244140620192	39
17.2677710406046	18.7429557385261	39
17.279931882394	18.7615119327735	39
17.2920887540662	18.7800826447615	39
17.3042416556212	18.7986678744901	39
17.3163905870589	18.8172676219592	39
17.3285355483794	18.8358818871689	39
17.3406765395827	18.8545106701192	39
17.3528135606688	18.87315397081	39
17.3649466116376	18.8918117892414	39
17.3770756924892	18.9104841254134	39
17.3892008032237	18.9291709793259	39
17.4013219438408	18.947872350979	39
17.4134391143408	18.9665882403727	39
17.4255523147235	18.9853186475069	39
17.4376615449891	19.0040635723817	39
17.4497668051374	19.022823014997	39
17.4618680951685	19.041596975353	39
17.4739654150823	19.0603854534494	39
17.486058764879	19.0791884492865	39
17.4981481445584	19.0980059628641	39
17.5102335541206	19.1168379941823	39
17.5223149935655	19.135684543241	39
17.5343924628933	19.1545456100404	39
17.5464659621038	19.1734211945802	39
17.5585354911971	19.1923112968607	39
17.5706010501732	19.2112159168817	39
17.5826626390321	19.2301350546433	39
17.5947202577738	19.2490687101454	39
17.6067739063982	19.2680168833881	39
17.6188235849054	19.2869795743714	39
17.6308692932954	19.3059567830952	39
17.6429110315681	19.3249485095596	39
17.6549487997237	19.3439547537646	39
17.666982597762	19.3629755157101	39
17.6790124256831	19.3820107953962	39
17.691038283487	19.4010605928229	39
17.7030601711736	19.4201249079901	39
17.7150780887431	19.4392037408979	39
17.7270920361953	19.4582970915463	39
17.7391020135303	19.4774049599352	39
17.7511080207481	19.4965273460647	39
17.7631100578486	19.5156642499347	39
17.775108124832	19.5348156715454	39
17.7871022216981	19.5539816108965	39
17.799092348447	19.5731620679883	39
17.8110785050786	19.5923570428206	39
17.8230606915931	19.6115665353935	39
17.8350389079903	19.630790545707	39
17.8470131542703	19.650029073761	39
17.8589834304331	19.6692821195556	39
17.8709497364787	19.6885496830907	39
17.882912072407	19.7078317643664	39
17.8948704382181	19.7271283633827	39
17.906824833912	19.7464394801395	39
17.9187752594887	19.7657651146369	39
17.9307217149482	19.7851052668749	39
17.9426642002904	19.8044599368535	39
17.9546027155154	19.8238291245726	39
17.9665372606232	19.8432128300322	39
17.9784678356138	19.8626110532325	39
17.9903944404871	19.8820237941733	39
18.0023170752433	19.9014510528546	39
18.0142357398822	19.9208928292766	39
18.0261504344039	19.9403491234391	39
18.0380611588084	19.9598199353421	39
18.0499679130956	19.9793052649858	39
18.0618706972656	19.99880511237	39
18.0737695113184	20.0183194774947	39
18.085664355254	20.03784836036	39
18.0975552290724	20.0573917609659	39
18.1094421327735	20.0769496793124	39
18.1213250663574	20.0965221153994	39
18.1332040298241	20.116109069227	39
18.1450790231736	20.1357105407952	39
18.1569500464059	20.1553265301039	39
18.1688170995209	20.1749570371532	39
18.1806801825187	20.194602061943	39
18.1925392953993	20.2142616044734	39
18.2043944381627	20.2339356647444	39
18.2162456108089	20.253624242756	39
18.2280928133378	20.2733273385081	39
18.2399360457495	20.2930449520007	39
18.251775308044	20.312777083234	39
18.2636106002213	20.3325237322078	39
18.2754419222813	20.3522848989222	39
18.2872692742241	20.3720605833771	39
18.2990926560497	20.3918507855726	39
18.3109120677581	20.4116555055087	39
18.3227275093493	20.4314747431853	39
18.3345389808232	20.4513084986025	39
18.34634648218	20.4711567717603	39
18.3581500134195	20.4910195626586	39
18.3699495745417	20.5108968712975	39
18.3817451655468	20.530788697677	39
18.3935367864346	20.550695041797	39
18.4053244372052	20.5706159036576	39
18.4171081178586	20.5905512832588	39
18.4288878283948	20.6105011806005	39
18.4406635688138	20.6304655956828	39
18.4524353391155	20.6504445285056	39
18.4642031393	20.6704379790691	39
18.4759669693673	20.690445947373	39
18.4877268293174	20.7104684334176	39
18.4994827191502	20.7305054372027	39
18.5112346388658	20.7505569587284	39
18.5229825884642	20.7706229979946	39
18.5347265679454	20.7907035550015	39
18.5464665773094	20.8107986297488	39
18.5582026165561	20.8309082222368	39
18.5699346856856	20.8510323324653	39
18.5816627846979	20.8711709604344	39
18.593386913593	20.891324106144	39
18.6051070723709	20.9114917695942	39
18.6168232610315	20.931673950785	39
18.6285354795749	20.9518706497163	39
18.6402437280011	20.9720818663882	39
18.6519480063101	20.9923076008007	39
18.6636483145019	21.0125478529538	39
18.6753446525764	21.0328026228473	39
18.6870370205337	21.0530719104815	39
18.6987254183738	21.0733557158563	39
18.7104098460967	21.0936540389716	39
18.7220903037023	21.1139668798274	39
18.7337667911907	21.1342942384238	39
18.7454393085619	21.1546361147608	39
18.7571078558159	21.1749925088384	39
18.7687724329527	21.1953634206565	39
18.7804330399722	21.2157488502152	39
18.7920896768745	21.2361487975145	39
18.8037423436596	21.2565632625543	39
18.8153910403275	21.2769922453347	39
18.8270357668782	21.2974357458556	39
18.8386765233116	21.3178937641172	39
18.8503133096278	21.3383663001192	39
18.8619461258268	21.3588533538619	39
18.8735749719086	21.3793549253451	39
18.8851998478731	21.3998710145689	39
18.8968207537205	21.4204016215332	39
18.9084376894506	21.4409467462381	39
18.9200506550635	21.4615063886836	39
18.9316596505591	21.4820805488697	39
18.9432646759376	21.5026692267963	39
18.9548657311988	21.5232724224634	39
18.9664628163428	21.5438901358712	39
18.9780559313696	21.5645223670195	39
18.9896450762792	21.5851691159083	39
19.0012302510715	21.6058303825378	39
19.0128114557466	21.6265061669078	39
19.0243886903045	21.6471964690183	39
19.0359619547452	21.6679012888695	39
19.0475312490687	21.6886206264612	39
19.0590965732749	21.7093544817934	39
19.0706579273639	21.7301028548663	39
19.0822153113357	21.7508657456797	39
19.0937687251903	21.7716431542336	39
19.1053181689276	21.7924350805281	39
19.1168636425477	21.8132415245632	39
19.1284051460507	21.8340624863389	39
19.1399426794363	21.8548979658551	39
19.1514762427048	21.8757479631119	39
19.1630058358561	21.8966124781093	39
19.1745314588901	21.9174915108472	39
19.1860531118069	21.9383850613257	39
19.1975707946065	21.9592931295447	39
19.2090845072888	21.9802157155043	39
19.220594249854	22.0011528192045	39
19.2321000223019	22.0221044406452	39
19.2436018246326	22.0430705798266	39
19.2550996568461	22.0640512367484	39
19.2665935189423	22.0850464114109	39
19.2780834109214	22.1060561038139	39
19.2895693327832	22.1270803139574	39
19.3010512845278	22.1481190418416	39
19.3125292661551	22.1691722874663	39
19.3240032776653	22.1902400508316	39
19.3354733190582	22.2113223319374	39
19.3469393903339	22.2324191307838	39
19.3584014914924	22.2535304473708	39
19.3698596225337	22.2746562816983	39
19.3813137834577	22.2957966337664	39
19.3927639742645	22.3169515035751	39
19.4042101949541	22.3381208911243	39
19.4156524455265	22.3593047964141	39
19.4270907259817	22.3805032194444	39
19.4385250363196	22.4017161602154	39
19.4499553765404	22.4229436187268	39
19.4613817466438	22.4441855949789	39
19.4728041466301	22.4654420889715	39
19.4842225764992	22.4867131007047	39
19.495637036251	22.5079986301785	39
19.5070475258856	22.5292986773928	39
19.518454045403	22.5506132423477	39
19.5298565948032	22.5719423250431	39
19.5412551740861	22.5932859254791	39
19.5526497832519	22.6146440436557	39
19.5640404223004	22.6360166795729	39
19.5754270912317	22.6574038332306	39
19.5868097900457	22.6788055046288	39
19.5981885187426	22.7002216937677	39
19.6095632773222	22.7216524006471	39
19.6209340657846	22.7430976252671	39
19.6323008841298	22.7645573676276	39
19.6436637323577	22.7860316277287	39
19.6550226104685	22.8075204055704	39
19.666377518462	22.8290237011526	39
19.6777284563383	22.8505415144754	39
19.6890754240974	22.8720738455388	39
19.7004184217392	22.8936206943427	39
19.7117574492639	22.9151820608872	39
19.7230925066713	22.9367579451723	39
19.7344235939615	22.9583483471979	39
19.7457507111344	22.9799532669641	39
19.7570738581902	23.0015727044708	39
19.7683930351287	23.0232066597182	39
19.77970824195	23.044855132706	39
19.7910194786541	23.0665181234345	39
19.802326745241	23.0881956319035	39
19.8136300417106	23.1098876581131	39
19.824929368063	23.1315942020633	39
19.8362247242983	23.153315263754	39
19.8475161104162	23.1750508431853	39
19.858803526417	23.1968009403571	39
19.8700869723005	23.2185655552695	39
19.8813664480668	23.2403446879225	39
19.8926419537159	23.262138338316	39
19.9039134892478	23.2839465064502	39
19.9151810546625	23.3057691923248	39
19.9264446499599	23.3276063959401	39
19.9377042751401	23.3494581172959	39
19.9489599302031	23.3713243563923	39
19.9602116151489	23.3932051132292	39
19.9714593299774	23.4151003878067	39
19.9827030746888	23.4370101801248	39
19.9939428492829	23.4589344901834	39
20.0051786537598	23.4808733179826	39
20.0164104881194	23.5028266635224	39
20.0276383523619	23.5247945268027	39
20.0388622464871	23.5467769078236	39
20.0500821704951	23.568773806585	39
20.0612981243859	23.5907852230871	39
20.0725101081594	23.6128111573297	39
20.0837181218158	23.6348516093128	39
20.0949221653549	23.6569065790366	39
20.1061222387768	23.6789760665008	39
20.1173183420815	23.7010600717057	39
20.1285104752689	23.7231585946511	39
20.1396986383391	23.7452716353371	39
20.1508828312922	23.7673991937637	39
20.1620630541279	23.7895412699308	39
20.1732393068465	23.8116978638385	39
20.1844115894479	23.8338689754867	39
20.195579901932	23.8560546048755	39
20.2067442442989	23.8782547520049	39
20.2179046165486	23.9004694168748	39
20.229061018681	23.9226985994854	39
20.2402134506963	23.9449422998364	39
20.2513619125943	23.9672005179281	39
20.2625064043751	23.9894732537603	39
20.2736469260387	24.011760507333	39
20.2847834775851	24.0340622786464	39
20.2959160590142	24.0563785677003	39
20.3070446703261	24.0787093744947	39
20.3181693115208	24.1010546990298	39
20.3292899825983	24.1234145413054	39
20.3404066835585	24.1457889013215	39
20.3515194144016	24.1681777790783	39
20.3626281751274	24.1905811745756	39
20.373732965736	24.2129990878134	39
20.3848337862273	24.2354315187919	39
20.3959306366015	24.2578784675109	39
20.4070235168584	24.2803399339704	39
20.4181124269981	24.3028159181705	39
20.4291973670206	24.3253064201112	39
20.4402783369259	24.3478114397925	39
20.4513553367139	24.3703309772143	39
20.4624283663847	24.3928650323767	39
20.4734974259383	24.4154136052796	39
20.4845625153747	24.4379766959231	39
20.4956236346939	24.4605543043072	39
20.5066807838958	24.4831464304319	39
20.5177339629805	24.5057530742971	39
20.528783171948	24.5283742359029	39
20.5398284107983	24.5510099152492	39
20.5508696795314	24.5736601123361	39
20.5619069781472	24.5963248271636	39
20.5729403066458	24.6190040597316	39
20.5839696650272	24.6416978100402	39
20.5949950532914	24.6644060780894	39
20.6060164714383	24.6871288638792	39
20.617033919468	24.7098661674095	39
20.6280473973805	24.7326179886803	39
20.6390569051758	24.7553843276918	39
20.6500624428539	24.7781651844438	39
20.6610640104147	24.8009605589363	39
20.6720616078583	24.8237704511695	39
20.6830552351847	24.8465948611431	39
20.6940448923939	24.8694337888574	39
20.7050305794859	24.8922872343122	39
20.7160122964606	24.9151551975076	39
20.7269900433181	24.9380376784436	39
20.7379638200584	24.9609346771201	39
20.7489336266815	24.9838461935372	39
20.7598994631874	25.0067722276948	39
20.770861329576	25.0297127795931	39
20.7818192258474	25.0526678492319	39
20.7927731520016	25.0756374366112	39
20.8037231080386	25.0986215417311	39
20.8146690939583	25.1216201645916	39
20.8256111097608	25.1446333051926	39
20.8365491554461	25.1676609635343	39
20.8474832310142	25.1907031396164	39
20.8584133364651	25.2137598334392	39
20.8693394717987	25.2368310450025	39
20.8802616370151	25.2599167743064	39
20.8911798321143	25.2830170213508	39
20.9020940570963	25.3061317861358	39
20.9130043119611	25.3292610686614	39
20.9239105967086	25.3524048689275	39
20.9348129113389	25.3755631869342	39
20.945711255852	25.3987360226815	39
20.9566056302479	25.4219233761693	39
20.9674960345266	25.4451252473977	39
20.978382468688	25.4683416363667	39
20.9892649327322	25.4915725430762	39
21.0001434266592	25.5148179675263	39
21.011017950469	25.538077909717	39
21.0218885041615	25.5613523696482	39
21.0327550877368	25.58464134732	39
21.0436177011949	25.6079448427323	39
21.0544763445358	25.6312628558853	39
21.0653310177595	25.6545953867788	39
21.0761817208659	25.6779424354128	39
21.0870284538551	25.7013040017874	39
21.0978712167271	25.7246800859026	39
21.1087100094819	25.7480706877584	39
21.1195448321195	25.7714758073547	39
21.1303756846398	25.7948954446916	39
21.1412025670429	25.818329599769	39
21.1520254793288	25.841778272587	39
21.1628444214975	25.8652414631456	39
21.1736593935489	25.8887191714447	39
21.1844703954832	25.9122113974844	39
21.1952774273002	25.9357181412647	39
21.206080489	25.9592394027856	39
21.2168795805825	25.982775182047	39
21.2276747020479	26.0063254790489	39
21.238465853396	26.0298902937915	39
21.2492530346269	26.0534696262746	39
21.2600362457406	26.0770634764982	39
21.2708154867371	26.1006718444625	39
21.2815907576163	26.1242947301673	39
21.2923620583783	26.1479321336126	39
21.3031293890231	26.1715840547986	39
21.3138927495507	26.1952504937251	39
21.3246521399611	26.2189314503921	39
21.3354075602542	26.2426269247997	39
21.3461590104301	26.2663369169479	39
21.3569064904888	26.2900614268367	39
21.3676500004303	26.313800454466	39
21.3783895402545	26.3375539998359	39
21.3891251099616	26.3613220629464	39
21.3998567095514	26.3851046437974	39
21.410584339024	26.408901742389	39
21.4213079983793	26.4327133587211	39
21.4320276876175	26.4565394927938	39
21.4427434067384	26.4803801446071	39
21.4534551557421	26.504235314161	39
21.4641629346286	26.5281050014554	39
21.4748667433978	26.5519892064903	39
21.4855665820499	26.5758879292659	39
21.4962624505847	26.599801169782	39
21.5069543490023	26.6237289280387	39
21.5176422773027	26.6476712040359	39
21.5283262354858	26.6716279977737	39
21.5390062235518	26.6955993092521	39
21.5496822415005	26.719585138471	39
21.560354289332	26.7435854854305	39
21.5710223670463	26.7676003501306	39
21.5816864746433	26.7916297325712	39
21.5923466121231	26.8156736327524	39
21.6030027794857	26.8397320506742	39
21.6136549767311	26.8638049863365	39
21.6243032038593	26.8878924397394	39
21.6349474608702	26.9119944108829	39
21.645587747764	26.9361108997669	39
21.6562240645405	26.9602419063915	39
21.6668564111998	26.9843874307566	39
21.6774847877418	27.0085474728623	39
21.6881091941667	27.0327220327086	39
21.6987296304743	27.0569111102955	39
21.7093460966647	27.0811147056229	39
21.7199585927378	27.1053328186909	39
21.7305671186938	27.1295654494994	39
21.7411716745325	27.1538125980486	39
21.7517722602541	27.1780742643382	39
21.7623688758583	27.2023504483685	39
21.7729615213454	27.2266411501393	39
21.7835501967153	27.2509463696507	39
21.7941349019679	27.2752661069026	39
21.8047156371033	27.2996003618951	39
21.8152924021215	27.3239491346282	39
21.8258651970225	27.3483124251018	39
21.8364340218062	27.372690233316	39
21.8469988764727	27.3970825592708	39
21.857559761022	27.4214894029661	39
21.8681166754541	27.445910764402	39
21.878669619769	27.4703466435785	39
21.8892185939666	27.4947970404955	39
21.899763598047	27.5192619551531	39
21.9103046320102	27.5437413875513	39
21.9208416958562	27.56823533769	39
21.931374789585	27.5927438055693	39
21.9419039131965	27.6172667911892	39
21.9524290666908	27.6418042945496	39
21.9629502500679	27.6663563156506	39
21.9734674633278	27.6909228544922	39
21.9839807064704	27.7155039110743	39
21.9944899794958	27.740099485397	39
22.0049952824041	27.7647095774602	39
22.015496615195	27.789334187264	39
22.0259939778688	27.8139733148084	39
22.0364873704254	27.8386269600934	39
22.0469767928647	27.8632951231189	39
22.0574622451868	27.887977803885	39
22.0679437273917	27.9126750023916	39
22.0784212394793	27.9373867186388	39
22.0888947814498	27.9621129526266	39
22.099364353303	27.9868537043549	39
22.109829955039	28.0116089738238	39
22.1202915866577	28.0363787610333	39
22.1307492481593	28.0611630659834	39
22.1412029395436	28.085961888674	39
22.1516526608108	28.1107752291051	39
22.1620984119606	28.1356030872769	39
22.1725401929933	28.1604454631892	39
22.1829780039088	28.185302356842	39
22.193411844707	28.2101737682355	39
22.203841715388	28.2350596973695	39
22.2142676159518	28.259960144244	39
22.2185920246729	28.2700695288537	39
22.2230746912143	28.2801097414336	39
22.2277145095452	28.2900783047117	39
22.2325103348597	28.2999727590941	39
22.2374609838598	28.3097906632722	39
22.2425652350469	28.3195295948251	39
22.2478218290233	28.3291871508171	39
22.2532294688033	28.3387609483909	39
22.2587868201324	28.3482486253551	39
22.2644925118176	28.3576478407673	39
22.2703451360647	28.366956275512	39
22.2763432488263	28.3761716328719	39
22.2824853701578	28.3852916390957	39
22.2887699845827	28.3943140439582	39
22.2951955414664	28.4032366213161	39
22.3017604553988	28.4120571696569	39
22.3084631065858	28.4207735126422	39
22.3153018412484	28.4293834996449	39
22.3222749720312	28.4378850062796	39
22.3293807784185	28.4462759349265	39
22.3366175071589	28.4545542152498	39
22.3439833726979	28.4627178047076	39
22.3514765576183	28.4707646890562	39
22.3590952130889	28.4786928828475	39
22.3668374593205	28.4865004299183	39
22.3747013860297	28.494185403873	39
22.3826850529102	28.5017459085595	39
22.3907864901116	28.5091800785363	39
22.3990036987257	28.5164860795331	39
22.407334651279	28.5236621089037	39
22.4157772922338	28.53070639607	39
22.4243295384946	28.5376172029597	39
22.4329892799228	28.5443928244345	39
22.4417543798566	28.5510315887113	39
22.4506226756389	28.5575318577742	39
22.4595919791503	28.5638920277793	39
22.4686600773494	28.5701105294496	39
22.4778247328187	28.576185828463	39
22.4870836843165	28.5821164258303	39
22.4964346473352	28.5879008582654	39
22.5058753146645	28.5935376985461	39
22.515403356961	28.5990255558664	39
22.5250164233229	28.6043630761797	39
22.5347121418698	28.6095489425326	39
22.5444881203284	28.6145818753904	39
22.5543419466222	28.6194606329519	39
22.564271189467	28.624184011457	39
22.5742733989707	28.6287508454825	39
22.5843461072377	28.6331600082306	39
22.5944868289782	28.6374104118062	39
22.6046930621206	28.641501007486	39
22.6149622884297	28.6454307859766	39
22.6252919741275	28.649198777664	39
22.6356795705187	28.6528040528526	39
22.6461225146194	28.6562457219948	39
22.6566182297892	28.6595229359101	39
22.6671641263675	28.662634885995	39
22.6777576023122	28.6655808044226	39
22.6883960438416	28.6683599643313	39
22.6990768260794	28.6709716800053	39
22.7097973137024	28.6734153070425	39
22.7205548615908	28.6756902425148	39
22.7313468154804	28.6777959251157	39
22.7421705126183	28.6797318352996	39
22.7530232824191	28.6814974954097	39
22.7639024471242	28.6830924697957	39
22.7748053224625	28.6845163649215	39
22.7857292183127	28.6857688294624	39
22.796671439367	28.6868495543914	39
22.807629285796	28.6877582730559	39
22.8186000539151	28.6884947612431	39
22.8295810368514	28.6890588372356	39
22.8405695252116	28.6894503618561	39
22.8515628077508	28.6896692385017	39
22.862558172041	28.6897154131678	39
22.8735529051404	28.6895888744617	39
22.8845442942634	28.6892896536048	39
22.8955296274489	28.6888178244253	39
22.9065061942306	28.6881735033401	39
22.9174712863047	28.6873568493258	39
22.9284221981988	28.6863680638795	39
22.9393562279394	28.6852073909693	39
22.9502706777182	28.6838751169737	39
22.961162854558	28.6823715706115	39
22.9720300709772	28.6806971228603	39
22.9828696456527	28.6788521868649	39
22.9936789040816	28.6768372178358	39
23.0044551792413	28.6746527129363	39
23.015195812247	28.6722992111604	39
23.0258981530083	28.6697772931994	39
23.0365595608827	28.6670875812989	39
23.0471774053274	28.664230739105	39
23.0577490665481	28.6612074715007	39
23.0682719361457	28.6580185244322	39
23.0787434177594	28.6546646847244	39
23.0891609277079	28.651146779887	39
23.0995218956265	28.6474656779104	39
23.1098237651015	28.6436222870515	39
23.1200639943005	28.6396175556094	39
23.1302400566004	28.6354524716918	39
23.1403494412101	28.6311280629707	39
23.15038965379	28.6266453964292	39
23.1603582170681	28.6220055780984	39
23.1702526714505	28.6172097527838	39
23.1800705756286	28.6122591037837	39
23.1898095071815	28.6071548525967	39
23.1994670631736	28.6018982586202	39
23.2090408607473	28.5964906188403	39
23.2185285377115	28.5909332675111	39
23.2279277531238	28.585227575826	39
23.2372361878684	28.5793749515789	39
23.2464515452283	28.5733768388173	39
23.2555715514521	28.5672347174858	39
23.2645939563146	28.5609501030609	39
23.2735165336725	28.5545245461772	39
23.2823370820133	28.5479596322447	39
23.2910534249986	28.5412569810577	39
23.2996634120013	28.5344182463951	39
23.308164918636	28.5274451156123	39
23.316555847283	28.5203393092251	39
23.3248341276062	28.5131025804847	39
23.332997717064	28.5057367149457	39
23.3410446014127	28.4982435300253	39
23.348972795204	28.4906248745546	39
23.3567803422747	28.482882628323	39
23.3644653162295	28.4750187016139	39
23.3720258209159	28.4670350347334	39
23.3794599908927	28.4589335975319	39
23.3867659918896	28.4507163889179	39
23.3939420212601	28.4423854363646	39
23.4009863084264	28.4339427954098	39
23.4078971153161	28.425390549149	39
23.4146727367909	28.4167308077208	39
23.4213115010677	28.407965707787	39
23.4278117701307	28.3990974120047	39
23.4341719401357	28.3901281084933	39
23.440390441806	28.3810600102942	39
23.4464657408194	28.3718953548249	39
23.4523963381867	28.3626364033271	39
23.4581807706218	28.3532854403084	39
23.4638176109025	28.3438447729791	39
23.4693054682228	28.3343167306826	39
23.4746429885361	28.3247036643207	39
23.4798288548891	28.3150079457737	39
23.4848617877468	28.3052319673152	39
23.4897405453084	28.2953781410214	39
23.4944639238134	28.2854488981766	39
23.4990307578389	28.2754466886729	39
23.503439920587	28.2653739804058	39
23.5076903241627	28.2552332586654	39
23.5117809198424	28.245027025523	39
23.515710698333	28.2347577992139	39
23.5194786900204	28.2244281135161	39
23.523083965209	28.2140405171248	39
23.5265256343512	28.2035975730242	39
23.5298028482665	28.1931018578544	39
23.5329147983515	28.1825559612761	39
23.535860716779	28.1719624853313	39
23.5386398766878	28.161324043802	39
23.5412515923617	28.1506432615642	39
23.543695219399	28.1399227739412	39
23.5459701548712	28.1291652260528	39
23.5480758374721	28.1183732721632	39
23.5500117476561	28.1075495750253	39
23.5517774077661	28.0966968052245	39
23.5533723821521	28.0858176405194	39
23.5547962772779	28.0749147651811	39
23.5560487418188	28.0639908693309	39
23.5571294667479	28.0530486482766	39
23.5580381854123	28.0420908018476	39
23.5587746735996	28.0311200337285	39
23.559338749592	28.0201390507922	39
23.5597302742125	28.0091505624319	39
23.5599491508581	27.9981572798927	39
23.5599953255243	27.9871619156026	39
23.5598687868181	27.9761671825031	39
23.5595695659612	27.9651757933802	39
23.5590977367817	27.9541904601946	39
23.5584534156966	27.943213893413	39
23.5576367616822	27.9322488013389	39
23.5566479762359	27.9212978894447	39
23.5554873033257	27.9103638597041	39
23.5541550293301	27.8994494099254	39
23.5526514829679	27.8885572330856	39
23.5509770352167	27.8776900166664	39
23.5491320992213	27.8668504419909	39
23.5471171301922	27.856041183562	39
23.5449326252927	27.8452649084023	39
23.5425791235168	27.8345242753966	39
23.5400572055559	27.8238219346353	39
23.5373674936553	27.8131605267609	39
23.5345106514614	27.8025426823162	39
23.5314873838572	27.7919710210954	39
23.5282984367886	27.7814481514979	39
23.5249445970808	27.7709766698842	39
23.5214266922434	27.7605591599357	39
23.5177455902668	27.750198192017	39
23.5139021994079	27.7398963225421	39
23.5098974679659	27.729656093343	39
23.5057795400005	27.7195927367204	39
23.4545906677029	27.5972184274997	39
23.4034930624683	27.475062881001	39
23.3524892402305	27.3531321037723	39
23.3015816967797	27.2314320542481	39
23.2507729077622	27.1099686427496	39
23.2000653286804	26.9887477314849	39
23.1494613948928	26.8677751345486	39
23.0989635216139	26.7470566179219	39
23.0485741039145	26.6265978994729	39
22.9982955167215	26.5064046489562	39
22.9481301148177	26.3864824880132	39
22.8980802328423	26.266836990172	39
22.8481481852904	26.1474736808473	39
22.7983362665133	26.0283980373405	39
22.7486467507183	25.9096154888397	39
22.6990818919691	25.7911314164197	39
22.6496439241852	25.672951153042	39
22.6003350611425	25.5550799835547	39
22.5511574964726	25.4375231446926	39
22.5021134036636	25.3202858250775	39
22.4532049360597	25.2033731652173	39
22.4044342268609	25.0867902575069	39
22.3558033891236	24.9705421462281	39
22.3073145157602	24.8546338275491	39
22.2589696795393	24.7390702495247	39
22.2107709330854	24.6238563120967	39
22.1627203088795	24.5089968670933	39
22.1148198192582	24.3944967182296	39
22.0670714564147	24.2803606211072	39
22.0194771923981	24.1665932832146	39
21.9720389791135	24.0531993639267	39
21.9247587483223	23.9401834745053	39
21.8776384116419	23.8275501780989	39
21.8306798605459	23.7153039897425	39
21.783884966364	23.603449376358	39
21.7372555802819	23.4919907567538	39
21.6907935333415	23.3809325016251	39
21.644500636441	23.2702789335537	39
21.5983786803343	23.1600343270082	39
21.5524294356317	23.0502029083438	39
21.5066546527997	22.9407888558024	39
21.4610560621605	22.8317962995125	39
21.4156353738929	22.7232293214896	39
21.3703942780315	22.6150919556354	39
21.3253344444672	22.5073881877386	39
21.2804575229468	22.4001219554747	39
21.2357651430734	22.2932971484055	39
21.1912589143061	22.1869176079798	39
21.1469404259603	22.080987127533	39
21.1028112472072	21.9755094522871	39
21.0588729270743	21.8704882793508	39
21.0151269944454	21.7659272577197	39
20.97157495806	21.6618299882758	39
20.928218306514	21.5582000237878	39
20.8850585082594	21.4550408689114	39
20.8420970116042	21.3523559801887	39
20.7993352447126	21.2501487660486	39
20.7567746156049	21.1484225868065	39
20.7144165121574	21.0471807546646	39
20.6722623021027	20.946426533712	39
20.6303133330294	20.8461631399242	39
20.5885709323823	20.7463937411636	39
20.5470364074621	20.6471214571789	39
20.5057110454259	20.5483493596059	39
20.4645961132868	20.4500804719669	39
20.4236928579139	20.352317769671	39
20.3830025060325	20.2550641800139	39
20.3425262642241	20.1583225821778	39
20.3022653189262	20.062095807232	39
20.2622208364324	19.9663866381321	39
20.2223939628925	19.8711978097206	39
20.1827858243124	19.7765320087267	39
20.143397526554	19.682391873766	39
20.1042301553356	19.5887799953412	39
20.0652847762312	19.4956989158414	39
20.0265624346712	19.4031511295424	39
19.9880641559421	19.3111390826069	39
19.9497909451863	19.219665173084	39
19.9117437874027	19.1287317509096	39
19.8739236474459	19.0383411179065	39
19.8363314700269	18.9484955277837	39
19.7989681797126	18.8591971861374	39
19.7618346809262	18.7704482504501	39
19.724931857947	18.6822508300913	39
19.6882605749102	18.5946069863168	39
19.6518216758074	18.5075187322695	39
19.6156159844861	18.4209880329788	39
19.57964430465	18.3350168053607	39
19.5439074198589	18.2496069182179	39
19.5084060935288	18.1647601922399	39
19.4731410689316	18.0804784000029	39
19.4381130691955	17.9967632659697	39
19.4033227973049	17.9136164664897	39
19.3687709360999	17.8310396297992	39
19.3344581482772	17.749034336021	39
19.3003850763893	17.6676021171647	39
19.266552342845	17.5867444571265	39
19.232960549909	17.5064627916893	39
19.1996102797024	17.4267585085228	39
19.1665020942021	17.3476329471832	39
19.1336365352414	17.2690873991135	39
19.1010141245095	17.1911231076434	39
19.0686353635518	17.1137412679892	39
19.0365007337698	17.036943027254	39
19.0046106964212	16.9607294844274	39
18.9729656926196	16.8851016903859	39
18.941566143335	16.8100606478926	39
18.9104124493932	16.7356073115972	39
18.8795049914765	16.6617425880361	39
18.8488441301229	16.5884673356326	39
18.8184302057267	16.5157823646964	39
18.7882635385385	16.443688437424	39
18.7583444286646	16.3721862678987	39
18.7286731560678	16.3012765220903	39
18.6992499805668	16.2309598178553	39
18.6700751418365	16.1612367249371	39
18.6411488594079	16.0921077649655	39
18.612471332668	16.0235734114572	39
18.5840427408602	15.9556340898154	39
18.5558632430836	15.8882901773302	39
18.5279329782938	15.8215420031782	39
18.5002520653022	15.7553898484228	39
18.4728206027767	15.6898339460139	39
18.4456386692408	15.6248744807884	39
18.4187063230747	15.5605115894697	39
18.3920236025141	15.4967453606677	39
18.3655905256514	15.4335758348793	39
18.3394070904346	15.3710030044881	39
18.3134732746682	15.309026813764	39
18.2877890360126	15.2476471588639	39
18.2623543119844	15.1868638878314	39
18.2371690199562	15.1266768005967	39
18.2122330571569	15.0670856489765	39
18.1875463006715	15.0080901366746	39
18.1631086074408	14.9496899192811	39
18.1389198142621	14.8918846042731	39
18.1149797377887	14.834673751014	39
18.0912881745298	14.7780568707542	39
18.067844900851	14.7220334266308	39
18.0446496729739	14.6666028336673	39
18.0217022269761	14.6117644587742	39
17.9990022787916	14.5575176207484	39
17.9765495242102	14.5038615902738	39
17.954343638878	14.4507955899207	39
17.9323842782972	14.3983187941462	39
17.910671077826	14.3464303292942	39
17.8892036526788	14.295129273595	39
17.8679815979262	14.2444146571659	39
17.8470044884947	14.1942854620106	39
17.8262718791672	14.1447406220197	39
17.8057833045824	14.0957790229704	39
17.7855382792352	14.0473995025265	39
17.7655362974769	13.9996008502388	39
17.7457768335145	13.9523818075443	39
17.7262593414113	13.9057410677671	39
17.7069832550869	13.8596772761179	39
17.6879479883166	13.8141890296938	39
17.6691529347322	13.7692748774789	39
17.6505974678213	13.7249333203438	39
17.632280940928	13.6811628110461	39
17.6142026872521	13.6379617542296	39
17.5963620198497	13.5953285064252	39
17.5787582316331	13.5532613760502	39
17.5613905953706	13.5117586234088	39
17.5442583636866	13.4708184606918	39
17.5273607690616	13.4304390519766	39
17.5106970238324	13.3906185132273	39
17.4942663201917	13.3513549122949	39
17.4780678301884	13.3126462689168	39
17.4621007057275	13.2744905547173	39
17.4463640785701	13.2368856932073	39
17.4308570603334	13.1998295597843	39
17.4155787424909	13.1633199817327	39
17.4005281963719	13.1273547382233	39
17.385704473162	13.0919315603138	39
17.3711066039029	13.0570481309485	39
17.3567335994925	13.0227020849585	39
17.3425844506845	12.9888910090613	39
17.3286581280891	12.9556124418615	39
17.3149535821725	12.92286387385	39
17.3014697432567	12.8906427474046	39
17.2882055215203	12.8589464567897	39
17.2751598069976	12.8277723481564	39
17.2623314695794	12.7971177195426	39
17.2497193590122	12.7669798208726	39
17.237322304899	12.7373558539578	39
17.2251391166986	12.7082429724958	39
17.2131685837261	12.6796382820713	39
17.2014094751527	12.6515388401555	39
17.1898605400056	12.6239416561063	39
17.1785205071682	12.5968436911682	39
17.1673880853801	12.5702418584726	39
17.1564619632368	12.5441330230374	39
17.1457408091901	12.5185140017672	39
17.1352232715478	12.4933815634534	39
17.1249079784739	12.468732428774	39
17.1147935379884	12.4445632702936	39
17.1048785379676	12.4208707124638	39
17.0951615461437	12.3976513316224	39
17.0856411101051	12.3749016559943	39
17.0763157572964	12.3526181656909	39
17.0671839950182	12.3307972927103	39
17.0582443104273	12.3094354209374	39
17.0494951705365	12.2885288861436	39
17.0409350222148	12.2680739759871	39
17.0325622921873	12.2480669300127	39
17.0243753870352	12.228503939652	39
17.0163726931959	12.2093811482232	39
17.0085525769626	12.1906946509312	39
17.0009133844851	12.1724404948677	39
16.993453441769	12.1546146790109	39
16.986171054676	12.1372131542257	39
16.979064508924	12.1202318232639	39
16.972132070087	12.1036665407637	39
16.9653719835952	12.0875131132501	39
16.9587824747348	12.071767299135	39
16.952361748648	12.0564248087166	39
16.9461079903335	12.04148130418	39
16.9400193646457	12.026932399597	39
16.9340940162953	12.012773660926	39
16.9283300698491	11.9990006060122	39
16.9227256297301	11.9856087045874	39
16.9172787802172	11.97259337827	39
16.9119875854456	11.9599500005653	39
16.9068500894065	11.947673896865	39
16.9018643159474	11.9357603444479	39
16.8970282687716	11.924204572479	39
16.8923399314388	11.9130017620103	39
16.8877972673647	11.9021470459804	39
16.8833982198211	11.8916355092145	39
16.8791407119359	11.8814621884248	39
16.8750226466932	11.8716220722098	39
16.8710419069331	11.8621101010548	39
16.8634838345021	11.8440501152999	39
16.8564491544864	11.8272407927764	39
16.8499202044273	11.8116399252877	39
16.8438789995641	11.7972045348241	39
16.8383072328337	11.783890873563	39
16.8331862748709	11.7716544238685	39
16.8284971740085	11.7604498982918	39
16.8242206562768	11.7502312395711	39
16.820337125404	11.7409516206315	39
16.8152050194456	11.7286885631233	39
16.8108436566898	11.718267184554	39
16.806105843262	11.7069462881138	39
16.8016745426974	11.6963577975912	39
16.7976746302203	11.686800098957	39
16.7937661877725	11.677460965849	39
16.7898412053033	11.668120236948	39
16.7857074884673	11.6584209711569	39
16.7812313862691	11.648061889367	39
16.776790953928	11.637908895643	39
16.7722377723208	11.6276080799277	39
16.767870699765	11.617820837953	39
16.7629456274651	11.6068806720307	39
16.7585802046198	11.5972626071241	39
16.7538171234685	11.5868462882264	39
16.7486382691018	11.5756062761869	39
16.7430254671803	11.5635179810231	39
16.7385201211388	11.5538807603394	39
16.7337527100118	11.5437433065818	39
16.7287155006857	11.5330961862388	39
16.7234007412432	11.5219302344809	39
16.7178006609628	11.5102365551606	39
16.7119074703189	11.4980065208127	39
16.7057133609822	11.485231772654	39
16.699210505819	11.4719042205833	39
16.6946998698212	11.462708199099	39
16.6900461973946	11.4532607541563	39
16.6852471554595	11.4435596877119	39
16.680300407222	11.4336028547956	39
16.6752036121739	11.4233881635102	39
16.6699544260924	11.4129135750315	39
16.6645505010405	11.4021771036083	39
16.6589894853668	11.3911768165623	39
16.6532690237055	11.3799108342884	39
16.6473867569765	11.3683773302544	39
16.6413403223852	11.3565745310012	39
16.6351273534227	11.3445007161425	39
16.6287454798657	11.3321542183652	39
16.6221923277767	11.3195334234291	39
16.6154655195035	11.306636770167	39
16.6085626736798	11.2934627504849	39
16.6014814052249	11.2800099093615	39
16.5942193253436	11.2662768448488	39
16.5867740415264	11.2522622080715	39
16.5791431575495	11.2379647032276	39
16.5713242734745	11.223383087588	39
16.5633149856489	11.2085161714965	39
16.5551128867057	11.19336281837	39
16.5467155655635	11.1779219446984	39
16.5381206074266	11.1621925200447	39
16.5293255937849	11.1461735670447	39
16.520328102414	11.1298641614073	39
16.5111257073749	11.1132634319145	39
16.5017159790145	11.0963705604211	39
16.4920964839651	11.0791847818552	39
16.4822647851448	11.0617053842176	39
16.4772685967169	11.0528553702594	39
16.4722184417573	11.0439317085824	39
16.4671140145864	11.0349343251134	39
16.4619550092919	11.0258631490964	39
16.4567411197298	11.0167181130924	39
16.4514720395235	11.0074991529795	39
16.4461474620647	10.998206207953	39
16.4407670805127	10.9888392205249	39
16.4353305877946	10.9793981365246	39
16.4298376766056	10.9698829050984	39
16.4242880394084	10.9602934787097	39
16.418681368434	10.9506298131389	39
16.4130173556808	10.9408918674837	39
16.4072956929154	10.9310796041586	39
16.401516071672	10.9211929888952	39
16.3956781832529	10.9112319907423	39
16.3897817187279	10.9011965820657	39
16.3838263689351	10.8910867385481	39
16.37781182448	10.8809024391895	39
16.3717377757363	10.8706436663069	39
16.3656039128455	10.8603104055343	39
16.3594099257167	10.8499026458228	39
16.353155504027	10.8394203794405	39
16.3468403372216	10.8288636019728	39
16.3404641145131	10.8182323123217	39
16.3340265248823	10.8075265127068	39
16.3275272570777	10.7967462086643	39
16.3209659996157	10.7858914090479	39
16.3143424407805	10.7749621260279	39
16.3076562686242	10.7639583750921	39
16.3009071709667	10.752880175045	39
16.2940948353959	10.7417275480085	39
16.2872189492673	10.7305005194212	39
16.2802791997045	10.719199118039	39
16.2732752735989	10.7078233759349	39
16.2662068576095	10.6963733284988	39
16.2590736381635	10.6848490144378	39
16.2518753014557	10.6732504757759	39
16.244611533449	10.6615777578543	39
16.2372820198738	10.6498309093313	39
16.2298864462287	10.6380099821821	39
16.22242449778	10.6261150316991	39
16.2148958595619	10.6141461164917	39
16.2073002163762	10.6021032984864	39
16.199637252793	10.5899866429267	39
16.1919066531499	10.5777962183732	39
16.1841081015525	10.5655320967036	39
16.1762412818742	10.5531943531126	39
16.1683058777563	10.540783066112	39
16.1603015726079	10.5282983175307	39
16.1522280496059	10.5157401925145	39
16.1440849916952	10.5031087795265	39
16.1358720815885	10.4904041703468	39
16.1275890017663	10.4776264600723	39
16.119235434477	10.4647757471173	39
16.1108110617368	10.451852133213	39
16.1023155653298	10.4388557234078	39
16.093748626808	10.4257866260669	39
16.085109927491	10.4126449528727	39
16.0763991484666	10.3994308188249	39
16.0676159705903	10.3861443422399	39
16.0587600744854	10.3727856447512	39
16.049831140543	10.3593548513097	39
16.0408288489223	10.345852090183	39
16.0317528795501	10.332277492956	39
16.0226029121212	10.3186311945304	39
16.0133786260982	10.3049133331253	39
16.0040797007115	10.2911240502765	39
15.9947058149595	10.2772634908372	39
15.9852566476083	10.2633318029774	39
15.9757318771919	10.2493291381844	39
15.9661311820121	10.2352556512624	39
15.9564542401388	10.2211115003326	39
15.9467007294094	10.2068968468335	39
15.9368703274293	10.1926118555204	39
15.9269627115719	10.1782566944659	39
15.9169775589782	10.1638315350595	39
15.9069145465573	10.1493365520078	39
15.8967733509859	10.1347719233345	39
15.8865536487088	10.1201378303804	39
15.8762551159383	10.1054344578032	39
15.865877428655	10.0906619935778	39
15.8554202626071	10.0758206289961	39
15.8448832933106	10.0609105586672	39
15.8342661960495	10.045931980517	39
15.8235686458755	10.0308850957888	39
15.8127903176083	10.0157701090427	39
15.8019308858354	10.0005872281558	39
15.7909900249122	9.98533666432263	39
15.7799674089617	9.97001863205445	39
15.7688627118752	9.9546333491797	39
15.7576756073113	9.93918103684389	39
15.746405768697	9.92366191950956	39
15.7350528692268	9.90807622495635	39
15.7236165818632	9.89242418428093	39
15.7120965793364	9.87670603189705	39
15.7004925341446	9.86092200553552	39
15.6888041185539	9.84507234624422	39
15.677031004598	9.82915729838808	39
15.6651728640788	9.81317710964908	39
15.6532293685656	9.79713203102632	39
15.6412001893961	9.78102231683588	39
15.6290849976754	9.76484822471098	39
15.6168834642767	9.74861001560186	39
15.6045952598408	9.73230795377583	39
15.5922200547767	9.71594230681726	39
15.5797575192611	9.6995133456276	39
15.5672073232384	9.68302134442533	39
15.5545691364209	9.66646658074604	39
15.5418426282891	9.64984933544235	39
15.5290274680909	9.63316989268393	39
15.5161233248422	9.61642853995756	39
15.5031298673269	9.59962556806705	39
15.4900467640965	9.58276127113326	39
15.4768736834706	9.56583594659414	39
15.4636102935365	9.5488498952047	39
15.4502562621494	9.531803421037	39
15.4368112569324	9.51469683148018	39
15.4232749452763	9.49753043724042	39
15.4096469943398	9.48030455234098	39
15.3959270710497	9.46301949412219	39
15.3821148421002	9.4456755832414	39
15.3682099739538	9.42827314367309	39
15.3542121328406	9.41081250270875	39
15.3401209847585	9.39329399095695	39
15.3259361954735	9.37571794234332	39
15.3116574305192	9.35808469411056	39
15.2972843551973	9.34039458681844	39
15.2828166345771	9.32264796434375	39
15.2682539334958	9.3048451738804	39
15.2535959165587	9.28698656593933	39
15.2388422481386	9.26907249434855	39
15.2239925923764	9.25110331625313	39
15.2090466131808	9.23307939211521	39
15.1940039742283	9.215001085714	39
15.1788643389632	9.19686876414572	39
15.1636273705978	9.17868279782373	39
15.1482927321121	9.16044356047843	39
15.1328600862542	9.14215142915723	39
15.1173290955397	9.12380678422466	39
15.1016994222524	9.10541000936231	39
15.0859707284436	9.0869614915688	39
15.0701426759327	9.06846162115983	39
15.054214926307	9.04991079176818	39
15.0381871409214	9.03130940034366	39
15.0220589808989	9.01265784715317	39
15.0058301071302	8.99395653578067	39
14.9895001802738	8.97520587312716	39
14.9730688607563	8.95640626941072	39
14.956535808772	8.93755813816651	39
14.9399006842829	8.91866189624671	39
14.9231631470191	8.89971796382061	39
14.9063228564785	8.88072676437452	39
14.8893794719267	8.86168872471184	39
14.8723326523973	8.84260427495302	39
14.8551820566918	8.82347384853559	39
14.8379273433793	8.80429788221414	39
14.8205681707971	8.78507681606029	39
14.80310419705	8.76581109346277	39
14.7855350800108	8.74650116112733	39
14.7678604773204	8.72714746907681	39
14.750080046387	8.70775047065111	39
14.7321934443873	8.68831062250718	39
14.7142003282653	8.66882838461906	39
14.6961003547331	8.64930422027781	39
14.6778931802707	8.6297385960916	39
14.6595784611259	8.61013198198563	39
14.6411558533142	8.59048485120216	39
14.6226250126193	8.57079768030055	39
14.6039855945923	8.55107094915719	39
14.5852372545525	8.53130514096552	39
14.5663796475869	8.5115007422361	39
14.5474124285504	8.49165824279651	39
14.5283352520658	8.47177813579137	39
14.5091477725237	8.45186091768243	39
14.4898496440824	8.43190708824843	39
14.4704405206684	8.41191715058525	39
14.4509200559756	8.39189161110576	39
14.4312879034663	8.37183097953994	39
14.4115437163701	8.3517357689348	39
14.3916871476848	8.33160649565446	39
14.371717850176	8.31144367938005	39
14.3516354763771	8.29124784310979	39
14.3314396785893	8.27101951315896	39
14.3111301088817	8.2507592191599	39
14.2907064190913	8.23046749406203	39
14.270168260823	8.21014487413179	39
14.2495152854493	8.18979189895274	39
14.2287471441108	8.16940911142545	39
14.2078634877159	8.14899705776758	39
14.1868639669408	8.12855628751386	39
14.1657482322296	8.10808735351606	39
14.1445159337942	8.08759081194303	39
14.1231667216143	8.06706722228069	39
14.1017002454377	8.04651714733199	39
14.0801161547797	8.02594115321696	39
14.0584140989238	8.00533980937272	39
14.036593726921	7.98471368855342	39
14.0146546875905	7.96406336683027	39
13.9925966295191	7.94338942359156	39
13.9704192010616	7.92269244154265	39
13.9481220503406	7.90197300670594	39
13.9257048252464	7.88123170842089	39
13.9031671734375	7.86046913934407	39
13.8805087423399	7.83968589544905	39
13.8577291791476	7.81888257602651	39
13.8348281308226	7.79805978368416	39
13.8118052440944	7.77721812434679	39
13.7886601654607	7.75635820725625	39
13.7653925411868	7.73548064497148	39
13.7420020173061	7.71458605336841	39
13.7184882396196	7.69367505164012	39
13.6948508536963	7.67274826229669	39
13.671089504873	7.65180631116528	39
13.6472038382544	7.63084982739015	39
13.6231934987129	7.60987944343256	39
13.599058130889	7.58889579507086	39
13.5747973791909	7.56789952140049	39
13.5504108877946	7.54689126483392	39
13.5258983006441	7.52587167110068	39
13.5012592614511	7.50484138924739	39
13.4764934136953	7.48380107163772	39
13.4516004006241	7.46275137395238	39
13.426579865253	7.44169295518918	39
13.401431450365	7.42062647766299	39
13.3761547985112	7.3995526070057	39
13.3507495520105	7.37847201216629	39
13.3252153529496	7.35738536541084	39
13.2995518431831	7.33629334232244	39
13.2737586643335	7.31519662180124	39
13.247835457791	7.29409588606451	39
13.2217818647139	7.27299182064652	39
13.195597526028	7.25188511439863	39
13.1692820824272	7.23077645948929	39
13.1428351743733	7.20966655140395	39
13.1162564420959	7.18855608894517	39
13.0895455255922	7.16744577423258	39
13.0627020646275	7.14633631270283	39
13.035725698735	7.12522841310965	39
13.0086160672157	7.10412278752387	39
12.9813728091382	7.08302015133334	39
12.9539955633394	7.06192122324296	39
12.9264839684237	7.04082672527476	39
12.8988376627635	7.01973738276775	39
12.8710562844989	6.99865392437808	39
12.8431394715381	6.9775770820789	39
12.815086861557	6.95650759116047	39
12.7868980919994	6.93544619023007	39
12.7585728000769	6.91439362121208	39
12.7301106227689	6.89335062934794	39
12.7015111968228	6.8723179631961	39
12.6727741587538	6.85129637463216	39
12.6438991448449	6.83028661884871	39
12.614885791147	6.80928945435543	39
12.5857337334789	6.78830564297908	39
12.556442607427	6.76733594986345	39
12.5270120483459	6.74638114346941	39
12.4974416913578	6.72544199557489	39
12.467731171353	6.7045192812749	39
12.4378801229893	6.68361377898145	39
12.4078881806927	6.66272627042373	39
12.3777549786568	6.64185754064788	39
12.3474801508431	6.62100837801713	39
12.3170633309812	6.60017957421183	39
12.2865041525682	6.57937192422933	39
12.2558022488692	6.55858622638405	39
12.2249572529173	6.53782328230751	39
12.1939687975131	6.51708389694826	39
12.1628365152255	6.49636887857192	39
12.1315600383908	6.47567903876117	39
12.1001389991134	6.45501519241578	39
12.0685730292657	6.43437815775254	39
12.0368617604875	6.41376875630534	39
12.005004824187	6.39318781292511	39
11.9730018515397	6.37263615577984	39
11.9408524734894	6.35211461635459	39
11.9085563207475	6.33162402945153	39
11.8761130237934	6.31116523318978	39
11.8435222128742	6.29073906900565	39
11.810783518005	6.27034638165243	39
11.7778965689686	6.24998801920048	39
11.7448609953158	6.22966483303727	39
11.7116764263651	6.20937767786728	39
11.6783424912031	6.18912741171209	39
11.644858818684	6.16891489591032	39
11.6112250374298	6.14874099511769	39
11.5774407758308	6.12860657730689	39
11.5435056620445	6.10851251376779	39
11.5094193239969	6.08845967910727	39
11.4751813893814	6.06844895124924	39
11.4407914856594	6.04848121143474	39
11.4062492400601	6.02855734422181	39
11.3715542795807	6.00867823748559	39
11.3367062309862	5.98884478241829	39
11.3017047208093	5.96905787352915	39
11.2665493753507	5.9493184086445	39
11.2312398206789	5.9296272889077	39
11.1957756826302	5.90998541877924	39
11.160156586809	5.89039370603659	39
11.1243821585872	5.87085306177433	39
11.0884520231048	5.8513644004041	39
11.0523658052695	5.83192863965459	39
11.0161231297569	5.81254670057157	39
10.9797236210106	5.79321950751786	39
10.9431669032419	5.77394798817333	39
10.9064526004299	5.75473307353496	39
10.8695803363216	5.73557569791674	39
10.832549734432	5.71647679894974	39
10.7953604180438	5.6974373175821	39
10.7580120102075	5.67845819807904	39
10.7205041337417	5.6595403880228	39
10.6828364112325	5.64068483831271	39
10.6450084650341	5.62189250316516	39
10.6070199172685	5.60316434011362	39
10.5688703898257	5.58450131000857	39
10.5305595043631	5.56590437701762	39
10.4920868823065	5.54737450862539	39
10.4534521448491	5.52891267563359	39
10.4146549129523	5.51051985216097	39
10.3756948073452	5.49219701564339	39
10.3365714485246	5.47394514683372	39
10.2972844567555	5.45576522980192	39
10.2578334520704	5.43765825193501	39
10.2182180542699	5.41962520393705	39
10.1784378829223	5.40166707982922	39
10.1384925573639	5.38378487694971	39
10.0983816966987	5.36597959595376	39
10.0581049197986	5.34825224081374	39
10.0176618453034	5.33060381881903	39
9.97705209162072	5.31303534057608	39
9.93627527692603	5.29554782000842	39
9.89533101916265	5.27814227435665	39
9.85421893604175	5.26081972417837	39
9.81293864504237	5.24358119334833	39
9.77148976341137	5.22642770905829	39
9.72987190816349	5.20936030181708	39
9.68808469608132	5.19238000545059	39
9.64612774371528	5.17548785710181	39
9.60400066738367	5.15868489723072	39
9.56170308317261	5.14197216961445	39
9.5192346069361	5.12535072134713	39
9.47659485429597	5.10882160283995	39
9.43378344064194	5.09238586782121	39
9.39079998113152	5.07604457333626	39
9.34764409069013	5.05979877974745	39
9.30431538401102	5.04364955073431	39
9.26081347555526	5.02759795329332	39
9.21713797955184	5.01164505773807	39
9.17328850999754	4.99579193769924	39
9.12926468065701	4.98003967012451	39
9.08506610506278	4.96438933527869	39
9.04069239651519	4.9488420167436	39
8.99614316808246	4.93339880141815	39
8.95141803260065	4.9180607795183	39
8.90651660267368	4.90282904457708	39
8.8614384906733	4.8877046934446	39
8.81618330873914	4.87268882628799	39
8.77075066877866	4.85778254659148	39
8.72514018246719	4.84298696115637	39
8.67935146124791	4.82830318010097	39
8.63338411633183	4.81373231686068	39
8.58723775869783	4.799275488188	39
8.54091199909264	4.78493381415245	39
8.49440644803085	4.77070841814062	39
8.44772071579487	4.75660042685617	39
8.400854412435	4.74261097031984	39
8.35380714776937	4.72874118186937	39
8.30657853138397	4.71499219815966	39
8.25916817263264	4.70136515916258	39
8.21157568063706	4.68786120816711	39
8.16380066428679	4.6744814917793	39
8.11584273223921	4.66122715992223	39
8.06770149291958	4.64809936583606	39
8.01937655452098	4.63509926607803	39
7.97086752500437	4.62222802052241	39
7.92217401209855	4.60948679236056	39
7.87329562330017	4.59687674810089	39
7.82423196587375	4.58439905756887	39
7.77498264685163	4.57205489390703	39
7.72554727303402	4.55984543357501	39
7.67592545098899	4.54777185634943	39
7.62611678705244	4.53583534532402	39
7.57612088732815	4.52403708690958	39
7.52593735768772	4.51237827083398	39
7.47556580377062	4.50086009014212	39
7.42500583098418	4.48948374119596	39
7.37425704450356	4.47825042367457	39
7.32331904927178	4.46716134057404	39
7.27219144999973	4.45621769820753	39
7.22087385116613	4.44542070620529	39
7.16936585701755	4.43477157751457	39
7.11766707156842	4.42427152839978	39
7.06577709860103	4.41392177844232	39
7.01369554166552	4.40372355054064	39
6.96142200407986	4.39367807091031	39
6.90895608892989	4.38378656908395	39
6.8562973990693	4.37405027791118	39
6.80344553711964	4.36447043355878	39
6.75040010547029	4.35504827551054	39
6.6971607062785	4.34578504656729	39
6.64372694146936	4.33668199284699	39
6.59009841273583	4.32774036378459	39
6.5362747215387	4.31896141213214	39
6.48225546910662	4.31034639395878	39
6.4280402564361	4.30189656865064	39
6.37362868429148	4.29361319891098	39
6.31902035320499	4.28549755076011	39
6.26421486347667	4.27755089353537	39
6.20921181517444	4.26977449989117	39
6.15401080813406	4.26216964579904	39
6.09861144195913	4.25473761054749	39
6.04301331602114	4.24747967674216	39
5.98721602945939	4.24039713030571	39
5.93121918118105	4.23349126047787	39
5.87502236986115	4.22676335981545	39
5.81862519394255	4.22021472419232	39
5.76202725163599	4.21384665279942	39
5.70522814092003	4.20766044814471	39
5.64822745954111	4.20165741605325	39
5.5910248050135	4.19583886566717	39
5.53361977461934	4.19020610944564	39
5.47601196540861	4.18476046316488	39
5.41820097419915	4.17950324591823	39
5.36018639757663	4.17443578011604	39
5.30196783189461	4.16955939148573	39
5.24354487327446	4.16487540907181	39
5.18491711760544	4.16038516523583	39
5.12608416054464	4.15608999565641	39
5.067045597517	4.15199123932923	39
5.00780102371532	4.14809023856702	39
4.94835003410025	4.1443883389996	39
4.88869222340028	4.14088688957385	39
4.82882718611179	4.13758724255367	39
4.76875451649896	4.13449075352009	39
4.70847380859385	4.13159878137116	39
4.64798465619638	4.12891268832199	39
4.58728665287429	4.12643383990476	39
4.52637939196322	4.12416360496874	39
4.46526246656661	4.12210335568023	39
4.40393546955578	4.12025446752258	39
4.3423979935699	4.11861831929626	39
4.280649631016	4.11719629311876	39
4.21868997406893	4.11598977442462	39
4.15651861467142	4.11500015196548	39
4.09413514453405	4.11422881781003	39
4.03153915513524	4.11367716734401	39
3.96873023772127	4.11334659927025	39
3.90570798330627	4.11323851560861	39
3.84247198267222	4.11335432169603	39
3.77902182636895	4.11369542618651	39
3.71535710471416	4.11426324105113	39
3.65147740779337	4.11505918157799	39
3.58738232545997	4.11608466637231	39
3.5230714473352	4.11734111735632	39
3.45854436280816	4.11882995976934	39
3.39380066103579	4.12055262216776	39
3.32883993094289	4.12251053642502	39
3.26366176122209	4.12470513773161	39
3.19826574033391	4.1271378645951	39
3.13265145650669	4.12981015884013	39
3.06681849773664	4.13272346560838	39
3.0007664517878	4.13587923335864	39
2.93449490619209	4.13927891386667	39
2.86800344824926	4.1429239622254	39
2.80129166502693	4.14681583684476	39
2.73435914336055	4.15095599945175	39
2.66720546985344	4.15534591509044	39
2.59983023087676	4.15998705212198	39
2.53223301256953	4.16488088222455	39
2.46441340083863	4.17002888039341	39
2.39637098135876	4.1754325249409	39
2.3281053395725	4.18109329749636	39
2.25961606069027	4.18701268300628	39
2.19090272969036	4.19319216973416	39
2.12196493131889	4.19963324926058	39
2.05280225008983	4.20633741648315	39
1.98341427028502	4.21330616961659	39
1.91380057595415	4.22054101019265	39
1.84396075091474	4.22804344306016	39
1.77389437875219	4.235814976385	39
1.70360104281972	4.24385712165014	39
1.63308032623844	4.25217139365559	39
1.56233181189728	4.26075931051841	39
1.49135508245303	4.26962239367273	39
1.42014972033035	4.27876216786978	39
1.34871530772173	4.28818016117781	39
1.27705142658752	4.29787790498214	39
1.20515765865591	4.30785693398519	39
