1.20515765865591	4.57786998207119	50
1.1921002262679	4.57976787362481	50
1.17906126073989	4.5817887424667	50
1.16604192026819	4.58393240909161	50
1.1530433613059	4.58619868308668	50
1.14006673846019	4.58858736314833	50
1.12711320438973	4.5910982371002	50
1.11418390970232	4.59373108191194	50
1.10128000285266	4.59648566371906	50
1.08840263004038	4.59936173784367	50
1.07555293510818	4.60235904881623	50
1.06273205944027	4.60547733039827	50
1.04994114186096	4.60871630560597	50
1.03718131853351	4.61207568673483	50
1.0244537228592	4.61555517538519	50
1.01175948537667	4.61915446248876	50
0.999099733661496	4.62287322833603	50
0.986475592226023	4.62671114260474	50
0.973888182419488	4.63066786438914	50
0.961338622328412	4.63474304223031	50
0.948828026677284	4.63893631414741	50
0.93635750672955	4.64324730766978	50
0.923928170188894	4.64767563987005	50
0.911541121100857	4.65222091739813	50
0.899197459754763	4.65688273651621	50
0.886898282585984	4.66166068313455	50
0.874644682078551	4.66655433284832	50
0.862437746668113	4.67156325097523	50
0.850278560645255	4.67668699259424	50
0.838168204059185	4.68192510258496	50
0.826107752621798	4.68727711566821	50
0.814098277612126	4.69274255644721	50
0.802140845781179	4.69832093944993	50
0.790236519257192	4.70401176917213	50
0.778386355451278	4.70981454012141	50
0.766591406963504	4.71572873686209	50
0.754852721489397	4.72175383406103	50
0.743171341726873	4.72788929653427	50
0.731548305283626	4.73413457929454	50
0.719984644584959	4.74048912759972	50
0.708481386782077	4.74695237700208	50
0.69703955366085	4.75352375339845	50
0.685660161551056	4.76020267308118	50
0.674344221236097	4.76698854279	50
0.663092737863223	4.77388075976472	50
0.651906710854243	4.78087871179879	50
0.640787133816756	4.78798177729364	50
0.629734994455888	4.79518932531393	50
0.618751274486562	4.80250071564356	50
0.607836949546295	4.80991529884256	50
0.596992989108535	4.8174324163048	50
0.58622035639655	4.82505140031643	50
0.575520008297866	4.83277157411523	50
0.56489289527927	4.84059225195074	50
0.554339961302389	4.84851273914512	50
0.543862143739837	4.8565323321549	50
0.533460373291951	4.86465031863347	50
0.52313557390413	4.87286597749433	50
0.512888662684753	4.88117857897515	50
0.502720549823722	4.88958738470261	50
0.492632138511617	4.89809164775796	50
0.48262432485946	4.90669061274338	50
0.472697997819128	4.91538351584908	50
0.462854039104383	4.92416958492115	50
0.453093323112557	4.93304803953013	50
0.443416716846881	4.94201809104034	50
0.433825079839476	4.95107894267994	50
0.424319264074999	4.96022978961171	50
0.414900113914972	4.9694698190045	50
0.405568466022772	4.97879821010547	50
0.396325149289324	4.988214134313	50
0.387170984759465	4.99771675525025	50
0.378106785559018	5.00730522883948	50
0.369133356822567	5.01697870337703	50
0.360251495621938	5.02673631960895	50
0.351461990895397	5.03657721080736	50
0.342765623377577	5.04650050284739	50
0.334163165530124	5.05650531428487	50
0.325655381473085	5.0665907564346	50
0.317243026917031	5.07675593344929	50
0.308926849095936	5.08699994239914	50
0.300707586700799	5.09732187335206	50
0.29258596981403	5.10772080945443	50
0.284562719844602	5.11819582701264	50
0.276638549463967	5.12874599557506	50
0.268814162542757	5.13937037801471	50
0.261090254088261	5.15006803061252	50
0.253467510182687	5.16083800314112	50
0.245946607922224	5.17167933894928	50
0.238528215356898	5.18259107504687	50
0.231212991431231	5.1935722421904	50
0.224001585925709	5.2046218649691	50
0.216894639399065	5.2157389618916	50
0.209892783131384	5.22692254547306	50
0.202996639068025	5.23817162232292	50
0.196206819764377	5.24948519323314	50
0.189523928331451	5.26086225326694	50
0.182948558382305	5.27230179184804	50
0.176481293979317	5.2838027928505	50
0.170122709582305	5.2953642346889	50
0.163873369997502	5.30698509040914	50
0.157733830327385	5.31866432777962	50
0.151704635921365	5.33040090938292	50
0.145786322327352	5.34219379270804	50
0.13997941524418	5.35404193024286	50
0.13428443047491	5.36594426956732	50
0.128701873881021	5.37789975344681	50
0.123232241337467	5.38990731992613	50
0.117876018688636	5.40196590242379	50
0.112633681705195	5.41407442982678	50
0.107505696041827	5.42623182658566	50
0.102492517195868	5.43843701281018	50
0.0975945904668494	5.45068890436512	50
0.092812350916945	5.46298641296662	50
0.0881462233323225	5.47532844627888	50
0.0835966221854134	5.48771390801112	50
0.0791639515980986	5.50014169801502	50
0.0748486053058095	5.51261071238242	50
0.0706509666225552	5.52511984354336	50
0.0665714084068756	5.53766798036448	50
0.0626102930287189	5.55025400824773	50
0.0587679723372567	5.56287680922931	50
0.0550447876296305	5.57553526207907	50
0.0514410696206324	5.58822824240004	50
0.0479571384133337	5.6009546227283	50
0.0445933034706494	5.61371327263317	50
0.0413498635878478	5.6265030588176	50
0.0382271068660136	5.63932284521883	50
0.0352253106864557	5.65217149310929	50
0.0323447416860667	5.6650478611978	50
0.0295856557336409	5.67795080573088	50
0.0269482979071465	5.69087918059441	50
0.0244329024719545	5.70383183741536	50
0.0220396928600322	5.71680762566387	50
0.0197688816500947	5.7298053927554	50
0.0176206705487241	5.74282398415311	50
0.0155952503724512	5.75586224347045	50
0.0136928010308077	5.76891901257385	50
0.0119134915103438	5.78199313168555	50
0.0102574798596196	5.79508343948672	50
0.00872491317516499	5.80818877322054	50
0.00731592758841448	5.82130796879546	50
0.00603064825361477	5.83443986088869	50
0.00486918933670766	5.84758328304964	50
0.00383165400519014	5.86073706780357	50
0.00291813441894928	5.87390004675525	50
0.00212871172207718	5.88707105069278	50
0.00146345603566189	5.90024890969143	50
0.000922426451560376	5.91343245321758	50
0.000505671027148269	5.92662051023266	50
0.000213226781052178	5.93981190929719	50
4.51196898612061e-05	5.95300547867483	50
1.36468581879434e-06	5.96620004643647	50
8.19656554977843e-05	5.9793944405643	50
0.000286915439454027	5.99258748905594	50
0.000616195832862321	6.00577802002854	50
0.00106977758713445	6.01896486182289	50
0.00164762041251598	6.03214684310742	50
0.00234967298166655	6.04532279298236	50
0.00317587293421751	6.05849154108365	50
0.00412614688231172	6.07165191768694	50
0.00520041041712238	6.08480275381147	50
0.0063985681163512	6.09794288132397	50
0.0077205135527032	6.11107113304231	50
0.00916612930334137	6.12418634283927	50
0.0107352869603157	6.13728734574608	50
0.0124278471419703	6.15037297805591	50
0.0142436595053232	6.16344207742725	50
0.0161825627594212	6.17649348298711	50
0.0182443846796663	6.1895260354342	50
0.0204289421231139	6.20253857714184	50
0.0227360410447399	6.21552995226084	50
0.0251654765146794	6.22849900682214	50
0.027717032736426	6.24144458883934	50
0.0303904830660027	6.25436554841099	50
0.0331855900320932	6.26726073782273	50
0.0361021053571353	6.2801290116493	50
0.0391397699793739	6.2929692268562	50
0.0422983140758735	6.30578024290128	50
0.0455774570864844	6.31856092183602	50
0.0489769077387636	6.3313101284066	50
0.0524963640738492	6.34402673015479	50
0.0561355134732786	6.3567095975185	50
0.0598940326867607	6.36935760393211	50
0.0637715878608871	6.38196962592655	50
0.0677678345687862	6.39454454322912	50
0.0718824178407191	6.40708123886294	50
0.0761149721956089	6.41957859924622	50
0.0804651216735039	6.43203551429116	50
0.0849324798689752	6.44445087750253	50
0.0895166499654372	6.45682358607597	50
0.0942172247703952	6.46915254099599	50
0.0990337867516162	6.48143664713351	50
0.103965908074216	6.49367481334319	50
0.109013150638659	6.50586595256036	50
0.114175066119678	6.51800898189754	50
0.119451196006093	6.53010282274065	50
0.12484107164154	6.54214640084481	50
0.130344214266102	6.5541386464298	50
0.135960135058829	6.566078494275	50
0.141688335181166	6.5779648838141	50
0.147528305821256	6.58979675922924	50
0.153479528239141	6.60157306954486	50
0.159541473812834	6.61329276872097	50
0.165713604085278	6.62495481574611	50
0.171995370812176	6.63655817472986	50
0.178386216010683	6.64810181499475	50
0.184885572008979	6.65958471116794	50
0.191492861496682	6.67100584327218	50
0.198207497576137	6.68236419681648	50
0.205028883814541	6.69365876288619	50
0.211956414296929	6.70488853823267	50
0.218989473679986	6.71605252536233	50
0.226127437246711	6.72714973262528	50
0.23336967096191	6.7381791743034	50
0.240715531528507	6.74913987069793	50
0.248164366444694	6.76003084821642	50
0.255715514061882	6.77085113945927	50
0.263368303643479	6.78159978330566	50
0.271122055424464	6.79227582499889	50
0.278976080671773	6.80287831623121	50
0.286929681745469	6.81340631522804	50
0.294982152160717	6.82385888683164	50
0.303132776650534	6.83423510258415	50
0.311380831229325	6.84453404081011	50
0.319725583257192	6.85475478669826	50
0.328166291505009	6.86489643238286	50
0.336702206220264	6.8749580770243	50
0.345332569193658	6.88493882688913	50
0.354056613826449	6.89483779542942	50
0.36287356519855	6.90465410336157	50
0.371782640137358	6.91438687874435	50
0.380783047287326	6.92403525705635	50
0.389873987180249	6.93359838127284	50
0.399054652306279	6.94307540194183	50
0.408324227185659	6.95246547725954	50
0.417681888441149	6.9617677731452	50
0.42712680487117	6.97098146331508	50
0.436658137523632	6.98010572935597	50
0.446275039770459	6.98913976079779	50
0.455976657382787	6.99808275518563	50
0.465762128606844	7.00693391815102	50
0.475630584240495	7.01569246348249	50
0.485581147710451	7.0243576131954	50
0.495612935150129	7.03292859760105	50
0.505725055478162	7.04140465537504	50
0.515916610477557	7.04978503362492	50
0.526186694875468	7.05806898795704	50
0.536534396423616	7.06625578254266	50
0.546958795979319	7.07434469018337	50
0.557458967587131	7.0823349923756	50
0.568033978561101	7.09022597937452	50
0.578682889567606	7.09801695025705	50
0.589404754708796	7.10570721298409	50
0.600198621606618	7.11329608446204	50
0.6110635314874	7.12078289060346	50
0.621998519267024	7.12816696638694	50
0.63300261363665	7.13544765591617	50
0.64407483714899	7.14262431247823	50
0.655214206305128	7.14969629860095	50
0.666419731641889	7.15666298610966	50
0.67769041781972	7.16352375618288	50
0.689025263711106	7.17027799940735	50
0.700423262489498	7.17692511583212	50
0.711883401718738	7.1834645150219	50
0.723404663442996	7.18989561610942	50
0.73498602427719	7.19621784784709	50
0.746626455497885	7.20243064865777	50
0.758324923134673	7.20853346668453	50
0.770080388062019	7.21452575983979	50
0.781891806091557	7.22040699585345	50
0.793758128064839	7.2261766523201	50
0.805678299946539	7.23183421674549	50
0.817651262918066	7.23737918659205	50
0.829675953471618	7.24281106932348	50
0.841751303504655	7.24812938244856	50
0.853876240414764	7.25333365356397	50
0.866049687194941	7.25842342039624	50
0.878270562529257	7.26339823084287	50
0.890537780888901	7.26825764301243	50
0.902850252628607	7.27300122526381	50
0.915206884083446	7.27762855624463	50
0.927606577665962	7.28213922492859	50
0.940048231963676	7.28653283065202	50
0.952530741836914	7.29080898314945	50
0.965052998516975	7.29496730258829	50
0.977613889704614	7.29900741960256	50
0.990212299668849	7.30292897532572	50
1.00284710934606	7.3067316214225	50
1.0155171964394	7.3104150201199	50
1.02822143551847	7.31397884423714	50
1.04095869811929	7.31742277721477	50
1.05372785284457	7.32074651314272	50
1.06652776546413	7.32394975678758	50
1.07935729901573	7.32703222361872	50
1.09221531390603	7.32999363983359	50
1.10510066801178	7.3328337423821	50
1.11801221678134	7.33555227898992	50
1.13094881333629	7.3381490081809	50
1.14390930857332	7.34062369929855	50
1.1568925512663	7.34297613252648	50
1.16989738816855	7.34520609890799	50
1.18292266411526	7.34731340036455	50
1.1959672221261	7.34929784971347	50
1.21897353074203	7.35256960668514	50
1.23278903396997	7.35453326286792	50
1.24660416833974	7.35651154309592	50
1.26041893385132	7.35850444736914	50
1.27423333050473	7.36051197568759	50
1.28804735829996	7.36253412805126	50
1.30186101723701	7.36457090446014	50
1.31567430731588	7.36662230491427	50
1.32948722853657	7.3686883294136	50
1.34329978089909	7.37076897795816	50
1.35711196440342	7.37286425054795	50
1.37092377904958	7.37497414718295	50
1.38473522483756	7.37709866786317	50
1.39854630176736	7.37923781258863	50
1.41235700983898	7.3813915813593	50
1.42616734905243	7.3835599741752	50
1.43997731940769	7.38574299103632	50
1.45378692090478	7.38794063194267	50
1.46759615354369	7.39015289689423	50
1.48140501732442	7.39237978589102	50
1.49521351224697	7.39462129893303	50
1.50902163831134	7.39687743602026	50
1.52282939551754	7.39914819715272	50
1.53663678386555	7.40143358233041	50
1.55044380335539	7.4037335915533	50
1.56425045398705	7.40604822482143	50
1.57805673576053	7.40837748213477	50
1.59186264867583	7.41072136349335	50
1.60566819273296	7.41307986889714	50
1.6194733679319	7.41545299834616	50
1.63327817427267	7.4178407518404	50
1.64708261175526	7.42024312937986	50
1.66088668037967	7.42266013096454	50
1.6746903801459	7.42509175659445	50
1.68849371105395	7.42753800626959	50
1.70229667310383	7.42999887998994	50
1.71609926629552	7.43247437775552	50
1.72990149062904	7.43496449956631	50
1.74370334610438	7.43746924542234	50
1.75750483272154	7.43998861532358	50
1.77130595048052	7.44252260927006	50
1.78510669938133	7.44507122726174	50
1.79890707942395	7.44763446929866	50
1.8127070906084	7.4502123353808	50
1.82650673293467	7.45280482550815	50
1.84030600640276	7.45541193968074	50
1.85410491101267	7.45803367789854	50
1.8679034467644	7.46067004016157	50
1.88170161365796	7.46332102646982	50
1.89549941169333	7.4659866368233	50
1.90929684087053	7.46866687122199	50
1.92309390118955	7.47136172966592	50
1.93689059265039	7.47407121215505	50
1.95068691525305	7.47679531868942	50
1.96448286899754	7.47953404926901	50
1.97827845388384	7.48228740389382	50
1.99207366991197	7.48505538256385	50
2.00586851708192	7.48783798527911	50
2.01966299539369	7.49063521203959	50
2.03345710484728	7.49344706284529	50
2.04725084544269	7.49627353769621	50
2.06104421717993	7.49911463659236	50
2.07483722005898	7.50197035953373	50
2.08862985407986	7.50484070652033	50
2.10242211924256	7.50772567755214	50
2.11621401554708	7.51062527262918	50
2.13000554299342	7.51353949175144	50
2.14379670158159	7.51646833491893	50
2.15758749131157	7.51941180213164	50
2.17137791218338	7.52236989338957	50
2.18516796419701	7.52534260869272	50
2.19895764735246	7.5283299480411	50
2.21274696164973	7.53133191143469	50
2.22653590708882	7.53434849887351	50
2.24032448366974	7.53737971035756	50
2.25411269139247	7.54042554588683	50
2.26790053025703	7.54348600546132	50
2.28168800026341	7.54656108908103	50
2.29547510141161	7.54965079674597	50
2.30926183370163	7.55275512845613	50
2.32304819713348	7.55587408421151	50
2.33683419170714	7.55900766401212	50
2.35061981742263	7.56215586785795	50
2.36440507427994	7.56531869574899	50
2.37818996227907	7.56849614768527	50
2.39197448142002	7.57168822366676	50
2.40575863170279	7.57489492369348	50
2.41954241312739	7.57811624776542	50
2.4333258256938	7.58135219588259	50
2.44710886940204	7.58460276804497	50
2.4608915442521	7.58786796425259	50
2.47467385024398	7.59114778450542	50
2.48845578737768	7.59444222880348	50
2.50223735565321	7.59775129714676	50
2.51601855507055	7.60107498953526	50
2.52979938562972	7.60441330596898	50
2.54357984733071	7.60776624644792	50
2.55735994017352	7.6111338109721	50
2.57113966415815	7.61451599954149	50
2.5849190192846	7.61791281215611	50
2.59869800555288	7.62132424881595	50
2.61247662296297	7.624750309521	50
2.62625487151489	7.62819099427129	50
2.64003275120863	7.63164630306679	50
2.65381026204419	7.63511623590752	50
2.66758740402157	7.63860079279348	50
2.68136417714078	7.64209997372465	50
2.6951405814018	7.64561377870106	50
2.70891661680465	7.64914220772268	50
2.72269228334932	7.65268526078952	50
2.73646758103581	7.6562429379016	50
2.75024250986412	7.65981523905888	50
2.76401706983425	7.66340216426139	50
2.77779126094621	7.66700371350912	50
2.79156508319998	7.67061988680209	50
2.80533853659558	7.67425068414027	50
2.819111621133	7.67789610552367	50
2.83288433681224	7.6815561509523	50
2.8466566836333	7.68523082042615	50
2.86042866159619	7.68892011394522	50
2.87420027070089	7.69262403150952	50
2.88797151094742	7.69634257311904	50
2.90174238233577	7.70007573877378	50
2.91551288486594	7.70382352847374	50
2.92928301853793	7.70758594221893	50
2.94305278335174	7.71136298000934	50
2.95682217930738	7.71515464184497	50
2.97059120640483	7.71896092772583	50
2.98435986464411	7.72278183765191	50
2.99812815402521	7.72661737162321	50
3.01189607454813	7.73046752963973	50
3.02566362621287	7.73433231170147	50
3.03943080901944	7.73821171780845	50
3.05319762296782	7.74210574796064	50
3.06696406805803	7.74601440215806	50
3.08073014429006	7.74993768040069	50
3.09449585166391	7.75387558268856	50
3.10826119017958	7.75782810902164	50
3.12202615983707	7.76179525939995	50
3.13579076063639	7.76577703382348	50
3.14955499257752	7.76977343229223	50
3.16331885566048	7.7737844548062	50
3.17708234988526	7.7778101013654	50
3.19084547525186	7.78185037196982	50
3.20460823176028	7.78590526661947	50
3.21837061941053	7.78997478531434	50
3.23213263820259	7.79405892805442	50
3.24589428813648	7.79815769483974	50
3.25965556921219	7.80227108567027	50
3.27341648142972	7.80639910054603	50
3.28717702478907	7.81054173946701	50
3.30093719929024	7.81469900243322	50
3.31469700493324	7.81887088944464	50
3.32845644171805	7.82305740050128	50
3.34221550964469	7.82725853560316	50
3.35597420871315	7.83147429475025	50
3.36973253892343	7.83570467794257	50
3.38349050027553	7.83994968518012	50
3.39724809276946	7.84420931646288	50
3.4110053164052	7.84848357179087	50
3.42476217118277	7.85277245116408	50
3.43851865710216	7.85707595458251	50
3.45227477416337	7.86139408204616	50
3.4660305223664	7.86572683355504	50
3.47978590171125	7.87007420910914	50
3.49354091219793	7.87443620870846	50
3.50729555382642	7.87881283235301	50
3.52104982659674	7.88320408004278	50
3.53480373050888	7.88760995177777	50
3.54855726556284	7.89203044755799	50
3.56231043175862	7.89646556738342	50
3.57606322909623	7.90091531125408	50
3.58981565757565	7.90537967916997	50
3.6035677171969	7.90985867113108	50
3.61731940795997	7.9143522871374	50
3.63107072986486	7.91886052718895	50
3.64482168291157	7.92338339128573	50
3.6585722671001	7.92792087942773	50
3.67232248243046	7.93247299161495	50
3.68607232890263	7.93703972784739	50
3.69982180651663	7.94162108812506	50
3.71357091527245	7.94621707244794	50
3.72731965517009	7.95082768081606	50
3.74106802620955	7.95545291322939	50
3.75481602839084	7.96009276968795	50
3.76856366171394	7.96474725019173	50
3.78231092617887	7.96941635474074	50
3.79605782178562	7.97410008333496	50
3.80980434853419	7.9787984359744	50
3.82355050642458	7.98351141265908	50
3.83729629545679	7.98823901338898	50
3.85104171563083	7.99298123816409	50
3.86478676694668	7.99773808698443	50
3.87853144940436	8.00250955985	50
3.89227576300386	8.00729565676078	50
3.90601970774518	8.01209637771679	50
3.91976328362832	8.01691172271803	50
3.93350649065329	8.02174169176448	50
3.94724932882007	8.02658628485616	50
3.96099179812868	8.03144550199305	50
3.97473389857911	8.03631934317518	50
3.98847563017136	8.04120780840253	50
4.00221699290543	8.04611089767509	50
4.01595798678132	8.05102861099289	50
4.02969861179904	8.0559609483559	50
4.04343886795857	8.06090790976413	50
4.05717875525993	8.0658694952176	50
4.07091827370311	8.07084570471628	50
4.08465742328811	8.07583653826019	50
4.09839620401493	8.08084199584931	50
4.11213461588358	8.08586207748367	50
4.12587265889404	8.09089678316324	50
4.13961033304633	8.09594611288804	50
4.15334763834044	8.10101006665806	50
4.16708457477637	8.1060886444733	50
4.18082114235412	8.11118184633376	50
4.19455734107369	8.11628967223945	50
4.20829317093509	8.12141212219036	50
4.2220286319383	8.1265491961865	50
4.23576372408334	8.13170089422786	50
4.2494984473702	8.13686721631444	50
4.26323280179888	8.14204816244624	50
4.27696678736938	8.14724373262327	50
4.29070040408171	8.15245392684551	50
4.30443365193585	8.15767874511298	50
4.31816653093182	8.16291818742568	50
4.33189904106961	8.1681722537836	50
4.34563118234922	8.17344094418674	50
4.35936295477065	8.1787242586351	50
4.3730943583339	8.18402219712868	50
4.38682539303898	8.1893347596675	50
4.40055605888587	8.19466194625152	50
4.41428635587459	8.20000375688078	50
4.42801628400513	8.20536019155525	50
4.44174584327749	8.21073125027495	50
4.45547503369167	8.21611693303988	50
4.46920385524768	8.22151723985002	50
4.4829323079455	8.22693217070539	50
4.49666039178515	8.23236172560598	50
4.51038810676662	8.2378059045518	50
4.52411545288991	8.24326470754283	50
4.53784243015502	8.24873813457909	50
4.55156903856195	8.25422618566057	50
4.56529527811071	8.25972886078728	50
4.57902114880128	8.2652461599592	50
4.59274665063368	8.27077808317636	50
4.6064717836079	8.27632463043873	50
4.62019654772394	8.28188580174633	50
4.6339209429818	8.28746159709915	50
4.64764496938148	8.29305201649719	50
4.66136862692299	8.29865705994046	50
4.67509191560632	8.30427672742894	50
4.68881483543147	8.30991101896265	50
4.70253738639844	8.31555993454159	50
4.71625956850723	8.32122347416575	50
4.72998138175784	8.32690163783512	50
4.74370282615028	8.33259442554973	50
4.75742390168453	8.33830183730955	50
4.77114460836061	8.3440238731146	50
4.78486494617851	8.34976053296487	50
4.79858491513823	8.35551181686036	50
4.81230451523977	8.36127772480108	50
4.82602374648314	8.36705825678702	50
4.83974260886832	8.37285341281818	50
4.85346110239533	8.37866319289456	50
4.86717922706416	8.38448759701618	50
4.88089698287481	8.39032662518301	50
4.89461436982728	8.39618027739506	50
4.90833138792157	8.40204855365234	50
4.92204803715768	8.40793145395484	50
4.93576431753562	8.41382897830256	50
4.94948022905538	8.4197411266955	50
4.96319577171696	8.42566789913367	50
4.97691094552036	8.43160929561706	50
4.99062575046558	8.43756531614567	50
5.00434018655262	8.44353596071951	50
5.01805425378149	8.44952122933857	50
5.03176795215218	8.45552112200285	50
5.04548128166469	8.46153563871236	50
5.05919424231902	8.46756477946708	50
5.07290683411517	8.47360854426704	50
5.08661905705314	8.47966693311221	50
5.10033091113293	8.4857399460026	50
5.11404239635455	8.49182758293822	50
5.12775351271799	8.49792984391906	50
5.14146426022325	8.50404672894513	50
5.15517463887033	8.51017823801642	50
5.16888464865923	8.51632437113293	50
5.18259428958995	8.52248512829466	50
5.1963035616625	8.52866050950162	50
5.21001246487687	8.53485051475379	50
5.22372099923305	8.5410551440512	50
5.23742916473106	8.54727439739382	50
5.2511369613709	8.55350827478166	50
5.26484438915255	8.55975677621474	50
5.27855144807602	8.56601990169303	50
5.29225813814132	8.57229765121655	50
5.30596445934844	8.57859002478529	50
5.31967041169738	8.58489702239925	50
5.33337599518814	8.59121864405843	50
5.34708120982072	8.59755488976284	50
5.36078605559512	8.60390575951247	50
5.37449053251135	8.61027125330732	50
5.3881946405694	8.6166513711474	50
5.40189837976926	8.6230461130327	50
5.41560175011095	8.62945547896322	50
5.42930475159447	8.63587946893896	50
5.4430073842198	8.64231808295993	50
5.45670964798695	8.64877132102612	50
5.47041154289593	8.65523918313754	50
5.48411306894673	8.66172166929417	50
5.49781422613934	8.66821877949603	50
5.51151501447379	8.67473051374311	50
5.52521543395005	8.68125687203542	50
5.53891548456813	8.68779785437294	50
5.55261516632804	8.69435346075569	50
5.56631447922976	8.70092369118367	50
5.58001342327331	8.70750854565686	50
5.59371199845868	8.71410802417528	50
5.60741020478588	8.72072212673892	50
5.62110804225489	8.72735085334779	50
5.63480551086572	8.73399420400187	50
5.64850261061838	8.74065217870118	50
5.66219934151286	8.74732477744571	50
5.67589570354915	8.75401200023547	50
5.68959169672728	8.76071384707045	50
5.70328732104722	8.76743031795065	50
5.71698257650898	8.77416141287607	50
5.73067746311257	8.78090713184672	50
5.74437198085797	8.78766747486259	50
5.7580661297452	8.79444244192369	50
5.77175990977425	8.80123203303	50
5.78545332094513	8.80803624818153	50
5.79914636325782	8.8148550873783	50
5.81283903671233	8.82168855062029	50
5.82653134130867	8.82853663790749	50
5.84022327704682	8.83539934923991	50
5.8539148439268	8.84227668461757	50
5.8676060419486	8.84916864404045	50
5.88129687111223	8.85607522750855	50
5.89498733141767	8.86299643502186	50
5.90867742286494	8.86993226658041	50
5.92236714545402	8.87688272218418	50
5.93605649918493	8.88384780183317	50
5.94974548405766	8.89082750552738	50
5.96343410007221	8.89782183326681	50
5.97712234722859	8.90483078505147	50
5.99081022552678	8.91185436088135	50
6.0044977349668	8.91889256075646	50
6.01818487554864	8.92594538467678	50
6.03187164727229	8.93301283264233	50
6.04555805013777	8.9400949046531	50
6.05924408414508	8.9471916007091	50
6.0729297492942	8.95430292081032	50
6.08661504558515	8.96142886495676	50
6.10029997301791	8.96856943314842	50
6.1139845315925	8.97572462538531	50
6.12766872130891	8.98289444166742	50
6.14135254216714	8.99007888199475	50
6.15503599416719	8.99727794636731	50
6.16871907730907	9.00449163478508	50
6.18240179159277	9.01171994724808	50
6.19608413701828	9.0189628837563	50
6.20976611358562	9.02622044430976	50
6.22344772129478	9.03349262890843	50
6.23712896014576	9.04077943755232	50
6.25080983013857	9.04808087024144	50
6.2644903312732	9.05539692697577	50
6.27817046354964	9.06272760775533	50
6.29185022696791	9.07007291258012	50
6.305529621528	9.07743284145012	50
6.31920864722991	9.08480739436535	50
6.33288730407364	9.09219657132581	50
6.3465655920592	9.09960037233147	50
6.36024351118657	9.10701879738237	50
6.37392106145577	9.1144518464785	50
6.38759824286679	9.12189951961984	50
6.40127505541963	9.12936181680641	50
6.41495149911429	9.13683873803819	50
6.42862757395078	9.14433028331521	50
6.44230327992909	9.15183645263744	50
6.45597861704921	9.15935724600489	50
6.46965358531116	9.16689266341758	50
6.48332818471493	9.17444270487549	50
6.49700241526052	9.18200737037861	50
6.51067627694793	9.18958665992696	50
6.52434976977717	9.19718057352053	50
6.53802289374822	9.20478911115933	50
6.5516956488611	9.21241227284334	50
6.5653680351158	9.22005005857257	50
6.57904005251232	9.22770246834705	50
6.59271170105066	9.23536950216673	50
6.60638298073083	9.24305116003164	50
6.62005389155281	9.25074744194177	50
6.63372443351662	9.25845834789713	50
6.64739460662225	9.26618387789771	50
6.6610644108697	9.27392403194351	50
6.67473384625897	9.28167881003453	50
6.68840291279006	9.28944821217078	50
6.70207161046298	9.29723223835224	50
6.71573993927771	9.30503088857893	50
6.72940789923427	9.31284416285084	50
6.74307549033265	9.32067206116798	50
6.75674271257285	9.32851458353034	50
6.77040956595487	9.33637172993793	50
6.78407605047872	9.34424350039073	50
6.79774216614438	9.35212989488876	50
6.81140791295187	9.36003091343201	50
6.82507329090118	9.36794655602049	50
6.83873829999231	9.37587682265419	50
6.85240294022526	9.38382171333311	50
6.86606721160003	9.39178122805725	50
6.87973111411663	9.39975536682661	50
6.89339464777504	9.40774412964121	50
6.90705781257528	9.41574751650101	50
6.92072060851734	9.42376552740605	50
6.93438303560122	9.43179816235631	50
6.94804509382692	9.43984542135179	50
6.96170678319445	9.44790730439249	50
6.97536810370379	9.45598381147842	50
6.98902905535496	9.46407494260956	50
7.00268963814795	9.47218069778594	50
7.01634985208275	9.48030107700753	50
7.03000969715939	9.48843608027435	50
7.04366917337784	9.49658570758638	50
7.05732828073812	9.50474995894365	50
7.07098701924021	9.51292883434614	50
7.08464538888413	9.52112233379384	50
7.09830338966987	9.52933045728677	50
7.11196102159743	9.53755320482493	50
7.12561828466681	9.54579057640831	50
7.13927517887802	9.55404257203691	50
7.15293170423104	9.56230919171072	50
7.16658786072589	9.57059043542977	50
7.18024364836256	9.57888630319404	50
7.19389906714104	9.58719679500354	50
7.20755411706136	9.59552191085825	50
7.22120879812349	9.60386165075818	50
7.23486311032745	9.61221601470334	50
7.24851705367322	9.62058500269373	50
7.26217062816082	9.62896861472933	50
7.27582383379024	9.63736685081016	50
7.28947667056148	9.64577971093622	50
7.30312913847454	9.65420719510749	50
7.31678123752943	9.66264930332398	50
7.33043296772613	9.6711060355857	50
7.34408432906466	9.67957739189264	50
7.357735321545	9.68806337224481	50
7.37138594516717	9.6965639766422	50
7.38503619993117	9.70507920508481	50
7.39868608583698	9.71360905757264	50
7.41233560288461	9.7221535341057	50
7.42598475107407	9.73071263468398	50
7.43963353040535	9.73928635930748	50
7.45328194087845	9.7478747079762	50
7.46692998249337	9.75647768069015	50
7.48057765525011	9.76509527744933	50
7.49422495914867	9.77372749825372	50
7.50787189418906	9.78237434310333	50
7.52151846037127	9.79103581199817	50
7.53516465769529	9.79971190493823	50
7.54881048616114	9.80840262192352	50
7.56245594576882	9.81710796295403	50
7.57610103651831	9.82582792802976	50
7.58974575840962	9.83456251715071	50
7.60339011144276	9.84331173031689	50
7.61703409561772	9.85207556752829	50
7.6306777109345	9.86085402878491	50
7.6443209573931	9.86964711408675	50
7.65796383499352	9.87845482343382	50
7.67160634373576	9.88727715682612	50
7.68524848361983	9.89611411426363	50
7.69889025464571	9.90496569574636	50
7.71253165681342	9.91383190127432	50
7.72617269012295	9.92271273084751	50
7.7398133545743	9.93160818446592	50
7.75345365016748	9.94051826212954	50
7.76709357690247	9.94944296383839	50
7.78073313477929	9.95838228959247	50
7.79437232379792	9.96733623939176	50
7.80801114395838	9.97630481323628	50
7.82164959526066	9.98528801112602	50
7.83528767770477	9.99428583306099	50
7.84892539129069	10.0032982790412	50
7.86256273601844	10.0123253490666	50
7.876199711888	10.0213670431372	50
7.88983631889939	10.0304233612531	50
7.9034725570526	10.0394943034142	50
7.91710842634763	10.0485798696204	50
7.93074392678449	10.057680059872	50
7.94437905836316	10.0667948741687	50
7.95801382108366	10.0759243125107	50
7.97164821494597	10.0850683748979	50
7.98528223995011	10.0942270613303	50
7.99891589609607	10.1034003718079	50
8.01254918338386	10.1125883063308	50
8.02618210181346	10.1217908648989	50
8.03981465138488	10.1310080475122	50
8.05344683209813	10.1402398541707	50
8.0670786439532	10.1494862848745	50
8.08071008695009	10.1587473396235	50
8.0943411610888	10.1680230184177	50
8.10797186636933	10.1773133212571	50
8.12160220279169	10.1866182481417	50
8.13523217035586	10.1959377990716	50
8.14886176906186	10.2052719740467	50
8.16249099890968	10.214620773067	50
8.17611985989932	10.2239841961325	50
8.18974835203078	10.2333622432433	50
8.20337647530407	10.2427549143993	50
8.21700422971917	10.2521622096005	50
8.2306316152761	10.2615841288469	50
8.24425863197485	10.2710206721385	50
8.25788527981542	10.2804718394754	50
8.27151155879781	10.2899376308575	50
8.28513746892202	10.2994180462848	50
8.29876301018806	10.3089130857574	50
8.31238818259591	10.3184227492751	50
8.32601298614559	10.3279470368381	50
8.33963742083709	10.3374859484463	50
8.35326148667041	10.3470394840998	50
8.36688518364555	10.3566076437984	50
8.38050851176252	10.3661904275423	50
8.3941314710213	10.3757878353314	50
8.40775406142191	10.3853998671657	50
8.42137628296434	10.3950265230453	50
8.43499813564859	10.4046678029701	50
8.44861961947466	10.41432370694	50
8.46224073444255	10.4239942349553	50
8.47586148055227	10.4336793870157	50
8.4894818578038	10.4433791631214	50
8.50310186619716	10.4530935632722	50
8.51672150573234	10.4628225874684	50
8.53034077640934	10.4725662357097	50
8.54395967822816	10.4823245079962	50
8.5575782111888	10.492097404328	50
8.57119637529127	10.501884924705	50
8.58481417053556	10.5116870691272	50
8.59843159692167	10.5215038375947	50
8.6120486544496	10.5313352301073	50
8.62566534311935	10.5411812466652	50
8.63928166293092	10.5510418872683	50
8.65289761388432	10.5609171519167	50
8.66651319597953	10.5708070406102	50
8.68012840921657	10.580711553349	50
8.69374325359543	10.590630690133	50
8.70735772911611	10.6005644509622	50
8.72097183577861	10.6105128358367	50
8.73458557358293	10.6204758447564	50
8.74819894252908	10.6304534777213	50
8.76181194261705	10.6404457347314	50
8.77542457384683	10.6504526157867	50
8.78903683621844	10.6604741208873	50
8.80264872973187	10.6705102500331	50
8.81626025438713	10.6805610032241	50
8.8298714101842	10.6906263804603	50
8.8434821971231	10.7007063817418	50
8.85709261520382	10.7108010070684	50
8.87070266442636	10.7209102564403	50
8.88431234479072	10.7310341298575	50
8.8979216562969	10.7411726273198	50
8.9115305989449	10.7513257488274	50
8.92513917273473	10.7614934943802	50
8.93874737766637	10.7716758639782	50
8.95235521373984	10.7818728576214	50
8.96596268095513	10.7920844753099	50
8.97956977931224	10.8023107170436	50
8.99317650881118	10.8125515828225	50
9.00678286945193	10.8228070726466	50
9.02038886123451	10.833077186516	50
9.0339944841589	10.8433619244305	50
9.04759973822512	10.8536612863903	50
9.06120462343317	10.8639752723954	50
9.07480913978303	10.8743038824456	50
9.08841328727471	10.8846471165411	50
9.10201706590821	10.8950049746818	50
9.11562047568354	10.9053774568677	50
9.12922351660069	10.9157645630988	50
9.14282618865966	10.9261662933752	50
9.15642849186045	10.9365826476967	50
9.17003042620307	10.9470136260635	50
9.1836319916875	10.9574592284756	50
9.19723318831376	10.9679194549328	50
9.21083401608183	10.9783943054353	50
9.22443447499173	10.988883779983	50
9.23803456504345	10.9993878785759	50
9.251634286237	11.009906601214	50
9.26523363857236	11.0204399478974	50
9.27883262204954	11.030987918626	50
9.29243123666855	11.0415505133998	50
9.30602948242938	11.0521277322188	50
9.31962735933203	11.0627195750831	50
9.3332248673765	11.0733260419926	50
9.34682200656279	11.0839471329473	50
9.36041877689091	11.0945828479472	50
9.37401517836084	11.1052331869923	50
9.3876112109726	11.1158981500827	50
9.40120687472618	11.1265777372183	50
9.41480216962158	11.1372719483991	50
9.4283970956588	11.1479807836251	50
9.44199165283785	11.1587042428964	50
9.45558584115871	11.1694423262129	50
9.4691796606214	11.1801950335746	50
9.48277311122591	11.1909623649815	50
9.49636619297224	11.2017443204337	50
9.50995890586039	11.2125408999311	50
9.52355124989036	11.2233521034737	50
9.53714322506216	11.2341779310615	50
9.55073483137577	11.2450183826945	50
9.56432606883121	11.2558734583728	50
9.57791693742847	11.2667431580963	50
9.59150743716755	11.277627481865	50
9.60509756804845	11.2885264296789	50
9.61868733007118	11.2994400015381	50
9.63227672323572	11.3103681974425	50
9.64586574754209	11.3213110173921	50
9.65945440299028	11.3322684613869	50
9.67304268958029	11.3432405294269	50
9.68663060731212	11.3542272215122	50
9.70021815618577	11.3652285376427	50
9.71380533620125	11.3762444778184	50
9.72739214735854	11.3872750420394	50
9.74097858965766	11.3983202303055	50
9.7545646630986	11.4093800426169	50
9.76815036768136	11.4204544789735	50
9.78173570340594	11.4315435393753	50
9.79532067027234	11.4426472238224	50
9.80890526828057	11.4537655323147	50
9.82248949743062	11.4648984648522	50
9.83607335772249	11.4760460214349	50
9.84965684915617	11.4872082020628	50
9.86323997173169	11.498385006736	50
9.87682272544902	11.5095764354544	50
9.89040511030817	11.520782488218	50
9.90398712630915	11.5320031650269	50
9.91756877345195	11.5432384658809	50
9.93115005173657	11.5544883907802	50
9.94473096116301	11.5657529397247	50
9.95831150173127	11.5770321127144	50
9.97189167344135	11.5883259097494	50
9.98547147629326	11.5996343308296	50
9.99905091028698	11.6109573759549	50
10.0126299754225	11.6222950451256	50
10.0262086716999	11.6336473383414	50
10.0397869991191	11.6450142556025	50
10.0533649576801	11.6563957969088	50
10.0669425473829	11.6677919622603	50
10.0805197682276	11.679202751657	50
10.0940966202141	11.690628165099	50
10.1076731033424	11.7020682025861	50
10.1212492176125	11.7135228641185	50
10.1348249630244	11.7249921496962	50
10.1484003395782	11.736476059319	50
10.1619753472738	11.7479745929871	50
10.1755499861112	11.7594877507004	50
10.1891242560904	11.7710155324589	50
10.2026981572115	11.7825579382626	50
10.2162716894743	11.7941149681116	50
10.229844852879	11.8056866220058	50
10.2434176474256	11.8172728999452	50
10.2569900731139	11.8288738019298	50
10.270562129944	11.8404893279597	50
10.284133817916	11.8521194780348	50
10.2977051370298	11.8637642521551	50
10.3112760872854	11.8754236503206	50
10.3248466686829	11.8870976725313	50
10.3384168812222	11.8987863187873	50
10.3519867249032	11.9104895890885	50
10.3655561997262	11.9222074834349	50
10.3791253056909	11.9339400018265	50
10.3926940427974	11.9456871442634	50
10.4062624110458	11.9574489107455	50
10.419830410436	11.9692253012728	50
10.433398040968	11.9810163158453	50
10.4469653026419	11.9928219544631	50
10.4605321954575	12.004642217126	50
10.474098719415	12.0164771038342	50
10.4876648745143	12.0283266145876	50
10.5012306607554	12.0401907493863	50
10.5147960781384	12.0520695082302	50
10.5283611266631	12.0639628911192	50
10.5419258063297	12.0758708980536	50
10.5554901171381	12.0877935290331	50
10.5690540590884	12.0997307840578	50
10.5826176321804	12.1116826631278	50
10.5961808364143	12.123649166243	50
10.60974367179	12.1356302934034	50
10.6233061383075	12.1476260446091	50
10.6368682359668	12.15963641986	50
10.650429964768	12.1716614191561	50
10.663991324711	12.1837010424974	50
10.6775523157958	12.1957552898839	50
10.6911129380224	12.2078241613157	50
10.7046731913909	12.2199076567927	50
10.7182330759011	12.2320057763149	50
10.7317925915532	12.2441185198823	50
10.7453517383471	12.256245887495	50
10.7589105162829	12.2683878791528	50
10.7724689253604	12.2805444948559	50
10.7860269655798	12.2927157346042	50
10.799584636941	12.3049015983978	50
10.813141939444	12.3171020862366	50
10.8266988730888	12.3293171981205	50
10.8402554378755	12.3415469340498	50
10.853811633804	12.3537912940242	50
10.8673674608743	12.3660502780439	50
10.8809229190864	12.3783238861087	50
10.8944780084404	12.3906121182188	50
10.9080327289361	12.4029149743742	50
10.9215870805737	12.4152324545747	50
10.9351410633531	12.4275645588205	50
10.9486946772744	12.4399112871115	50
10.9622479223374	12.4522726394477	50
10.9758007985423	12.4646486158292	50
10.989353305889	12.4770392162558	50
11.0029054443775	12.4894444407277	50
11.0164572140079	12.5018642892448	50
11.03000861478	12.5142987618071	50
11.043559646694	12.5267478584147	50
11.0571103097498	12.5392115790675	50
11.0706606039475	12.5516899237655	50
11.0842105292869	12.5641828925087	50
11.0977600857682	12.5766904852971	50
11.1113092733913	12.5892127021308	50
11.1248580921562	12.6017495430097	50
11.1384065420629	12.6143010079338	50
11.1519546231115	12.6268670969032	50
11.1655023353019	12.6394478099177	50
11.1790496786341	12.6520431469775	50
11.1925966531081	12.6646531080825	50
11.2061432587239	12.6772776932327	50
11.2196894954816	12.6899169024282	50
11.2332353633811	12.7025707356689	50
11.2467808624224	12.7152391929548	50
11.2603259926055	12.7279222742859	50
11.2738707539305	12.7406199796622	50
11.2874151463972	12.7533323090838	50
11.3009591700058	12.7660592625506	50
11.3145028247563	12.7788008400626	50
11.3280461106485	12.7915570416198	50
11.3415890276826	12.8043278672223	50
11.3551315758584	12.81711331687	50
11.3686737551761	12.8299133905629	50
11.3822155656357	12.842728088301	50
11.395757007237	12.8555574100844	50
11.4092980799802	12.8684013559129	50
11.4228387838652	12.8812599257867	50
11.436379118892	12.8941331197057	50
11.4499190850606	12.90702093767	50
11.4634586823711	12.9199233796795	50
11.4769979108233	12.9328404457341	50
11.4905367704174	12.9457721358341	50
11.5040752611533	12.9587184499792	50
11.5176133830311	12.9716793881695	50
11.5311511360506	12.9846549504051	50
11.544688520212	12.9976451366859	50
11.5582255355152	13.0106499470119	50
11.5717621819603	13.0236693813832	50
11.5852984595471	13.0367034397997	50
11.5988343682758	13.0497521222614	50
11.6123699081463	13.0628154287683	50
11.6259050791586	13.0758933593204	50
11.6394398813127	13.0889859139178	50
11.6529743146087	13.1020930925604	50
11.6665083790464	13.1152148952482	50
11.680042074626	13.1283513219812	50
11.6935754013474	13.1415023727594	50
11.7071083592107	13.1546680475829	50
11.7206409482157	13.1678483464516	50
11.7341731683626	13.1810432693655	50
11.7477050196513	13.1942528163247	50
11.7612365020819	13.207476987329	50
11.7747676156542	13.2207157823786	50
11.7882983603684	13.2339692014734	50
11.8018287362244	13.2472372446135	50
11.8153587432222	13.2605199117987	50
11.8288883813618	13.2738172030292	50
11.8424176506433	13.2871291183049	50
11.8559465510666	13.3004556576258	50
11.8694750826317	13.313796820992	50
11.8830032453386	13.3271526084034	50
11.8965310391873	13.34052301986	50
11.9100584641779	13.3539080553618	50
11.9235855203103	13.3673077149088	50
11.9371122075845	13.3807219985011	50
11.9506385260005	13.3941509061386	50
11.9641644755584	13.4075944378213	50
11.977690056258	13.4210525935492	50
11.9912152680995	13.4345253733224	50
12.0047401110828	13.4480127771407	50
12.018264585208	13.4615148050043	50
12.0317886904749	13.4750314569132	50
12.0453124268837	13.4885627328672	50
12.0588357944343	13.5021086328665	50
12.0723587931267	13.515669156911	50
12.085881422961	13.5292443050007	50
12.099403683937	13.5428340771356	50
12.1129255760549	13.5564384733158	50
12.1264470993146	13.5700574935412	50
12.1399682537162	13.5836911378118	50
12.1534890392595	13.5973394061276	50
12.1670094559447	13.6110022984887	50
12.1805295037717	13.6246798148949	50
12.1940491827405	13.6383719553464	50
12.2075684928511	13.6520787198432	50
12.2210874341036	13.6658001083851	50
12.2346060064979	13.6795361209723	50
12.248124210034	13.6932867576046	50
12.2616420447119	13.7070520182823	50
12.2751595105316	13.7208319030051	50
12.2886766074932	13.7346264117731	50
12.3021933355966	13.7484355445864	50
12.3157096948418	13.7622593014449	50
12.3292256852288	13.7760976823487	50
12.3427413067577	13.7899506872976	50
12.3562565594284	13.8038183162918	50
12.3697714432409	13.8177005693312	50
12.3832859581952	13.8315974464158	50
12.3968001042913	13.8455089475456	50
12.4103138815293	13.8594350727207	50
12.4238272899091	13.873375821941	50
12.4373403294307	13.8873311952065	50
12.4508530000941	13.9013011925172	50
12.4643653018993	13.9152858138732	50
12.4778772348464	13.9292850592743	50
12.4913887989353	13.9432989287208	50
12.504899994166	13.9573274222124	50
12.5184108205385	13.9713705397492	50
12.5319212780529	13.9854282813313	50
12.5454313667091	13.9995006469586	50
12.5589410865071	14.0135876366311	50
12.5724504374469	14.0276892503488	50
12.5859594195285	14.0418054881118	50
12.599468032752	14.05593634992	50
12.6129762771173	14.0700818357734	50
12.6264841526244	14.084241945672	50
12.6399916592733	14.0984166796159	50
12.6534987970641	14.1126060376049	50
12.6670055659966	14.1268100196392	50
12.680511966071	14.1410286257188	50
12.6940179972872	14.1552618558435	50
12.7075236596453	14.1695097100135	50
12.7210289531451	14.1837721882286	50
12.7345338777868	14.1980492904891	50
12.7480384335703	14.2123410167947	50
12.7615426204956	14.2266473671455	50
12.7750464385628	14.2409683415416	50
12.7885498877717	14.2553039399829	50
12.8020529681225	14.2696541624695	50
12.8155556796151	14.2840190090012	50
12.8290580222495	14.2983984795782	50
12.8425599960258	14.3127925742004	50
12.8560616009439	14.3272012928678	50
12.8695628370038	14.3416246355804	50
12.8830637042055	14.3560626023383	50
12.896564202549	14.3705151931414	50
12.9100643320344	14.3849824079897	50
12.9235640926615	14.3994642468832	50
12.9370634844305	14.413960709822	50
12.9505625073414	14.4284717968059	50
12.964061161394	14.4429975078351	50
12.9775594465885	14.4575378429096	50
12.9910573629248	14.4720928020292	50
13.0045549104029	14.4866623851941	50
13.0180520890228	14.5012465924042	50
13.0315488987845	14.5158454236595	50
13.0450453396881	14.53045887896	50
13.0585414117335	14.5450869583058	50
13.0720371149207	14.5597296616968	50
13.0855324492498	14.574386989133	50
13.0990274147206	14.5890589406144	50
13.1125220113333	14.603745516141	50
13.1260162390878	14.6184467157129	50
13.1395100979841	14.63316253933	50
13.1530035880223	14.6478929869923	50
13.1664967092022	14.6626380586999	50
13.179989461524	14.6773977544526	50
13.1934818449876	14.6921720742506	50
13.2069738595931	14.7069610180938	50
13.2204655053403	14.7217645859823	50
13.2339567822294	14.7365827779159	50
13.2474476902603	14.7514155938948	50
13.260938229433	14.7662630339189	50
13.2744283997476	14.7811250979882	50
13.2879182012039	14.7960017861028	50
13.3014076338021	14.8108930982626	50
13.3148966975421	14.8257990344675	50
13.3283853924239	14.8407195947178	50
13.3418737184476	14.8556547790132	50
13.355361675613	14.8706045873539	50
13.3688492639203	14.8855690197397	50
13.3823364833694	14.9005480761708	50
13.3958233339604	14.9155417566472	50
13.4093098156931	14.9305500611687	50
13.4227959285677	14.9455729897355	50
13.4362816725841	14.9606105423475	50
13.4497670477423	14.9756627190047	50
13.4632520540424	14.9907295197072	50
13.4767366914842	15.0058109444548	50
13.4902209600679	15.0209069932477	50
13.5037048597934	15.0360176660859	50
13.5171883906607	15.0511429629692	50
13.5306715526699	15.0662828838977	50
13.5441543458209	15.0814374288715	50
13.5576367701136	15.0966065978905	50
13.5711188255483	15.1117903909548	50
13.5846005121247	15.1269888080642	50
13.598081829843	15.1422018492189	50
13.611562778703	15.1574295144188	50
13.6250433587049	15.1726718036639	50
13.6385235698487	15.1879287169542	50
13.6520034121342	15.2032002542898	50
13.6654828855616	15.2184864156706	50
13.6789619901307	15.2337872010966	50
13.6924407258417	15.2491026105678	50
13.7059190926946	15.2644326440843	50
13.7193970906892	15.279777301646	50
13.7328747198257	15.2951365832529	50
13.746351980104	15.310510488905	50
13.7598288715241	15.3258990186023	50
13.773305394086	15.3413021723449	50
13.7867815477898	15.3567199501327	50
13.8002573326354	15.3721523519657	50
13.8137327486228	15.387599377844	50
13.827207795752	15.4030610277674	50
13.840682474023	15.4185373017361	50
13.8541567834359	15.43402819975	50
13.8676307239906	15.4495337218091	50
13.8811042956871	15.4650538679135	50
13.8945774985254	15.4805886380631	50
13.9080503325056	15.4961380322579	50
13.9215227976276	15.5117020504979	50
13.9349948938914	15.5272806927831	50
13.948466621297	15.5428739591136	50
13.9619379798444	15.5584818494893	50
13.9754089695337	15.5741043639102	50
13.9888795903647	15.5897415023763	50
14.0023498423376	15.6053932648877	50
14.0158197254524	15.6210596514443	50
14.0292892397089	15.6367406620461	50
14.0427583851073	15.6524362966931	50
14.0562271616475	15.6681465553854	50
14.0696955693295	15.6838714381228	50
14.0831636081533	15.6996109449055	50
14.096631278119	15.7153650757334	50
14.1100985792264	15.7311338306066	50
14.1235655114757	15.7469172095249	50
14.1370320748669	15.7627152124885	50
14.1504982693998	15.7785278394973	50
14.1639640950746	15.7943550905514	50
14.1774295518911	15.8101969656506	50
14.1908946398495	15.8260534647951	50
14.2043593589498	15.8419245879848	50
14.2178237091918	15.8578103352197	50
14.2312876905757	15.8737107064999	50
14.2447513031014	15.8896257018253	50
14.2582145467689	15.9055553211958	50
14.2716774215782	15.9214995646117	50
14.2851399275294	15.9374584320727	50
14.2986020646223	15.953431923579	50
14.3120638328571	15.9694200391304	50
14.3255252322338	15.9854227787271	50
14.3389862627522	16.0014401423691	50
14.3524469244125	16.0174721300562	50
14.3659072172145	16.0335187417886	50
14.3793671411585	16.0495799775662	50
14.3928266962442	16.065655837389	50
14.4062858824717	16.0817463212571	50
14.4197446998411	16.0978514291703	50
14.4332031483523	16.1139711611288	50
14.4466612280053	16.1301055171325	50
14.4601189388001	16.1462544971815	50
14.4735762807368	16.1624181012756	50
14.4870332538153	16.178596329415	50
14.5004898580356	16.1947891815996	50
14.5139460933977	16.2109966578294	50
14.5274019599016	16.2272187581045	50
14.5408574575474	16.2434554824248	50
14.554312586335	16.2597068307903	50
14.5677673462644	16.275972803201	50
14.5812217373356	16.2922533996569	50
14.5946757595487	16.3085486201581	50
14.6081294129035	16.3248584647045	50
14.6215826974002	16.3411829332961	50
14.6350356130387	16.3575220259329	50
14.6484881598191	16.373875742615	50
14.6619403377412	16.3902440833422	50
14.6753921468052	16.4066270481147	50
14.688843587011	16.4230246369325	50
14.7022946583586	16.4394368497954	50
14.7157453608481	16.4558636867036	50
14.7291956944793	16.472305147657	50
14.7426456592524	16.4887612326556	50
14.7560952551673	16.5052319416994	50
14.7695444822241	16.5217172747885	50
14.7829933404226	16.5382172319228	50
14.796441829763	16.5547318131023	50
14.8098899502452	16.571261018327	50
14.8233377018692	16.5878048475969	50
14.836785084635	16.6043633009121	50
14.8502320985427	16.6209363782725	50
14.8636787435922	16.6375240796781	50
14.8771250197835	16.654126405129	50
14.8905709271166	16.6707433546251	50
14.9040164655916	16.6873749281663	50
14.9174616352083	16.7040211257529	50
14.9309064359669	16.7206819473846	50
14.9443508678673	16.7373573930615	50
14.9577949309095	16.7540474627837	50
14.9712386250936	16.7707521565511	50
14.9846819504195	16.7874714743638	50
14.9981249068872	16.8042054162216	50
15.0115674944967	16.8209539821247	50
15.025009713248	16.837717172073	50
15.0384515631412	16.8544949860665	50
15.0518930441762	16.8712874241052	50
15.065334156353	16.8880944861892	50
15.0787748996716	16.9049161723184	50
15.092215274132	16.9217524824928	50
15.1056552797343	16.9386034167124	50
15.1190949164784	16.9554689749773	50
15.1325341843643	16.9723491572873	50
15.145973083392	16.9892439636426	50
15.1594116135616	17.0061533940432	50
15.172849774873	17.0230774484889	50
15.1862875673262	17.0400161269799	50
15.1997249909212	17.0569694295161	50
15.213162045658	17.0739373560975	50
15.2265987315367	17.0909199067241	50
15.2400350485572	17.107917081396	50
15.2534709967195	17.1249288801131	50
15.2669065760236	17.1419553028754	50
15.2803417864696	17.1589963496829	50
15.2937766280573	17.1760520205356	50
15.3072111007869	17.1931223154336	50
15.3206452046583	17.2102072343768	50
15.3340789396716	17.2273067773652	50
15.3475123058266	17.2444209443989	50
15.3609453031235	17.2615497354778	50
15.3743779315622	17.2786931506018	50
15.3878101911427	17.2958511897712	50
15.4012420818651	17.3130238529857	50
15.4146736037292	17.3302111402454	50
15.4281047567352	17.3474130515504	50
15.441535540883	17.3646295869006	50
15.4549659561727	17.381860746296	50
15.4683960026041	17.3991065297367	50
15.4818256801774	17.4163669372226	50
15.4952549888925	17.4336419687537	50
15.5086839287494	17.45093162433	50
15.5221124997481	17.4682359039515	50
15.5355407018887	17.4855548076183	50
15.548968535171	17.5028883353303	50
15.5623959995953	17.5202364870875	50
15.5758230951613	17.5375992628899	50
15.5892498218691	17.5549766627376	50
15.6026761797188	17.5723686866304	50
15.6161021687103	17.5897753345685	50
15.6295277888436	17.6071966065519	50
15.6429530401187	17.6246325025804	50
15.6563779225357	17.6420830226542	50
15.6698024360944	17.6595481667732	50
15.683226580795	17.6770279349374	50
15.6966503566374	17.6945223271468	50
15.7100737636217	17.7120313434015	50
15.7234968017477	17.7295549837014	50
15.7369194710156	17.7470932480465	50
15.7503417714253	17.7646461364368	50
15.7637637029768	17.7822136488723	50
15.7771852656702	17.7997957853531	50
15.7906064595054	17.8173925458791	50
15.8040272844823	17.8350039304503	50
15.8174477406012	17.8526299390668	50
15.8308678278618	17.8702705717284	50
15.8442875462642	17.8879258284353	50
15.8577068958085	17.9055957091874	50
15.8711258764946	17.9232802139848	50
15.8845444883225	17.9409793428273	50
15.8979627312923	17.9586930957151	50
15.9113806054038	17.9764214726481	50
15.9247981106572	17.9941644736263	50
15.9382152470524	18.0119220986498	50
15.9516320145894	18.0296943477184	50
15.9650484132683	18.0474812208323	50
15.9784644430889	18.0652827179915	50
15.9918801040514	18.0830988391958	50
16.0052953961558	18.1009295844454	50
16.0187103194019	18.1187749537401	50
16.0321248737898	18.1366349470802	50
16.0455390593196	18.1545095644654	50
16.0589528759912	18.1723988058958	50
16.0723663238046	18.1903026713715	50
16.0857794027599	18.2082211608924	50
16.0991921128569	18.2261542744585	50
16.1126044540958	18.2441020120699	50
16.1260164264765	18.2620643737264	50
16.139428029999	18.2800413594282	50
16.1528392646634	18.2980329691752	50
16.1662501304696	18.3160392029675	50
16.1796606274176	18.3340600608049	50
16.1930707555074	18.3520955426876	50
16.206480514739	18.3701456486155	50
16.2198899051125	18.3882103785887	50
16.2332989266277	18.406289732607	50
16.2467075792848	18.4243837106706	50
16.2601158630838	18.4424923127794	50
16.2735237780245	18.4606155389334	50
16.2869313241071	18.4787533891326	50
16.3003385013314	18.4969058633771	50
16.3137453096977	18.5150729616668	50
16.3271517492057	18.5332546840017	50
16.3405578198555	18.5514510303818	50
16.3539635216472	18.5696620008072	50
16.3673688545807	18.5878875952778	50
16.380773818656	18.6061278137936	50
16.3941784138731	18.6243826563546	50
16.4075826402321	18.6426521229608	50
16.4209864977329	18.6609362136123	50
16.4343899863755	18.679234928309	50
16.4477931061599	18.6975482670509	50
16.4611958570861	18.7158762298381	50
16.4745982391542	18.7342188166704	50
16.4880002523641	18.752576027548	50
16.5014018967158	18.7709478624708	50
16.5148031722093	18.7893343214388	50
16.5282040788447	18.8077354044521	50
16.5416046166219	18.8261511115106	50
16.5550047855409	18.8445814426143	50
16.5684045856017	18.8630263977632	50
16.5818040168043	18.8814859769573	50
16.5952030791488	18.8999601801967	50
16.608601772635	18.9184490074813	50
16.6220000972632	18.9369524588111	50
16.6353980530331	18.9554705341861	50
16.6487956399448	18.9740032336064	50
16.6621928579984	18.9925505570719	50
16.6755897071938	19.0111125045826	50
16.688986187531	19.0296890761385	50
16.70238229901	19.0482802717397	50
16.7157780416309	19.066886091386	50
16.7291734153935	19.0855065350776	50
16.742568420298	19.1041416028144	50
16.7559630563444	19.1227912945965	50
16.7693573235325	19.1414556104237	50
16.7827512218625	19.1601345502962	50
16.7961447513342	19.1788281142139	50
16.8095379119478	19.1975363021769	50
16.8229307037033	19.216259114185	50
16.8363231266005	19.2349965502384	50
16.8497151806396	19.253748610337	50
16.8631068658205	19.2725152944808	50
16.8764981821432	19.2912966026699	50
16.8898891296077	19.3100925349042	50
16.9032797082141	19.3289030911836	50
16.9166699179622	19.3477282715084	50
16.9300597588522	19.3665680758783	50
16.9434492308841	19.3854225042935	50
16.9568383340577	19.4042915567538	50
16.9702270683732	19.4231752332595	50
16.9836154338304	19.4420735338103	50
16.9970034304296	19.4609864584063	50
17.0103910581705	19.4799140070476	50
17.0237783170532	19.4988561797341	50
17.0371652070778	19.5178129764658	50
17.0505517282442	19.5367843972428	50
17.0639378805524	19.5557704420649	50
17.0773236640024	19.5747711109323	50
17.0907090785943	19.5937864038449	50
17.104094124328	19.6128163208028	50
17.1174788012035	19.6318608618058	50
17.1308631092208	19.6509200268541	50
17.1442470483799	19.6699938159476	50
17.1576306186809	19.6890822290863	50
17.1710138201237	19.7081852662703	50
17.1843966527083	19.7273029274995	50
17.1977791164347	19.7464352127739	50
17.211161211303	19.7655821220935	50
17.224542937313	19.7847436554583	50
17.2379242944649	19.8039198128684	50
17.2513052827586	19.8231105943237	50
17.2646859021942	19.8423159998242	50
17.2780661527715	19.8615360293699	50
17.2914460344907	19.8807706829609	50
17.3048255473517	19.900019960597	50
17.3182046913545	19.9192838622784	50
17.3315834664992	19.9385623880051	50
17.3449618727856	19.9578555377769	50
17.3583399102139	19.977163311594	50
17.371717578784	19.9964857094563	50
17.385094878496	20.0158227313638	50
17.3984718093497	20.0351743773165	50
17.4118483713453	20.0545406473145	50
17.4252245644827	20.0739215413577	50
17.4386003887619	20.0933170594461	50
17.4519758441829	20.1127272015797	50
17.4653509307458	20.1321519677586	50
17.4787256484505	20.1515913579826	50
17.492099997297	20.1710453722519	50
17.5054739772853	20.1905140105665	50
17.5188475884155	20.2099972729262	50
17.5322208306874	20.2294951593312	50
17.5455937041012	20.2490076697813	50
17.5589662086568	20.2685348042768	50
17.5723383443542	20.2880765628174	50
17.5857101111935	20.3076329454033	50
17.5990815091746	20.3272039520343	50
17.6124525382975	20.3467895827106	50
17.6258231985622	20.3663898374322	50
17.6391934899687	20.3860047161989	50
17.6525634125171	20.4056342190109	50
17.6659329662073	20.4252783458681	50
17.6793021510393	20.4449370967705	50
17.6926709670131	20.4646104717181	50
17.7060394141287	20.484298470711	50
17.7194074923862	20.5040010937491	50
17.7327752017855	20.5237183408324	50
17.7461425423266	20.5434502119609	50
17.7595095140096	20.5631967071347	50
17.7728761168343	20.5829578263537	50
17.7862423508009	20.6027335696179	50
17.7996082159093	20.6225239369273	50
17.8129737121595	20.6423289282819	50
17.8263388395515	20.6621485436818	50
17.8397035980854	20.6819827831269	50
17.8530679877611	20.7018316466172	50
17.8664320085786	20.7216951341527	50
17.8797956605379	20.7415732457335	50
17.8931589436391	20.7614659813595	50
17.906521857882	20.7813733410307	50
17.9198844032668	20.8012953247471	50
17.9332465797934	20.8212319325088	50
17.9466083874619	20.8411831643156	50
17.9599698262721	20.8611490201677	50
17.9733308962242	20.8811295000651	50
17.9866915973181	20.9011246040076	50
18.0000519295538	20.9211343319954	50
18.0134118929314	20.9411586840284	50
18.0267714874507	20.9611976601066	50
18.0401307131119	20.98125126023	50
18.0534895699149	21.0013194843987	50
18.0668480578597	21.0214023326125	50
18.0802061769464	21.0414998048716	50
18.0935639271749	21.061611901176	50
18.1069213085452	21.0817386215255	50
18.1202783210573	21.1018799659203	50
18.1336349647112	21.1220359343603	50
18.146991239507	21.1422065268455	50
18.1603471454445	21.1623917433759	50
18.1737026825239	21.1825915839516	50
18.1870578507452	21.2028060485725	50
18.2004126501082	21.2230351372386	50
18.2137670806131	21.2432788499499	50
18.2271211422598	21.2635371867065	50
18.2404748350483	21.2838101475082	50
18.2538281589786	21.3040977323553	50
18.2671811140508	21.3243999412475	50
18.2805337002647	21.3447167741849	50
18.2938859176205	21.3650482311676	50
18.3072377661181	21.3853943121955	50
18.3205892457576	21.4057550172686	50
18.3339403565388	21.4261303463869	50
18.3472910984619	21.4465202995505	50
18.3606414715268	21.4669248767593	50
18.3739914757335	21.4873440780133	50
18.3873411110821	21.5077779033125	50
18.4006903775725	21.528226352657	50
18.4140392752046	21.5486894260466	50
18.4273878039787	21.5691671234815	50
18.4407359638945	21.5896594449616	50
18.4540837549521	21.610166390487	50
18.4674311771516	21.6306879600575	50
18.4807782304929	21.6512241536733	50
18.494124914976	21.6717749713344	50
18.507471230601	21.6923404130406	50
18.5208171773677	21.712920478792	50
18.5341627552763	21.7335151685887	50
18.5475079643267	21.7541244824306	50
18.5608528045189	21.7747484203177	50
18.574197275853	21.7953869822501	50
18.5875413783288	21.8160401682277	50
18.6008851119465	21.8367079782505	50
18.614228476706	21.8573904123185	50
18.6275714726074	21.8780874704317	50
18.6409140996505	21.8987991525902	50
18.6542563578355	21.9195254587939	50
18.6675982471623	21.9402663890428	50
18.6809397676309	21.9610219433369	50
18.6942809192414	21.9817921216762	50
18.7076217019936	22.0025769240608	50
18.7209621158877	22.0233763504906	50
18.7343021609236	22.0441904009656	50
18.7476418371013	22.0650190754859	50
18.7609811444209	22.0858623740514	50
18.7743200828823	22.106720296662	50
18.7876586524855	22.127592843318	50
18.8009968532305	22.1484800140191	50
18.8143346851173	22.1693818087655	50
18.827672148146	22.190298227557	50
18.8410092423164	22.2112292703938	50
18.8543459676287	22.2321749372759	50
18.8676823240829	22.2531352282031	50
18.8810183116788	22.2741101431756	50
18.8943539304166	22.2950996821933	50
18.9076891802961	22.3161038452562	50
18.9210240613175	22.3371226323644	50
18.9343585734808	22.3581560435177	50
18.9476927167858	22.3792040787163	50
18.9610264912327	22.4002667379601	50
18.9743598968214	22.4213440212491	50
18.9876929335519	22.4424359285834	50
19.0010256014242	22.4635424599629	50
19.0143579004384	22.4846636153876	50
19.0276898305944	22.5057993948575	50
19.0410213918922	22.5269497983727	50
19.0543525843318	22.548114825933	50
19.0676834079132	22.5692944775386	50
19.0810138626365	22.5904887531894	50
19.0943439485016	22.6116976528855	50
19.1076736655085	22.6329211766267	50
19.1210030136572	22.6541593244132	50
19.1343319929478	22.6754120962449	50
19.1476606033802	22.6966794921219	50
19.1609888449543	22.717961512044	50
19.1743167176704	22.7392581560114	50
19.1876442215282	22.760569424024	50
19.2009713565279	22.7818953160818	50
19.2142981226693	22.8032358321849	50
19.2276245199526	22.8245909723331	50
19.2409505483778	22.8459607365266	50
19.2542762079447	22.8673451247653	50
19.2676014986535	22.8887441370493	50
19.2809264205041	22.9101577733784	50
19.2942509734965	22.9315860337528	50
19.3075751576307	22.9530289181724	50
19.3208989729068	22.9744864266372	50
19.3342224193246	22.9959585591473	50
19.3475454968843	23.0174453157025	50
19.3608682055859	23.0389466963031	50
19.3741905454292	23.0604627009488	50
19.3875125164144	23.0819933296397	50
19.4008341185413	23.1035385823759	50
19.4141553518101	23.1250984591573	50
19.4274762162208	23.1466729599839	50
19.4407967117732	23.1682620848557	50
19.4541168384675	23.1898658337728	50
19.4674365963036	23.211484206735	50
19.4807559852815	23.2331172037425	50
19.4940750054012	23.2547648247953	50
19.5073936566628	23.2764270698932	50
19.5207119390661	23.2981039390364	50
19.5340298526113	23.3197954322248	50
19.5473473972984	23.3415015494584	50
19.5606645731272	23.3632222907372	50
19.5739813800979	23.3849576560613	50
19.5872978182103	23.4067076454306	50
19.6006138874646	23.4284722588451	50
19.6139295878608	23.4502514963048	50
19.6272449193987	23.4720453578098	50
19.6405598820785	23.4938538433599	50
19.6538744759001	23.5156769529553	50
19.6671887008635	23.5375146865959	50
19.6805025569687	23.5593670442818	50
19.6938160442158	23.5812340260129	50
19.7071291626047	23.6031156317892	50
19.7204419121354	23.6250118616107	50
19.7337542928079	23.6469227154774	50
19.7470663046222	23.6688481933894	50
19.7603779475784	23.6907882953465	50
19.7736892216764	23.7127430213489	50
19.7870001269162	23.7347123713966	50
19.8003106632978	23.7566963454894	50
19.8136208308213	23.7786949436275	50
19.8269306294865	23.8007081658108	50
19.8402400592936	23.8227360120393	50
19.8535491202425	23.844778482313	50
19.8668578123333	23.866835576632	50
19.8801661355658	23.8889072949962	50
19.8934740899402	23.9109936374056	50
19.9067816754564	23.9330946038602	50
19.9200888921144	23.9552101943601	50
19.9333957399143	23.9773404089052	50
19.9467022188559	23.9994852474955	50
19.9600083289394	24.021644710131	50
19.9733140701647	24.0438187968117	50
19.9866194425319	24.0660075075377	50
19.9999244460408	24.0882108423089	50
20.0132290806916	24.1104288011253	50
20.0265333464842	24.1326613839869	50
20.0398372434186	24.1549085908938	50
20.0531407714948	24.1771704218459	50
20.0664439307129	24.1994468768432	50
20.0797467210728	24.2217379558857	50
20.0930491425745	24.2440436589735	50
20.106351195218	24.2663639861065	50
20.1196528790033	24.2886989372847	50
20.1329541939305	24.3110485125081	50
20.1462551399995	24.3334127117767	50
20.1595557172103	24.3557915350906	50
20.1728559255629	24.3781849824497	50
20.1861557650574	24.400593053854	50
20.1994552356937	24.4230157493035	50
20.2127543374718	24.4454530687983	50
20.2260530703917	24.4679050123383	50
20.2393514344534	24.4903715799235	50
20.252649429657	24.5128527715539	50
20.2659470560024	24.5353485872295	50
20.2792443134896	24.5578590269504	50
20.2925412021186	24.5803840907165	50
20.3058377218894	24.6029237785278	50
20.3191338728021	24.6254780903844	50
20.3324296548566	24.6480470262861	50
20.3457250680529	24.6706305862331	50
20.359020112391	24.6932287702253	50
20.372314787871	24.7158415782627	50
20.3856090944928	24.7384690103454	50
20.3989030322564	24.7611110664733	50
20.4121966011618	24.7837677466464	50
20.425489801209	24.8064390508647	50
20.4387826323981	24.8291249791282	50
20.452075094729	24.851825531437	50
20.4653671882017	24.874540707791	50
20.4786589128162	24.8972705081902	50
20.4919502685726	24.9200149326347	50
20.5052412554707	24.9427739811243	50
20.5185318735107	24.9655476536592	50
20.5318221226925	24.9883359502393	50
20.5451120030162	25.0111388708646	50
20.5584015144816	25.0339564155352	50
20.5716906570889	25.056788584251	50
20.584979430838	25.079635377012	50
20.5982678357289	25.1024967938182	50
20.6115558717617	25.1253728346696	50
20.6248435389362	25.1482634995663	50
20.6381308372526	25.1711687885082	50
20.6514177667108	25.1940887014953	50
20.6647043273108	25.2170232385276	50
20.6779905190527	25.2399723996052	50
20.6912763419364	25.262936184728	50
20.7045617959619	25.285914593896	50
20.7178468811292	25.3089076271092	50
20.7311315974383	25.3319152843676	50
20.7444159448893	25.3549375656713	50
20.757699923482	25.3779744710202	50
20.7709835332166	25.4010260004143	50
20.7842667740931	25.4240921538537	50
20.7975496461113	25.4471729313382	50
20.8108321492714	25.470268332868	50
20.8241142835733	25.493378358443	50
20.837396049017	25.5165030080632	50
20.8506774456025	25.5396422817287	50
20.8639584733298	25.5627961794394	50
20.877239132199	25.5859647011953	50
20.89051942221	25.6091478469964	50
20.9037993433628	25.6323456168427	50
20.9170788956575	25.6555580107343	50
20.9303580790939	25.6787850286711	50
20.9436368936722	25.7020266706531	50
20.9569153393923	25.7252829366804	50
20.9701934162542	25.7485538267528	50
20.983471124258	25.7718393408705	50
20.9967484634035	25.7951394790334	50
21.0100254336909	25.8184542412415	50
21.0233020351201	25.8417836274949	50
21.0365782676912	25.8651276377934	50
21.049854131404	25.8884862721372	50
21.0631296262587	25.9118595305263	50
21.0764047522552	25.9352474129605	50
21.0896795093935	25.95864991944	50
21.1029538976736	25.9820670499647	50
21.1162279170956	26.0054988045346	50
21.1295015676594	26.0289451831497	50
21.142774849365	26.0524061858101	50
21.1560477622124	26.0758818125156	50
21.1693203062017	26.0993720632665	50
21.1825924813327	26.1228769380625	50
21.1958642876056	26.1463964369037	50
21.2091357250203	26.1699305597902	50
21.2224067935769	26.1934793067219	50
21.2356774932752	26.2170426776988	50
21.2489478241154	26.2406206727209	50
21.2622177860974	26.2642132917883	50
21.2754873792212	26.2878205349009	50
21.2887566034869	26.3114424020587	50
21.3020254588943	26.3350788932617	50
21.3152939454436	26.35873000851	50
21.3285620631347	26.3823957478035	50
21.3418298119676	26.4060761111422	50
21.3550971919424	26.4297710985261	50
21.3683642030589	26.4534807099552	50
21.3816308453173	26.4772049454296	50
21.3948971187176	26.5009438049492	50
21.4081630232596	26.524697288514	50
21.4214285589434	26.548465396124	50
21.4346937257691	26.5722481277793	50
21.4479585237366	26.5960454834798	50
21.4612229528459	26.6198574632255	50
21.4744870130971	26.6436840670164	50
21.48775070449	26.6675252948526	50
21.5010140270248	26.6913811467339	50
21.5142769807014	26.7152516226605	50
21.5275395655199	26.7391367226323	50
21.5408017814801	26.7630364466494	50
21.5540636285822	26.7869507947117	50
21.5673251068261	26.8108797668191	50
21.5805862162118	26.8348233629718	50
21.5938469567393	26.8587815831698	50
21.6071073284087	26.8827544274129	50
21.6203673312199	26.9067418957013	50
21.6336269651729	26.9307439880349	50
21.6468862302677	26.9547607044137	50
21.6601451265043	26.9787920448378	50
21.6734036538828	27.0028380093071	50
21.6866618124031	27.0268985978215	50
21.6999196020652	27.0509738103813	50
21.7131770228691	27.0750636469862	50
21.7264340748149	27.0991681076364	50
21.7396907579024	27.1232871923318	50
21.7529470721318	27.1474209010724	50
21.7662030175031	27.1715692338582	50
21.7794585940161	27.1957321906892	50
21.7927138016709	27.2199097715655	50
21.8059686404676	27.244101976487	50
21.8192231104061	27.2683088054537	50
21.8324772114865	27.2925302584657	50
21.8457309437086	27.3167663355228	50
21.8589843070726	27.3410170366252	50
21.8722373015784	27.3652823617728	50
21.885489927226	27.3895623109657	50
21.8987421840154	27.4138568842037	50
21.9119940719466	27.438166081487	50
21.9252455910197	27.4624899028155	50
21.9384967412346	27.4868283481893	50
21.9517475225913	27.5111814176082	50
21.9649979350899	27.5355491110724	50
21.9782479787302	27.5599314285818	50
21.9914976535124	27.5843283701364	50
22.0047469594364	27.6087399357362	50
22.0179958965022	27.6331661253813	50
22.0312444647099	27.6576069390716	50
22.0444926640594	27.6820623768071	50
22.0577404945507	27.7065324385878	50
22.0709879561838	27.7310171244138	50
22.0842350489587	27.755516434285	50
22.0974817728754	27.7800303682014	50
22.110728127934	27.804558926163	50
22.1239741141344	27.8291021081698	50
22.1372197314766	27.8536599142219	50
22.1504649799607	27.8782323443192	50
22.1637098595865	27.9028193984617	50
22.1769543703542	27.9274210766495	50
22.1901985122637	27.9520373788824	50
22.2034422853151	27.9766683051606	50
22.2166856895082	28.001313855484	50
22.2299287248432	28.0259740298526	50
22.24317139132	28.0506488282665	50
22.2484456956217	28.0602967234828	50
22.2538708917971	28.069860583291	50
22.2594456412602	28.0793380479518	50
22.2651685685251	28.0887267790425	50
22.271038261545	28.0980244600342	50
22.2770532720611	28.1072287968634	50
22.2832121159595	28.1163375184975	50
22.2895132736376	28.1253483774958	50
22.2959551903791	28.1342591505638	50
22.3025362767373	28.1430676391014	50
22.3092549089278	28.151771669746	50
22.3161094292285	28.1603690949082	50
22.3230981463891	28.1688577933021	50
22.3302193360483	28.1772356704682	50
22.3374712411591	28.1855006592908	50
22.3448520724223	28.1936507205075	50
22.3523600087283	28.2016838432127	50
22.3599931976062	28.2095980453537	50
22.3677497556808	28.2173913742193	50
22.3756277691375	28.2250619069223	50
22.3836252941943	28.2326077508737	50
22.3917403575817	28.2400270442492	50
22.3999709570291	28.2473179564492	50
22.4083150617593	28.2544786885504	50
22.4167706129893	28.2615074737491	50
22.4253355244383	28.2684025777978	50
22.4340076828427	28.2751622994327	50
22.4427849484771	28.2817849707937	50
22.4516651556825	28.2882689578358	50
22.4606461134007	28.2946126607321	50
22.4697256057148	28.3008145142688	50
22.4789013923958	28.3068729882315	50
22.4881712094558	28.3127865877823	50
22.4975327697061	28.318553853829	50
22.5069837633217	28.324173363385	50
22.5165218584114	28.3296437299205	50
22.526144701593	28.3349636037042	50
22.5358499185739	28.3401316721371	50
22.545635114737	28.3451466600755	50
22.5554978757316	28.3500073301461	50
22.565435768069	28.3547124830515	50
22.575446339723	28.3592609578654	50
22.5855271207348	28.3636516323199	50
22.5956756238225	28.3678834230817	50
22.6058893449948	28.3719552860196	50
22.616165764169	28.3758662164626	50
22.6265023457923	28.379615249447	50
22.6368965394678	28.383201459955	50
22.6473457805839	28.3866239631429	50
22.6578474909466	28.3898819145592	50
22.668399079416	28.3929745103531	50
22.6789979425456	28.3959009874729	50
22.6896414652245	28.3986606238541	50
22.7003270213227	28.4012527385979	50
22.7110519743391	28.4036766921385	50
22.7218136780522	28.4059318864019	50
22.7326094771724	28.4080177649525	50
22.743436707998	28.4099338131311	50
22.7542926990717	28.4116795581813	50
22.7651747718401	28.4132545693668	50
22.7760802413148	28.414658458077	50
22.7870064167341	28.4158908779236	50
22.7979506022279	28.4169515248252	50
22.8089100974821	28.4178401370832	50
22.8198821984054	28.4185564954458	50
22.8308641977958	28.4191004231622	50
22.8418533860095	28.4194717860265	50
22.8528470516286	28.4196704924104	50
22.8638424821308	28.419696493286	50
22.8748369645579	28.4195497822382	50
22.8858277861861	28.4192303954655	50
22.8968122351945	28.418738411772	50
22.9077876013347	28.4180739525472	50
22.9187511765993	28.4172371817365	50
22.9297002558902	28.4162283058006	50
22.9406321376859	28.4150475736646	50
22.9515441247082	28.4136952766563	50
22.9624335245875	28.4121717484349	50
22.9732976505273	28.4104773649082	50
22.9841338219672	28.4086125441399	50
22.994939365244	28.4065777462467	50
23.0057116142515	28.4043734732844	50
23.0164479110986	28.4020002691245	50
23.0271456067645	28.3994587193196	50
23.0378020617531	28.3967494509591	50
23.0484146467434	28.3938731325143	50
23.058980743239	28.3908304736739	50
23.0694977442136	28.3876222251683	50
23.0799630547545	28.3842491785849	50
23.0903740927031	28.3807121661725	50
23.1007282892915	28.3770120606359	50
23.1110230897766	28.3731497749208	50
23.1212559540704	28.3691262619885	50
23.1314243573668	28.3649425145805	50
23.1415257907645	28.3605995649738	50
23.1515577618858	28.3560984847265	50
23.1615177954921	28.3514403844125	50
23.171403434094	28.3466264133486	50
23.1812122385582	28.3416577593099	50
23.1909417887089	28.3365356482376	50
23.2005896839253	28.3312613439359	50
23.2101535437335	28.3258361477605	50
23.2196310083942	28.3202613982974	50
23.2290197394849	28.3145384710325	50
23.2383174204767	28.3086687780125	50
23.2475217573058	28.3026537674964	50
23.2566304789399	28.2964949235981	50
23.2656413379383	28.2901937659199	50
23.2745521110062	28.2837518491785	50
23.2833605995439	28.2771707628202	50
23.2920646301884	28.2704521306298	50
23.3006620553507	28.2635976103291	50
23.3091507537445	28.2566088931684	50
23.3175286309106	28.2494877035092	50
23.3257936197332	28.2422357983985	50
23.3339436809499	28.2348549671353	50
23.3419768036552	28.2273470308293	50
23.3498910057961	28.2197138419514	50
23.3576843346617	28.2119572838768	50
23.3653548673648	28.2040792704201	50
23.3729007113161	28.1960817453633	50
23.3803200046916	28.1879666819759	50
23.3876109168917	28.1797360825285	50
23.3947716489928	28.1713919777983	50
23.4018004341915	28.1629364265683	50
23.4086955382402	28.1543715151192	50
23.4154552598751	28.1456993567149	50
23.4220779312362	28.1369220910805	50
23.4285619182782	28.1280418838751	50
23.4349056211745	28.1190609261569	50
23.4411074747113	28.1099814338428	50
23.4471659486739	28.1008056471617	50
23.4530795482247	28.0915358301018	50
23.4588468142714	28.0821742698515	50
23.4644663238275	28.0727232762359	50
23.4699366903629	28.0631851811462	50
23.4752565641467	28.0535623379646	50
23.4804246325795	28.0438571209837	50
23.4854396205179	28.0340719248206	50
23.4903002905886	28.024209163826	50
23.4950054434939	28.0142712714886	50
23.4995539183079	28.0042606998346	50
23.5039445927623	27.9941799188228	50
23.5081763835241	27.9840314157351	50
23.5122482464621	27.9738176945627	50
23.516159176905	27.9635412753886	50
23.5199082098894	27.9532046937653	50
23.5234944203975	27.9428105000898	50
23.5269169235853	27.9323612589737	50
23.5301748750016	27.921859548611	50
23.5332674707955	27.9113079601416	50
23.5361939479153	27.900709097012	50
23.5389535842966	27.8900655743331	50
23.5415456990403	27.8793800182349	50
23.543969652581	27.8686550652184	50
23.5462248468443	27.8578933615054	50
23.5483107253949	27.8470975623852	50
23.5502267735735	27.8362703315596	50
23.5519725186237	27.8254143404859	50
23.5535475298092	27.8145322677174	50
23.5549514185195	27.8036267982428	50
23.556183838366	27.7927006228235	50
23.5572444852676	27.7817564373297	50
23.5581330975256	27.7707969420754	50
23.5588494558882	27.7598248411522	50
23.5593933836046	27.7488428417618	50
23.5597647464689	27.7378536535481	50
23.5599634528528	27.7268599879289	50
23.5599894537285	27.7158645574268	50
23.5598427426806	27.7048700749997	50
23.559523355908	27.6938792533715	50
23.5590313722144	27.6828948043631	50
23.5583669129896	27.6719194382229	50
23.557530142179	27.6609558629583	50
23.5565212662431	27.6500067836674	50
23.555340534107	27.6390749018717	50
23.5539882370987	27.6281629148494	50
23.5524647088773	27.6172735149701	50
23.5507703253506	27.6064093890303	50
23.5489055045823	27.5955732175904	50
23.5468707066891	27.5847676743136	50
23.5446664337268	27.5739954253061	50
23.5422932295669	27.563259128459	50
23.539751679762	27.552561432793	50
23.5370424114015	27.5419049778045	50
23.5341660929567	27.5312923928141	50
23.5311234341163	27.5207262963186	50
23.5279151856107	27.510209295344	50
23.5245421390274	27.499743984803	50
23.5210051266149	27.4893329468545	50
23.5173050210783	27.4789787502661	50
23.5134427353633	27.468683949781	50
23.5094192224309	27.4584510854872	50
23.5052354750229	27.4482826821908	50
23.5008925254163	27.4381812487931	50
23.4963914451689	27.4281492776718	50
23.4917333448549	27.4181892440655	50
23.486919373791	27.4083036054636	50
23.4819507197523	27.3984948009994	50
23.4768863595234	27.3888729127901	50
23.4258175538492	27.2936481336952	50
23.3748053508051	27.1985291562849	50
23.3238509115363	27.1035181432325	50
23.2729553910604	27.0086172457937	50
23.222119938267	26.9138286038066	50
23.1713456959179	26.8191543456919	50
23.1206338006471	26.7245965884529	50
23.0699853829608	26.6301574376752	50
23.0194015672373	26.535838987527	50
22.9688834717271	26.4416433207591	50
22.9184322085528	26.3475725087045	50
22.8680488837093	26.2536286112791	50
22.8177345970634	26.159813676981	50
22.7674904423544	26.0661297428909	50
22.7173175071936	25.972578834672	50
22.6672168730643	25.8791629665699	50
22.6171896153223	25.785884141413	50
22.5672368031953	25.6927443506117	50
22.5173594997834	25.5997455741594	50
22.4675587620585	25.5068897806318	50
22.4178356408651	25.4141789271869	50
22.3681911809195	25.3216149595656	50
22.3186264208104	25.2291998120909	50
22.2691423929986	25.1369354076686	50
22.2197401238169	25.0448236577869	50
22.1704206334706	24.9528664625164	50
22.1211849360369	24.8610657105103	50
22.0720340394652	24.7694232790043	50
22.022968945577	24.6779410338166	50
21.9739906500664	24.5866208293478	50
21.925100142499	24.4954645085812	50
21.876298406313	24.4044739030824	50
21.8275864188187	24.3136508329996	50
21.7789651511985	24.2229971070634	50
21.730435568507	24.1325145225871	50
21.6819986296709	24.0422048654663	50
21.6336552874892	23.9520699101792	50
21.5854064886329	23.8621114197864	50
21.5372531736452	23.7723311459312	50
21.4891962769417	23.6827308288392	50
21.4412367268098	23.5933121973185	50
21.3933754454093	23.5040769687599	50
21.3456133487721	23.4150268491365	50
21.2979513468022	23.326163533004	50
21.2503903432759	23.2374887035006	50
21.2029312358416	23.1490040323468	50
21.1555749160198	23.060711179846	50
21.1083222692033	22.9726117948837	50
21.0611741746569	22.8847075149281	50
21.0141315055177	22.7969999660299	50
20.9671951287949	22.7094907628222	50
20.9203659053699	22.6221815085207	50
20.8736446899962	22.5350737949236	50
20.8270323312996	22.4481692024115	50
20.7805296717779	22.3614692999475	50
20.7341375478011	22.2749756450775	50
20.6878567896114	22.1886897839294	50
20.6416882213233	22.102613251214	50
20.5956326609231	22.0167475702244	50
20.5496909202697	21.9310942528362	50
20.5038638050939	21.8456547995077	50
20.4581521149987	21.7604306992795	50
20.4125566434592	21.6754234297747	50
20.3670781778229	21.5906344571989	50
20.3217174993093	21.5060652363405	50
20.27647538301	21.4217172105699	50
20.2313525978888	21.3375918118403	50
20.1863499067818	21.2536904606874	50
20.1414680663971	21.1700145662294	50
20.0967078273152	21.0865655261668	50
20.0520699339884	21.0033447267829	50
20.0075551247414	20.9203535429432	50
19.9631641317711	20.837593338096	50
19.9188976811465	20.7550654642718	50
19.8747564928087	20.6727712620839	50
19.830741280571	20.5907120607278	50
19.7868527521189	20.5088891779817	50
19.7430916090101	20.4273039202063	50
19.6994585466744	20.3459575823446	50
19.6559542544137	20.2648514479223	50
19.6125794154022	20.1839867890476	50
19.5693347066862	20.1033648664112	50
19.5262207991842	20.022986929286	50
19.4832383576868	19.9428542155278	50
19.4403880408567	19.8629679515748	50
19.3976705012291	19.7833293524475	50
19.3550863852109	19.703939621749	50
19.3126363330815	19.6247999516651	50
19.2703209789923	19.5459115229638	50
19.228140950967	19.4672755049958	50
19.1860968709013	19.3888930556942	50
19.1441893545632	19.3107653215747	50
19.1024190115928	19.2328934377353	50
19.0607864455023	19.1552785278567	50
19.0192922536763	19.0779217042021	50
18.9779370273712	19.000824067617	50
18.936721351716	18.9239867075296	50
18.8956458057114	18.8474107019506	50
18.8547109622307	18.7710971174729	50
18.813917388019	18.6950470092724	50
18.7732656436938	18.619261421107	50
18.7327562837447	18.5437413853174	50
18.6923898565335	18.4684879228267	50
18.6521669042939	18.3935020431406	50
18.6120879631323	18.3187847443472	50
18.5721535630266	18.2443370131171	50
18.5323642278275	18.1701598247034	50
18.4927204752575	18.0962541429417	50
18.4532228169113	18.0226209202502	50
18.4138717582557	17.9492610976294	50
18.37466779863	17.8761756046625	50
18.3356114312452	17.8033653595151	50
18.2967031431849	17.7308312689353	50
18.2579434154045	17.6585742282538	50
18.2193327227318	17.5865951213836	50
18.1808715338666	17.5148948208203	50
18.1425603113811	17.4434741876421	50
18.1043995117195	17.3723340715096	50
18.066389585198	17.3014753106659	50
18.0285309760054	17.2308987319365	50
17.9908241222022	17.1606051507297	50
17.9532694557213	17.090595371036	50
17.9158674023679	17.0208701854284	50
17.878618381819	16.9514303750627	50
17.8415228076241	16.882276709677	50
17.8045810872047	16.8134099475917	50
17.7677936218544	16.7448308357101	50
17.7311608067392	16.6765401095177	50
17.6946830308971	16.6085384930827	50
17.6583606772382	16.5408266990556	50
17.622194122545	16.4734054286696	50
17.5861837374718	16.4062753717401	50
17.5503298865454	16.3394372066655	50
17.5146329281647	16.2728916004261	50
17.4790932146006	16.2066392085852	50
17.4437110919964	16.1406806752884	50
17.4084869003673	16.0750166332636	50
17.3734209736009	16.0096477038216	50
17.3385136394568	15.9445744968554	50
17.3037652195668	15.8797976108406	50
17.269176029435	15.8153176328353	50
17.2347463784375	15.7511351384801	50
17.2004765698226	15.6872506919981	50
17.1663669007109	15.6236648461949	50
17.1324176620949	15.5603781424585	50
17.0986291388395	15.4973911107596	50
17.0650016096816	15.4347042696513	50
17.0315353472305	15.372318126269	50
16.9982306179673	15.310233176331	50
16.9650876822457	15.2484499041378	50
16.9321067942911	15.1869687825725	50
16.8992882022015	15.1257902731006	50
16.8666321479468	15.0649148257704	50
16.834138867369	15.0043428792122	50
16.8018085901826	14.9440748606393	50
16.7696415399739	14.8841111858471	50
16.7376379342016	14.8244522592139	50
16.7057979841965	14.7650984737001	50
16.6741218951614	14.7060502108488	50
16.6426098661716	14.6473078407857	50
16.6112620901743	14.5888717222187	50
16.580078753989	14.5307422024386	50
16.5490600383072	14.4729196173183	50
16.5182061176927	14.4154042913134	50
16.4875171605815	14.358196537462	50
16.4569933292817	14.3012966573846	50
16.4266347799734	14.2447049412844	50
16.3964416627092	14.188421667947	50
16.3664141214137	14.1324471047403	50
16.3365522938835	14.0767815076149	50
16.3068563117877	14.021425121104	50
16.2773263006673	13.9663781783231	50
16.2479623799355	13.9116409009702	50
16.2187646628778	13.857213499326	50
16.1897332566517	13.8030961722534	50
16.160868262287	13.7492891071982	50
16.1321697746855	13.6957924801882	50
16.1036378826215	13.6426064558341	50
16.075272668741	13.589731187329	50
16.0470742095625	13.5371668164484	50
16.0190425754765	13.4849134735503	50
15.9911778307458	13.4329712775754	50
15.9634800335053	13.3813403360468	50
15.935949235762	13.3300207450698	50
15.9085854833952	13.2790125893327	50
15.8813888161561	13.2283159421059	50
15.8543592676685	13.1779308652426	50
15.8274968654279	13.1278574091782	50
15.8008016308023	13.0780956129309	50
15.7742735790316	13.0286455041012	50
15.7479127192282	12.9795070988721	50
15.7217190543763	12.9306804020093	50
15.6956925813326	12.8821654068607	50
15.6698332908256	12.8339620953568	50
15.6441411674563	12.7860704380109	50
15.6186161896977	12.7384903939183	50
15.5932583298949	12.6912219107572	50
15.5680675542654	12.6442649247882	50
15.5430438228986	12.5976193608541	50
15.5181870897563	12.5512851323807	50
15.4934973026722	12.5052621413759	50
15.4689744033525	12.4595502784303	50
15.4446183273751	12.4141494227169	50
15.4204290041906	12.3690594419913	50
15.3964063571214	12.3242801925915	50
15.3725503033622	12.2798115194381	50
15.3488607539797	12.2356532560341	50
15.3253376139131	12.191805224465	50
15.3019807819734	12.148267235399	50
15.278790150844	12.1050390880864	50
15.2557656070804	12.0621205703604	50
15.2329070311102	12.0195114586365	50
15.2102142972332	11.9772115179127	50
15.1876872736214	11.9352205017696	50
15.1653258223191	11.8935381523702	50
15.1431297992424	11.8521642004601	50
15.1210990541798	11.8110983653672	50
15.0992334307921	11.7703403550021	50
15.0775327666119	11.7298898658579	50
15.0559968930443	11.6897465830101	50
15.0346256353664	11.6499101801166	50
15.0134188127275	11.6103803194181	50
14.992376238149	11.5711566517375	50
14.9714977185246	11.5322388164804	50
14.95078305462	11.4936264416349	50
14.9302320410732	11.4553191437713	50
14.9098444663944	11.4173165280429	50
14.8896201129658	11.379618188185	50
14.8695587570418	11.3422237065158	50
14.849660168749	11.3051326539357	50
14.8299241120863	11.2683445899277	50
14.8103503449246	11.2318590625575	50
14.7909386190069	11.1956756084729	50
14.7716886799486	11.1597937529046	50
14.752600267237	11.1242130096655	50
14.7336731142318	11.0889328811512	50
14.7149069481647	11.0539528583396	50
14.6963014901396	11.0192724207914	50
14.6778564551327	10.9848910366495	50
14.6595715519921	10.9508081626394	50
14.6414464834383	10.9170232440691	50
14.6234809460639	10.8835357148293	50
14.6056746303336	10.8503449973928	50
14.5880272205843	10.8174505028151	50
14.5705383950251	10.7848516307344	50
14.5532078257372	10.7525477693711	50
14.5360351786741	10.7205382955282	50
14.5190201136612	10.6888225745912	50
14.5021622843964	10.6573999605282	50
14.4854613384495	10.6262697958896	50
14.4689169172625	10.5954314118085	50
14.4525286561498	10.5648841280003	50
14.4362961842976	10.5346272527631	50
14.4202191247646	10.5046600829774	50
14.4042970944814	10.4749819041061	50
14.3885297042509	10.4455919901948	50
14.3729165587482	10.4164896038715	50
14.3574572565204	10.3876739963467	50
14.342151389987	10.3591444074134	50
14.3269985454395	10.330900065447	50
14.3119983030415	10.3029401874056	50
14.297150236829	10.2752639788297	50
14.2824539147099	10.2478706338423	50
14.2679088984645	10.2207593351488	50
14.2535147437451	10.1939292540374	50
14.2392710000763	10.1673795503783	50
14.2251772108546	10.1411093726248	50
14.2112329133491	10.1151178578122	50
14.1974376387006	10.0894041315585	50
14.1837909119223	10.0639673080643	50
14.1702922518997	10.0388064901125	50
14.1569411713902	10.0139207690687	50
14.1437371770234	9.98930922488074	50
14.1306797693013	9.9649709260792	50
14.1177684425977	9.94090492977703	50
14.105002685159	9.91711028166976	50
14.0923819791033	9.89358601603534	50
14.0799058004212	9.87033115573428	50
14.0675736189754	9.84734471220955	50
14.0553848985006	9.82462568548664	50
14.0433390966039	9.80217306417354	50
14.0314356647643	9.77998582546073	50
14.0196740483333	9.75806293512118	50
14.0080536865342	9.73640334751038	50
13.9965740124628	9.71500600556632	50
13.9852344530868	9.69386984080946	50
13.9740344292462	9.6729937733428	50
13.9629733556531	9.6523767118518	50
13.9520506408919	9.63201755360445	50
13.9412656874189	9.61191518445123	50
13.9306178915628	9.5920684788251	50
13.9201066435245	9.57247629974154	50
13.9097313273768	9.55313749879854	50
13.8994913210649	9.53405091617655	50
13.889385996406	9.51521538063856	50
13.8794147190897	9.49662970953004	50
13.8695768486774	9.47829270877894	50
13.8598717386031	9.46020317289577	50
13.8502987361725	9.44235988497348	50
13.840857182564	9.42476161668753	50
13.8315464128276	9.40740712829589	50
13.8223657558858	9.39029516863904	50
13.8133145345333	9.37342447513993	50
13.8043920654368	9.35679377380405	50
13.7955976591352	9.34040177921935	50
13.7869306200396	9.32424719455629	50
13.7783902464333	9.30832871156783	50
13.7699758304716	9.29264501058945	50
13.7616866581822	9.2771947605391	50
13.7535220094648	9.26197661891725	50
13.7454811580913	9.24698923180685	50
13.7375633717058	9.23223123387336	50
13.7297679118245	9.21770124836475	50
13.7220940338358	9.20339788711146	50
13.7145409870004	9.18931975052647	50
13.7071080144508	9.17546542760522	50
13.6997943531921	9.16183349592567	50
13.6925992341013	9.14842252164828	50
13.6855218819276	9.13523105951599	50
13.6785615152923	9.12225765285427	50
13.6717173466892	9.10950083357107	50
13.6649885824837	9.09695912215683	50
13.6583744229139	9.08463102768452	50
13.6518740620899	9.07251504780956	50
13.6454866879937	9.06060966876993	50
13.6392114824797	9.04891336538607	50
13.6330476212746	9.03742460106092	50
13.626994273977	9.02614182777994	50
13.6210506040577	9.01506348611105	50
13.6152157688599	9.00418800520474	50
13.6094889195987	8.99351380279391	50
13.6038692013614	8.98303928519403	50
13.5983557531076	8.97276284730303	50
13.5929477076689	8.96268287260136	50
13.5876441917493	8.95279773315197	50
13.5824443259247	8.94310578960028	50
13.5773472246434	8.93360539117425	50
13.5723519962256	8.92429487568431	50
13.5674577428638	8.9151725695234	50
13.5626635606228	8.90623678766696	50
13.5533717631225	8.88891799968171	50
13.5444692496853	8.87232480318207	50
13.5359485682265	8.85644330694152	50
13.5278021686161	8.84125943705351	50
13.5200224026785	8.82675893693148	50
13.512601524193	8.81292736730888	50
13.5055316888933	8.79975010623913	50
13.4988049544679	8.78721234909565	50
13.4924132805598	8.77529910857184	50
13.4863485287667	8.76399521468107	50
13.480602462641	8.75328531475673	50
13.4751667476894	8.74315387345218	50
13.4700329513737	8.73358517274077	50
13.46519254311	8.72456331191583	50
13.4584631313764	8.71202061310566	50
13.4523448701123	8.70061702149307	50
13.4468077277107	8.69029656014919	50
13.4418211762098	8.68100232732756	50
13.4359752218428	8.67010629202589	50
13.4309779724542	8.66079212574803	50
13.4258082394946	8.65115647571854	50
13.4209823450328	8.64216169214004	50
13.4160304829379	8.63293212273963	50
13.4112984430624	8.62411227081331	50
13.4065105659315	8.6152425377956	50
13.4014933353376	8.60616159773464	50
13.3965093521275	8.59731640959066	50
13.3908642983444	8.58746511458796	50
13.3849501186572	8.57730256535044	50
13.3791890664437	8.56753706862061	50
13.3739945354153	8.55883224061997	50
13.368247821766	8.5493022380867	50
13.3619196279263	8.53891905359989	50
13.3549805094281	8.52765603633642	50
13.3493574557139	8.51861611606683	50
13.343361576664	8.50905686381184	50
13.3369802877149	8.49896853858152	50
13.3302009578231	8.48834182862198	50
13.323010909466	8.47716785141537	50
13.3153974186408	8.46543815367984	50
13.3073477148655	8.45314471136957	50
13.301732577703	8.44463212354491	50
13.2959140635524	8.43586345394307	50
13.2898883541378	8.42683664302162	50
13.2836516220021	8.41754971602545	50
13.2772000305071	8.40800078298684	50
13.2705297338334	8.39818803872544	50
13.2636368769805	8.38810976284827	50
13.2565175957665	8.37776431974967	50
13.2491680168288	8.36715015861138	50
13.2415842576231	8.35626581340249	50
13.2337624264245	8.34510990287946	50
13.2256986223264	8.33368113058611	50
13.2173889352415	8.32197828485361	50
13.2088294459009	8.31000023880051	50
13.200016225855	8.29774595033272	50
13.1909453374727	8.28521446214351	50
13.1816128339419	8.27240490171349	50
13.1720147592693	8.25931648131068	50
13.1621471482804	8.24594849799045	50
13.1520060266195	8.23230033359548	50
13.14158741075	8.21837145475588	50
13.1308873079538	8.20416141288909	50
13.1199017163318	8.18966984419991	50
13.1086266248038	8.17489646968054	50
13.0970580131084	8.15984109511048	50
13.085191851803	8.14450361105665	50
13.0730241022639	8.1288839928733	50
13.0668258673262	8.12096839896531	50
13.060550716686	8.11298230070206	50
13.0541981429331	8.10492571884927	50
13.0477676380835	8.0967986794719	50
13.0412586935793	8.08860121393409	50
13.0346708002889	8.0803333588992	50
13.028003448507	8.07199515632978	50
13.0212561279541	8.06358665348763	50
13.0144283277772	8.05510790293374	50
13.0075195365494	8.0465589625283	50
13.0005292422699	8.03793989543072	50
12.9934569323641	8.02925077009963	50
12.9863020936837	8.02049166029285	50
12.9790642125064	8.01166264506742	50
12.9717427745362	8.0027638087796	50
12.9643372649032	7.99379524108484	50
12.9568471681638	7.98475703693781	50
12.9492719683005	7.9756492965924	50
12.9416111487218	7.9664721256017	50
12.9338641922627	7.95722563481802	50
12.9260305811842	7.94790994039285	50
12.9181097971735	7.93852516377691	50
12.9101013213439	7.92907143172015	50
12.9020046342351	7.91954887627171	50
12.8938192158128	7.90995763477994	50
12.8855445454688	7.9002978498924	50
12.8771801020213	7.89056966955586	50
12.8687253637146	7.8807732470163	50
12.860179808219	7.87090874081893	50
12.8515429126313	7.86097631480813	50
12.8428141534742	7.85097613812752	50
12.8339930066966	7.84090838521994	50
12.8250789476739	7.8307732358274	50
12.8160714512072	7.82057087499116	50
12.8069699915241	7.81030149305167	50
12.7977740422783	7.7999652856486	50
12.7884830765496	7.78956245372081	50
12.7790965668442	7.7790932035064	50
12.7696139850941	7.76855774654264	50
12.7600348026579	7.75795629966607	50
12.7503584903201	7.74728908501238	50
12.7405845182914	7.7365563300165	50
12.7307123562088	7.72575826741256	50
12.7207414731354	7.71489513523392	50
12.7106713375604	7.70396717681312	50
12.7005014173994	7.69297464078194	50
12.690231179994	7.68191778107135	50
12.679860092112	7.67079685691154	50
12.6693876199474	7.6596121328319	50
12.6588132291204	7.64836387866103	50
12.6481363846773	7.63705236952676	50
12.6373565510906	7.62567788585611	50
12.6264731922591	7.61424071337534	50
12.6154857715077	7.60274114310985	50
12.6043937515873	7.59117947138434	50
12.5931965946753	7.57955599982267	50
12.5818937623751	7.56787103534789	50
12.5704847157162	7.55612489018232	50
12.5589689151545	7.54431788184744	50
12.5473458205718	7.53245033316397	50
12.5356148912764	7.52052257225182	50
12.5237755860024	7.50853493253012	50
12.5118273629105	7.49648775271721	50
12.4997696795872	7.48438137683065	50
12.4876019930454	7.47221615418717	50
12.4753237597241	7.45999243940277	50
12.4629344354885	7.44771059239262	50
12.45043347563	7.4353709783711	50
12.4378203348661	7.42297396785182	50
12.4250944673405	7.41051993664758	50
12.4122553266232	7.39800926587042	50
12.3993023657102	7.38544234193154	50
12.3862350370238	7.37281955654142	50
12.3730527924124	7.36014130670968	50
12.3597550831506	7.34740799474519	50
12.3463413599392	7.33462002825602	50
12.3328110729052	7.32177782014945	50
12.3191636716018	7.30888178863198	50
12.3053986050082	7.2959323572093	50
12.2915153215299	7.28292995468633	50
12.2775132689987	7.26987501516719	50
12.2633918946724	7.25676797805522	50
12.2491506452349	7.24360928805294	50
12.2347889667967	7.23039939516212	50
12.2203063048939	7.21713875468372	50
12.2057021044892	7.20382782721792	50
12.1909758099713	7.19046707866409	50
12.1761268651551	7.17705698022083	50
12.1611547132818	7.16359800838594	50
12.1460587970187	7.15009064495644	50
12.130838558459	7.13653537702854	50
12.1154934391226	7.12293269699769	50
12.1000228799552	7.10928310255852	50
12.0844263213288	7.0955870967049	50
12.0687032030415	7.08184518772988	50
12.0528529643177	7.06805788922575	50
12.0368750438079	7.05422572008398	50
12.0207688795889	7.04034920449527	50
12.0045339091634	7.02642887194952	50
11.9881695694605	7.01246525723586	50
11.9716752968355	6.9984589004426	50
11.9550505270698	6.98441034695728	50
11.9382946953709	6.97032014746666	50
11.9214072363726	6.95618885795668	50
11.9043875841349	6.94201703971251	50
11.8872351721438	6.92780525931852	50
11.8699494333117	6.91355408865831	50
11.852529799977	6.89926410491467	50
11.8349757039043	6.88493589056961	50
11.8172865762846	6.87057003340433	50
11.7994618477348	6.85616712649929	50
11.781500948298	6.84172776823409	50
11.7634033074437	6.82725256228761	50
11.7451683540673	6.81274211763789	50
11.7267955164907	6.7981970485622	50
11.7082842224616	6.78361797463703	50
11.6896338991541	6.76900552073805	50
11.6708439731686	6.75436031704017	50
11.6519138705313	6.73968299901749	50
11.632843016695	6.72497420744334	50
11.6136308365384	6.71023458839025	50
11.5942767543664	6.69546479322995	50
11.5747801939102	6.68066547863338	50
11.5551405783271	6.66583730657072	50
11.5353573302006	6.65098094431134	50
11.5154298715403	6.63609706442379	50
11.4953576237821	6.6211863447759	50
11.475140007788	6.60624946853465	50
11.4547764438463	6.59128712416625	50
11.4342663516712	6.57630000543612	50
11.4136091504033	6.56128881140889	50
11.3928042586095	6.54625424644841	50
11.3718510942825	6.53119702021773	50
11.3507490748414	6.51611784767911	50
11.3294976171316	6.50101744909401	50
11.3080961374245	6.48589655002312	50
11.2865440514176	6.47075588132634	50
11.2648407742349	6.45559617916276	50
11.2429857204262	6.44041818499069	50
11.2209783039677	6.42522264556766	50
11.1988179382617	6.4100103129504	50
11.1765040361368	6.39478194449487	50
11.1540360098476	6.3795383028562	50
11.131413271075	6.36428015598876	50
11.108635230926	6.3490082771461	50
11.0857012999338	6.33372344488105	50
11.0626108880579	6.31842644304557	50
11.0393634046838	6.30311806079089	50
11.0159582586233	6.28779909256739	50
10.9923948581142	6.27247033812473	50
10.9686726108207	6.25713260251171	50
10.9447909238331	6.2417866960764	50
10.9207492036678	6.22643343446604	50
10.8965468562675	6.2110736386271	50
10.872183287001	6.19570813480525	50
10.8476579006632	6.1803377545454	50
10.8229701014753	6.16496333469161	50
10.7981192930848	6.1495857173872	50
10.773104878565	6.13420575007468	50
10.7479262604158	6.1188242854958	50
10.7225828405629	6.10344218169148	50
10.6970740203585	6.08806030200186	50
10.6713992005808	6.0726795150663	50
10.6455577814341	6.05730069482337	50
10.6195491625491	6.04192472051083	50
10.5933727429826	6.0265524766657	50
10.5670279212175	6.01118485312416	50
10.5405140951629	5.99582274502161	50
10.513830662154	5.98046705279267	50
10.4869770189525	5.96511868217117	50
10.4599525617459	5.94977854419015	50
10.4327566861481	5.93444755518187	50
10.405388787199	5.91912663677775	50
10.377848259365	5.9038167159085	50
10.3501344965382	5.88851872480399	50
10.3222468920374	5.87323360099329	50
10.2941848386071	5.85796228730471	50
10.2659477284183	5.84270573186576	50
10.2375349530681	5.82746488810316	50
10.2089459035797	5.81224071474283	50
10.1801799704025	5.79703417580993	50
10.1512365434122	5.78184624062878	50
10.1221150119105	5.76667788382297	50
10.0928147646254	5.75153008531525	50
10.0633351897111	5.7364038303276	50
10.0336756747478	5.72130010938123	50
10.0038356067421	5.70621991829653	50
9.97381437212657	5.69116425819309	50
9.94361135676013	5.67613413548978	50
9.91322594592778	5.66113056190456	50
9.88265752434074	5.64615455445474	50
9.85190547613638	5.63120713545674	50
9.82096918487826	5.61628933252621	50
9.78984803355612	5.60140217857806	50
9.75854140458588	5.58654671182634	50
9.72704867980963	5.57172397578435	50
9.69536924049563	5.5569350192646	50
9.66350246733834	5.54218089637878	50
9.63144774045838	5.52746266653784	50
9.59920443940254	5.51278139445191	50
9.56677194314382	5.49813815013031	50
9.53414963008136	5.48353400888161	50
9.50133687804051	5.46897005131358	50
9.46833306427277	5.45444736333318	50
9.43513756545584	5.43996703614661	50
9.40174975769358	5.42553016625923	50
9.36816901651604	5.41113785547569	50
9.33439471687943	5.39679121089977	50
9.30042623316616	5.3824913449345	50
9.26626293918481	5.36823937528213	50
9.23190420817013	5.35403642494408	50
9.19734941278306	5.33988362222104	50
9.16259792511069	5.32578210071286	50
9.12764911666634	5.31173299931859	50
9.09250235838944	5.29773746223655	50
9.05715702064566	5.28379663896421	50
9.0216124732268	5.26991168429829	50
8.98586808535086	5.25608375833473	50
8.94992322566203	5.2423140264686	50
8.91377726223065	5.22860365939429	50
8.87742956255325	5.21495383310531	50
8.84087949355256	5.20136572889442	50
8.80412642157743	5.1878405333536	50
8.76716971240294	5.17437943837404	50
8.73000873123034	5.1609836411461	50
8.69264284268702	5.14765434415939	50
8.6550714108266	5.13439275520272	50
8.61729379912885	5.1212000873641	50
8.57930937049971	5.10807755903077	50
8.54111748727131	5.09502639388915	50
8.50271751120196	5.0820478209249	50
8.46410880347614	5.06914307442289	50
8.42529072470451	5.05631339396716	50
8.38626263492391	5.04356002444102	50
8.34702389359736	5.03088421602693	50
8.30757385961404	5.01828722420661	50
8.26791189128933	5.00577030976096	50
8.22803734636478	4.9933347387701	50
8.1879495820081	4.98098178261337	50
8.14764795481321	4.96871271796929	50
8.10713182080018	4.95652882681563	50
8.06640053541527	4.94443139642936	50
8.02545345353093	4.9324217193866	50
7.98428992944575	4.92050109356278	50
7.94290931688453	4.90867082213248	50
7.90131096899825	4.89693221356948	50
7.85949423836403	4.8852865816468	50
7.81745847698522	4.87373524543668	50
7.7752030362913	4.86227952931055	50
7.73272726713796	4.85092076293903	50
7.69003051980706	4.83966028129197	50
7.64711214400661	4.82849942463846	50
7.60397148887085	4.81743953854676	50
7.56060790296015	4.80648197388433	50
7.51702073426107	4.7956280868179	50
7.47320933018637	4.78487923881336	50
7.42917303757497	4.7742367966358	50
7.38491120269195	4.76370213234956	50
7.34042317122861	4.75327662331818	50
7.29570828830238	4.7429616522044	50
7.25076589845691	4.73275860697017	50
7.205595345662	4.72266888087664	50
7.16019597331363	4.71269387248421	50
7.11456712423397	4.70283498565246	50
7.06870814067137	4.69309362954017	50
7.02261836430033	4.68347121860536	50
6.97629713622156	4.67396917260522	50
6.92974379696192	4.6645889165962	50
6.88295768647448	4.65533188093393	50
6.83593814413845	4.64619950127323	50
6.78868450875924	4.63719321856819	50
6.74119611856845	4.62831447907207	50
6.69347231122382	4.61956473433734	50
6.64551242380929	4.61094544121568	50
6.597315792835	4.60245806185796	50
6.54888175423722	4.59410406371436	50
6.50020964337842	4.58588491953413	50
6.45129879504727	4.57780210736581	50
6.40214854345857	4.56985711055716	50
6.35275822225334	4.56205141775511	50
6.30312716449876	4.55438652290583	50
6.25325470268818	4.54686392525466	50
6.20314016874115	4.53948512934619	50
6.15278289400337	4.53225164502424	50
6.10218220924674	4.52516498743177	50
6.05133744466933	4.51822667701097	50
6.00024792989537	4.51143823950333	50
5.94891299397531	4.5048012059494	50
5.89733196538573	4.49831711268907	50
5.84550417202941	4.49198750136136	50
5.79342894123532	4.48581391890455	50
5.74110559975859	4.47979791755609	50
5.68853347378053	4.47394105485268	50
5.63571188890862	4.46824489363019	50
5.58264017017654	4.46271100202373	50
5.52931764204412	4.45734095346761	50
5.47574362839739	4.45213632669535	50
5.42191745254855	4.44709870573969	50
5.36783843723598	4.44222967993252	50
5.31350590462422	4.43753084390506	50
5.25891917630401	4.43300379758763	50
5.20407757329227	4.42865014620981	50
5.14898041603206	4.42447150030037	50
5.09362702439267	4.42046947568733	50
5.03801671766953	4.41664569349787	50
4.98214881458426	4.4130017801584	50
4.92602263328466	4.40953936739454	50
4.8696374913447	4.40626009223115	50
4.81299270576453	4.40316559699223	50
4.75608759297049	4.40025752930105	50
4.69892146881507	4.3975375420801	50
4.64149364857697	4.39500729355101	50
4.58380344696104	4.39266844723468	50
4.52585017809833	4.39052267195121	50
4.46763315554605	4.38857164181987	50
4.40915169228759	4.38681703625923	50
4.35040510073254	4.38526053998697	50
4.29139269271663	4.38390384302003	50
4.23211377950179	4.38274864067459	50
4.17256767177613	4.38179663356596	50
4.11275367965394	4.38104952760871	50
4.05267111267566	4.38050903401663	50
3.99231927980794	4.38017686930268	50
3.93169748944359	4.3800547552791	50
3.8708050494016	4.38014441905724	50
3.80964126692715	4.38044759304776	50
3.74820544869158	4.38096601496047	50
3.68649690079241	4.38170142780439	50
3.62451492875334	4.38265557988777	50
3.56225883752427	4.3838302248181	50
3.49972793148124	4.38522712150199	50
3.43692151442648	4.38684803414536	50
3.37383888958841	4.3886947322533	50
3.31047935962163	4.39076899063007	50
3.24684222660689	4.39307258937918	50
3.18292679205114	4.39560731390339	50
3.11873235688751	4.39837495490459	50
3.05425822147529	4.40137730838392	50
2.98950368559996	4.40461617564173	50
2.92446804847318	4.4080933632776	50
2.85915060873277	4.41181068319026	50
2.79355066444275	4.41576995257772	50
2.72766751309331	4.41997299393714	50
2.66150045160081	4.42442163506493	50
2.59504877630779	4.42911770905671	50
2.52831178298297	4.43406305430729	50
2.46128876682126	4.43925951451069	50
2.39397902244371	4.44470893866016	50
2.3263818438976	4.45041318104816	50
2.25849652465634	4.45637410126632	50
2.19032235761954	4.46259356420553	50
2.121858635113	4.46907344005585	50
2.05310464888867	4.4758156043066	50
1.98405969012469	4.48282193774627	50
1.91472304942538	4.49009432646253	50
1.84509401682123	4.49763466184237	50
1.77517188176893	4.50544484057188	50
1.70495593315131	4.51352676463639	50
1.6344454592774	4.52188234132048	50
1.56363974788242	4.53051348320788	50
1.49253808612774	4.5394221081816	50
1.42113976060092	4.54861013942379	50
1.3494440573157	4.55807950541584	50
1.277450261712	4.56783213993837	50
1.20515765865591	4.57786998207119	50
