1.20515765865591	-17.0722630744111	19
1.1921002262679	-17.0703651828575	19
1.17906126073989	-17.0683443140156	19
1.16604192026819	-17.0662006473907	19
1.1530433613059	-17.0639343733957	19
1.14006673846019	-17.061545693334	19
1.12711320438973	-17.0590348193821	19
1.11418390970232	-17.0564019745704	19
1.10128000285266	-17.0536473927633	19
1.08840263004038	-17.0507713186387	19
1.07555293510818	-17.0477740076661	19
1.06273205944027	-17.0446557260841	19
1.04994114186096	-17.0414167508764	19
1.03718131853351	-17.0380573697475	19
1.0244537228592	-17.0345778810971	19
1.01175948537667	-17.0309785939936	19
0.999099733661496	-17.0272598281463	19
0.986475592226023	-17.0234219138776	19
0.973888182419488	-17.0194651920932	19
0.961338622328412	-17.015390014252	19
0.948828026677284	-17.0111967423349	19
0.93635750672955	-17.0068857488126	19
0.923928170188894	-17.0024574166123	19
0.911541121100857	-16.9979121390842	19
0.899197459754763	-16.9932503199661	19
0.886898282585984	-16.9884723733478	19
0.874644682078551	-16.983578723634	19
0.862437746668113	-16.9785698055071	19
0.850278560645255	-16.9734460638881	19
0.838168204059185	-16.9682079538974	19
0.826107752621798	-16.9628559408141	19
0.814098277612126	-16.9573905000351	19
0.802140845781179	-16.9518121170324	19
0.790236519257192	-16.9461212873102	19
0.778386355451278	-16.9403185163609	19
0.766591406963504	-16.9344043196202	19
0.754852721489397	-16.9283792224213	19
0.743171341726873	-16.9222437599481	19
0.731548305283626	-16.9159984771878	19
0.719984644584959	-16.9096439288826	19
0.708481386782077	-16.9031806794803	19
0.69703955366085	-16.8966093030839	19
0.685660161551056	-16.8899303834012	19
0.674344221236097	-16.8831445136923	19
0.663092737863223	-16.8762522967176	19
0.651906710854243	-16.8692543446835	19
0.640787133816756	-16.8621512791887	19
0.629734994455888	-16.8549437311684	19
0.618751274486562	-16.8476323408388	19
0.607836949546295	-16.8402177576398	19
0.596992989108535	-16.8327006401775	19
0.58622035639655	-16.8250816561659	19
0.575520008297866	-16.8173614823671	19
0.56489289527927	-16.8095408045316	19
0.554339961302389	-16.8016203173372	19
0.543862143739837	-16.7936007243274	19
0.533460373291951	-16.7854827378489	19
0.52313557390413	-16.777267078988	19
0.512888662684753	-16.7689544775072	19
0.502720549823722	-16.7605456717797	19
0.492632138511617	-16.7520414087244	19
0.48262432485946	-16.743442443739	19
0.472697997819128	-16.7347495406333	19
0.462854039104383	-16.7259634715612	19
0.453093323112557	-16.7170850169522	19
0.443416716846881	-16.708114965442	19
0.433825079839476	-16.6990541138024	19
0.424319264074999	-16.6899032668706	19
0.414900113914972	-16.6806632374778	19
0.405568466022772	-16.6713348463769	19
0.396325149289324	-16.6619189221693	19
0.387170984759465	-16.6524163012321	19
0.378106785559018	-16.6428278276429	19
0.369133356822567	-16.6331543531053	19
0.360251495621938	-16.6233967368734	19
0.351461990895397	-16.613555845675	19
0.342765623377577	-16.6036325536349	19
0.334163165530124	-16.5936277421975	19
0.325655381473085	-16.5835423000477	19
0.317243026917031	-16.573377123033	19
0.308926849095936	-16.5631331140832	19
0.300707586700799	-16.5528111831303	19
0.29258596981403	-16.5424122470279	19
0.284562719844602	-16.5319372294697	19
0.276638549463967	-16.5213870609073	19
0.268814162542757	-16.5107626784676	19
0.261090254088261	-16.5000650258698	19
0.253467510182687	-16.4892950533412	19
0.245946607922224	-16.4784537175331	19
0.238528215356898	-16.4675419814355	19
0.231212991431231	-16.4565608142919	19
0.224001585925709	-16.4455111915132	19
0.216894639399065	-16.4343940945907	19
0.209892783131384	-16.4232105110093	19
0.202996639068025	-16.4119614341594	19
0.196206819764377	-16.4006478632492	19
0.189523928331451	-16.3892708032154	19
0.182948558382305	-16.3778312646343	19
0.176481293979317	-16.3663302636318	19
0.170122709582305	-16.3547688217934	19
0.163873369997502	-16.3431479660732	19
0.157733830327385	-16.3314687287027	19
0.151704635921365	-16.3197321470994	19
0.145786322327352	-16.3079392637743	19
0.13997941524418	-16.2960911262395	19
0.13428443047491	-16.284188786915	19
0.128701873881021	-16.2722333030355	19
0.123232241337467	-16.2602257365562	19
0.117876018688636	-16.2481671540585	19
0.112633681705195	-16.2360586266556	19
0.107505696041827	-16.2239012298967	19
0.102492517195868	-16.2116960436722	19
0.0975945904668494	-16.1994441521172	19
0.092812350916945	-16.1871466435157	19
0.0881462233323225	-16.1748046102035	19
0.0835966221854134	-16.1624191484712	19
0.0791639515980986	-16.1499913584673	19
0.0748486053058095	-16.1375223440999	19
0.0706509666225552	-16.125013212939	19
0.0665714084068756	-16.1124650761179	19
0.0626102930287189	-16.0998790482346	19
0.0587679723372567	-16.087256247253	19
0.0550447876296305	-16.0745977944033	19
0.0514410696206324	-16.0619048140823	19
0.0479571384133337	-16.049178433754	19
0.0445933034706494	-16.0364197838492	19
0.0413498635878478	-16.0236299976647	19
0.0382271068660136	-16.0108102112635	19
0.0352253106864557	-15.997961563373	19
0.0323447416860667	-15.9850851952845	19
0.0295856557336409	-15.9721822507515	19
0.0269482979071465	-15.9592538758879	19
0.0244329024719545	-15.946301219067	19
0.0220396928600322	-15.9333254308185	19
0.0197688816500947	-15.9203276637269	19
0.0176206705487241	-15.9073090723292	19
0.0155952503724512	-15.8942708130119	19
0.0136928010308077	-15.8812140439085	19
0.0119134915103438	-15.8681399247968	19
0.0102574798596196	-15.8550496169956	19
0.00872491317516499	-15.8419442832618	19
0.00731592758841448	-15.8288250876869	19
0.00603064825361477	-15.8156931955936	19
0.00486918933670766	-15.8025497734327	19
0.00383165400519014	-15.7893959886788	19
0.00291813441894928	-15.7762330097271	19
0.00212871172207718	-15.7630620057896	19
0.00146345603566189	-15.7498841467909	19
0.000922426451560376	-15.7367006032648	19
0.000505671027148269	-15.7235125462497	19
0.000213226781052178	-15.7103211471851	19
4.51196898612061e-05	-15.6971275778075	19
1.36468581879434e-06	-15.6839330100459	19
8.19656554977843e-05	-15.670738615918	19
0.000286915439454027	-15.6575455674264	19
0.000616195832862321	-15.6443550364538	19
0.00106977758713445	-15.6311681946595	19
0.00164762041251598	-15.6179862133749	19
0.00234967298166655	-15.6048102635	19
0.00317587293421751	-15.5916415153987	19
0.00412614688231172	-15.5784811387954	19
0.00520041041712238	-15.5653303026709	19
0.0063985681163512	-15.5521901751584	19
0.0077205135527032	-15.53906192344	19
0.00916612930334137	-15.5259467136431	19
0.0107352869603157	-15.5128457107363	19
0.0124278471419703	-15.4997600784264	19
0.0142436595053232	-15.4866909790551	19
0.0161825627594212	-15.4736395734952	19
0.0182443846796663	-15.4606070210481	19
0.0204289421231139	-15.4475944793405	19
0.0227360410447399	-15.4346031042215	19
0.0251654765146794	-15.4216340496602	19
0.027717032736426	-15.408688467643	19
0.0303904830660027	-15.3957675080714	19
0.0331855900320932	-15.3828723186596	19
0.0361021053571353	-15.370004044833	19
0.0391397699793739	-15.3571638296261	19
0.0422983140758735	-15.3443528135811	19
0.0455774570864844	-15.3315721346463	19
0.0489769077387636	-15.3188229280757	19
0.0524963640738492	-15.3061063263275	19
0.0561355134732786	-15.2934234589638	19
0.0598940326867607	-15.2807754525502	19
0.0637715878608871	-15.2681634305558	19
0.0677678345687862	-15.2555885132532	19
0.0718824178407191	-15.2430518176194	19
0.0761149721956089	-15.2305544572361	19
0.0804651216735039	-15.2180975421912	19
0.0849324798689752	-15.2056821789798	19
0.0895166499654372	-15.1933094704064	19
0.0942172247703952	-15.1809805154864	19
0.0990337867516162	-15.1686964093488	19
0.103965908074216	-15.1564582431391	19
0.109013150638659	-15.144267103922	19
0.114175066119678	-15.1321240745848	19
0.119451196006093	-15.1200302337417	19
0.12484107164154	-15.1079866556375	19
0.130344214266102	-15.0959944100525	19
0.135960135058829	-15.0840545622073	19
0.141688335181166	-15.0721681726682	19
0.147528305821256	-15.0603362972531	19
0.153479528239141	-15.0485599869375	19
0.159541473812834	-15.0368402877614	19
0.165713604085278	-15.0251782407362	19
0.171995370812176	-15.0135748817525	19
0.178386216010683	-15.0020312414876	19
0.184885572008979	-14.9905483453144	19
0.191492861496682	-14.9791272132102	19
0.198207497576137	-14.9677688596659	19
0.205028883814541	-14.9564742935961	19
0.211956414296929	-14.9452445182497	19
0.218989473679986	-14.93408053112	19
0.226127437246711	-14.9229833238571	19
0.23336967096191	-14.9119538821789	19
0.240715531528507	-14.9009931857844	19
0.248164366444694	-14.8901022082659	19
0.255715514061882	-14.8792819170231	19
0.263368303643479	-14.8685332731767	19
0.271122055424464	-14.8578572314834	19
0.278976080671773	-14.8472547402511	19
0.286929681745469	-14.8367267412543	19
0.294982152160717	-14.8262741696507	19
0.303132776650534	-14.8158979538982	19
0.311380831229325	-14.8055990156722	19
0.319725583257192	-14.7953782697841	19
0.328166291505009	-14.7852366240995	19
0.336702206220264	-14.775174979458	19
0.345332569193658	-14.7651942295932	19
0.354056613826449	-14.7552952610529	19
0.36287356519855	-14.7454789531208	19
0.371782640137358	-14.735746177738	19
0.380783047287326	-14.726097799426	19
0.389873987180249	-14.7165346752095	19
0.399054652306279	-14.7070576545405	19
0.408324227185659	-14.6976675792228	19
0.417681888441149	-14.6883652833371	19
0.42712680487117	-14.6791515931673	19
0.436658137523632	-14.6700273271264	19
0.446275039770459	-14.6609932956846	19
0.455976657382787	-14.6520503012967	19
0.465762128606844	-14.6431991383313	19
0.475630584240495	-14.6344405929998	19
0.485581147710451	-14.6257754432869	19
0.495612935150129	-14.6172044588813	19
0.505725055478162	-14.6087284011073	19
0.515916610477557	-14.6003480228574	19
0.526186694875468	-14.5920640685253	19
0.536534396423616	-14.5838772739397	19
0.546958795979319	-14.575788366299	19
0.557458967587131	-14.5677980641067	19
0.568033978561101	-14.5599070771078	19
0.578682889567606	-14.5521161062253	19
0.589404754708796	-14.5444258434983	19
0.600198621606618	-14.5368369720203	19
0.6110635314874	-14.5293501658789	19
0.621998519267024	-14.5219660900954	19
0.63300261363665	-14.5146854005662	19
0.64407483714899	-14.5075087440041	19
0.655214206305128	-14.5004367578814	19
0.666419731641889	-14.4934700703727	19
0.67769041781972	-14.4866093002995	19
0.689025263711106	-14.479855057075	19
0.700423262489498	-14.4732079406502	19
0.711883401718738	-14.4666685414604	19
0.723404663442996	-14.4602374403729	19
0.73498602427719	-14.4539152086352	19
0.746626455497885	-14.4477024078246	19
0.758324923134673	-14.4415995897978	19
0.770080388062019	-14.4356072966425	19
0.781891806091557	-14.4297260606289	19
0.793758128064839	-14.4239564041622	19
0.805678299946539	-14.4182988397368	19
0.817651262918066	-14.4127538698903	19
0.829675953471618	-14.4073219871589	19
0.841751303504655	-14.4020036740338	19
0.853876240414764	-14.3967994029184	19
0.866049687194941	-14.3917096360861	19
0.878270562529257	-14.3867348256395	19
0.890537780888901	-14.3818754134699	19
0.902850252628607	-14.3771318312185	19
0.915206884083446	-14.3725045002377	19
0.927606577665962	-14.3679938315537	19
0.940048231963676	-14.3636002258303	19
0.952530741836914	-14.3593240733329	19
0.965052998516975	-14.355165753894	19
0.977613889704614	-14.3511256368798	19
0.990212299668849	-14.3472040811566	19
1.00284710934606	-14.3434014350598	19
1.0155171964394	-14.3397180363624	19
1.02822143551847	-14.3361542122452	19
1.04095869811929	-14.3327102792676	19
1.05372785284457	-14.3293865433396	19
1.06652776546413	-14.3261832996948	19
1.07935729901573	-14.3231008328636	19
1.09221531390603	-14.3201394166487	19
1.10510066801178	-14.3172993141002	19
1.11801221678134	-14.3145807774924	19
1.13094881333629	-14.3119840483014	19
1.14390930857332	-14.3095093571838	19
1.1568925512663	-14.3071569239559	19
1.16989738816855	-14.3049269575744	19
1.18292266411526	-14.3028196561178	19
1.1959672221261	-14.3008352067689	19
1.22730281202457	-14.2963928029548	19
1.24943681958563	-14.2932599291343	19
1.27155968133909	-14.2901138604731	19
1.29367139728495	-14.2869545969714	19
1.3157719674232	-14.2837821386289	19
1.33786139175386	-14.2805964854459	19
1.35993967027691	-14.2773976374222	19
1.38200680299236	-14.2741855945579	19
1.40406278990021	-14.270960356853	19
1.42610763100045	-14.2677219243075	19
1.4481413262931	-14.2644702969213	19
1.47016387577814	-14.2612054746945	19
1.49217527945558	-14.2579274576271	19
1.51417553732542	-14.254636245719	19
1.53616464938765	-14.2513318389704	19
1.55814261564229	-14.248014237381	19
1.58010943608932	-14.2446834409511	19
1.60206511072875	-14.2413394496806	19
1.62400963956058	-14.2379822635694	19
1.64594302258481	-14.2346118826176	19
1.66786525980144	-14.2312283068251	19
1.68977635121046	-14.2278315361921	19
1.71167629681188	-14.2244215707184	19
1.7335650966057	-14.2209984104041	19
1.75544275059192	-14.2175620552491	19
1.77730925877054	-14.2141125052536	19
1.79916462114155	-14.2106497604174	19
1.82100883770496	-14.2071738207406	19
1.84284190846077	-14.2036846862231	19
1.86466383340898	-14.200182356865	19
1.88647461254959	-14.1966668326664	19
1.90827424588259	-14.193138113627	19
1.930062733408	-14.1895961997471	19
1.9518400751258	-14.1860410910265	19
1.973606271036	-14.1824727874653	19
1.9953613211386	-14.1788912890635	19
2.01710522543359	-14.175296595821	19
2.03883798392099	-14.1716887077379	19
2.06055959660078	-14.1680676248142	19
2.08227006347297	-14.1644333470499	19
2.10396938453756	-14.1607858744449	19
2.12565755979454	-14.1571252069994	19
2.14733458924393	-14.1534513447132	19
2.16900047288571	-14.1497642875863	19
2.19065521071989	-14.1460640356188	19
2.21229880274647	-14.1423505888108	19
2.23393124896545	-14.138623947162	19
2.25555254937682	-14.1348841106727	19
2.2771627039806	-14.1311310793427	19
2.29876171277677	-14.1273648531721	19
2.32034957576534	-14.1235854321609	19
2.34192629294631	-14.1197928163091	19
2.36349186431967	-14.1159870056166	19
2.38504628988544	-14.1121680000835	19
2.4065895696436	-14.1083357997098	19
2.42812170359416	-14.1044904044954	19
2.44964269173712	-14.1006318144404	19
2.47115253407247	-14.0967600295448	19
2.49265123060023	-14.0928750498086	19
2.51413878132038	-14.0889768752317	19
2.53561518623293	-14.0850655058143	19
2.55708044533788	-14.0811409415561	19
2.57853455863523	-14.0772031824574	19
2.59997752612498	-14.0732522285181	19
2.62140934780712	-14.0692880797381	19
2.64283002368166	-14.0653107361174	19
2.6642395537486	-14.0613201976562	19
2.68563793800794	-14.0573164643543	19
2.70702517645968	-14.0532995362118	19
2.72840126910381	-14.0492694132287	19
2.74976621594034	-14.045226095405	19
2.77112001696927	-14.0411695827406	19
2.7924626721906	-14.0370998752356	19
2.81379418160433	-14.03301697289	19
2.83511454521046	-14.0289208757037	19
2.85642376300898	-14.0248115836769	19
2.8777218349999	-14.0206890968094	19
2.89900876118322	-14.0165534151012	19
2.92028454155894	-14.0124045385525	19
2.94154917612705	-14.0082424671631	19
2.96280266488757	-14.0040672009331	19
2.98404500784048	-13.9998787398624	19
3.00527620498579	-13.9956770839512	19
3.0264962563235	-13.9914622331993	19
3.04770516185361	-13.9872341876068	19
3.06890292157611	-13.9829929471736	19
3.09008953549101	-13.9787385118999	19
3.11126500359831	-13.9744708817855	19
3.13242932589801	-13.9701900568305	19
3.15358250239011	-13.9658960370348	19
3.17472453307461	-13.9615888223986	19
3.1958554179515	-13.9572684129217	19
3.21697515702079	-13.9529348086041	19
3.23808375028248	-13.948588009446	19
3.25918119773657	-13.9442280154472	19
3.28026749938306	-13.9398548266078	19
3.30134265522194	-13.9354684429278	19
3.32240666525322	-13.9310688644071	19
3.3434595294769	-13.9266560910458	19
3.36450124789298	-13.9222301228439	19
3.38553182050146	-13.9177909598014	19
3.40655124730233	-13.9133386019182	19
3.42755952829561	-13.9088730491945	19
3.44855666348128	-13.90439430163	19
3.46954265285935	-13.899902359225	19
3.49051749642981	-13.8953972219793	19
3.51148119419268	-13.890878889893	19
3.53243374614794	-13.8863473629661	19
3.55337515229561	-13.8818026411986	19
3.57430541263567	-13.8772447245904	19
3.59522452716812	-13.8726736131416	19
3.61613249589298	-13.8680893068522	19
3.63702931881023	-13.8634918057221	19
3.65791499591989	-13.8588811097515	19
3.67878952722194	-13.8542572189402	19
3.69965291271639	-13.8496201332882	19
3.72050515240323	-13.8449698527957	19
3.74134624628248	-13.8403063774625	19
3.76217619435412	-13.8356297072887	19
3.78299499661816	-13.8309398422743	19
3.8038026530746	-13.8262367824192	19
3.82459916372344	-13.8215205277235	19
3.84538452856468	-13.8167910781872	19
3.86615874759831	-13.8120484338103	19
3.88692182082434	-13.8072925945927	19
3.90767374824277	-13.8025235605345	19
3.9284145298536	-13.7977413316357	19
3.94914416565683	-13.7929459078963	19
3.96986265565245	-13.7881372893162	19
3.99056999984048	-13.7833154758955	19
4.0112661982209	-13.7784804676342	19
4.03195125079372	-13.7736322645323	19
4.05262515755893	-13.7687708665897	19
4.07328791851655	-13.7638962738065	19
4.09393953366656	-13.7590084861827	19
4.11458000300898	-13.7541075037182	19
4.13520932654379	-13.7491933264131	19
4.15582750427099	-13.7442659542674	19
4.1764345361906	-13.7393253872811	19
4.1970304223026	-13.7343716254541	19
4.21761516260701	-13.7294046687865	19
4.23818875710381	-13.7244245172783	19
4.25875120579301	-13.7194311709295	19
4.2793025086746	-13.71442462974	19
4.2998426657486	-13.70940489371	19
4.32037167701499	-13.7043719628392	19
4.34088954247378	-13.6993258371279	19
4.36139626212497	-13.6942665165759	19
4.38189183596856	-13.6891940011833	19
4.40237626400455	-13.6841082909501	19
4.42284954623293	-13.6790093858763	19
4.44331168265371	-13.6738972859618	19
4.46376267326689	-13.6687719912067	19
4.48420251807247	-13.663633501611	19
4.50463121707045	-13.6584818171746	19
4.52504877026082	-13.6533169378977	19
4.54545517764359	-13.6481388637801	19
4.56585043921877	-13.6429475948218	19
4.58623455498633	-13.637743131023	19
4.6066075249463	-13.6325254723835	19
4.62696934909867	-13.6272946189034	19
4.64732002744343	-13.6220505705827	19
4.66765955998059	-13.6167933274213	19
4.68798794671015	-13.6115228894193	19
4.70830518763211	-13.6062392565767	19
4.72861128274646	-13.6009424288935	19
4.74890623205322	-13.5956324063696	19
4.76919003555237	-13.5903091890051	19
4.78946269324392	-13.5849727768	19
4.80972420512787	-13.5796231697542	19
4.82997457120422	-13.5742603678679	19
4.85021379147296	-13.5688843711409	19
4.87044186593411	-13.5634951795732	19
4.89065879458765	-13.558092793165	19
4.91086457743359	-13.5526772119161	19
4.93105921447192	-13.5472484358266	19
4.95124270570266	-13.5418064648965	19
4.97141505112579	-13.5363512991257	19
4.99157625074132	-13.5308829385144	19
5.01172630454925	-13.5254013830624	19
5.03186521254958	-13.5199066327697	19
5.05199297474231	-13.5143986876365	19
5.07210959112743	-13.5088775476626	19
5.09221506170496	-13.5033432128481	19
5.11230938647488	-13.4977956831929	19
5.13239256543719	-13.4922349586972	19
5.15246459859191	-13.4866610393608	19
5.17252548593903	-13.4810739251838	19
5.19257522747854	-13.4754736161661	19
5.21261382321045	-13.4698601123078	19
5.23264127313476	-13.464233413609	19
5.25265757725147	-13.4585935200694	19
5.27266273556057	-13.4529404316893	19
5.29265674806208	-13.4472741484685	19
5.31263961475598	-13.4415946704071	19
5.33261133564228	-13.4359019975051	19
5.35257191072098	-13.4301961297624	19
5.37252133999208	-13.4244770671792	19
5.39245962345557	-13.4187448097552	19
5.41238676111146	-13.4129993574907	19
5.43230275295975	-13.4072407103856	19
5.45220759900044	-13.4014688684398	19
5.47210129923353	-13.3956838316534	19
5.49198385365901	-13.3898856000263	19
5.5118552622769	-13.3840741735587	19
5.53171552508718	-13.3782495522504	19
5.55156464208986	-13.3724117361015	19
5.57140261328494	-13.3665607251119	19
5.59122943867241	-13.3606965192818	19
5.61104511825229	-13.354819118611	19
5.63084965202456	-13.3489285230995	19
5.65064303998923	-13.3430247327475	19
5.6704252821463	-13.3371077475548	19
5.69019637849577	-13.3311775675215	19
5.70995632903763	-13.3252341926476	19
5.72970513377189	-13.3192776229331	19
5.74944279269855	-13.3133078583779	19
5.76916930581762	-13.3073248989821	19
5.78888467312907	-13.3013287447456	19
5.80858889463293	-13.2953193956686	19
5.82828197032918	-13.2892968517509	19
5.84796390021783	-13.2832611129926	19
5.86763468429888	-13.2772121793937	19
5.88729432257233	-13.2711500509541	19
5.90694281503818	-13.2650747276739	19
5.92658016169642	-13.2589862095531	19
5.94620636254707	-13.2528844965917	19
5.96582141759011	-13.2467695887896	19
5.98542532682554	-13.2406414861469	19
6.00501809025338	-13.2345001886636	19
6.02459970787362	-13.2283456963396	19
6.04417017968625	-13.2221780091751	19
6.06372950569128	-13.2159971271699	19
6.08327768588871	-13.2098030503241	19
6.10281472027854	-13.2035957786376	19
6.12234060886077	-13.1973753121105	19
6.14185535163539	-13.1911416507428	19
6.16135894860241	-13.1848947945345	19
6.18085139976183	-13.1786347434855	19
6.20033270511365	-13.172361497596	19
6.21980286465787	-13.1660750568658	19
6.23926187839448	-13.1597754212949	19
6.25870974632349	-13.1534625908835	19
6.27814646844491	-13.1471365656314	19
6.29757204475871	-13.1407973455387	19
6.31698647526492	-13.1344449306053	19
6.33638975996353	-13.1280793208314	19
6.35578189885453	-13.1217005162168	19
6.37516289193793	-13.1153085167616	19
6.39453273921373	-13.1089033224657	19
6.41389144068193	-13.1024849333292	19
6.43323899634253	-13.0960533493521	19
6.45257540619552	-13.0896085705344	19
6.47190067024091	-13.0831505968761	19
6.4912147884787	-13.0766794283771	19
6.51051776090889	-13.0701950650375	19
6.52980958753148	-13.0636975068573	19
6.54909026834646	-13.0571867538364	19
6.56835980335385	-13.050662805975	19
6.58761819255363	-13.0441256632728	19
6.60686543594581	-13.0375753257301	19
6.62610153353038	-13.0310117933468	19
6.64532648530736	-13.0244350661228	19
6.66454029127673	-13.0178451440582	19
6.68374295143851	-13.0112420271529	19
6.70293446579268	-13.0046257154071	19
6.72211483433924	-12.9979962088206	19
6.74128405707821	-12.9913535073935	19
6.76044213400958	-12.9846976111257	19
6.77958906513334	-12.9780285200173	19
6.7987248504495	-12.9713462340684	19
6.81784948995806	-12.9646507532787	19
6.83696298365901	-12.9579420776485	19
6.85606533155237	-12.9512202071776	19
6.87515653363812	-12.9444851418661	19
6.89423658991628	-12.937736881714	19
6.91330550038682	-12.9309754267212	19
6.93236326504977	-12.9242007768879	19
6.95140988390512	-12.9174129322139	19
6.97044535695286	-12.9106118926992	19
6.989469684193	-12.903797658344	19
7.00848286562555	-12.8969702291481	19
7.02748490125048	-12.8901296051116	19
7.04647579106782	-12.8832757862344	19
7.06545553507756	-12.8764087725167	19
7.08442413327969	-12.8695285639583	19
7.10338158567422	-12.8626351605593	19
7.12232789226115	-12.8557285623196	19
7.14126305304047	-12.8488087692394	19
7.1601870680122	-12.8418757813185	19
7.17909993717632	-12.834929598557	19
7.19800166053285	-12.8279702209548	19
7.21689223808177	-12.8209976485121	19
7.23577166982308	-12.8140118812287	19
7.2546399557568	-12.8070129191046	19
7.27349709588291	-12.80000076214	19
7.29234309020143	-12.7929754103347	19
7.31117793871234	-12.7859368636888	19
7.33000164141565	-12.7788851222023	19
7.34881419831135	-12.7718201858751	19
7.36761560939946	-12.7647420547073	19
7.38640587467996	-12.7576507286989	19
7.40518499415286	-12.7505462078499	19
7.42395296781816	-12.7434284921602	19
7.44270979567586	-12.7362975816299	19
7.46145547772596	-12.729153476259	19
7.48019001396845	-12.7219961760475	19
7.49891340440334	-12.7148256809953	19
7.51762564903063	-12.7076419911025	19
7.53632674785032	-12.7004451063691	19
7.55501670086241	-12.6932350267951	19
7.57369550806689	-12.6860117523804	19
7.59236316946377	-12.6787752831251	19
7.61101968505305	-12.6715256190292	19
7.62966505483473	-12.6642627600926	19
7.64829927880881	-12.6569867063155	19
7.66692235697529	-12.6496974576977	19
7.68553428933416	-12.6423950142392	19
7.70413507588543	-12.6350793759402	19
7.7227247166291	-12.6277505428005	19
7.74130321156517	-12.6204085148202	19
7.75987056069363	-12.6130532919993	19
7.7784267640145	-12.6056848743377	19
7.79697182152776	-12.5983032618355	19
7.81550573323342	-12.5909084544927	19
7.83402849913148	-12.5835004523093	19
7.85254011922194	-12.5760792552852	19
7.87104059350479	-12.5686448634205	19
7.88952992198004	-12.5611972767152	19
7.90800810464769	-12.5537364951693	19
7.92647514150774	-12.5462625187827	19
7.94493103256019	-12.5387753475555	19
7.96337577780504	-12.5312749814877	19
7.98180937724228	-12.5237614205792	19
8.00023183087192	-12.5162346648302	19
8.01864313869396	-12.5086947142405	19
8.0370433007084	-12.5011415688101	19
8.05543231691524	-12.4935752285392	19
8.07381018731447	-12.4859956934276	19
8.0921769119061	-12.4784029634754	19
8.11053249069014	-12.4707970386826	19
8.12887692366656	-12.4631779190491	19
8.14721021083539	-12.455545604575	19
8.16553235219662	-12.4479000952603	19
8.18384334775024	-12.440241391105	19
8.20214319749626	-12.432569492109	19
8.22043190143468	-12.4248843982724	19
8.2387094595655	-12.4171861095952	19
8.25697587188871	-12.4094746260774	19
8.27523113840433	-12.4017499477189	19
8.29347525911234	-12.3940120745198	19
8.31170823401275	-12.3862610064801	19
8.32993006310556	-12.3784967435998	19
8.34814074639077	-12.3707192858788	19
8.36634028386837	-12.3629286333172	19
8.38452867553837	-12.355124785915	19
8.40270592140077	-12.3473077436721	19
8.42087202145557	-12.3394775065886	19
8.43902697570277	-12.3316340746645	19
8.45717078414236	-12.3237774478998	19
8.47530344677436	-12.3159076262945	19
8.49342496359875	-12.3080246098485	19
8.51153533461554	-12.3001283985619	19
8.52963455982473	-12.2922189924346	19
8.54772263922631	-12.2842963914668	19
8.5657995728203	-12.2763605956583	19
8.58386536060668	-12.2684116050092	19
8.60192000258546	-12.2604494195194	19
8.61996349875664	-12.2524740391891	19
8.63799584912022	-12.2444854640181	19
8.65601705367619	-12.2364836940065	19
8.67402711242456	-12.2284687291542	19
8.69202602536533	-12.2204405694613	19
8.7100137924985	-12.2123992149278	19
8.72799041382407	-12.2043446655537	19
8.74595588934204	-12.196276921339	19
8.7639102190524	-12.1881959822836	19
8.78185340295516	-12.1801018483876	19
8.79978544105032	-12.171994519651	19
8.81770633333788	-12.1638739960737	19
8.83561607981784	-12.1557402776558	19
8.85351468049019	-12.1475933643973	19
8.87140213535494	-12.1394332562982	19
8.88927844441209	-12.1312599533584	19
8.90714360766164	-12.1230734555781	19
8.92499762510359	-12.114873762957	19
8.94284049673794	-12.1066608754954	19
8.96067222256468	-12.0984347931931	19
8.97849280258382	-12.0901955160502	19
8.99630223679536	-12.0819430440667	19
9.0141005251993	-12.0736773772426	19
9.03188766779563	-12.0653985155778	19
9.04966366458437	-12.0571064590724	19
9.0674285155655	-12.0488012077264	19
9.08518222073903	-12.0404827615398	19
9.10292478010496	-12.0321511205125	19
9.12065619366328	-12.0238062846446	19
9.13837646141401	-12.0154482539361	19
9.15608558335713	-12.0070770283869	19
9.17378355949265	-11.9986926079971	19
9.19147038982057	-11.9902949927667	19
9.20914607434089	-11.9818841826957	19
9.2268106130536	-11.973460177784	19
9.24446400595872	-11.9650229780317	19
9.26210625305623	-11.9565725834388	19
9.27973735434614	-11.9481089940053	19
9.29735730982845	-11.9396322097311	19
9.31496611950315	-11.9311422306163	19
9.33256378337026	-11.9226390566609	19
9.35015030142976	-11.9141226878649	19
9.36772567368166	-11.9055931242282	19
9.38528990012596	-11.8970503657509	19
9.40284298076266	-11.888494412433	19
9.42038491559175	-11.8799252642745	19
9.43791570461324	-11.8713429212753	19
9.45543534782714	-11.8627473834355	19
9.47294384523343	-11.8541386507551	19
9.49044119683211	-11.845516723234	19
9.5079274026232	-11.8368816008723	19
9.52540246260668	-11.82823328367	19
9.54286637678257	-11.8195717716271	19
9.56031914515084	-11.8108970647436	19
9.57776076771152	-11.8022091630194	19
9.5951912444646	-11.7935080664546	19
9.61261057541007	-11.7847937750491	19
9.63001876054795	-11.7760662888031	19
9.64741579987822	-11.7673256077164	19
9.66480169340089	-11.7585717317891	19
9.68217644111595	-11.7498046610211	19
9.69954004302342	-11.7410243954126	19
9.71689249912328	-11.7322309349634	19
9.73423380941554	-11.7234242796735	19
9.7515639739002	-11.7146044295431	19
9.76888299257726	-11.705771384572	19
9.78619086544671	-11.6969251447603	19
9.80348759250857	-11.688065710108	19
9.82077317376282	-11.6791930806151	19
9.83804760920947	-11.6703072562815	19
9.85531089884852	-11.6614082371073	19
9.87256304267997	-11.6524960230925	19
9.88980404070381	-11.643570614237	19
9.90703389292005	-11.6346320105409	19
9.9242525993287	-11.6256802120042	19
9.94146015992973	-11.6167152186269	19
9.95865657472318	-11.6077370304089	19
9.97584184370901	-11.5987456473503	19
9.99301596688724	-11.5897410694511	19
10.0101789442579	-11.5807232967113	19
10.0273307758209	-11.5716923291308	19
10.0444714615763	-11.5626481667097	19
10.0616010015242	-11.553590809448	19
10.0787193956644	-11.5445202573457	19
10.095826643997	-11.5354365104027	19
10.112922746522	-11.5263395686191	19
10.1300077032394	-11.5172294319949	19
10.1470815141493	-11.50810610053	19
10.1641441792515	-11.4989695742246	19
10.1811956985461	-11.4898198530785	19
10.1982360720331	-11.4806569370917	19
10.2152652997125	-11.4714808262644	19
10.2322833815843	-11.4622915205964	19
10.2492903176485	-11.4530890200878	19
10.2662861079051	-11.4438733247386	19
10.2832707523541	-11.4346444345487	19
10.3002442509955	-11.4254023495182	19
10.3172066038293	-11.4161470696471	19
10.3341578108555	-11.4068785949354	19
10.3510978720741	-11.397596925383	19
10.3680267874851	-11.38830206099	19
10.3849445570885	-11.3789940017564	19
10.4018511808843	-11.3696727476822	19
10.4187466588725	-11.3603382987673	19
10.4356309910531	-11.3509906550118	19
10.452504177426	-11.3416298164157	19
10.4693662179914	-11.3322557829789	19
10.4862171127492	-11.3228685547016	19
10.5030568616994	-11.3134681315836	19
10.519885464842	-11.3040545136249	19
10.5367029221769	-11.2946277008257	19
10.5535092337043	-11.2851876931858	19
10.5703043994241	-11.2757344907053	19
10.5870884193362	-11.2662680933842	19
10.6038612934408	-11.2567885012224	19
10.6206230217378	-11.24729571422	19
10.6373736042271	-11.237789732377	19
10.6541130409089	-11.2282705556934	19
10.6708413317831	-11.2187381841691	19
10.6875584768496	-11.2091926178042	19
10.7042644761086	-11.1996338565987	19
10.7209593295599	-11.1900619005526	19
10.7376430372037	-11.1804767496658	19
10.7543155990398	-11.1708784039384	19
10.7709770150684	-11.1612668633704	19
10.7876272852893	-11.1516421279618	19
10.8042664097027	-11.1420041977125	19
10.8208943883084	-11.1323530726226	19
10.8375112211066	-11.1226887526921	19
10.8541169080971	-11.1130112379209	19
10.87071144928	-11.1033205283091	19
10.8872948446554	-11.0936166238567	19
10.9038670942231	-11.0838995245637	19
10.9204281979832	-11.0741692304301	19
10.9369781559358	-11.0644257414558	19
10.9535169680807	-11.0546690576409	19
10.970044634418	-11.0448991789853	19
10.9865611549477	-11.0351161054892	19
11.0030665296699	-11.0253198371524	19
11.0195607585844	-11.015510373975	19
11.0360438416913	-11.0056877159569	19
11.0525157789906	-10.9958518630983	19
11.0689765704823	-10.986002815399	19
11.0854262161664	-10.9761405728591	19
11.1018647160429	-10.9662651354785	19
11.1182920701119	-10.9563765032573	19
11.1347082783732	-10.9464746761955	19
11.1511133408269	-10.9365596542931	19
11.167507257473	-10.9266314375501	19
11.1838900283115	-10.9166900259664	19
11.2002616533424	-10.9067354195421	19
11.2166221325657	-10.8967676182772	19
11.2329714659814	-10.8867866221716	19
11.2493096535895	-10.8767924312254	19
11.26563669539	-10.8667850454386	19
11.2819525913828	-10.8567644648112	19
11.2982573415681	-10.8467306893431	19
11.3145509459458	-10.8366837190345	19
11.3308334045159	-10.8266235538851	19
11.3471047172784	-10.8165501938952	19
11.3633648842333	-10.8064636390646	19
11.3796139053806	-10.7963638893935	19
11.3958517807202	-10.7862509448816	19
11.4120785102523	-10.7761248055292	19
11.4282940939768	-10.7659854713361	19
11.4444985318936	-10.7558329423024	19
11.4606918240029	-10.7456672184281	19
11.4768739703046	-10.7354882997132	19
11.4930449707987	-10.7252961861576	19
11.5092048254851	-10.7150908777614	19
11.525353534364	-10.7048723745246	19
11.5414910974352	-10.6946406764471	19
11.5576175146989	-10.684395783529	19
11.573732786155	-10.6741376957703	19
11.5898369118034	-10.663866413171	19
11.6059298916443	-10.653581935731	19
11.6220117256775	-10.6432842634505	19
11.6380824139032	-10.6329733963292	19
11.6541419563212	-10.6226493343674	19
11.6701903529317	-10.612312077565	19
11.6862276037345	-10.6019616259219	19
11.7022537087297	-10.5915979794381	19
11.7182686679174	-10.5812211381138	19
11.7342724812974	-10.5708311019488	19
11.7502651488699	-10.5604278709432	19
11.7662466706347	-10.550011445097	19
11.7822170465919	-10.5395818244102	19
11.7981762767416	-10.5291390088827	19
11.8141243610836	-10.5186829985146	19
11.830061299618	-10.5082137933059	19
11.8459870923448	-10.4977313932565	19
11.8619017392641	-10.4872357983666	19
11.8778052403757	-10.476727008636	19
11.8936975956797	-10.4662050240647	19
11.9095788051761	-10.4556698446529	19
11.9254488688649	-10.4451214704004	19
11.9413077867462	-10.4345599013073	19
11.9571555588198	-10.4239851373735	19
11.9729921850858	-10.4133971785992	19
11.9888176655442	-10.4027960249842	19
12.004632000195	-10.3921816765286	19
12.0204351890382	-10.3815541332323	19
12.0362272320738	-10.3709133950955	19
12.0520081293018	-10.360259462118	19
12.0677778807222	-10.3495923342999	19
12.083536486335	-10.3389120116411	19
12.0992839461402	-10.3282184941418	19
12.1150202601378	-10.3175117818018	19
12.1307454283278	-10.3067918746211	19
12.1464594507102	-10.2960587725999	19
12.162162327285	-10.285312475738	19
12.1778540580521	-10.2745529840355	19
12.1935346430117	-10.2637802974924	19
12.2092040821637	-10.2529944161086	19
12.2248623755081	-10.2421953398842	19
12.2405095230449	-10.2313830688192	19
12.256145524774	-10.2205576029136	19
12.2717703806956	-10.2097189421674	19
12.2873840908096	-10.1988670865805	19
12.302986655116	-10.188002036153	19
12.3185780736147	-10.1771237908848	19
12.3341583463059	-10.166232350776	19
12.3497274731895	-10.1553277158267	19
12.3652854542654	-10.1444098860366	19
12.3808322895338	-10.133478861406	19
12.3963679789946	-10.1225346419347	19
12.4118925226477	-10.1115772276228	19
12.4274059204933	-10.1006066184703	19
12.4429081725312	-10.0896228144772	19
12.4583992787616	-10.0786258156434	19
12.4738792391843	-10.067615621969	19
12.4893480537995	-10.056592233454	19
12.504805722607	-10.0455556500983	19
12.520252245607	-10.034505871902	19
12.5356876227993	-10.0234428988651	19
12.5511118541841	-10.0123667309876	19
12.5665249397612	-10.0012773682694	19
12.5819268795307	-9.99017481071065	19
12.5973176734927	-9.97905905831124	19
12.612697321647	-9.96793011107121	19
12.6280658239937	-9.95678796899054	19
12.6434231805329	-9.94563263206925	19
12.6587693912644	-9.93446410030734	19
12.6741044561883	-9.9232823737048	19
12.6894283753046	-9.91208745226163	19
12.7047411486134	-9.90087933597783	19
12.7200427761145	-9.88965802485341	19
12.735333257808	-9.87842351888836	19
12.7506125936939	-9.8671758180827	19
12.7658807837722	-9.85591492243639	19
12.781137828043	-9.84464083194947	19
12.7963837265061	-9.83335354662192	19
12.8116184791616	-9.82205306645374	19
12.8268420860095	-9.81073939144494	19
12.8420545470498	-9.79941252159551	19
12.8572558622825	-9.78807245690545	19
12.8724460317076	-9.77671919737477	19
12.8876250553251	-9.76535274300346	19
12.902792933135	-9.75397309379153	19
12.9179496651373	-9.74258024973896	19
12.933095251332	-9.73117421084578	19
12.9482296917191	-9.71975497711197	19
12.9633529862986	-9.70832254853752	19
12.9784651350705	-9.69687692512245	19
12.9935661380348	-9.68541810686676	19
13.0086559951914	-9.67394609377045	19
13.0237347065405	-9.6624608858335	19
13.038802272082	-9.65096248305593	19
13.0538586918159	-9.63945088543773	19
13.0689039657422	-9.62792609297891	19
13.0839380938608	-9.61638810567946	19
13.0989610761719	-9.60483692353938	19
13.1139729126754	-9.59327254655868	19
13.1289736033713	-9.58169497473735	19
13.1439631482595	-9.5701042080754	19
13.1589415473402	-9.55850024657281	19
13.1739088006133	-9.54688309022961	19
13.1888649080787	-9.53525273904577	19
13.2038098697366	-9.52360919302131	19
13.2187436855869	-9.51195245215623	19
13.2336663556295	-9.50028251645052	19
13.2485778798646	-9.48859938590418	19
13.263478258292	-9.47690306051721	19
13.2783674909119	-9.46519354028963	19
13.2932455777241	-9.4534708252214	19
13.3081125187288	-9.44173491531256	19
13.3229683139258	-9.42998581056309	19
13.3378129633153	-9.418223510973	19
13.3526464668971	-9.40644801654227	19
13.3674688246713	-9.39465932727092	19
13.382280036638	-9.38285744315895	19
13.397080102797	-9.37104236420635	19
13.4118690231485	-9.35921409041313	19
13.4266467976923	-9.34737262177927	19
13.4414134264285	-9.33551795830478	19
13.4561689093572	-9.32365009998968	19
13.4709132464782	-9.31176904683395	19
13.4856464377916	-9.29987479883759	19
13.5003684832974	-9.28796735600061	19
13.5150793829957	-9.276046718323	19
13.5297791368863	-9.26411288580476	19
13.5444677449693	-9.2521658584459	19
13.5591452072447	-9.24020563624641	19
13.5738115237125	-9.22823221920629	19
13.5884666943727	-9.21624560732555	19
13.6031107192254	-9.20424580060418	19
13.6177435982704	-9.19223279904219	19
13.6323653315078	-9.18020660263956	19
13.6469759189376	-9.16816721139632	19
13.6615753605598	-9.15611462531245	19
13.6761636563744	-9.14404884438795	19
13.6907408063814	-9.13196986862282	19
13.7053068105808	-9.11987769801707	19
13.7198616689726	-9.10777233257069	19
13.7344053815568	-9.09565377228369	19
13.7489379483334	-9.08352201715605	19
13.7634593693024	-9.0713770671878	19
13.7779696444638	-9.05921892237892	19
13.7924687738175	-9.04704758272941	19
13.8069567573637	-9.03486304823927	19
13.8214335951023	-9.0226653189085	19
13.8358992870333	-9.01045439473712	19
13.8503538331567	-8.9982302757251	19
13.8647972334724	-8.98599296187246	19
13.8792294879806	-8.97374245317919	19
13.8936505966812	-8.9614787496453	19
13.9080605595742	-8.94920185127078	19
13.9224593766595	-8.93691175805564	19
13.9368470479373	-8.92460846999987	19
13.9512235734075	-8.91229198710347	19
13.96558895307	-8.89996230936645	19
13.979943186925	-8.8876194367888	19
13.9942862749724	-8.87526336937052	19
14.0086182172121	-8.86289410711161	19
14.0229390136443	-8.85051165001209	19
14.0372486642688	-8.83811599807193	19
14.0515471690858	-8.82570715129115	19
14.0658345280951	-8.81328510966974	19
14.0801107412969	-8.8008498732077	19
14.094375808691	-8.78840144190504	19
14.1086297302776	-8.77593981576176	19
14.1228725060565	-8.76346499477785	19
14.1371041360279	-8.7509769789533	19
14.1513246201916	-8.73847576828814	19
14.1655339585478	-8.72596136278235	19
14.1797321510963	-8.71343376243593	19
14.1939191978372	-8.70089296724889	19
14.2080950987706	-8.68833897722122	19
14.2222598538963	-8.67577179235292	19
14.2364134632144	-8.663191412644	19
14.250555926725	-8.65059783809445	19
14.2646872444279	-8.63799106870427	19
14.2788074163232	-8.62537110447347	19
14.2929164424109	-8.61273794540205	19
14.307014322691	-8.60009159148999	19
14.3211010571636	-8.58743204273731	19
14.3351766458285	-8.574759299144	19
14.3492410886858	-8.56207336071007	19
14.3632943857355	-8.54937422743551	19
14.3773365369776	-8.53666189932033	19
14.3913675424121	-8.52393637636452	19
14.405387402039	-8.51119765856808	19
14.4193961158583	-8.49844574593102	19
14.43339368387	-8.48568063845332	19
14.4473801060741	-8.47290233613501	19
14.4613553824706	-8.46011083897606	19
14.4753195130595	-8.4473061469765	19
14.4892724978408	-8.4344882601363	19
14.5032143368145	-8.42165717845548	19
14.5171450299806	-8.40881290193403	19
14.5310645773391	-8.39595543057196	19
14.54497297889	-8.38308476436926	19
14.5588702346333	-8.37020090332593	19
14.572756344569	-8.35730384744198	19
14.5866313086971	-8.3443935967174	19
14.6004951270175	-8.3314701511522	19
14.6143477995304	-8.31853351074636	19
14.6281893262357	-8.3055836754999	19
14.6420197071334	-8.29262064541282	19
14.6558389422235	-8.27964442048512	19
14.6696470315059	-8.26665500071678	19
14.6834439749808	-8.25365238610781	19
14.6972297726481	-8.24063657665822	19
14.7110044245077	-8.22760757236801	19
14.7247679305598	-8.21456537323717	19
14.7385202908043	-8.2015099792657	19
14.7522615052411	-8.18844139045361	19
14.7659915738704	-8.17535960680089	19
14.779710496692	-8.16226462830755	19
14.7934182737061	-8.14915645497357	19
14.8071149049125	-8.13603508679897	19
14.8208003903114	-8.12290052378375	19
14.8344747299026	-8.1097527659279	19
14.8481379236863	-8.09659181323142	19
14.8617899716623	-8.08341766569431	19
14.8754308738308	-8.07023032331658	19
14.8890606301916	-8.05702978609823	19
14.9026792407449	-8.04381605403925	19
14.9162867054905	-8.03058912713964	19
14.9298830244285	-8.0173490053994	19
14.943468197559	-8.00409568881854	19
14.9570422248818	-7.99082917739706	19
14.970605106397	-7.97754947113494	19
14.9841568421047	-7.9642565700322	19
14.9976974320047	-7.95095047408883	19
15.0112268760971	-7.93763118330484	19
15.024745174382	-7.92429869768022	19
15.0382523268592	-7.91095301721498	19
15.0517483335288	-7.89759414190911	19
15.0652331943908	-7.88422207176261	19
15.0787069094452	-7.87083680677549	19
15.092169478692	-7.85743834694774	19
15.1056209021313	-7.84402669227936	19
15.1190611797629	-7.83060184277036	19
15.1324903115869	-7.81716379842073	19
15.1459082976033	-7.80371255923048	19
15.1593151378121	-7.7902481251996	19
15.1727108322133	-7.77677049632809	19
15.1860953808069	-7.76327967261596	19
15.1994687835929	-7.7497756540632	19
15.2128310405713	-7.73625844066981	19
15.2261821517421	-7.7227280324358	19
15.2395221171053	-7.70918442936116	19
15.2528509366609	-7.6956276314459	19
15.2661686104089	-7.68205763869001	19
15.2794751383493	-7.66847445109349	19
15.292770520482	-7.65487806865635	19
15.3060547568072	-7.64126849137858	19
15.3193278473248	-7.62764571926018	19
15.3325897920348	-7.61400975230116	19
15.3458405909372	-7.60036059050151	19
15.3590802440319	-7.58669823386124	19
15.3723087513191	-7.57302268238033	19
15.3855261127987	-7.55933393605881	19
15.3987323284707	-7.54563199489665	19
15.411927398335	-7.53191685889388	19
15.4251113223918	-7.51818852805047	19
15.438284100641	-7.50444700236644	19
15.4514457330825	-7.49069228184178	19
15.4645962197165	-7.4769243664765	19
15.4777355605429	-7.46314325627058	19
15.4908637555616	-7.44934895122405	19
15.5039808047728	-7.43554145133688	19
15.5170867081763	-7.4217207566091	19
15.5301814657723	-7.40788686704068	19
15.5432650775606	-7.39403978263164	19
15.5563375435414	-7.38017950338197	19
15.5693988637145	-7.36630602929168	19
15.5824490380801	-7.35241936036076	19
15.595488066638	-7.33851949658921	19
15.6085159493884	-7.32460643797704	19
15.6215326863311	-7.31068018452424	19
15.6345382774662	-7.29674073623081	19
15.6475327227938	-7.28278809309676	19
15.6605160223137	-7.26882225512208	19
15.673488176026	-7.25484322230678	19
15.6864491839308	-7.24085099465085	19
15.6993990460279	-7.22684557215429	19
15.7123377623174	-7.21282695481711	19
15.7252653327994	-7.1987951426393	19
15.7381817574737	-7.18475013562086	19
15.7510870363404	-7.1706919337618	19
15.7639811693995	-7.15662053706212	19
15.776864156651	-7.1425359455218	19
15.7897359980949	-7.12843815914086	19
15.8025966937313	-7.11432717791929	19
15.81544624356	-7.1002030018571	19
15.8282846475811	-7.08606563095428	19
15.8411119057946	-7.07191506521084	19
15.8539280182005	-7.05775130462676	19
15.8667329847988	-7.04357434920207	19
15.8795268055895	-7.02938419893674	19
15.8923094805726	-7.01518085383079	19
15.9050810097481	-7.00096431388422	19
15.917841393116	-6.98673457909701	19
15.9305906306763	-6.97249164946919	19
15.943328722429	-6.95823552500073	19
15.9560556683741	-6.94396620569165	19
15.9687714685116	-6.92968369154194	19
15.9814761228415	-6.91538798255161	19
15.9941696313638	-6.90107907872065	19
16.0068519940784	-6.88675698004906	19
16.0195232109855	-6.87242168653685	19
16.032183282085	-6.85807319818401	19
16.0448322073769	-6.84371151499054	19
16.0574699868612	-6.82933663695645	19
16.0700966205378	-6.81494856408173	19
16.0827121084069	-6.80054729636639	19
16.0953164504684	-6.78613283381042	19
16.1079096467222	-6.77170517641382	19
16.1204916971685	-6.7572643241766	19
16.1330626018072	-6.74281027709875	19
16.1456223606382	-6.72834303518028	19
16.1581709736617	-6.71386259842118	19
16.1707084408776	-6.69936896682145	19
16.1832347622858	-6.6848621403811	19
16.1957499378865	-6.67034211910011	19
16.2082539676795	-6.65580890297851	19
16.220746851665	-6.64126249201628	19
16.2332285898428	-6.62670288621342	19
16.2456991822131	-6.61213008556993	19
16.2581586287757	-6.59754409008582	19
16.2706069295308	-6.58294489976108	19
16.2830440844782	-6.56833251459572	19
16.2954700936181	-6.55370693458973	19
16.3078849569503	-6.53906815974312	19
16.3202886744749	-6.52441619005587	19
16.332681246192	-6.509751025528	19
16.3450626721014	-6.49507266615951	19
16.3574329522032	-6.48038111195039	19
16.3697920864975	-6.46567636290064	19
16.3821400749841	-6.45095841901027	19
16.3944769176631	-6.43622728027927	19
16.4068026145346	-6.42148294670764	19
16.4191171655984	-6.40672541829539	19
16.4314205708546	-6.39195469504251	19
16.4437128303032	-6.37717077694901	19
16.4559939439442	-6.36237366401487	19
16.4682639117777	-6.34756335624012	19
16.4805227338035	-6.33273985362473	19
16.4927704100217	-6.31790315616873	19
16.5050069404323	-6.30305326387209	19
16.5172323250353	-6.28819017673483	19
16.5294465638307	-6.27331389475694	19
16.5416496568185	-6.25842441793842	19
16.5538416039987	-6.24352174627928	19
16.5660224053713	-6.22860587977951	19
16.5781920609363	-6.21367681843912	19
16.5903505706937	-6.1987345622581	19
16.6024979346435	-6.18377911123646	19
16.6146341527857	-6.16881046537418	19
16.6267592251203	-6.15382862467128	19
16.6388731516473	-6.13883358912776	19
16.6509759323667	-6.12382535874361	19
16.6630675672784	-6.10880393351884	19
16.6751480563826	-6.09376931345343	19
16.6872173996792	-6.0787214985474	19
16.6992755971682	-6.06366048880074	19
16.7113226488496	-6.04858628421346	19
16.7233585547234	-6.03349888478555	19
16.7353833147895	-6.01839829051702	19
16.7473969290481	-6.00328450140786	19
16.7593993974991	-5.98815751745807	19
16.7713907201424	-5.97301733866766	19
16.7833708969782	-5.95786396503662	19
16.7953399280064	-5.94269739656495	19
16.8072978132269	-5.92751763325266	19
16.8192445526399	-5.91232467509975	19
16.8311801462453	-5.8971185221062	19
16.843104594043	-5.88189917427203	19
16.8550178960332	-5.86666663159723	19
16.8669200522157	-5.85142089408181	19
16.8788110625907	-5.83616196172576	19
16.890690927158	-5.82088983452908	19
16.9025596459178	-5.80560451249178	19
16.9144172188699	-5.79030599561386	19
16.9262636460145	-5.7749942838953	19
16.9380989273514	-5.75966937733612	19
16.9499230628807	-5.74433127593631	19
16.9617360526025	-5.72897997969588	19
16.9735378965166	-5.71361548861482	19
16.9853285946232	-5.69823780269314	19
16.9971081469221	-5.68284692193082	19
17.0088765534134	-5.66744284632788	19
17.0206338140972	-5.65202557588432	19
17.0323799289733	-5.63659511060013	19
17.0441148980418	-5.62115145047531	19
17.0558387213027	-5.60569459550987	19
17.0675513987561	-5.5902245457038	19
17.0792529304018	-5.57474130105711	19
17.0909433162399	-5.55924486156978	19
17.1026225562704	-5.54373522724184	19
17.1142906504933	-5.52821239807326	19
17.1259475989086	-5.51267637406406	19
17.1375934015164	-5.49712715521424	19
17.1492280583165	-5.48156474152378	19
17.160851569309	-5.4659891329927	19
17.1724639344939	-5.450400329621	19
17.1840651538712	-5.43479833140866	19
17.1956552274409	-5.41918313835571	19
17.207234155203	-5.40355475046212	19
17.2188019371575	-5.38791316772792	19
17.2303585733044	-5.37225839015308	19
17.2419040636437	-5.35659041773761	19
17.2534384081754	-5.34090925048153	19
17.2649616068995	-5.32521488838481	19
17.2764736598159	-5.30950733144747	19
17.2879745669248	-5.2937865796695	19
17.2994643282261	-5.27805263305091	19
17.3109429437198	-5.26230549159169	19
17.3224104134059	-5.24654515529184	19
17.3338667372844	-5.23077162415137	19
17.3453119153552	-5.21498489817027	19
17.3567459476185	-5.19918497734854	19
17.3681688340742	-5.18337186168619	19
17.3795805747223	-5.16754555118322	19
17.3909811695627	-5.15170604583961	19
17.4023706185956	-5.13585334565538	19
17.4137489218209	-5.11998745063052	19
17.4251160792385	-5.10410836076504	19
17.4364720908486	-5.08821607605893	19
17.4478169566511	-5.0723105965122	19
17.4591506766459	-5.05639192212483	19
17.4704732508332	-5.04046005289685	19
17.4817846792128	-5.02451498882823	19
17.4930849617849	-5.00855672991899	19
17.5043740985493	-4.99258527616913	19
17.5156520895062	-4.97660062757864	19
17.5269189346554	-4.96060278414752	19
17.5381746339971	-4.94459174587577	19
17.5494191875311	-4.9285675127634	19
17.5606525952576	-4.91253008481041	19
17.5718748571764	-4.89647946201678	19
17.5830859732877	-4.88041564438253	19
17.5942859435913	-4.86433863190766	19
17.6054747680873	-4.84824842459215	19
17.6166524467758	-4.83214502243602	19
17.6278189796566	-4.81602842543927	19
17.6389743667298	-4.79989863360188	19
17.6501186079955	-4.78375564692388	19
17.6612517034535	-4.76759946540525	19
17.6723736531039	-4.75143008904599	19
17.6834844569467	-4.7352475178461	19
17.6945841149819	-4.71905175180559	19
17.7056726272096	-4.70284279092445	19
17.7167499936296	-4.68662063520269	19
17.727816214242	-4.67038528464029	19
17.7388712890468	-4.65413673923727	19
17.749915218044	-4.63787499899363	19
17.7609480012336	-4.62160006390936	19
17.7719696386156	-4.60531193398447	19
17.78298013019	-4.58901060921895	19
17.7939794759568	-4.5726960896128	19
17.804967675916	-4.55636837516602	19
17.8159447300676	-4.54002746587862	19
17.8269106384116	-4.52367336175059	19
17.837865400948	-4.50730606278194	19
17.8488090176768	-4.49092556897266	19
17.859741488598	-4.47453188032275	19
17.8706628137116	-4.45812499683222	19
17.8815729930176	-4.44170491850107	19
17.892472026516	-4.42527164532928	19
17.9033599142068	-4.40882517731687	19
17.91423665609	-4.39236551446383	19
17.9251022521655	-4.37589265677017	19
17.9359567024335	-4.35940660423588	19
17.9468000068939	-4.34290735686096	19
17.9576321655467	-4.32639491464542	19
17.9684531783919	-4.30986927758925	19
17.9792630454294	-4.29333044569246	19
17.9900617666594	-4.27677841895503	19
18.0008493420818	-4.26021319737699	19
18.0116257716965	-4.24363478095832	19
18.0223910555037	-4.22704316969902	19
18.0331451935033	-4.2104383635991	19
18.0438881856952	-4.19382036265854	19
18.0546200320796	-4.17718916687736	19
18.0653407326563	-4.16054477625556	19
18.0760502874255	-4.14388719079313	19
18.086748696387	-4.12721641049007	19
18.097435959541	-4.11053243534639	19
18.1081120768873	-4.09383526536207	19
18.1187770484261	-4.07712490053714	19
18.1294308741572	-4.06040134087158	19
18.1400735540808	-4.04366458636539	19
18.1507050881967	-4.02691463701858	19
18.1613254765051	-4.01015149283113	19
18.1719347190058	-3.99337515380307	19
18.1825328156989	-3.97658561993438	19
18.1931197665845	-3.95978289122506	19
18.2036955716624	-3.94296696767511	19
18.2142602309327	-3.92613784928454	19
18.2248137443955	-3.90929553605334	19
18.2353561120506	-3.89244002798151	19
18.2458873338981	-3.87557132506906	19
18.256407409938	-3.85868942731599	19
18.2669163401704	-3.84179433472229	19
18.2774141245951	-3.82488604728795	19
18.2879007632122	-3.807964565013	19
18.2983762560217	-3.79102988789742	19
18.3088406030236	-3.77408201594121	19
18.3192938042179	-3.75712094914438	19
18.3297358596047	-3.74014668750691	19
18.3401667691838	-3.72315923102883	19
18.3505865329553	-3.70615857971012	19
18.3609951509192	-3.68914473355078	19
18.3713926230755	-3.67211769255081	19
18.3817789494242	-3.65507745671022	19
18.3921541299653	-3.638024026029	19
18.4025181646988	-3.62095740050716	19
18.4128710536247	-3.60387758014469	19
18.423212796743	-3.5867845649416	19
18.4335433940537	-3.56967835489787	19
18.4438628455568	-3.55255895001352	19
18.4541711512522	-3.53542635028855	19
18.4644683111401	-3.51828055572294	19
18.4747543252204	-3.50112156631671	19
18.4850291934931	-3.48394938206986	19
18.4952929159582	-3.46676400298238	19
18.5055454926157	-3.44956542905427	19
18.5157869234655	-3.43235366028554	19
18.5260172085078	-3.41512869667618	19
18.5362363477425	-3.3978905382262	19
18.5464443411696	-3.38063918493559	19
18.556641188789	-3.36337463680435	19
18.5668268906009	-3.34609689383248	19
18.5770014466052	-3.32880595602	19
18.5871648568018	-3.31150182336687	19
18.5973171211909	-3.29418449587314	19
18.6074582397723	-3.27685397353876	19
18.6175882125462	-3.25951025636377	19
18.6277070395125	-3.24215334434815	19
18.6378147206711	-3.2247832374919	19
18.6479112560222	-3.20739993579503	19
18.6579966455656	-3.19000343925753	19
18.6680708893015	-3.1725937478794	19
18.6781339872297	-3.15517086166065	19
18.6881859393504	-3.13773478060127	19
18.6982267456634	-3.12028550470126	19
18.7082564061688	-3.10282303396063	19
18.7182749208667	-3.08534736837937	19
18.7282822897569	-3.06785850795749	19
18.7382785128396	-3.05035645269498	19
18.7482635901146	-3.03284120259185	19
18.758237521582	-3.01531275764808	19
18.7682003072419	-2.9977711178637	19
18.7781519470941	-2.98021628323868	19
18.7880924411387	-2.96264825377304	19
18.7980217893757	-2.94506702946677	19
18.8079399918052	-2.92747261031988	19
18.817847048427	-2.90986499633236	19
18.8277429592412	-2.89224418750421	19
18.8376277242478	-2.87461018383544	19
18.8475013434468	-2.85696298532604	19
18.8573638168382	-2.83930259197601	19
18.8672151444221	-2.82162900378537	19
18.8770553261983	-2.80394222075409	19
18.8868843621669	-2.78624224288219	19
18.8967022523279	-2.76852907016966	19
18.9065089966813	-2.7508027026165	19
18.9163045952271	-2.73306314022271	19
18.9260890479653	-2.71531038298831	19
18.9358623548959	-2.69754443091327	19
18.9456245160189	-2.67976528399761	19
18.9553755313343	-2.66197294224132	19
18.9651154008421	-2.64416740564441	19
18.9748441245423	-2.62634867420687	19
18.9845617024349	-2.6085167479287	19
18.9942681345198	-2.59067162680991	19
19.0039634207972	-2.57281331085049	19
19.013647561267	-2.55494180005045	19
19.0233205559292	-2.53705709440978	19
19.0329824047838	-2.51915919392848	19
19.0426331078308	-2.50124809860656	19
19.0522726650701	-2.48332380844401	19
19.0619010765019	-2.46538632344083	19
19.0715183421261	-2.44743564359703	19
19.0811244619427	-2.4294717689126	19
19.0907194359516	-2.41149469938755	19
19.100303264153	-2.39350443502187	19
19.1098759465468	-2.37550097581556	19
19.1194374831329	-2.35748432176863	19
19.1289878739115	-2.33945447288107	19
19.1385271188824	-2.32141142915288	19
19.1480552180458	-2.30335519058407	19
19.1575721714016	-2.28528575717463	19
19.1670779789497	-2.26720312892456	19
19.1765726406903	-2.24910730583387	19
19.1860561566232	-2.23099828790256	19
19.1955285267486	-2.21287607513062	19
19.2049897510663	-2.19474066751804	19
19.2144398295765	-2.17659206506485	19
19.223878762279	-2.15843026777103	19
19.2333065491739	-2.14025527563658	19
19.2427231902613	-2.12206708866151	19
19.252128685541	-2.1038657068458	19
19.2615230350132	-2.08565113018948	19
19.2709062386777	-2.06742335869252	19
19.2802782965346	-2.04918239235494	19
19.289639208584	-2.03092823117674	19
19.2989889748257	-2.01266087515791	19
19.3083275952598	-1.99438032429845	19
19.3176550698863	-1.97608657859836	19
19.3269713987053	-1.95777963805766	19
19.3362765817166	-1.93945950267631	19
19.3455706189203	-1.92112617245436	19
19.3548535103164	-1.90277964739176	19
19.3641252559049	-1.88441992748855	19
19.3733858556858	-1.86604701274471	19
19.3826353096592	-1.84766090316024	19
19.3918736178249	-1.82926159873514	19
19.401100780183	-1.81084909946943	19
19.4103167967335	-1.79242340536307	19
19.4195216674764	-1.77398451641611	19
19.4287153924117	-1.75553243262851	19
19.4378979715394	-1.73706715400028	19
19.4470694048595	-1.71858868053143	19
19.456229692372	-1.70009701222195	19
19.4653788340769	-1.68159214907185	19
19.4745168299742	-1.66307409108111	19
19.4836436800639	-1.64454283824976	19
19.492759384346	-1.62599839057778	19
19.5018639428204	-1.60744074806517	19
19.5109573554873	-1.58886991071193	19
19.5200396223466	-1.57028587851807	19
19.5291107433983	-1.55168865148358	19
19.5381707186424	-1.53307822960847	19
19.5472195480788	-1.51445461289273	19
19.5562572317077	-1.49581780133636	19
19.565283769529	-1.47716779493937	19
19.5742991615427	-1.45850459370175	19
19.5833034077487	-1.43982819762351	19
19.5922965081472	-1.42113860670463	19
19.6012784627381	-1.40243582094514	19
19.6102492715214	-1.38371984034501	19
19.619208934497	-1.36499066490426	19
19.6281574516651	-1.34624829462288	19
19.6370948230255	-1.32749272950088	19
19.6460210485784	-1.30872396953825	19
19.6549361283236	-1.289942014735	19
19.6638400622613	-1.27114686509112	19
19.6727328503914	-1.25233852060661	19
19.6816144927138	-1.23351698128148	19
19.6904849892287	-1.21468224711571	19
19.6993443399359	-1.19583431810933	19
19.7081925448355	-1.17697319426231	19
19.7170296039276	-1.15809887557468	19
19.725855517212	-1.13921136204641	19
19.7346702846889	-1.12031065367752	19
19.7434739063581	-1.101396750468	19
19.7522663822197	-1.08246965241786	19
19.7610477122738	-1.06352935952709	19
19.7698178965202	-1.04457587179569	19
19.778576934959	-1.02560918922367	19
19.7873248275903	-1.00662931181102	19
19.7960615744139	-0.987636239557744	19
19.8047871754299	-0.968629972463845	19
19.8135016306383	-0.949610510529318	19
19.8222049400392	-0.930577853754162	19
19.8308971036324	-0.911532002138383	19
19.839578121418	-0.892472955681974	19
19.848247993396	-0.873400714384942	19
19.8569067195664	-0.854315278247288	19
19.8655542999292	-0.835216647269	19
19.8741907344844	-0.816104821450089	19
19.8828160232321	-0.796979800790552	19
19.8914301661721	-0.777841585290389	19
19.9000331633045	-0.758690174949599	19
19.9086250146293	-0.739525569768183	19
19.9172057201465	-0.720347769746141	19
19.9257752798561	-0.701156774883472	19
19.9343336937581	-0.681952585180174	19
19.9428809618525	-0.662735200636256	19
19.9514170841392	-0.643504621251708	19
19.9599420606184	-0.624260847026534	19
19.96845589129	-0.605003877960737	19
19.976958576154	-0.585733714054307	19
19.9854501152104	-0.566450355307257	19
19.9939305084592	-0.547153801719578	19
20.0023997559004	-0.527844053291272	19
20.0108578575339	-0.508521110022343	19
20.0193048133599	-0.489184971912785	19
20.0277406233783	-0.4698356389626	19
20.0361652875891	-0.450473111171792	19
20.0445788059922	-0.431097388540351	19
20.0529811785878	-0.411708471068295	19
20.0613724053758	-0.392306358755604	19
20.0697524863562	-0.372891051602288	19
20.0781214215289	-0.353462549608352	19
20.0864792108941	-0.334020852773783	19
20.0948258544516	-0.314565961098591	19
20.1031613522016	-0.295097874582769	19
20.111485704144	-0.275616593226324	19
20.1197989102787	-0.25612211702925	19
20.1281009706059	-0.236614445991552	19
20.1363918851254	-0.217093580113229	19
20.1446716538374	-0.197559519394275	19
20.1529402767417	-0.178012263834699	19
20.1611977538385	-0.158451813434496	19
20.1694440851276	-0.138878168193671	19
20.1776792706092	-0.119291328112212	19
20.1859033102831	-0.0996912931901299	19
20.1941162041494	-0.0800780634274219	19
20.2023179522082	-0.0604516388240874	19
20.2105085544593	-0.0408120193801267	19
20.2186880109028	-0.0211592050955396	19
20.2268563215388	-0.00149319597032616	19
20.2350134863671	0.0181860079955136	19
20.2431595053878	0.0378784068019797	19
20.2512943786009	0.0575840004490722	19
20.2594181060065	0.077302788936791	19
20.2675306876044	0.0970347722651326	19
20.2756321233947	0.116779950434104	19
20.2837224133774	0.136538323443702	19
20.2918015575525	0.156309891293922	19
20.2998695559201	0.176094653984777	19
20.30792640848	0.19589261151625	19
20.3159721152323	0.215703763888353	19
20.324006676177	0.235528111101079	19
20.3320300913141	0.255365653154435	19
20.3400423606436	0.275216390048413	19
20.3480434841655	0.295080321783026	19
20.3560334618798	0.314957448358253	19
20.3640122937865	0.334847769774111	19
20.3719799798856	0.354751286030599	19
20.3799365201771	0.374667997127709	19
20.387881914661	0.394597903065449	19
20.3958161633373	0.414541003843812	19
20.403739266206	0.434497299462805	19
20.4116512232671	0.454466789922421	19
20.4195520345206	0.474449475222663	19
20.4274416999664	0.494445355363531	19
20.4353202196047	0.51445443034503	19
20.4431875934354	0.534476700167151	19
20.4510438214585	0.554512164829895	19
20.458888903674	0.574560824333272	19
20.4667228400818	0.594622678677272	19
20.4745456306821	0.614697727861902	19
20.4823572754748	0.634785971887151	19
20.4901577744599	0.654887410753034	19
20.4979471276373	0.675002044459536	19
20.5057253350072	0.695129873006671	19
20.5134923965695	0.715270896394426	19
20.5212483123241	0.735425114622814	19
20.5289930822712	0.755592527691821	19
20.5367267064106	0.775773135601455	19
20.5444491847425	0.795966938351718	19
20.5521605172668	0.816173935942608	19
20.5598607039834	0.836394128374124	19
20.5675497448925	0.856627515646267	19
20.5752276399939	0.876874097759035	19
20.5828943892878	0.897133874712427	19
20.590549992774	0.917406846506449	19
20.5981944504526	0.937693013141093	19
20.6058277623237	0.957992374616367	19
20.6134499283871	0.978304930932268	19
20.621060948643	0.998630682088791	19
20.6286608230912	1.01896962808594	19
20.6362495517318	1.03932176892372	19
20.6438271345649	1.05968710460213	19
20.6513935715903	1.08006563512115	19
20.6589488628081	1.10045736048081	19
20.6664930082184	1.12086228068109	19
20.674026007821	1.141280395722	19
20.681547861616	1.16171170560354	19
20.6890585696034	1.1821562103257	19
20.6965581317832	1.20261390988848	19
20.7040465481555	1.2230848042919	19
20.7115238187201	1.24356889353594	19
20.7189899434771	1.26406617762061	19
20.7264449224265	1.2845766565459	19
20.7338887555683	1.30510033031182	19
20.7413214429025	1.32563719891836	19
20.7487429844291	1.34618726236553	19
20.7561533801481	1.36675052065333	19
20.7635526300595	1.38732697378175	19
20.7709407341633	1.4079166217508	19
20.7783176924595	1.42851946456048	19
20.7856835049481	1.44913550221079	19
20.7930381716291	1.46976473470171	19
20.8003816925025	1.49040716203327	19
20.8077140675683	1.51106278420545	19
20.8150352968265	1.53173160121825	19
20.8223453802771	1.55241361307169	19
20.8296443179201	1.57310881976575	19
20.8369321097555	1.59381722130044	19
20.8442087557833	1.61453881767575	19
20.8514742560034	1.63527360889169	19
20.858728610416	1.65602159494825	19
20.865971819021	1.67678277584545	19
20.8732038818184	1.69755715158326	19
20.8804247988081	1.7183447221617	19
20.8876345699903	1.73914548758077	19
20.8948331953649	1.75995944784047	19
20.9020206749319	1.78078660294079	19
20.9091970086912	1.80162695288174	19
20.916362196643	1.82248049766331	19
20.9235162387871	1.84334723728551	19
20.9306591351237	1.86422717174834	19
20.9377908856527	1.8851203010518	19
20.944911490374	1.90602662519588	19
20.9520209492878	1.92694614418058	19
20.9591192623939	1.94787885800591	19
20.9662064296925	1.96882476667187	19
20.9732824511834	1.98978387017846	19
20.9803473268668	2.01075616852567	19
20.9874010567425	2.0317416617135	19
20.9944436408107	2.05274034974197	19
21.0014750790712	2.07375223261106	19
21.0084953715241	2.09477731032078	19
21.0155045181695	2.11581558287111	19
21.0225025190072	2.13686705026209	19
21.0294893740374	2.15793171249368	19
21.0364650832599	2.1790095695659	19
21.0434296466748	2.20010062147875	19
21.0503830642821	2.22120486823222	19
21.0573253360819	2.24232230982632	19
21.064256462074	2.26345294626104	19
21.0711764422585	2.2845967775364	19
21.0780852766354	2.30575380365237	19
21.0849829652048	2.32692402460898	19
21.0918695079665	2.34810744040621	19
21.0987449049206	2.36930405104407	19
21.1056091560671	2.39051385652255	19
21.112462261406	2.41173685684166	19
21.1193042209373	2.43297305200139	19
21.126135034661	2.45422244200176	19
21.1329547025771	2.47548502684275	19
21.1397632246857	2.49676080652436	19
21.1465606009866	2.5180497810466	19
21.1533468314799	2.53935195040947	19
21.1601219161656	2.56066731461296	19
21.1668858550436	2.58199587365708	19
21.1736386481141	2.60333762754183	19
21.180380295377	2.6246925762672	19
21.1871107968323	2.6460607198332	19
21.19383015248	2.66744205823982	19
21.2005383623201	2.68883659148707	19
21.2072354263526	2.71024431957495	19
21.2139213445775	2.73166524250345	19
21.2205961169948	2.75309936027258	19
21.2272597436044	2.77454667288233	19
21.2339122244065	2.79600718033272	19
21.240553559401	2.81748088262372	19
21.2471837485879	2.83896777975536	19
21.2538027919671	2.86046787172762	19
21.2604106895388	2.88198115854051	19
21.2670074413029	2.90350764019402	19
21.2735930472594	2.92504731668816	19
21.2801675074082	2.94660018802292	19
21.2867308217495	2.96816625419832	19
21.2932829902831	2.98974551521433	19
21.2998240130092	3.01133797107098	19
21.3063538899277	3.03294362176825	19
21.3128726210385	3.05456246730614	19
21.3193802063418	3.07619450768467	19
21.3258766458374	3.09783974290382	19
21.3323619395255	3.1194981729636	19
21.3388360874059	3.14116979786399	19
21.3452990894788	3.16285461760502	19
21.351750945744	3.18455263218667	19
21.3581916562017	3.20626384160896	19
21.3646212208517	3.22798824587186	19
21.3710396396941	3.2497258449754	19
21.377446912729	3.27147663891956	19
21.3838430399562	3.29324062770434	19
21.3902280213759	3.31501781132975	19
21.3966018569879	3.33680818979579	19
21.4029645467923	3.35861176310245	19
21.4093160907891	3.38042853124974	19
21.4156564889784	3.40225849423766	19
21.42198574136	3.4241016520662	19
21.428303847934	3.44595800473537	19
21.4346108087004	3.46782755224516	19
21.4409066236593	3.48971029459559	19
21.4471912928105	3.51160623178664	19
21.4534648161541	3.53351536381831	19
21.4597271936901	3.55543769069061	19
21.4659784254185	3.57737321240354	19
21.4722185113393	3.59932192895709	19
21.4784474514525	3.62128384035127	19
21.4846652457581	3.64325894658607	19
21.4908718942561	3.6652472476615	19
21.4970673969465	3.68724874357756	19
21.5032517538293	3.70926343433424	19
21.5094249649045	3.73129131993156	19
21.5155870301721	3.75333240036949	19
21.5217379496321	3.77538667564806	19
21.5278777232845	3.79745414576724	19
21.5340063511293	3.81953481072706	19
21.5401238331665	3.8416286705275	19
21.5462301693961	3.86373572516856	19
21.5523253598181	3.88585597465026	19
21.5584094044325	3.90798941897258	19
21.5644823032392	3.93013605813553	19
21.5705440562384	3.9522958921391	19
21.57659466343	3.9744689209833	19
21.582634124814	3.99665514466812	19
21.5886624403904	4.01885456319357	19
21.5946796101591	4.04106717655965	19
21.6006856341203	4.06329298476635	19
21.6066805122739	4.08553198781368	19
21.6126642446198	4.10778418570164	19
21.6186368311582	4.13004957843022	19
21.624598271889	4.15232816599943	19
21.6305485668121	4.17461994840927	19
21.6364877159277	4.19692492565973	19
21.6424157192356	4.21924309775082	19
21.648332576736	4.24157446468253	19
21.6542382884288	4.26391902645487	19
21.6601328543139	4.28627678306783	19
21.6660162743915	4.30864773452143	19
21.6718885486614	4.33103188081564	19
21.6777496771237	4.35342922195049	19
21.6835996597785	4.37583975792596	19
21.6894384966256	4.39826348874206	19
21.6952661876652	4.42070041439878	19
21.7010827328971	4.44315053489613	19
21.7068881323215	4.46561385023411	19
21.7126823859382	4.48809036041271	19
21.7184654937473	4.51058006543194	19
21.7242374557489	4.53308296529179	19
21.7299982719428	4.55559905999228	19
21.7357479423291	4.57812834953338	19
21.7414864669078	4.60067083391511	19
21.747213845679	4.62322651313747	19
21.7529300786425	4.64579538720046	19
21.7586351657984	4.66837745610407	19
21.7643291071467	4.69097271984831	19
21.7700119026874	4.71358117843317	19
21.7756835524206	4.73620283185866	19
21.7813440563461	4.75883768012478	19
21.786993414464	4.78148572323152	19
21.7926316267743	4.80414696117889	19
21.798258693277	4.82682139396689	19
21.8038746139721	4.84950902159551	19
21.8094793888596	4.87220984406476	19
21.8150730179395	4.89492386137463	19
21.8206555012118	4.91765107352514	19
21.8262268386765	4.94039148051626	19
21.8317870303336	4.96314508234802	19
21.8373360761831	4.98591187902039	19
21.842873976225	5.0086918705334	19
21.8484007304593	5.03148505688703	19
21.853916338886	5.05429143808129	19
21.8594208015051	5.07711101411618	19
21.8649141183165	5.09994378499169	19
21.8703962893204	5.12278975070782	19
21.8758673145167	5.14564891126459	19
21.8813271939054	5.16852126666197	19
21.8867759274865	5.19140681689999	19
21.8922135152599	5.21430556197863	19
21.8976399572258	5.2372175018979	19
21.9030552533841	5.2601426366578	19
21.9084594037348	5.28308096625832	19
21.9138524082778	5.30603249069946	19
21.9192342670133	5.32899720998124	19
21.9246049799412	5.35197512410364	19
21.9299645470614	5.37496623306666	19
21.9353129683741	5.39797053687031	19
21.9406502438791	5.42098803551459	19
21.9459763735766	5.44401872899949	19
21.9512913574665	5.46706261732503	19
21.9565951955487	5.49011970049118	19
21.9618878878234	5.51318997849797	19
21.9671694342904	5.53627345134537	19
21.9724398349499	5.55937011903341	19
21.9776990898017	5.58247998156207	19
21.982947198846	5.60560303893136	19
21.9881841620826	5.62873929114127	19
21.9934099795116	5.65188873819181	19
21.9986246511331	5.67505138008298	19
22.0038281769469	5.69822721681477	19
22.0090205569531	5.72141624838719	19
22.0142017911518	5.74461847480023	19
22.0193718795428	5.76783389605391	19
22.0245308221262	5.79106251214821	19
22.0296786189021	5.81430432308313	19
22.0348152698703	5.83755932885868	19
22.0399407750309	5.86082752947486	19
22.0450551343839	5.88410892493166	19
22.0501583479294	5.90740351522909	19
22.0552504156672	5.93071130036714	19
22.0603313375974	5.95403228034582	19
22.06540111372	5.97736645516513	19
22.070459744035	6.00071382482506	19
22.0755072285424	6.02407438932562	19
22.0805435672422	6.04744814866681	19
22.0855687601344	6.07083510284862	19
22.0905828072191	6.09423525187106	19
22.0955857084961	6.11764859573413	19
22.1005774639655	6.14107513443782	19
22.1055580736273	6.16451486798214	19
22.1105275374815	6.18796779636708	19
22.115485855528	6.21143391959266	19
22.120433027767	6.23491323765885	19
22.1253690541984	6.25840575056567	19
22.1302939348222	6.28191145831312	19
22.1352076696384	6.3054303609012	19
22.140110258647	6.3289624583299	19
22.145001701848	6.35250775059922	19
22.1498819992414	6.37606623770918	19
22.1547511508272	6.39963791965976	19
22.1596091566053	6.42322279645096	19
22.1644560165759	6.44682086808279	19
22.1692917307389	6.47043213455526	19
22.1741162990943	6.49405659586834	19
22.1763978935147	6.5048127334127	19
22.178848156526	6.51553170627153	19
22.1814664835623	6.52621086969866	19
22.1842522285907	6.53684758877031	19
22.1872047042703	6.54743923903522	19
22.1903231821218	6.55798320716216	19
22.1936068927076	6.56847689158479	19
22.1970550258212	6.57891770314347	19
22.2006667306872	6.58930306572419	19
22.2044411161717	6.59963041689414	19
22.2083772510013	6.60989720853394	19
22.2124741639939	6.62010090746639	19
22.2167308442974	6.63023899608144	19
22.2211462416396	6.64030897295744	19
22.2257192665873	6.65030835347827	19
22.230448790815	6.66023467044642	19
22.2353336473834	6.67008547469169	19
22.2403726310272	6.67985833567555	19
22.2455644984526	6.68955084209078	19
22.2509079686441	6.69916060245646	19
22.2564017231802	6.708685245708	19
22.2620444065594	6.71812242178221	19
22.2678346265338	6.7274698021971	19
22.2737709544533	6.73672508062643	19
22.2798519256179	6.74588597346871	19
22.2860760396389	6.75495022041075	19
22.2924417608093	6.76391558498521	19
22.2989475184827	6.77277985512256	19
22.3055917074607	6.78154084369677	19
22.3123726883891	6.790196389065	19
22.3192887881623	6.79874435560095	19
22.3263383003362	6.80718263422179	19
22.3335194855491	6.81550914290852	19
22.3408305719511	6.82372182721973	19
22.3482697556409	6.83181866079845	19
22.3558352011114	6.83979764587214	19
22.363525041702	6.84765681374563	19
22.3713373800596	6.85539422528686	19
22.3792702886067	6.86300797140529	19
22.3873218100168	6.87049617352301	19
22.3954899576974	6.87785698403818	19
22.4037727162803	6.88508858678095	19
22.4121680421189	6.89218919746157	19
22.4206738637919	6.89915706411058	19
22.4292880826153	6.90599046751116	19
22.4380085731595	6.91268772162327	19
22.4468331837738	6.91924717399966	19
22.4557597371177	6.92566720619363	19
22.4647860306976	6.93194623415828	19
22.4739098374108	6.93808270863742	19
22.4831289060944	6.9440751155478	19
22.4924409620812	6.94992197635267	19
22.5018437077607	6.95562184842664	19
22.5113348231461	6.96117332541153	19
22.5209119664467	6.96657503756349	19
22.5305727746457	6.97182565209086	19
22.5403148640832	6.97692387348307	19
22.5501358310444	6.98186844383029	19
22.5600332523528	6.98665814313377	19
22.5700046859676	6.99129178960687	19
22.5800476715869	6.99576823996666	19
22.5901597312542	7.00008638971601	19
22.6003383699701	7.00424517341606	19
22.6105810763078	7.00824356494918	19
22.6208853230328	7.01208057777207	19
22.6312485677264	7.01575526515925	19
22.641668253413	7.01926672043659	19
22.6521418091911	7.02261407720503	19
22.6626666508675	7.02579650955438	19
22.6732401815951	7.02881323226708	19
22.6838597925134	7.03166350101195	19
22.6945228633922	7.0343466125278	19
22.7052267632783	7.03686190479705	19
22.7159688511447	7.03920875720894	19
22.7267464765419	7.04138659071276	19
22.7375569802521	7.04339486796068	19
22.7483976949453	7.04523309344036	19
22.7592659458373	7.04690081359714	19
22.7701590513498	7.04839761694604	19
22.7810743237721	7.04972313417323	19
22.792009069924	7.05087703822716	19
22.8029605918206	7.05185904439928	19
22.8139261873376	7.05266891039427	19
22.8249031508784	7.05330643638979	19
22.8358887740417	7.05377146508586	19
22.8468803462891	7.0540638817436	19
22.8578751556148	7.05418361421358	19
22.8688704892141	7.05413063295359	19
22.8798636341528	7.05390495103598	19
22.8908518780371	7.05350662414438	19
22.9018325096821	7.05293575055999	19
22.9128028197813	7.05219247113733	19
22.9237601015748	7.05127696926946	19
22.9347016515173	7.05018947084279	19
22.9456247699451	7.04893024418127	19
22.9565267617421	7.04749959998023	19
22.9674049370051	7.04589789122973	19
22.9782566117069	7.04412551312745	19
22.9890791083594	7.04218290298113	19
22.9998697566733	7.04007054010079	19
23.0106258942177	7.03778894568035	19
23.0213448670765	7.03533868266908	19
23.0320240305036	7.03272035563273	19
23.0426607495753	7.02993461060433	19
23.0532523998402	7.02698213492475	19
23.0637963679671	7.02386365707321	19
23.0742900523897	7.02057994648744	19
23.0847308639484	7.0171318133739	19
23.0951162265291	7.01352010850784	19
23.1054435776991	7.0097457230234	19
23.1157103693389	7.0058095881937	19
23.1259140682713	7.00171267520114	19
23.1360521568864	6.99745599489768	19
23.1461221337624	6.99304059755548	19
23.1561215142832	6.98846757260779	19
23.1660478312514	6.98373804838007	19
23.1758986354966	6.97885319181167	19
23.1856714964805	6.97381420816784	19
23.1953640028957	6.9686223407424	19
23.2049737632614	6.96327887055095	19
23.214498406513	6.9577851160148	19
23.2239355825872	6.95214243263569	19
23.2332829630021	6.94635221266129	19
23.2425382414314	6.94041588474174	19
23.2516991342737	6.93433491357715	19
23.2607633812157	6.92811079955614	19
23.2697287457902	6.92174507838572	19
23.2785930159275	6.91523932071234	19
23.2873540045017	6.90859513173435	19
23.29600954987	6.90181415080597	19
23.3045575164059	6.89489805103277	19
23.3129957950267	6.88784853885888	19
23.3213223037135	6.88066735364596	19
23.3295349880247	6.87335626724399	19
23.3376318216034	6.86591708355415	19
23.3456108066771	6.8583516380837	19
23.3534699745506	6.85066179749309	19
23.3612073860918	6.84284945913545	19
23.3688211322102	6.83491655058835	19
23.376309334328	6.82686502917828	19
23.3836701448431	6.81869688149766	19
23.3909017475859	6.81041412291472	19
23.3980023582665	6.8020187970762	19
23.4049702249155	6.79351297540312	19
23.4118036283161	6.78489875657971	19
23.4185008824282	6.77617826603557	19
23.4250603348046	6.76735365542125	19
23.4314803669986	6.75842710207737	19
23.4377593949632	6.7494008084974	19
23.4438958694424	6.74027700178423	19
23.4498882763527	6.73105793310062	19
23.4557351371576	6.72174587711383	19
23.4614350092316	6.71234313143434	19
23.4669864862165	6.70285201604896	19
23.4723881983684	6.69327487274837	19
23.4776388128958	6.68361406454938	19
23.482737034288	6.67387197511186	19
23.4876816046352	6.66405100815061	19
23.4924713039387	6.65415358684227	19
23.4971049504118	6.64418215322744	19
23.5015814007716	6.63413916760817	19
23.505899550521	6.62402710794087	19
23.510058334221	6.61384846922498	19
23.5140567257541	6.60360576288727	19
23.517893738577	6.59330151616228	19
23.5215684259642	6.58293827146869	19
23.5250798812415	6.57251858578208	19
23.52842723801	6.56204503000396	19
23.5316096703593	6.5515201883275	19
23.534626393072	6.54094665759991	19
23.5374766618169	6.53032704668168	19
23.5401597733328	6.51966397580289	19
23.542675065602	6.50896007591673	19
23.5450219180139	6.49821798805033	19
23.5471997515177	6.48744036265314	19
23.5492080287656	6.47662985894295	19
23.5510462542453	6.46578914424979	19
23.5527139744021	6.45492089335779	19
23.554210777751	6.44402778784526	19
23.5555362949782	6.43311251542295	19
23.5566901990321	6.42217776927104	19
23.5576722052042	6.41122624737448	19
23.5584820711992	6.40026065185747	19
23.5591195971947	6.3892836883166	19
23.5595846258908	6.37829806515337	19
23.5598770425485	6.36730649290592	19
23.5599967750185	6.35631168358024	19
23.5599437937585	6.34531634998099	19
23.5597181118409	6.33432320504222	19
23.5593197849493	6.32333496115796	19
23.5587489113649	6.31235432951295	19
23.5580056319423	6.30138401941377	19
23.5570901300744	6.29042673762025	19
23.5560026316477	6.27948518767773	19
23.5547434049862	6.26856206924994	19
23.5533127607852	6.2576600774529	19
23.5517110520347	6.24678190218996	19
23.5499386739324	6.2359302274881	19
23.5479960637861	6.22510773083566	19
23.5459081023368	6.21443679394015	19
23.4942405930091	5.96085091692335	19
23.4430994621515	5.70985582536712	19
23.3925077081647	5.461564018743	19
23.3424875600473	5.21608422769553	19
23.2930604773959	4.97352141404202	19
23.2442471504048	4.73397677077295	19
23.1960674998665	4.49754772205175	19
23.1485406771711	4.26432792321489	19
23.1016850643068	4.0344072607716	19
23.0555182738597	3.8078718524044	19
23.0100571490137	3.5848040469685	19
22.9653177635507	3.36528242449229	19
22.9213154218505	3.14938179617716	19
22.8780646588908	2.93717320439729	19
22.8355792402472	2.72872392270002	19
22.7938721620932	2.52409745580563	19
22.7529556512002	2.32335353960744	19
22.7128411649375	2.12654814117155	19
22.6735393912724	1.93373345873725	19
22.6350602487699	1.74495792171682	19
22.5974128865932	1.56026619069531	19
22.5606056845031	1.37969915743097	19
22.5246462528587	1.20329394485496	19
22.4895414326165	1.03108390707147	19
22.4552972953313	0.863098629357516	19
22.4219191431556	0.699363928163326	19
22.38941150884	0.539901851111885	19
22.3577781557329	0.384730676999325	19
22.3270220777805	0.233864915794754	19
22.297145499527	0.0873153086401359	19
22.2681498761146	-0.0549111721494633	19
22.2400358932834	-0.192811323086019	19
22.2128034673712	-0.326385709508493	19
22.1864517453138	-0.455638665582988	19
22.1609791046451	-0.580578294302452	19
22.1363831534967	-0.701216467487008	19
22.1126607305981	-0.817568825783688	19
22.0898079052768	-0.929654778666531	19
22.0678199774583	-1.03749750443671	19
22.0466914776657	-1.14112395022229	19
22.0264161670203	-1.2405648319784	19
22.0069870372412	-1.33585463448717	19
21.9883963106453	-1.4270316113578	19
21.9706354401477	-1.51413778502645	19
21.9536951092611	-1.59721894675627	19
21.9375652320963	-1.67632465663754	19
21.9222349533618	-1.75150824358741	19
21.9076926483643	-1.82282680535021	19
21.8939259230082	-1.89034120849709	19
21.8809216137959	-1.95411608842639	19
21.8686657878276	-2.01421984936336	19
21.8571437428015	-2.07072466436034	19
21.8463400070137	-2.12370647529664	19
21.8362383393582	-2.17324499287855	19
21.8268217293268	-2.21942369663949	19
21.8180723970095	-2.26232983493976	19
21.8099717930938	-2.3020544249668	19
21.8025005988655	-2.33869225273497	19
21.7956387262081	-2.37234187308571	19
21.7893653176029	-2.40310560968742	19
21.7836587461293	-2.43108955503557	19
21.7784966154647	-2.45640357045262	19
21.773855759884	-2.47916128608803	19
21.7697122442605	-2.49948010091832	19
21.7660413640651	-2.51748118274698	19
21.7628176453667	-2.53328946820455	19
21.760014844832	-2.54703366274856	19
21.7576059497258	-2.55884624066358	19
21.7555631779106	-2.56886344506118	19
21.7524611843019	-2.58407478815022	19
21.7498227600281	-2.59701291179136	19
21.7477918767353	-2.60696420495094	19
21.7456693432056	-2.61718418738796	19
21.7435227924784	-2.62730785224024	19
21.7411280624791	-2.63841162568076	19
21.7388070653144	-2.64901835271145	19
21.7364629483319	-2.65959968253502	19
21.7342386366467	-2.66953364065967	19
21.7317510454132	-2.68053386076384	19
21.7289840144479	-2.69264738755384	19
21.7265582118368	-2.70317062357255	19
21.7239346477513	-2.71445862363088	19
21.7211047848874	-2.72653378501177	19
21.7180600079292	-2.73941800437403	19
21.7156301611894	-2.74962500307034	19
21.7130708405796	-2.76030798406868	19
21.7103783251214	-2.77147563061979	19
21.707548869153	-2.78313646757378	19
21.7045787023291	-2.79529886138013	19
21.7014640296209	-2.80797102008771	19
21.6982010313162	-2.82116099334476	19
21.6947858630194	-2.83487667239888	19
21.6912146556515	-2.84912579009706	19
21.6887452405367	-2.858925303684	19
21.6862035848684	-2.86896747596175	19
21.6835885239685	-2.87925448081046	19
21.6808988882837	-2.88978846082122	19
21.6781335033845	-2.90057152729615	19
21.6752911899659	-2.91160576024834	19
21.6723707638471	-2.92289320840186	19
21.6693710359715	-2.93443588919177	19
21.6662908124069	-2.94623578876413	19
21.6631288943453	-2.95829486197598	19
21.6598840781028	-2.97061503239534	19
21.6565551551199	-2.98319819230124	19
21.6531409119615	-2.99604620268368	19
21.6496401303165	-3.00916089324365	19
21.6460515869982	-3.02254406239312	19
21.642374053944	-3.03619747725506	19
21.6386062982159	-3.05012287366343	19
21.6347470819997	-3.06432195616317	19
21.6307951626059	-3.07879639801021	19
21.6267492924689	-3.09354784117146	19
21.6226082191476	-3.10857789632484	19
21.6183706853251	-3.12388814285924	19
21.6140354288086	-3.13948012887452	19
21.6096011825297	-3.15535537118158	19
21.6050666745444	-3.17151535530225	19
21.6004306280327	-3.18796153546939	19
21.5956917612989	-3.20469533462683	19
21.5908487877717	-3.22171814442938	19
21.585900416004	-3.23903132524286	19
21.5808453496729	-3.25663620614404	19
21.5756822875797	-3.27453408492074	19
21.5704099236502	-3.2927262280717	19
21.5650269469342	-3.31121387080669	19
21.559532041606	-3.32999821704646	19
21.5539238869638	-3.34908043942272	19
21.5510769270976	-3.35873361205388	19
21.5482011574305	-3.36846167927823	19
21.5452964115035	-3.3782647788747	19
21.5423625225529	-3.38814304666666	19
21.5393993235103	-3.39809661652193	19
21.5364066470023	-3.40812562035274	19
21.5333843253511	-3.41823018811576	19
21.5303321905741	-3.42841044781213	19
21.5272500743838	-3.43866652548738	19
21.524137808188	-3.44899854523151	19
21.5209952230899	-3.45940662917894	19
21.517822149888	-3.46989089750854	19
21.5146184190758	-3.4804514684436	19
21.5113838608423	-3.49108845825187	19
21.5081183050717	-3.50180198124551	19
21.5048215813435	-3.51259214978113	19
21.5014935189323	-3.52345907425979	19
21.4981339468082	-3.53440286312696	19
21.4947426936364	-3.54542362287255	19
21.4913195877774	-3.55652145803094	19
21.4878644572871	-3.56769647118091	19
21.4843771299165	-3.57894876294569	19
21.4808574331119	-3.59027843199295	19
21.4773051940149	-3.60168557503479	19
21.4737202394624	-3.61317028682776	19
21.4701023959865	-3.62473266017282	19
21.4664514898145	-3.6363727859154	19
21.4627673468692	-3.64809075294534	19
21.4590497927684	-3.65988664819693	19
21.4552986528254	-3.67176055664889	19
21.4515137520485	-3.68371256132439	19
21.4476949151416	-3.69574274329101	19
21.4438419665035	-3.70785118166081	19
21.4399547302286	-3.72003795359024	19
21.4360330301063	-3.73230313428021	19
21.4320766896215	-3.74464679697607	19
21.4280855319541	-3.7570690129676	19
21.4240593799796	-3.76956985158901	19
21.4199980562684	-3.78214938021897	19
21.4159013830865	-3.79480766428055	19
21.4117691823949	-3.8075447672413	19
21.40760127585	-3.82036075061317	19
21.4033974848035	-3.83325567395256	19
21.3991576303023	-3.84622959486033	19
21.3948815330886	-3.85928256898172	19
21.3905690135997	-3.87241465000647	19
21.3862198919685	-3.88562588966871	19
21.3818339880229	-3.89891633774704	19
21.377411121286	-3.91228604206447	19
21.3729511109766	-3.92573504848847	19
21.3684537760082	-3.93926340093091	19
21.36391893499	-3.95287114134815	19
21.3593464062263	-3.96655830974096	19
21.3547360077166	-3.98032494415452	19
21.3500875571557	-3.99417108067849	19
21.3454008719339	-4.00809675344695	19
21.3406757691364	-4.0221019946384	19
21.3359120655439	-4.03618683447581	19
21.3311095776323	-4.05035130122656	19
21.3262681215727	-4.06459542120247	19
21.3213875132317	-4.07891921875982	19
21.3164675681708	-4.09332271629929	19
21.3115081016472	-4.10780593426604	19
21.3065089286129	-4.12236889114961	19
21.3014698637155	-4.13701160348404	19
21.2963907212978	-4.15173408584776	19
21.2912713153978	-4.16653635086365	19
21.2861114597488	-4.18141840919904	19
21.2809109677794	-4.19638026956568	19
21.2756696526134	-4.21142193871977	19
21.2703873270698	-4.22654342146193	19
21.2650638036632	-4.24174472063724	19
21.259698894603	-4.25702583713518	19
21.2542924117942	-4.27238676988971	19
21.2488441668369	-4.28782751587921	19
21.2433539710267	-4.30334807012648	19
21.2378216353541	-4.31894842569877	19
21.2322469705051	-4.33462857370777	19
21.226629786861	-4.35038850330962	19
21.2209698944982	-4.36622820170486	19
21.2152671031885	-4.38214765413849	19
21.2095212223989	-4.39814684389995	19
21.2037320612918	-4.41422575232311	19
21.1978994287247	-4.43038435878627	19
21.1920231332503	-4.44662264071218	19
21.1861029831169	-4.46294057356802	19
21.1801387862677	-4.47933813086541	19
21.1741303503413	-4.4958152841604	19
21.1680774826717	-4.51237200305349	19
21.161979990288	-4.52900825518959	19
21.1558376799147	-4.54572400625808	19
21.1496503579713	-4.56251921999275	19
21.1434178305729	-4.57939385817185	19
21.1371399035297	-4.59634788061805	19
21.1308163823472	-4.61338124519845	19
21.1244470722261	-4.63049390782462	19
21.1180317780624	-4.64768582245253	19
21.1115703044475	-4.6649569410826	19
21.1050624556678	-4.68230721375971	19
21.0985080357052	-4.69973658857311	19
21.0919068482367	-4.71724501165658	19
21.0852586966348	-4.73483242718827	19
21.078563383967	-4.75249877739078	19
21.0718207129961	-4.77024400253115	19
21.0650304861805	-4.78806804092087	19
21.0581925056734	-4.80597082891585	19
21.0513065733235	-4.82395230091644	19
21.0443724906748	-4.84201238936743	19
21.0373900589665	-4.86015102475804	19
21.0303590791331	-4.87836813562195	19
21.0232793518042	-4.89666364853725	19
21.016150677305	-4.91503748812647	19
21.0089728556557	-4.93348957705658	19
21.0017456865718	-4.95201983603901	19
20.9944689694642	-4.97062818382958	19
20.9871425034389	-4.98931453722859	19
20.9797660872972	-5.00807881108075	19
20.9723395195358	-5.02692091827522	19
20.9648625983465	-5.0458407697456	19
20.9573351216165	-5.06483827446991	19
20.9497568869281	-5.08391333947062	19
20.9421276915591	-5.10306586981463	19
20.9344473324824	-5.12229576861329	19
20.9267156063661	-5.14160293702236	19
20.9189323095738	-5.16098727424207	19
20.9110972381641	-5.18044867751706	19
20.9032101878912	-5.19998704213643	19
20.8952709542042	-5.21960226143368	19
20.8872793322476	-5.23929422678679	19
20.8792351168614	-5.25906282761814	19
20.8711381025805	-5.27890795139459	19
20.8629880836352	-5.29882948362739	19
20.8547848539513	-5.31882730787225	19
20.8465282071494	-5.33890130572932	19
20.8382179365459	-5.35905135684317	19
20.8298538351519	-5.37927733890283	19
20.8214356956744	-5.39957912764175	19
20.812963310515	-5.41995659683781	19
20.8044364717711	-5.44040961831336	19
20.7958549712351	-5.46093806193515	19
20.7872186003947	-5.48154179561437	19
20.778527150433	-5.50222068530668	19
20.7697804122281	-5.52297459501214	19
20.7609781763537	-5.54380338677527	19
20.7521202330784	-5.56470692068502	19
20.7432063723664	-5.58568505487476	19
20.7342363838769	-5.60673764552233	19
20.7252100569646	-5.62786454684997	19
20.7161271806794	-5.64906561112439	19
20.7069875437662	-5.67034068865671	19
20.6977909346656	-5.6916896278025	19
20.6885371415132	-5.71311227496179	19
20.6792259521399	-5.73460847457898	19
20.6698571540719	-5.75617806914298	19
20.6604305345306	-5.77782089918708	19
20.6509458804327	-5.79953680328907	19
20.6414029783903	-5.8213256180711	19
20.6318016147106	-5.84318717819982	19
20.6221415753961	-5.86512131638628	19
20.6124226461446	-5.88712786338598	19
20.6026446123491	-5.90920664799886	19
20.592807259098	-5.9313574970693	19
20.5829103711748	-5.95358023548609	19
20.5729537330584	-5.97587468618249	19
20.5629371289228	-5.99824067013618	19
20.5528603426376	-6.02067800636928	19
20.5427231577673	-6.04318651194833	19
20.5325253575718	-6.06576600198436	19
20.5222667250063	-6.08841628963276	19
20.5119470427212	-6.11113718609342	19
20.5015660930623	-6.13392850061064	19
20.4911236580706	-6.15679004047316	19
20.4806195194822	-6.17972161101414	19
20.4700534587288	-6.20272301561121	19
20.459425256937	-6.22579405568643	19
20.4487346949289	-6.24893453070625	19
20.4379815532218	-6.27214423818163	19
20.4271656120282	-6.29542297366792	19
20.4162866512562	-6.31877053076491	19
20.4053444505086	-6.34218670111683	19
20.3943387890839	-6.36567127441237	19
20.3832694459758	-6.38922403838462	19
20.3721361998731	-6.41284477881112	19
20.36093882916	-6.43653327951387	19
20.349677111916	-6.46028932235927	19
20.3383508259157	-6.48411268725819	19
20.3269597486291	-6.50800315216591	19
20.3155036572215	-6.53196049308216	19
20.3039823285533	-6.55598448405109	19
20.2923955391803	-6.58007489716133	19
20.2807430653536	-6.6042315025459	19
20.2690246830194	-6.62845406838226	19
20.2572401678193	-6.65274236089236	19
20.2453892950902	-6.67709614434252	19
20.2334718398641	-6.70151518104353	19
20.2214875768684	-6.7259992313506	19
20.2094362805258	-6.75054805366342	19
20.1973177249541	-6.77516140442605	19
20.1851316839664	-6.79983903812704	19
20.1728779310713	-6.82458070729936	19
20.1605562394724	-6.84938616252041	19
20.1481663820686	-6.87425515241203	19
20.1357081314543	-6.89918742364049	19
20.1231812599188	-6.92418272091653	19
20.110585539447	-6.94924078699528	19
20.0979207417189	-6.97436136267634	19
20.0851866381097	-6.99954418680374	19
20.07238299969	-7.02478899626592	19
20.0595095972257	-7.0500955259958	19
20.0465662011778	-7.0754635089707	19
20.0335525817027	-7.10089267621242	19
20.0204685086519	-7.12638275678713	19
20.0073137515725	-7.15193347780551	19
19.9940880797065	-7.17754456442263	19
19.9807912619914	-7.20321573983799	19
19.9674230670599	-7.22894672529558	19
19.9539832632398	-7.25473724008377	19
19.9404716185545	-7.2805870015354	19
19.9268879007224	-7.30649572502774	19
19.9132318771572	-7.33246312398247	19
19.899503314968	-7.35848890986576	19
19.885701980959	-7.38457279218816	19
19.8718276416299	-7.4107144785047	19
19.8578800631753	-7.43691367441483	19
19.8438590114855	-7.46317008356243	19
19.8297642521457	-7.48948340763582	19
19.8155955504366	-7.51585334636777	19
19.801352671334	-7.54227959753547	19
19.7870353795091	-7.56876185696056	19
19.7726434393283	-7.59529981850909	19
19.7581766148532	-7.6218931740916	19
19.7436346698409	-7.64854161366301	19
19.7290173677435	-7.67524482522272	19
19.7143244717085	-7.70200249481452	19
19.6995557445786	-7.72881430652668	19
19.6847109488919	-7.75567994249189	19
19.6697898468816	-7.78259908288729	19
19.6547922004763	-7.80957140593441	19
19.6397177712998	-7.83659658789929	19
19.6245663206711	-7.86367430309234	19
19.6093376096045	-7.89080422386845	19
19.5940313988098	-7.91798602062691	19
19.5786474486917	-7.9452193618115	19
19.5631855193505	-7.97250391391038	19
19.5476453705814	-7.99983934145618	19
19.5320267618752	-8.02722530702596	19
19.5163294524178	-8.05466147124121	19
19.5005532010904	-8.08214749276786	19
19.4846977664695	-8.10968302831629	19
19.4687629068268	-8.13726773264128	19
19.4527483801293	-8.16490125854211	19
19.4366539440393	-8.19258325686242	19
19.4204793559143	-8.22031337649035	19
19.4042243728071	-8.24809126435844	19
19.3878887514658	-8.27591656544368	19
19.3714722483336	-8.3037889227675	19
19.3549746195493	-8.33170797739577	19
19.3383956209466	-8.35967336843877	19
19.3217350080548	-8.38768473305124	19
19.3049925360981	-8.41574170643236	19
19.2881679599963	-8.44384392182574	19
19.2712610343642	-8.47199101051942	19
19.2542715135121	-8.50018260184588	19
19.2371991514454	-8.52841832318205	19
19.2200437018649	-8.55669779994927	19
19.2028049181666	-8.58502065561335	19
19.1854825534416	-8.6133865116845	19
19.1680763604766	-8.64179498771741	19
19.1505860917533	-8.67024570131117	19
19.1330114994487	-8.69873826810931	19
19.1153523354353	-8.72727230179983	19
19.0976083512805	-8.75584741411512	19
19.0797792982473	-8.78446321483204	19
19.0618649272938	-8.81311931177188	19
19.0438649890733	-8.84181531080035	19
19.0257792339345	-8.87055081582763	19
19.0076074119214	-8.8993254288083	19
18.989349272773	-8.9281387497414	19
18.9710045659239	-8.95699037667041	19
18.9525730405038	-8.98587990568321	19
18.9340544453377	-9.01480693091217	19
18.9154485289457	-9.04377104453406	19
18.8967550395435	-9.0727718367701	19
18.8779737250418	-9.10180889588594	19
18.8591043330467	-9.13088180819167	19
18.8401466108594	-9.15999015804182	19
18.8211003054766	-9.18913352783536	19
18.8019651635901	-9.21831149801568	19
18.782740931587	-9.24752364707062	19
18.7634273555497	-9.27676955153247	19
18.7440241812559	-9.30604878597792	19
18.7245311541784	-9.33536092302812	19
18.7049480194854	-9.36470553334866	19
18.6852745220404	-9.39408218564957	19
18.6655104064021	-9.42349044668529	19
18.6456554168244	-9.45292988125473	19
18.6257092972566	-9.48240005220121	19
18.6056717913433	-9.51190052041252	19
18.5855426424241	-9.54143084482083	19
18.5653215935341	-9.5709905824028	19
18.5450083874037	-9.60057928817952	19
18.5246027664584	-9.63019651521649	19
18.504104472819	-9.65984181462366	19
18.4835132483016	-9.68951473555543	19
18.4628288344177	-9.71921482521061	19
18.4420509723738	-9.74894162883248	19
18.4211794030719	-9.77869468970873	19
18.4002138671091	-9.80847354917148	19
18.3791541047779	-9.83827774659734	19
18.3579998560659	-9.86810681940728	19
18.3367508606561	-9.89796030306677	19
18.3154068579268	-9.92783773108569	19
18.2939675869515	-9.95773863501834	19
18.2724327864989	-9.9876625444635	19
18.2508021950331	-10.0176089870643	19
18.2290755507134	-10.0475774885085	19
18.2072525913942	-10.0775675725281	19
18.1853330546255	-10.1075787608995	19
18.1633166776524	-10.1376105734438	19
18.1412031974152	-10.1676625280263	19
18.1189923505495	-10.1977341405568	19
18.0966838733863	-10.2278249249896	19
18.0742775019517	-10.2579343933233	19
18.0517729719671	-10.2880620556011	19
18.0291700188492	-10.3182074199106	19
18.00646837771	-10.3483699923836	19
17.9836677833567	-10.3785492771968	19
17.9607679702918	-10.4087447765709	19
17.9377686727131	-10.4389559907712	19
17.9146696245135	-10.4691824181076	19
17.8914705592815	-10.4994235549341	19
17.8681712103004	-10.5296788956493	19
17.8447713105492	-10.5599479326965	19
17.821270592702	-10.5902301565629	19
17.797668789128	-10.6205250557806	19
17.773965631892	-10.650832116926	19
17.7501608527537	-10.6811508246197	19
17.7262541831684	-10.7114806615271	19
17.7022453542865	-10.7418211083579	19
17.6781340969536	-10.7721716438661	19
17.6539201417108	-10.8025317448503	19
17.6296032187942	-10.8329008861535	19
17.6051830581353	-10.863278540663	19
17.5806593893609	-10.8936641793109	19
17.5560319417929	-10.9240572710733	19
17.5313004444487	-10.9544572829709	19
17.5064646260408	-10.984863680069	19
17.4815242149771	-11.0152759254772	19
17.4564789393605	-11.0456934803495	19
17.4313285269895	-11.0761158038843	19
17.4060727053577	-11.1065423533247	19
17.3807112016539	-11.1369725839578	19
17.3552437427623	-11.1674059491156	19
17.3296700552623	-11.1978419001743	19
17.3039898654285	-11.2282798865545	19
17.278202899231	-11.2587193557213	19
17.2523088823349	-11.2891597531842	19
17.2263075401008	-11.3196005224973	19
17.2001985975842	-11.3500411052589	19
17.1739817795364	-11.3804809411119	19
17.1476568104034	-11.4109194677436	19
17.121223414327	-11.4413561208856	19
17.0946813151438	-11.4717903343141	19
17.068030236386	-11.5022215398498	19
17.0412699012808	-11.5326491673577	19
17.0144000327509	-11.5630726447471	19
16.9874203534142	-11.5934913979721	19
16.9603305855839	-11.623904851031	19
16.9331304512682	-11.6543124259665	19
16.9058196721708	-11.6847135428659	19
16.8783979696908	-11.7151076198607	19
16.8508650649223	-11.7454940731272	19
16.8232206786548	-11.7758723168858	19
16.795464531373	-11.8062417634014	19
16.7675963432569	-11.8366018229835	19
16.7396158341818	-11.8669519039859	19
16.7115227237182	-11.8972914128069	19
16.6833167311318	-11.9276197538892	19
16.6549975753839	-11.9579363297199	19
16.6265649751307	-11.9882405408306	19
16.5980186487238	-12.0185317857973	19
16.56935831421	-12.0488094612405	19
16.5405836893315	-12.0790729618251	19
16.5116944915257	-12.1093216802603	19
16.4826904379253	-12.1395550073	19
16.4535712453581	-12.1697723317424	19
16.4243366303474	-12.1999730404301	19
16.3949863091116	-12.2301565182501	19
16.3655199975645	-12.260322148134	19
16.335937411315	-12.2904693110577	19
16.3062382656674	-12.3205973860417	19
16.2764222756213	-12.3507057501507	19
16.2464891558713	-12.3807937784939	19
16.2164386208077	-12.4108608442252	19
16.1862703845156	-12.4409063185426	19
16.1559841607757	-12.4709295706886	19
16.1255796630639	-12.5009299679504	19
16.0950566045512	-12.5309068756593	19
16.0644146981041	-12.5608596571911	19
16.0336536562842	-12.5907876739664	19
16.0027731913484	-12.6206902854496	19
15.9717730152488	-12.6505668491502	19
15.9406528396331	-12.6804167206216	19
15.9094123758438	-12.710239253462	19
15.878051334919	-12.7400337993138	19
15.8465694275919	-12.769799707864	19
15.814966364291	-12.799536326844	19
15.7832418551401	-12.8292430020296	19
15.7513956099583	-12.8589190772409	19
15.7194273382598	-12.8885638943427	19
15.6873367492543	-12.9181767932442	19
15.6551235518466	-12.9477571118988	19
15.6227874546368	-12.9773041863046	19
15.5903281659202	-13.006817350504	19
15.5577453936876	-13.0362959365838	19
15.5250388456249	-13.0657392746754	19
15.4922082291131	-13.0951466929544	19
15.4592532512289	-13.1245175176412	19
15.4261736187438	-13.1538510730002	19
15.3929690381248	-13.1831466813406	19
15.3596392155343	-13.2124036630158	19
15.3261838568296	-13.2416213364237	19
15.2926026675636	-13.2707990180068	19
15.2588953529843	-13.2999360222517	19
15.2250616180351	-13.3290316616898	19
15.1911011673544	-13.3580852468967	19
15.1570137052761	-13.3870960864925	19
15.1227989358294	-13.4160634871417	19
15.0884565627386	-13.4449867535534	19
15.0539862894234	-13.4738651884809	19
15.0193878189986	-13.5026980927221	19
14.9846608542744	-13.5314847651194	19
14.9498050977562	-13.5602245025593	19
14.9148202516448	-13.5889165999732	19
14.8797060178361	-13.6175603503365	19
14.8444620979214	-13.6461550446693	19
14.8090881931871	-13.6746999720362	19
14.773584004615	-13.7031944195459	19
14.7379492328822	-13.7316376723519	19
14.7021835783609	-13.760029013652	19
14.6662867411188	-13.7883677246883	19
14.6302584209186	-13.8166530847475	19
14.5940983172184	-13.8448843711608	19
14.5578061291716	-13.8730608593036	19
14.5213815556269	-13.9011818225959	19
14.4848242951281	-13.9292465325021	19
14.4481340459143	-13.9572542585311	19
14.4113105059201	-13.9852042682361	19
14.3743533727751	-14.0130958272148	19
14.3372623438042	-14.0409281991095	19
14.3000371160278	-14.0687006456067	19
14.2626773861612	-14.0964124264373	19
14.2251828506153	-14.124062799377	19
14.187553205496	-14.1516510202455	19
14.1497881466047	-14.1791763429073	19
14.1118873694379	-14.206638019271	19
14.0738505691874	-14.2340352992899	19
14.0356774407404	-14.2613674309617	19
13.9973676786791	-14.2886336603283	19
13.9589209772812	-14.3158332314765	19
13.9203370305196	-14.342965386537	19
13.8816155320625	-14.3700293656853	19
13.8427561752732	-14.3970244071411	19
13.8037586532105	-14.4239497471689	19
13.7646226586282	-14.4508046200773	19
13.7253478839756	-14.4775882582194	19
13.6859340213973	-14.5042998919928	19
13.6463807627329	-14.5309387498395	19
13.6066877995174	-14.557504058246	19
13.5668548229812	-14.5839950417431	19
13.5268815240498	-14.6104109229062	19
13.486767593344	-14.636750922355	19
13.4465127211798	-14.6630142587538	19
13.4061165975687	-14.6892001488111	19
13.3655789122173	-14.71530780728	19
13.3248993545273	-14.7413364469581	19
13.2840776135961	-14.7672852786872	19
13.2431133782159	-14.7931535113538	19
13.2020063368744	-14.8189403518887	19
13.1607561777547	-14.8446450052671	19
13.1193625887349	-14.8702666745088	19
13.0778252573884	-14.8958045606778	19
13.0361438709841	-14.9212578628827	19
12.9943181164859	-14.9466257782765	19
12.9523476805531	-14.9719075020566	19
12.9102322495403	-14.997102227465	19
12.8679715094972	-15.0222091457879	19
12.8255651461689	-15.0472274463561	19
12.7830128449958	-15.0721563165448	19
12.7403142911135	-15.0969949417735	19
12.6974691693528	-15.1217425055064	19
12.6544771642399	-15.1463981892519	19
12.6113379599962	-15.170961172563	19
12.5680512405383	-15.195430633037	19
12.5246166894782	-15.2198057463158	19
12.481033990123	-15.2440856860856	19
12.4373028254754	-15.268269624077	19
12.3934228782329	-15.2923567300652	19
12.3493938307886	-15.3163461718697	19
12.3052153652307	-15.3402371153545	19
12.2608871633429	-15.3640287244281	19
12.2164089066038	-15.3877201610432	19
12.1717802761875	-15.4113105851973	19
12.1270009529634	-15.434799154932	19
12.0820706174961	-15.4581850263335	19
12.0369889500455	-15.4814673535324	19
11.9917556305666	-15.5046452887038	19
11.9463703387098	-15.5277179820671	19
11.9008327538209	-15.5506845818863	19
11.8551425549407	-15.5735442344697	19
11.8092994208054	-15.5962960841701	19
11.7633030298466	-15.6189392733848	19
11.7171530601909	-15.6414729425553	19
11.6708491896602	-15.6638962301679	19
11.624391095772	-15.686208272753	19
11.5777784557387	-15.7084082048856	19
11.531010946468	-15.7304951591852	19
11.4840882445631	-15.7524682663155	19
11.4370100263222	-15.774326654985	19
11.389775967739	-15.7960694519462	19
11.3423857445023	-15.8176957819963	19
11.2948390319963	-15.839204767977	19
11.2471355053002	-15.8605955307743	19
11.1992748391888	-15.8818671893186	19
11.151256708132	-15.9030188605849	19
11.103080786295	-15.9240496595925	19
11.0547467475382	-15.9449586994052	19
11.0062542654173	-15.9657450911312	19
10.9576030131834	-15.9864079439231	19
10.9087926637826	-16.0069463649781	19
10.8598228898565	-16.0273594595376	19
10.8106933637419	-16.0476463308877	19
10.7614037574709	-16.0678060803587	19
10.7119537427706	-16.0878378073254	19
10.6623429910638	-16.1077406092072	19
10.6125711734682	-16.1275135814678	19
10.562637960797	-16.1471558176153	19
10.5125430235585	-16.1666664092022	19
10.4622860319564	-16.1860444458257	19
10.4118666558897	-16.2052890151271	19
10.3612845649524	-16.2243992027923	19
10.310539428434	-16.2433740925518	19
10.2596309153193	-16.2622127661802	19
10.2085586942882	-16.2809143034968	19
10.157322433716	-16.2994777823652	19
10.1059218016731	-16.3179022786934	19
10.0543564659253	-16.3361868664341	19
10.0026260939337	-16.3543306175841	19
9.95073035285464	-16.3723326021848	19
9.89866890953959	-16.3901918883221	19
9.84644143053543	-16.4079075421262	19
9.79404758208426	-16.4254786277718	19
9.74148703012346	-16.4429042074781	19
9.68875944028566	-16.4601833415086	19
9.63586447789877	-16.4773150881714	19
9.58280180798595	-16.4942985038188	19
9.52957109526564	-16.5111326428477	19
9.47617200415153	-16.5278165576996	19
9.42260419875261	-16.5443492988601	19
9.36886734287309	-16.5607299148594	19
9.31496110001249	-16.5769574522722	19
9.26088513336556	-16.5930309557175	19
9.20663910582234	-16.6089494678588	19
9.15222267996813	-16.6247120294041	19
9.09763551808348	-16.6403176791057	19
9.04287728214424	-16.6557654537605	19
8.98794763382148	-16.6710543882096	19
8.93284623448159	-16.6861835153389	19
8.87757274518619	-16.7011518660784	19
8.82212682669216	-16.7159584694026	19
8.76650813945169	-16.7306023523306	19
8.71071634361217	-16.7450825399258	19
8.65475109901633	-16.759398055296	19
8.5986120652021	-16.7735479195937	19
8.54229890140273	-16.7875311520154	19
8.48581126654669	-16.8013467698025	19
8.42914881925775	-16.8149937882405	19
8.37231121785492	-16.8284712206594	19
8.31529812035251	-16.8417780784338	19
8.25810918446006	-16.8549133709826	19
8.2007440675824	-16.8678761057691	19
8.14320242681962	-16.8806652883011	19
8.08548391896707	-16.893279922131	19
8.02758820051536	-16.9057190088553	19
7.9695149276504	-16.9179815481152	19
7.91126375625333	-16.9300665375962	19
7.85283434190056	-16.9419729730283	19
7.79422633986379	-16.9536998481859	19
7.73543940510997	-16.9652461548879	19
7.67647319230131	-16.9766108829976	19
7.61732735579529	-16.9877930204227	19
7.55800154964467	-16.9987915531153	19
7.49849542759746	-17.0096054650721	19
7.43880864309694	-17.0202337383342	19
7.37894084928167	-17.0306753529869	19
7.31889169898544	-17.0409292871602	19
7.25866084473736	-17.0509945170285	19
7.19824793876175	-17.0608700168106	19
7.13765263297824	-17.0705547587696	19
7.0768745790017	-17.0800477132132	19
7.01591342814227	-17.0893478484936	19
6.95476883140538	-17.0984541310073	19
6.89344043949169	-17.1073655251952	19
6.83192790279714	-17.1160809935427	19
6.77023087141295	-17.1245994965797	19
6.7083489951256	-17.1329199928805	19
6.64628192341681	-17.1410414390638	19
6.58402930546361	-17.1489627897928	19
6.52159079013826	-17.1566829977749	19
6.45896602600831	-17.1642010137624	19
6.39615466133656	-17.1715157865516	19
6.33315634408107	-17.1786262629834	19
6.2699707218952	-17.1855313879432	19
6.20659744212755	-17.1922301043608	19
6.14303615182197	-17.1987213532103	19
6.07928649771762	-17.2050040735104	19
6.0153481262489	-17.2110772023242	19
5.95122068354546	-17.2169396747593	19
5.88690381543226	-17.2225904239675	19
5.82239716742948	-17.2280283811453	19
5.7577003847526	-17.2332524755335	19
5.69281311231235	-17.2382616344174	19
5.62773499471473	-17.2430547831267	19
5.562465676261	-17.2476308450355	19
5.4970048009477	-17.2519887415625	19
5.43135201246662	-17.2561273921705	19
5.36550695420483	-17.2600457143671	19
5.29946926924466	-17.2637426237042	19
5.2332386003637	-17.2672170337781	19
5.16681459003482	-17.2704678562296	19
5.10019688042615	-17.2734940007438	19
5.03338511340107	-17.2762943750504	19
4.96637893051825	-17.2788678849235	19
4.89917797303163	-17.2812134341815	19
4.83178188189038	-17.2833299246875	19
4.76419029773897	-17.2852162563488	19
4.69640286091712	-17.2868713271172	19
4.62841921145983	-17.288294032989	19
4.56023898909736	-17.2894832680049	19
4.49186183325522	-17.29043792425	19
4.42328738305421	-17.2911568918539	19
4.35451527731038	-17.2916390589906	19
4.28554515453506	-17.2918833118785	19
4.21637665293482	-17.2918885347805	19
4.14700941041154	-17.2916536100039	19
4.07744306456232	-17.2911774179005	19
4.00767725267955	-17.2904588368665	19
3.9377116117509	-17.2894967433424	19
3.86754577845926	-17.2882900118134	19
3.79717938918284	-17.2868375148089	19
3.72661207999508	-17.2851381229029	19
3.65584348666469	-17.2831907047137	19
3.58487324465567	-17.2809941269042	19
3.51370098912726	-17.2785472541816	19
3.44232635493397	-17.2758489492976	19
3.37074897662559	-17.2728980730483	19
3.29896848844717	-17.2696934842742	19
3.22698452433901	-17.2662340398604	19
3.15479671793671	-17.2625185947363	19
3.0824047025711	-17.2585460018757	19
3.0098081112683	-17.254315112297	19
2.93700657674969	-17.2498247750628	19
2.8639997314319	-17.2450738372804	19
2.79078720742686	-17.2400611441014	19
2.71736863654174	-17.2347855387218	19
2.64374365027898	-17.2292458623821	19
2.56991187983628	-17.2234409543673	19
2.49587295610664	-17.2173696520066	19
2.42162650967828	-17.2110307906739	19
2.34717217083471	-17.2044232037874	19
2.27250956955471	-17.1975457228098	19
2.19763833551232	-17.1903971772482	19
2.12255809807684	-17.1829763946542	19
2.04726848631285	-17.1752822006236	19
1.97176912898018	-17.167313418797	19
1.89605965453394	-17.1590688708592	19
1.82013969112449	-17.1505473765395	19
1.74400886659748	-17.1417477536115	19
1.66766680849381	-17.1326688178936	19
1.59111314404964	-17.1233093832481	19
1.51434750019641	-17.1136682615823	19
1.43736950356082	-17.1037442628476	19
1.36017878046484	-17.0935361950399	19
1.28277495692571	-17.0830428641994	19
1.20515765865591	-17.0722630744111	19
