1.20515765865591	25.8156835624076	39
1.1921002262679	25.8175814539612	39
1.17906126073989	25.8196023228031	39
1.16604192026819	25.821745989428	39
1.1530433613059	25.8240122634231	39
1.14006673846019	25.8264009434848	39
1.12711320438973	25.8289118174366	39
1.11418390970232	25.8315446622484	39
1.10128000285266	25.8342992440555	39
1.08840263004038	25.8371753181801	39
1.07555293510818	25.8401726291527	39
1.06273205944027	25.8432909107347	39
1.04994114186096	25.8465298859424	39
1.03718131853351	25.8498892670713	39
1.0244537228592	25.8533687557216	39
1.01175948537667	25.8569680428252	39
0.999099733661496	25.8606868086725	39
0.986475592226023	25.8645247229412	39
0.973888182419488	25.8684814447256	39
0.961338622328412	25.8725566225667	39
0.948828026677284	25.8767498944838	39
0.93635750672955	25.8810608880062	39
0.923928170188894	25.8854892202065	39
0.911541121100857	25.8900344977346	39
0.899197459754763	25.8946963168526	39
0.886898282585984	25.899474263471	39
0.874644682078551	25.9043679131847	39
0.862437746668113	25.9093768313117	39
0.850278560645255	25.9145005729307	39
0.838168204059185	25.9197386829214	39
0.826107752621798	25.9250906960046	39
0.814098277612126	25.9305561367836	39
0.802140845781179	25.9361345197864	39
0.790236519257192	25.9418253495086	39
0.778386355451278	25.9476281204578	39
0.766591406963504	25.9535423171985	39
0.754852721489397	25.9595674143975	39
0.743171341726873	25.9657028768707	39
0.731548305283626	25.971948159631	39
0.719984644584959	25.9783027079361	39
0.708481386782077	25.9847659573385	39
0.69703955366085	25.9913373337349	39
0.685660161551056	25.9980162534176	39
0.674344221236097	26.0048021231264	39
0.663092737863223	26.0116943401011	39
0.651906710854243	26.0186922921352	39
0.640787133816756	26.0257953576301	39
0.629734994455888	26.0330029056503	39
0.618751274486562	26.04031429598	39
0.607836949546295	26.047728879179	39
0.596992989108535	26.0552459966412	39
0.58622035639655	26.0628649806529	39
0.575520008297866	26.0705851544517	39
0.56489289527927	26.0784058322872	39
0.554339961302389	26.0863263194815	39
0.543862143739837	26.0943459124913	39
0.533460373291951	26.1024638989699	39
0.52313557390413	26.1106795578308	39
0.512888662684753	26.1189921593116	39
0.502720549823722	26.127400965039	39
0.492632138511617	26.1359052280944	39
0.48262432485946	26.1445041930798	39
0.472697997819128	26.1531970961855	39
0.462854039104383	26.1619831652576	39
0.453093323112557	26.1708616198665	39
0.443416716846881	26.1798316713768	39
0.433825079839476	26.1888925230164	39
0.424319264074999	26.1980433699481	39
0.414900113914972	26.2072833993409	39
0.405568466022772	26.2166117904419	39
0.396325149289324	26.2260277146494	39
0.387170984759465	26.2355303355867	39
0.378106785559018	26.2451188091759	39
0.369133356822567	26.2547922837134	39
0.360251495621938	26.2645498999454	39
0.351461990895397	26.2743907911438	39
0.342765623377577	26.2843140831838	39
0.334163165530124	26.2943188946213	39
0.325655381473085	26.304404336771	39
0.317243026917031	26.3145695137857	39
0.308926849095936	26.3248135227356	39
0.300707586700799	26.3351354536885	39
0.29258596981403	26.3455343897909	39
0.284562719844602	26.3560094073491	39
0.276638549463967	26.3665595759115	39
0.268814162542757	26.3771839583511	39
0.261090254088261	26.3878816109489	39
0.253467510182687	26.3986515834775	39
0.245946607922224	26.4094929192857	39
0.238528215356898	26.4204046553833	39
0.231212991431231	26.4313858225268	39
0.224001585925709	26.4424354453055	39
0.216894639399065	26.453552542228	39
0.209892783131384	26.4647361258095	39
0.202996639068025	26.4759852026593	39
0.196206819764377	26.4872987735696	39
0.189523928331451	26.4986758336034	39
0.182948558382305	26.5101153721845	39
0.176481293979317	26.5216163731869	39
0.170122709582305	26.5331778150253	39
0.163873369997502	26.5447986707456	39
0.157733830327385	26.556477908116	39
0.151704635921365	26.5682144897194	39
0.145786322327352	26.5800073730445	39
0.13997941524418	26.5918555105793	39
0.13428443047491	26.6037578499037	39
0.128701873881021	26.6157133337832	39
0.123232241337467	26.6277209002626	39
0.117876018688636	26.6397794827602	39
0.112633681705195	26.6518880101632	39
0.107505696041827	26.6640454069221	39
0.102492517195868	26.6762505931466	39
0.0975945904668494	26.6885024847015	39
0.092812350916945	26.7007999933031	39
0.0881462233323225	26.7131420266153	39
0.0835966221854134	26.7255274883475	39
0.0791639515980986	26.7379552783514	39
0.0748486053058095	26.7504242927188	39
0.0706509666225552	26.7629334238798	39
0.0665714084068756	26.7754815607009	39
0.0626102930287189	26.7880675885842	39
0.0587679723372567	26.8006903895657	39
0.0550447876296305	26.8133488424155	39
0.0514410696206324	26.8260418227365	39
0.0479571384133337	26.8387682030647	39
0.0445933034706494	26.8515268529696	39
0.0413498635878478	26.864316639154	39
0.0382271068660136	26.8771364255552	39
0.0352253106864557	26.8899850734457	39
0.0323447416860667	26.9028614415342	39
0.0295856557336409	26.9157643860673	39
0.0269482979071465	26.9286927609308	39
0.0244329024719545	26.9416454177518	39
0.0220396928600322	26.9546212060003	39
0.0197688816500947	26.9676189730918	39
0.0176206705487241	26.9806375644895	39
0.0155952503724512	26.9936758238069	39
0.0136928010308077	27.0067325929103	39
0.0119134915103438	27.019806712022	39
0.0102574798596196	27.0328970198232	39
0.00872491317516499	27.046002353557	39
0.00731592758841448	27.0591215491319	39
0.00603064825361477	27.0722534412251	39
0.00486918933670766	27.0853968633861	39
0.00383165400519014	27.09855064814	39
0.00291813441894928	27.1117136270917	39
0.00212871172207718	27.1248846310292	39
0.00146345603566189	27.1380624900279	39
0.000922426451560376	27.151246033554	39
0.000505671027148269	27.1644340905691	39
0.000213226781052178	27.1776254896336	39
4.51196898612061e-05	27.1908190590113	39
1.36468581879434e-06	27.2040136267729	39
8.19656554977843e-05	27.2172080209007	39
0.000286915439454027	27.2304010693924	39
0.000616195832862321	27.243591600365	39
0.00106977758713445	27.2567784421593	39
0.00164762041251598	27.2699604234438	39
0.00234967298166655	27.2831363733188	39
0.00317587293421751	27.2963051214201	39
0.00412614688231172	27.3094654980234	39
0.00520041041712238	27.3226163341479	39
0.0063985681163512	27.3357564616604	39
0.0077205135527032	27.3488847133787	39
0.00916612930334137	27.3619999231757	39
0.0107352869603157	27.3751009260825	39
0.0124278471419703	27.3881865583923	39
0.0142436595053232	27.4012556577637	39
0.0161825627594212	27.4143070633235	39
0.0182443846796663	27.4273396157706	39
0.0204289421231139	27.4403521574783	39
0.0227360410447399	27.4533435325973	39
0.0251654765146794	27.4663125871586	39
0.027717032736426	27.4792581691758	39
0.0303904830660027	27.4921791287474	39
0.0331855900320932	27.5050743181592	39
0.0361021053571353	27.5179425919857	39
0.0391397699793739	27.5307828071926	39
0.0422983140758735	27.5435938232377	39
0.0455774570864844	27.5563745021724	39
0.0489769077387636	27.569123708743	39
0.0524963640738492	27.5818403104912	39
0.0561355134732786	27.5945231778549	39
0.0598940326867607	27.6071711842685	39
0.0637715878608871	27.619783206263	39
0.0677678345687862	27.6323581235655	39
0.0718824178407191	27.6448948191994	39
0.0761149721956089	27.6573921795826	39
0.0804651216735039	27.6698490946276	39
0.0849324798689752	27.682264457839	39
0.0895166499654372	27.6946371664124	39
0.0942172247703952	27.7069661213324	39
0.0990337867516162	27.7192502274699	39
0.103965908074216	27.7314883936796	39
0.109013150638659	27.7436795328968	39
0.114175066119678	27.755822562234	39
0.119451196006093	27.7679164030771	39
0.12484107164154	27.7799599811812	39
0.130344214266102	27.7919522267662	39
0.135960135058829	27.8038920746114	39
0.141688335181166	27.8157784641505	39
0.147528305821256	27.8276103395657	39
0.153479528239141	27.8393866498813	39
0.159541473812834	27.8511063490574	39
0.165713604085278	27.8627683960825	39
0.171995370812176	27.8743717550663	39
0.178386216010683	27.8859153953312	39
0.184885572008979	27.8973982915044	39
0.191492861496682	27.9088194236086	39
0.198207497576137	27.9201777771529	39
0.205028883814541	27.9314723432226	39
0.211956414296929	27.9427021185691	39
0.218989473679986	27.9538661056988	39
0.226127437246711	27.9649633129617	39
0.23336967096191	27.9759927546398	39
0.240715531528507	27.9869534510344	39
0.248164366444694	27.9978444285528	39
0.255715514061882	28.0086647197957	39
0.263368303643479	28.0194133636421	39
0.271122055424464	28.0300894053353	39
0.278976080671773	28.0406918965676	39
0.286929681745469	28.0512198955645	39
0.294982152160717	28.0616724671681	39
0.303132776650534	28.0720486829206	39
0.311380831229325	28.0823476211465	39
0.319725583257192	28.0925683670347	39
0.328166291505009	28.1027100127193	39
0.336702206220264	28.1127716573607	39
0.345332569193658	28.1227524072255	39
0.354056613826449	28.1326513757658	39
0.36287356519855	28.142467683698	39
0.371782640137358	28.1522004590808	39
0.380783047287326	28.1618488373928	39
0.389873987180249	28.1714119616093	39
0.399054652306279	28.1808889822782	39
0.408324227185659	28.190279057596	39
0.417681888441149	28.1995813534816	39
0.42712680487117	28.2087950436515	39
0.436658137523632	28.2179193096924	39
0.446275039770459	28.2269533411342	39
0.455976657382787	28.2358963355221	39
0.465762128606844	28.2447474984874	39
0.475630584240495	28.2535060438189	39
0.485581147710451	28.2621711935318	39
0.495612935150129	28.2707421779375	39
0.505725055478162	28.2792182357115	39
0.515916610477557	28.2875986139614	39
0.526186694875468	28.2958825682935	39
0.536534396423616	28.3040693628791	39
0.546958795979319	28.3121582705198	39
0.557458967587131	28.320148572712	39
0.568033978561101	28.3280395597109	39
0.578682889567606	28.3358305305935	39
0.589404754708796	28.3435207933205	39
0.600198621606618	28.3511096647985	39
0.6110635314874	28.3585964709399	39
0.621998519267024	28.3659805467234	39
0.63300261363665	28.3732612362526	39
0.64407483714899	28.3804378928147	39
0.655214206305128	28.3875098789374	39
0.666419731641889	28.3944765664461	39
0.67769041781972	28.4013373365193	39
0.689025263711106	28.4080915797438	39
0.700423262489498	28.4147386961685	39
0.711883401718738	28.4212780953583	39
0.723404663442996	28.4277091964458	39
0.73498602427719	28.4340314281835	39
0.746626455497885	28.4402442289942	39
0.758324923134673	28.446347047021	39
0.770080388062019	28.4523393401762	39
0.781891806091557	28.4582205761899	39
0.793758128064839	28.4639902326565	39
0.805678299946539	28.4696477970819	39
0.817651262918066	28.4751927669285	39
0.829675953471618	28.4806246496599	39
0.841751303504655	28.485942962785	39
0.853876240414764	28.4911472339004	39
0.866049687194941	28.4962370007327	39
0.878270562529257	28.5012118111793	39
0.890537780888901	28.5060712233488	39
0.902850252628607	28.5108148056002	39
0.915206884083446	28.5154421365811	39
0.927606577665962	28.519952805265	39
0.940048231963676	28.5243464109884	39
0.952530741836914	28.5286225634859	39
0.965052998516975	28.5327808829247	39
0.977613889704614	28.536820999939	39
0.990212299668849	28.5407425556621	39
1.00284710934606	28.5445452017589	39
1.0155171964394	28.5482286004563	39
1.02822143551847	28.5517924245736	39
1.04095869811929	28.5552363575512	39
1.05372785284457	28.5585600934791	39
1.06652776546413	28.561763337124	39
1.07935729901573	28.5648458039551	39
1.09221531390603	28.56780722017	39
1.10510066801178	28.5706473227185	39
1.11801221678134	28.5733658593263	39
1.13094881333629	28.5759625885173	39
1.14390930857332	28.578437279635	39
1.1568925512663	28.5807897128629	39
1.16989738816855	28.5830196792444	39
1.18292266411526	28.585126980701	39
1.1959672221261	28.5871114300499	39
1.22175312138125	28.5907740329198	39
1.23834461398937	28.5931284286961	39
1.25493213648027	28.595497342213	39
1.27151568885394	28.5978807734705	39
1.2880952711104	28.6002787224685	39
1.30467088324963	28.6026911892071	39
1.32124252527165	28.6051181736863	39
1.33781019717644	28.607559675906	39
1.35437389896401	28.6100156958663	39
1.37093363063436	28.6124862335672	39
1.38748939218749	28.6149712890086	39
1.4040411836234	28.6174708621906	39
1.42058900494209	28.6199849531131	39
1.43713285614355	28.6225135617762	39
1.4536727372278	28.6250566881799	39
1.47020864819482	28.6276143323242	39
1.48674058904463	28.630186494209	39
1.50326855977721	28.6327731738344	39
1.51979256039257	28.6353743712003	39
1.53631259089071	28.6379900863068	39
1.55282865127163	28.6406203191539	39
1.56934074153532	28.6432650697416	39
1.5858488616818	28.6459243380698	39
1.60235301171106	28.6485981241385	39
1.61885319162309	28.6512864279479	39
1.6353494014179	28.6539892494978	39
1.6518416410955	28.6567065887883	39
1.66832991065587	28.6594384458193	39
1.68481421009902	28.6621848205909	39
1.70129453942495	28.6649457131031	39
1.71777089863365	28.6677211233558	39
1.73424328772514	28.6705110513491	39
1.75071170669941	28.673315497083	39
1.76717615555645	28.6761344605574	39
1.78363663429627	28.6789679417724	39
1.80009314291888	28.6818159407279	39
1.81654568142426	28.6846784574241	39
1.83299424981242	28.6875554918608	39
1.84943884808336	28.690447044038	39
1.86587947623708	28.6933531139559	39
1.88231613427357	28.6962737016142	39
1.89874882219285	28.6992088070132	39
1.9151775399949	28.7021584301527	39
1.93160228767974	28.7051225710328	39
1.94802306524735	28.7081012296535	39
1.96443987269774	28.7110944060147	39
1.98085271003091	28.7141021001164	39
1.99726157724686	28.7171243119588	39
2.01366647434559	28.7201610415417	39
2.0300674013271	28.7232122888652	39
2.04646435819139	28.7262780539292	39
2.06285734493845	28.7293583367338	39
2.0792463615683	28.732453137279	39
2.09563140808092	28.7355624555647	39
2.11201248447632	28.7386862915911	39
2.1283895907545	28.7418246453579	39
2.14476272691546	28.7449775168654	39
2.1611318929592	28.7481449061134	39
2.17749708888572	28.7513268131019	39
2.19385831469501	28.7545232378311	39
2.21021557038709	28.7577341803008	39
2.22656885596194	28.760959640511	39
2.24291817141958	28.7641996184619	39
2.25926351675999	28.7674541141533	39
2.27560489198318	28.7707231275852	39
2.29194229708915	28.7740066587577	39
2.3082757320779	28.7773047076708	39
2.32460519694943	28.7806172743245	39
2.34093069170374	28.7839443587187	39
2.35725221634082	28.7872859608535	39
2.37356977086069	28.7906420807289	39
2.38988335526333	28.7940127183448	39
2.40619296954875	28.7973978737013	39
2.42249861371695	28.8007975467983	39
2.43880028776794	28.8042117376359	39
2.45509799170169	28.8076404462141	39
2.47139172551823	28.8110836725329	39
2.48768148921755	28.8145414165922	39
2.50396728279965	28.818013678392	39
2.52024910626452	28.8215004579325	39
2.53652695961218	28.8250017552135	39
2.55280084284261	28.8285175702351	39
2.56907075595582	28.8320479029972	39
2.58533669895181	28.8355927534999	39
2.60159867183058	28.8391521217432	39
2.61785667459213	28.842726007727	39
2.63411070723646	28.8463144114514	39
2.65036076976356	28.8499173329164	39
2.66660686217345	28.8535347721219	39
2.68284898446611	28.857166729068	39
2.69908713664156	28.8608132037547	39
2.71532131869978	28.8644741961819	39
2.73155153064078	28.8681497063497	39
2.74777777246456	28.8718397342581	39
2.76400004417112	28.875544279907	39
2.78021834576046	28.8792633432965	39
2.79643267723257	28.8829969244265	39
2.81264303858747	28.8867450232972	39
2.82884942982514	28.8905076399084	39
2.8450518509456	28.8942847742601	39
2.86125030194883	28.8980764263524	39
2.87744478283484	28.9018825961853	39
2.89363529360363	28.9057032837588	39
2.9098218342552	28.9095384890728	39
2.92600440478955	28.9133882121274	39
2.94218300520668	28.9172524529225	39
2.95835763550658	28.9211312114582	39
2.97452829568927	28.9250244877345	39
2.99069498575473	28.9289322817513	39
3.00685770570297	28.9328545935088	39
3.023016455534	28.9367914230067	39
3.0391712352478	28.9407427702453	39
3.05532204484438	28.9447086352244	39
3.07146888432373	28.948689017944	39
3.08761175368587	28.9526839184043	39
3.10375065293079	28.9566933366051	39
3.11988558205848	28.9607172725464	39
3.13601654106896	28.9647557262284	39
3.15214352996221	28.9688086976509	39
3.16826654873824	28.9728761868139	39
3.18438559739705	28.9769581937176	39
3.20050067593864	28.9810547183618	39
3.21661178436301	28.9851657607465	39
3.23271892267016	28.9892913208719	39
3.24882209086009	28.9934313987377	39
3.26492128893279	28.9975859943442	39
3.28101651688828	29.0017551076912	39
3.29710777472654	29.0059387387788	39
3.31319506244758	29.010136887607	39
3.3292783800514	29.0143495541757	39
3.345357727538	29.018576738485	39
3.36143310490738	29.0228184405348	39
3.37750451215954	29.0270746603252	39
3.39357194929448	29.0313453978562	39
3.40963541631219	29.0356306531278	39
3.42569491321269	29.0399304261399	39
3.44175043999596	29.0442447168925	39
3.45780199666201	29.0485735253858	39
3.47384958321085	29.0529168516196	39
3.48989319964246	29.057274695594	39
3.50593284595685	29.0616470573089	39
3.52196852215401	29.0660339367644	39
3.53800022823396	29.0704353339605	39
3.55402796419669	29.0748512488971	39
3.57005173004219	29.0792816815743	39
3.58607152577048	29.0837266319921	39
3.60208735138154	29.0881861001504	39
3.61809920687538	29.0926600860493	39
3.634107092252	29.0971485896888	39
3.6501110075114	29.1016516110688	39
3.66611095265358	29.1061691501894	39
3.68210692767854	29.1107012070506	39
3.69809893258628	29.1152477816523	39
3.71408696737679	29.1198088739946	39
3.73007103205009	29.1243844840774	39
3.74605112660616	29.1289746119009	39
3.76202725104501	29.1335792574648	39
3.77799940536664	29.1381984207694	39
3.79396758957105	29.1428321018145	39
3.80993180365824	29.1474803006002	39
3.82589204762821	29.1521430171264	39
3.84184832148096	29.1568202513933	39
3.85780062521648	29.1615120034006	39
3.87374895883479	29.1662182731486	39
3.88969332233587	29.1709390606371	39
3.90563371571973	29.1756743658662	39
3.92157013898637	29.1804241888358	39
3.93750259213579	29.185188529546	39
3.95343107516799	29.1899673879968	39
3.96935558808297	29.1947607641881	39
3.98527613088073	29.19956865812	39
4.00119270356126	29.2043910697925	39
4.01710530612458	29.2092279992056	39
4.03301393857067	29.2140794463592	39
4.04891860089955	29.2189454112533	39
4.0648192931112	29.223825893888	39
4.08071601520563	29.2287208942633	39
4.09660876718284	29.2336304123792	39
4.11249754904283	29.2385544482356	39
4.12838236078559	29.2434930018326	39
4.14426320241114	29.2484460731702	39
4.16014007391947	29.2534136622483	39
4.17601297531057	29.258395769067	39
4.19188190658445	29.2633923936263	39
4.20774686774111	29.2684035359261	39
4.22360785878056	29.2734291959665	39
4.23946487970277	29.2784693737474	39
4.25531793050777	29.2835240692689	39
4.27116701119555	29.288593282531	39
4.28701212176611	29.2936770135337	39
4.30285326221944	29.2987752622769	39
4.31869043255556	29.3038880287607	39
4.33452363277445	29.309015312985	39
4.35035286287612	29.3141571149499	39
4.36617812286058	29.3193134346554	39
4.3819994127278	29.3244842721014	39
4.39781673247781	29.3296696272881	39
4.4136300821106	29.3348695002152	39
4.42943946162617	29.340083890883	39
4.44524487102451	29.3453127992913	39
4.46104631030564	29.3505562254401	39
4.47684377946954	29.3558141693296	39
4.49263727851623	29.3610866309596	39
4.50842680744569	29.3663736103301	39
4.52421236625793	29.3716751074413	39
4.53999395495295	29.376991122293	39
4.55577157353075	29.3823216548852	39
4.57154522199132	29.3876667052181	39
4.58731490033468	29.3930262732915	39
4.60308060856081	29.3984003591054	39
4.61884234666973	29.4037889626599	39
4.63460011466142	29.409192083955	39
4.65035391253589	29.4146097229907	39
4.66610374029314	29.4200418797669	39
4.68184959793317	29.4254885542837	39
4.69759148545598	29.430949746541	39
4.71332940286157	29.436425456539	39
4.72906335014994	29.4419156842774	39
4.74479332732108	29.4474204297565	39
4.76051933437501	29.4529396929761	39
4.77624137131171	29.4584734739363	39
4.79195943813119	29.464021772637	39
4.80767353483345	29.4695845890783	39
4.82338366141849	29.4751619232602	39
4.83908981788631	29.4807537751826	39
4.85479200423691	29.4863601448457	39
4.87049022047029	29.4919810322492	39
4.88618446658644	29.4976164373934	39
4.90187474258538	29.5032663602781	39
4.91756104846709	29.5089308009033	39
4.93324338423158	29.5146097592692	39
4.94892174987885	29.5203032353756	39
4.9645961454089	29.5260112292225	39
4.98026657082173	29.5317337408101	39
4.99593302611734	29.5374707701382	39
5.01159551129573	29.5432223172068	39
5.02725402635689	29.5489883820161	39
5.04290857130084	29.5547689645659	39
5.05855914612756	29.5605640648562	39
5.07420575083707	29.5663736828871	39
5.08984838542935	29.5721978186586	39
5.10548704990441	29.5780364721707	39
5.12112174426225	29.5838896434233	39
5.13675246850287	29.5897573324165	39
5.15237922262626	29.5956395391502	39
5.16800200663244	29.6015362636246	39
5.1836208205214	29.6074475058394	39
5.19923566429313	29.6133732657949	39
5.21484653794764	29.6193135434909	39
5.23045344148493	29.6252683389275	39
5.24605637490501	29.6312376521046	39
5.26165533820786	29.6372214830223	39
5.27725033139348	29.6432198316806	39
5.29284135446189	29.6492326980794	39
5.30842840741308	29.6552600822189	39
5.32401149024705	29.6613019840988	39
5.33959060296379	29.6673584037194	39
5.35516574556331	29.6734293410805	39
5.37073691804561	29.6795147961821	39
5.38630412041069	29.6856147690244	39
5.40186735265855	29.6917292596072	39
5.41742661478919	29.6978582679305	39
5.43298190680261	29.7040017939945	39
5.44853322869881	29.710159837799	39
5.46408058047779	29.716332399344	39
5.47962396213954	29.7225194786296	39
5.49516337368407	29.7287210756559	39
5.51069881511139	29.7349371904226	39
5.52623028642148	29.7411678229299	39
5.54175778761435	29.7474129731778	39
5.55728131869	29.7536726411663	39
5.57280087964843	29.7599468268953	39
5.58831647048963	29.7662355303649	39
5.60382809121362	29.772538751575	39
5.61933574182039	29.7788564905257	39
5.63483942230993	29.785188747217	39
5.65033913268225	29.7915355216489	39
5.66583487293735	29.7978968138213	39
5.68132664307523	29.8042726237343	39
5.69681444309589	29.8106629513878	39
5.71229827299933	29.8170677967819	39
5.72777813278555	29.8234871599166	39
5.74325402245455	29.8299210407918	39
5.75872594200632	29.8363694394076	39
5.77419389144088	29.842832355764	39
5.78965787075821	29.849309789861	39
5.80511787995832	29.8558017416985	39
5.82057391904121	29.8623082112765	39
5.83602598800688	29.8688291985952	39
5.85147408685533	29.8753647036544	39
5.86691821558656	29.8819147264541	39
5.88235837420057	29.8884792669945	39
5.89779456269735	29.8950583252754	39
5.91322678107692	29.9016519012968	39
5.92865502933926	29.9082599950588	39
5.94407930748438	29.9148826065614	39
5.95949961551228	29.9215197358046	39
5.97491595342296	29.9281713827883	39
5.99032832121642	29.9348375475126	39
6.00573671889266	29.9415182299775	39
6.02114114645168	29.9482134301829	39
6.03654160389348	29.9549231481289	39
6.05193809121805	29.9616473838154	39
6.0673306084254	29.9683861372425	39
6.08271915551554	29.9751394084102	39
6.09810373248845	29.9819071973185	39
6.11348433934414	29.9886895039673	39
6.12886097608261	29.9954863283566	39
6.14423364270386	30.0022976704866	39
6.15960233920788	30.0091235303571	39
6.17496706559469	30.0159639079682	39
6.19032782186427	30.0228188033198	39
6.20568460801664	30.029688216412	39
6.22103742405178	30.0365721472448	39
6.2363862699697	30.0434705958181	39
6.25173114577041	30.050383562132	39
6.26707205145389	30.0573110461865	39
6.28240898702014	30.0642530479815	39
6.29774195246918	30.0712095675171	39
6.313070947801	30.0781806047933	39
6.32839597301559	30.08516615981	39
6.34371702811297	30.0921662325673	39
6.35903411309312	30.0991808230652	39
6.37434722795605	30.1062099313036	39
6.38965637270176	30.1132535572826	39
6.40496154733026	30.1203117010022	39
6.42026275184152	30.1273843624623	39
6.43555998623557	30.134471541663	39
6.4508532505124	30.1415732386042	39
6.466142544672	30.1486894532861	39
6.48142786871439	30.1558201857084	39
6.49670922263955	30.1629654358714	39
6.5119866064475	30.1701252037749	39
6.52726002013822	30.177299489419	39
6.54252946371172	30.1844882928036	39
6.557794937168	30.1916916139288	39
6.57305644050706	30.1989094527946	39
6.58831397372889	30.206141809401	39
6.60356753683351	30.2133886837479	39
6.6188171298209	30.2206500758354	39
6.63406275269108	30.2279259856634	39
6.64930440544403	30.235216413232	39
6.66454208807976	30.2425213585412	39
6.67977580059827	30.2498408215909	39
6.69500554299956	30.2571748023812	39
6.71023131528363	30.2645233009121	39
6.72545311745048	30.2718863171835	39
6.74067094950011	30.2792638511955	39
6.75588481143251	30.2866559029481	39
6.7710947032477	30.2940624724412	39
6.78630062494566	30.3014835596749	39
6.8015025765264	30.3089191646492	39
6.81670055798992	30.316369287364	39
6.83189456933622	30.3238339278194	39
6.8470846105653	30.3313130860153	39
6.86227068167716	30.3388067619518	39
6.8774527826718	30.3463149556289	39
6.89263091354921	30.3538376670466	39
6.90780507430941	30.3613748962048	39
6.92297526495238	30.3689266431036	39
6.93814148547813	30.3764929077429	39
6.95330373588666	30.3840736901229	39
6.96846201617797	30.3916689902433	39
6.98361632635206	30.3992788081044	39
6.99876666640893	30.406903143706	39
7.01391303634858	30.4145419970482	39
7.029055436171	30.4221953681309	39
7.04419386587621	30.4298632569542	39
7.05932832546419	30.4375456635181	39
7.07445881493495	30.4452425878225	39
7.0895853342885	30.4529540298676	39
7.10470788352482	30.4606799896531	39
7.11982646264392	30.4684204671793	39
7.13494107164579	30.476175462446	39
7.15005171053045	30.4839449754532	39
7.16515837929789	30.4917290062011	39
7.1802610779481	30.4995275546895	39
7.1953598064811	30.5073406209184	39
7.21045456489687	30.515168204888	39
7.22554535319542	30.523010306598	39
7.24063217137676	30.5308669260487	39
7.25571501944086	30.5387380632399	39
7.27079389738775	30.5466237181717	39
7.28586880521742	30.5545238908441	39
7.30093974292987	30.562438581257	39
7.31600671052509	30.5703677894105	39
7.3310697080031	30.5783115153045	39
7.34612873536388	30.5862697589392	39
7.36118379260744	30.5942425203143	39
7.37623487973378	30.6022297994301	39
7.3912819967429	30.6102315962864	39
7.4063251436348	30.6182479108833	39
7.42136432040948	30.6262787432207	39
7.43639952706694	30.6343240932987	39
7.45143076360717	30.6423839611173	39
7.46645803003019	30.6504583466765	39
7.48148132633598	30.6585472499762	39
7.49650065252455	30.6666506710165	39
7.5115160085959	30.6747686097973	39
7.52652739455004	30.6829010663187	39
7.54153481038694	30.6910480405807	39
7.55653825610663	30.6992095325832	39
7.5715377317091	30.7073855423263	39
7.58653323719435	30.71557606981	39
7.60152477256237	30.7237811150342	39
7.61651233781318	30.732000677999	39
7.63149593294676	30.7402347587044	39
7.64647555796312	30.7484833571503	39
7.66145121286226	30.7567464733368	39
7.67642289764418	30.7650241072638	39
7.69139061230888	30.7733162589315	39
7.70635435685636	30.7816229283397	39
7.72131413128661	30.7899441154884	39
7.73626993559965	30.7982798203777	39
7.75122176979546	30.8066300430076	39
7.76616963387406	30.8149947833781	39
7.78111352783543	30.8233740414891	39
7.79605345167958	30.8317678173407	39
7.81098940540651	30.8401761109328	39
7.82592138901622	30.8485989222656	39
7.84084940250871	30.8570362513388	39
7.85577344588397	30.8654880981527	39
7.87069351914202	30.8739544627071	39
7.88560962228284	30.8824353450021	39
7.90052175530645	30.8909307450376	39
7.91542991821283	30.8994406628137	39
7.93033411100199	30.9079650983304	39
7.94523433367393	30.9165040515876	39
7.96013058622865	30.9250575225854	39
7.97502286866615	30.9336255113238	39
7.98991118098643	30.9422080178027	39
8.00479552318948	30.9508050420222	39
8.01967589527532	30.9594165839823	39
8.03455229724393	30.9680426436829	39
8.04942472909532	30.9766832211241	39
8.06429319082949	30.9853383163059	39
8.07915768244644	30.9940079292282	39
8.09401820394617	31.0026920598911	39
8.10887475532868	31.0113907082946	39
8.12372733659397	31.0201038744386	39
8.13857594774204	31.0288315583232	39
8.15342058877288	31.0375737599483	39
8.16826125968651	31.0463304793141	39
8.18309796048291	31.0551017164204	39
8.19793069116209	31.0638874712672	39
8.21275945172405	31.0726877438546	39
8.22758424216879	31.0815025341826	39
8.24240506249631	31.0903318422512	39
8.25722191270661	31.0991756680603	39
8.27203479279968	31.10803401161	39
8.28684370277554	31.1169068729002	39
8.30164864263417	31.125794251931	39
8.31644961237559	31.1346961487024	39
8.33124661199978	31.1436125632143	39
8.34603964150675	31.1525434954668	39
8.3608287008965	31.1614889454599	39
8.37561379016903	31.1704489131936	39
8.39039490932434	31.1794233986678	39
8.40517205836242	31.1884124018825	39
8.41994523728329	31.1974159228379	39
8.43471444608694	31.2064339615338	39
8.44947968477336	31.2154665179702	39
8.46424095334256	31.2245135921473	39
8.47899825179454	31.2335751840648	39
8.4937515801293	31.242651293723	39
8.50850093834684	31.2517419211217	39
8.52324632644716	31.260847066261	39
8.53798774443026	31.2699667291409	39
8.55272519229613	31.2791009097613	39
8.56745867004479	31.2882496081223	39
8.58218817767622	31.2974128242239	39
8.59691371519044	31.306590558066	39
8.61163528258743	31.3157828096487	39
8.6263528798672	31.3249895789719	39
8.64106650702975	31.3342108660357	39
8.65577616407508	31.3434466708401	39
8.67048185100318	31.3526969933851	39
8.68518356781407	31.3619618336706	39
8.69988131450773	31.3712411916967	39
8.71457509108418	31.3805350674633	39
8.7292648975434	31.3898434609705	39
8.74395073388541	31.3991663722183	39
8.75863260011019	31.4085038012066	39
8.77331049621775	31.4178557479356	39
8.78798442220809	31.427222212405	39
8.8026543780812	31.4366031946151	39
8.8173203638371	31.4459986945657	39
8.83198237947578	31.4554087122568	39
8.84664042499723	31.4648332476886	39
8.86129450040146	31.4742723008609	39
8.87594460568848	31.4837258717737	39
8.89059074085827	31.4931939604272	39
8.90523290591084	31.5026765668212	39
8.91987110084619	31.5121736909557	39
8.93450532566431	31.5216853328309	39
8.94913558036522	31.5312114924465	39
8.96376186494891	31.5407521698028	39
8.97838417941537	31.5503073648996	39
8.99300252376462	31.559877077737	39
9.00761689799664	31.569461308315	39
9.02222730211144	31.5790600566335	39
9.03683373610902	31.5886733226926	39
9.05143619998938	31.5983011064922	39
9.06603469375252	31.6079434080325	39
9.08062921739844	31.6176002273132	39
9.09521977092713	31.6272715643346	39
9.10980635433861	31.6369574190965	39
9.12438896763286	31.646657791599	39
9.1389676108099	31.656372681842	39
9.15354228386971	31.6661020898256	39
9.1681129868123	31.6758460155498	39
9.18267971963767	31.6856044590146	39
9.19724248234582	31.6953774202199	39
9.21180127493674	31.7051648991657	39
9.22635609741045	31.7149668958522	39
9.24090694976694	31.7247834102792	39
9.2554538320062	31.7346144424467	39
9.26999674412824	31.7444599923549	39
9.28453568613307	31.7543200600036	39
9.29907065802067	31.7641946453928	39
9.31360165979105	31.7740837485227	39
9.32812869144421	31.7839873693931	39
9.34265175298014	31.793905508004	39
9.35717084439886	31.8038381643556	39
9.37168596570036	31.8137853384476	39
9.38619711688463	31.8237470302803	39
9.40070429795169	31.8337232398535	39
9.41520750890152	31.8437139671673	39
9.42970674973413	31.8537192122217	39
9.44420202044952	31.8637389750166	39
9.45869332104769	31.8737732555521	39
9.47318065152864	31.8838220538281	39
9.48766401189236	31.8938853698448	39
9.50214340213887	31.9039632036019	39
9.51661882226816	31.9140555550997	39
9.53109027228022	31.924162424338	39
9.54555775217506	31.9342838113169	39
9.56002126195268	31.9444197160363	39
9.57448080161308	31.9545701384963	39
9.58893637115627	31.9647350786969	39
9.60338797058222	31.974914536638	39
9.61783559989096	31.9851085123198	39
9.63227925908248	31.995317005742	39
9.64671894815677	32.0055400169049	39
9.66115466711384	32.0157775458083	39
9.6755864159537	32.0260295924522	39
9.69001419467633	32.0362961568368	39
9.70443800328174	32.0465772389619	39
9.71885784176993	32.0568728388275	39
9.7332737101409	32.0671829564338	39
9.74768560839465	32.0775075917805	39
9.76209353653118	32.0878467448679	39
9.77649749455048	32.0982004156958	39
9.79089748245257	32.1085686042643	39
9.80529350023743	32.1189513105734	39
9.81968554790507	32.129348534623	39
9.83407362545549	32.1397602764132	39
9.84845773288869	32.150186535944	39
9.86283787020467	32.1606273132153	39
9.87721403740343	32.1710826082272	39
9.89158623448497	32.1815524209796	39
9.90595446144928	32.1920367514726	39
9.92031871829638	32.2025355997062	39
9.93467900502625	32.2130489656804	39
9.94903532163891	32.2235768493951	39
9.96338766813434	32.2341192508504	39
9.97773604451255	32.2446761700462	39
9.99208045077354	32.2552476069826	39
10.0064208869173	32.2658335616596	39
10.0207573529439	32.2764340340771	39
10.0350898488532	32.2870490242352	39
10.0494183746453	32.2976785321339	39
10.0637429303202	32.3083225577731	39
10.0780635158778	32.3189811011529	39
10.0923801313183	32.3296541622733	39
10.1066927766415	32.3403417411343	39
10.1210014518475	32.3510438377357	39
10.1353061569363	32.3617604520778	39
10.1496068919078	32.3724915841604	39
10.1639036567622	32.3832372339836	39
10.1781964514993	32.3939974015474	39
10.1924852761192	32.4047720868517	39
10.2067701306218	32.4155612898966	39
10.2210510150073	32.4263650106821	39
10.2353279292755	32.4371832492081	39
10.2496008734265	32.4480160054747	39
10.2638698474603	32.4588632794818	39
10.2781348513769	32.4697250712296	39
10.2923958851762	32.4806013807178	39
10.3066529488584	32.4914922079467	39
10.3209060424233	32.5023975529161	39
10.335155165871	32.5133174156261	39
10.3494003192014	32.5242517960766	39
10.3636415024147	32.5352006942678	39
10.3778787155107	32.5461641101994	39
10.3921119584895	32.5571420438717	39
10.4063412313511	32.5681344952845	39
10.4205665340954	32.5791414644379	39
10.4347878667226	32.5901629513318	39
10.4490052292325	32.6011989559663	39
10.4632186216252	32.6122494783414	39
10.4774280439006	32.623314518457	39
10.4916334960589	32.6343940763132	39
10.5058349780999	32.64548815191	39
10.5200324900237	32.6565967452473	39
10.5342260318303	32.6677198563252	39
10.5484156035197	32.6788574851437	39
10.5626012050918	32.6900096317027	39
10.5767828365468	32.7011762960023	39
10.5909604978845	32.7123574780425	39
10.6051341891049	32.7235531778232	39
10.6193039102082	32.7347633953445	39
10.6334696611942	32.7459881306063	39
10.6476314420631	32.7572273836088	39
10.6617892528147	32.7684811543518	39
10.675943093449	32.7797494428353	39
10.6900929639662	32.7910322490594	39
10.7042388643661	32.8023295730241	39
10.7183807946489	32.8136414147294	39
10.7325187548143	32.8249677741752	39
10.7466527448626	32.8363086513615	39
10.7607827647937	32.8476640462885	39
10.7749088146075	32.859033958956	39
10.7890308943041	32.8704183893641	39
10.8031490038835	32.8818173375127	39
10.8172631433457	32.8932308034019	39
10.8313733126906	32.9046587870317	39
10.8454795119183	32.9161012884021	39
10.8595817410288	32.927558307513	39
10.8736800000221	32.9390298443644	39
10.8877742888982	32.9505158989565	39
10.901864607657	32.9620164712891	39
10.9159509562986	32.9735315613622	39
10.930033334823	32.985061169176	39
10.9441117432302	32.9966052947303	39
10.9581861815202	33.0081639380251	39
10.9722566496929	33.0197370990606	39
10.9863231477484	33.0313247778366	39
11.0003856756867	33.0429269743531	39
11.0144442335078	33.0545436886103	39
11.0284988212116	33.0661749206079	39
11.0425494387983	33.0778206703462	39
11.0565960862677	33.089480937825	39
11.0706387636199	33.1011557230444	39
11.0846774708548	33.1128450260044	39
11.0987122079726	33.1245488467049	39
11.1127429749731	33.136267185146	39
11.1267697718564	33.1480000413276	39
11.1407925986225	33.1597474152498	39
11.1548114552713	33.1715093069126	39
11.168826341803	33.183285716316	39
11.1828372582174	33.1950766434599	39
11.1968442045146	33.2068820883443	39
11.2108471806946	33.2187020509694	39
11.2248461867573	33.230536531335	39
11.2388412227029	33.2423855294412	39
11.2528322885312	33.2542490452879	39
11.2668193842423	33.2661270788752	39
11.2808025098361	33.2780196302031	39
11.2947816653128	33.2899266992715	39
11.3087568506722	33.3018482860805	39
11.3227280659144	33.3137843906301	39
11.3366953110394	33.3257350129202	39
11.3506585860472	33.3377001529509	39
11.3646178909377	33.3496798107222	39
11.3785732257111	33.361673986234	39
11.3925245903672	33.3736826794864	39
11.406471984906	33.3857058904794	39
11.4204154093277	33.3977436192129	39
11.4343548636321	33.409795865687	39
11.4482903478194	33.4218626299016	39
11.4622218618894	33.4339439118569	39
11.4761494058421	33.4460397115527	39
11.4900729796777	33.458150028989	39
11.503992583396	33.4702748641659	39
11.5179082169971	33.4824142170834	39
11.531819880481	33.4945680877415	39
11.5457275738477	33.5067364761401	39
11.5596312970972	33.5189193822793	39
11.5735310502294	33.531116806159	39
11.5874268332444	33.5433287477793	39
11.6013186461422	33.5555552071402	39
11.6152064889227	33.5677961842416	39
11.6290903615861	33.5800516790836	39
11.6429702641322	33.5923216916662	39
11.6568461965611	33.6046062219894	39
11.6707181588728	33.6169052700531	39
11.6845861510673	33.6292188358573	39
11.6984501731445	33.6415469194022	39
11.7123102251045	33.6538895206876	39
11.7261663069473	33.6662466397135	39
11.7400184186729	33.6786182764801	39
11.7538665602812	33.6910044309872	39
11.7677107317724	33.7034051032348	39
11.7815509331463	33.715820293223	39
11.795387164403	33.7282500009518	39
11.8092194255424	33.7406942264212	39
11.8230477165647	33.7531529696311	39
11.8368720374697	33.7656262305816	39
11.8506923882575	33.7781140092727	39
11.8645087689281	33.7906163057043	39
11.8783211794815	33.8031331198765	39
11.8921296199176	33.8156644517892	39
11.9059340902366	33.8282103014426	39
11.9197345904383	33.8407706688364	39
11.9335311205227	33.8533455539709	39
11.94732368049	33.8659349568459	39
11.96111227034	33.8785388774615	39
11.9748968900728	33.8911573158176	39
11.9886775396884	33.9037902719143	39
12.0024542191868	33.9164377457516	39
12.016226928568	33.9290997373295	39
12.0299956678319	33.9417762466479	39
12.0437604369786	33.9544672737068	39
12.0575212360081	33.9671728185064	39
12.0712780649204	33.9798928810465	39
12.0850309237154	33.9926274613272	39
12.0987798123933	34.0053765593484	39
12.1125247309539	34.0181401751102	39
12.1262656793972	34.0309183086126	39
12.1400026577234	34.0437109598555	39
12.1537356659324	34.056518128839	39
12.1674647040241	34.0693398155631	39
12.1811897719986	34.0821760200277	39
12.1949108698559	34.0950267422329	39
12.2086279975959	34.1078919821786	39
12.2223411552188	34.1207717398649	39
12.2360503427244	34.1336660152919	39
12.2497555601128	34.1465748084593	39
12.263456807384	34.1594981193673	39
12.2771540845379	34.1724359480159	39
12.2908473915746	34.1853882944051	39
12.3045367284941	34.1983551585348	39
12.3182220952964	34.2113365404051	39
12.3319034919815	34.2243324400159	39
12.3455809185494	34.2373428573673	39
12.359254375	34.2503677924593	39
12.3729238613334	34.2634072452919	39
12.3865893775496	34.276461215865	39
12.4002509236485	34.2895297041786	39
12.4139084996303	34.3026127102329	39
12.4275621054948	34.3157102340277	39
12.4412117412421	34.3288222755631	39
12.4548574068722	34.341948834839	39
12.468499102385	34.3550899118555	39
12.4821368277807	34.3682455066126	39
12.4957705830591	34.3814156191102	39
12.5094003682203	34.3946002493484	39
12.5230261832643	34.4077993973272	39
12.536648028191	34.4210130630465	39
12.5502659030006	34.4342412465064	39
12.5638798076929	34.4474839477069	39
12.577489742268	34.4607411666479	39
12.5910957067258	34.4740129033295	39
12.6046977010665	34.4872991577517	39
12.6182957252899	34.5005999299144	39
12.6318897793961	34.5139152198177	39
12.6454798633851	34.5272450274615	39
12.6590659772569	34.5405893528459	39
12.6726481210114	34.5539481959709	39
12.6862262946487	34.5673215568365	39
12.6998004981688	34.5807094354426	39
12.7133707315717	34.5941118317893	39
12.7269369948574	34.6075287458765	39
12.7404992880258	34.6209601777043	39
12.754057611077	34.6344061272727	39
12.767611964011	34.6478665945817	39
12.7811623468278	34.6613415796312	39
12.7947087595273	34.6748310824212	39
12.8082512021097	34.6883351029519	39
12.8217896745748	34.7018536412231	39
12.8353241769227	34.7153866972349	39
12.8488547091533	34.7289342709872	39
12.8623812712668	34.7424963624801	39
12.875903863263	34.7560729717136	39
12.889422485142	34.7696640986876	39
12.9029371369038	34.7832697434022	39
12.9164478185484	34.7968899058574	39
12.9299545300757	34.8105245860531	39
12.9434572714858	34.8241737839894	39
12.9569560427787	34.8378374996663	39
12.9704508439544	34.8515157330837	39
12.9839416750129	34.8652084842417	39
12.9974285359541	34.8789157531402	39
13.0109114267781	34.8926375397794	39
13.0243903474849	34.9063738441591	39
13.0378652980745	34.9201246662793	39
13.0513362785468	34.9338900061401	39
13.064803288902	34.9476698637415	39
13.0782663291399	34.9614642390835	39
13.0917253992606	34.975273132166	39
13.105180499264	34.9890965429891	39
13.1186316291503	35.0029344715527	39
13.1320787889193	35.0167869178569	39
13.1455219785711	35.0306538819017	39
13.1589611981057	35.0445353636871	39
13.1723964475231	35.058431363213	39
13.1858277268232	35.0723418804794	39
13.1992550360061	35.0862669154865	39
13.2126783750718	35.1002064682341	39
13.2260977440203	35.1141605387223	39
13.2395131428516	35.128129126951	39
13.2529245715656	35.1421122329203	39
13.2663320301624	35.1561098566302	39
13.279735518642	35.1701219980806	39
13.2931350370044	35.1841486572716	39
13.3065305852495	35.1981898342032	39
13.3199221633775	35.2122455288753	39
13.3333097713882	35.226315741288	39
13.3466934092817	35.2404004714413	39
13.3600730770579	35.2544997193351	39
13.373448774717	35.2686134849695	39
13.3868205022588	35.2827417683444	39
13.4001882596834	35.29688456946	39
13.4135520469908	35.3110418883161	39
13.4269118641809	35.3252137249127	39
13.4402677112539	35.3394000792499	39
13.4536195882096	35.3536009513277	39
13.4669674950481	35.3678163411461	39
13.4803114317694	35.382046248705	39
13.4936513983734	35.3962906740045	39
13.5069873948603	35.4105496170445	39
13.5203194212299	35.4248230778251	39
13.5336474774823	35.4391110563463	39
13.5469715636175	35.4534135526081	39
13.5602916796354	35.4677305666104	39
13.5736078255361	35.4820620983532	39
13.5869200013197	35.4964081478367	39
13.6002282069859	35.5107687150607	39
13.613532442535	35.5251438000253	39
13.6268327079669	35.5395334027304	39
13.6401290032815	35.5539375231761	39
13.6534213284789	35.5683561613624	39
13.6667096835591	35.5827893172892	39
13.679994068522	35.5972369909566	39
13.6932744833678	35.6116991823646	39
13.7065509280963	35.6261758915131	39
13.7198234027076	35.6406671184022	39
13.7330919072017	35.6551728630319	39
13.7463564415785	35.6696931254021	39
13.7596170058382	35.6842279055129	39
13.7728735999806	35.6987772033642	39
13.7861262240058	35.7133410189562	39
13.7993748779137	35.7279193522886	39
13.8126195617045	35.7425122033617	39
13.825860275378	35.7571195721753	39
13.8390970189343	35.7717414587295	39
13.8523297923734	35.7863778630242	39
13.8655585956953	35.8010287850596	39
13.8787834288999	35.8156942248355	39
13.8920042919874	35.8303741823519	39
13.9052211849576	35.8450686576089	39
13.9184341078105	35.8597776506065	39
13.9316430605463	35.8745011613446	39
13.9448480431648	35.8892391898233	39
13.9580490556662	35.9039917360426	39
13.9712460980503	35.9187588000025	39
13.9844391703171	35.9335403817029	39
13.9976282724668	35.9483364811438	39
14.0108134044992	35.9631470983254	39
14.0239945664144	35.9779722332475	39
14.0371717582124	35.9928118859101	39
14.0503449798932	36.0076660563134	39
14.0635142314568	36.0225347444572	39
14.0766795129031	36.0374179503415	39
14.0898408242322	36.0523156739665	39
14.1029981654441	36.067227915332	39
14.1161515365387	36.082154674438	39
14.1293009375162	36.0970959512847	39
14.1424463683764	36.1120517458718	39
14.1555878291194	36.1270220581996	39
14.1687253197452	36.1420068882679	39
14.1818588402538	36.1570062360768	39
14.1949883906451	36.1720201016263	39
14.2081139709192	36.1870484849163	39
14.2212355810761	36.2020913859469	39
14.2343532211158	36.217148804718	39
14.2474668910382	36.2322207412297	39
14.2605765908435	36.247307195482	39
14.2736823205315	36.2624081674749	39
14.2867840801023	36.2775236572083	39
14.2998818695559	36.2926536646823	39
14.3129756888922	36.3077981898968	39
14.3260655381113	36.3229572328519	39
14.3391514172132	36.3381307935476	39
14.3522333261979	36.3533188719838	39
14.3653112650654	36.3685214681606	39
14.3783852338156	36.383738582078	39
14.3914552324487	36.3989702137359	39
14.4045212609645	36.4142163631344	39
14.4175833193631	36.4294770302735	39
14.4306414076444	36.4447522151531	39
14.4436955258086	36.4600419177733	39
14.4567456738555	36.4753461381341	39
14.4697918517852	36.4906648762354	39
14.4828340595976	36.5059981320773	39
14.4958722972929	36.5213459056598	39
14.5089065648709	36.5367081969828	39
14.5219368623317	36.5520850060464	39
14.5349631896753	36.5674763328506	39
14.5479855469017	36.5828821773953	39
14.5610039340109	36.5983025396806	39
14.5740183510028	36.6137374197064	39
14.5870287978775	36.6291868174728	39
14.600035274635	36.6446507329798	39
14.6130377812752	36.6601291662274	39
14.6260363177983	36.6756221172155	39
14.6390308842041	36.6911295859442	39
14.6520214804927	36.7066515724134	39
14.6650081066641	36.7221880766232	39
14.6779907627183	36.7377390985736	39
14.6909694486552	36.7533046382646	39
14.7039441644749	36.7688846956961	39
14.7169149101774	36.7844792708681	39
14.7298816857627	36.8000883637808	39
14.7428444912307	36.815711974434	39
14.7558033265816	36.8313501028278	39
14.7687581918152	36.8470027489621	39
14.7817090869316	36.862669912837	39
14.7946560119307	36.8783515944525	39
14.8075989668127	36.8940477938085	39
14.8205379515774	36.9097585109051	39
14.8334729662249	36.9254837457423	39
14.8464040107552	36.94122349832	39
14.8593310851683	36.9569777686383	39
14.8722541894641	36.9727465566971	39
14.8851733236427	36.9885298624966	39
14.8980884877042	37.0043276860366	39
14.9109996816483	37.0201400273171	39
14.9239069054753	37.0359668863382	39
14.936810159185	37.0518082630999	39
14.9497094427775	37.0676641576022	39
14.9626047562528	37.083534569845	39
14.9754960996109	37.0994194998284	39
14.9883834728518	37.1153189475523	39
15.0012668759754	37.1312329130168	39
15.0141463089818	37.1471613962219	39
15.027021771871	37.1631043971676	39
15.039893264643	37.1790619158538	39
15.0527607872977	37.1950339522806	39
15.0656243398353	37.2110205064479	39
15.0784839222556	37.2270215783558	39
15.0913395345586	37.2430371680043	39
15.1041911767445	37.2590672753933	39
15.1170388488132	37.2751119005229	39
15.1298825507646	37.2911710433931	39
15.1427222825988	37.3072447040038	39
15.1555580443158	37.3233328823551	39
15.1683898359155	37.339435578447	39
15.1812176573981	37.3555527922794	39
15.1940415087634	37.3716845238524	39
15.2068613900115	37.387830773166	39
15.2196773011423	37.4039915402201	39
15.232489242156	37.4201668250148	39
15.2452972130524	37.4363566275501	39
15.2581012138316	37.4525609478259	39
15.2709012444936	37.4687797858423	39
15.2836973050384	37.4850131415993	39
15.296489395466	37.5012610150968	39
15.3092775157763	37.5175234063349	39
15.3220616659694	37.5338003153135	39
15.3348418460453	37.5500917420327	39
15.3476180560039	37.5663976864925	39
15.3603902958454	37.5827181486929	39
15.3731585655696	37.5990531286338	39
15.3859228651766	37.6154026263153	39
15.3986831946664	37.6317666417373	39
15.4114395540389	37.6481451748999	39
15.4241919432943	37.6645382258031	39
15.4369403624324	37.6809457944468	39
15.4496848114533	37.6973678808312	39
15.462425290357	37.713804484956	39
15.4751617991434	37.7302556068215	39
15.4878943378126	37.7467212464275	39
15.5006229063647	37.763201403774	39
15.5133475047994	37.7796960788612	39
15.526068133117	37.7962052716889	39
15.5387847913174	37.8127289822571	39
15.5514974794005	37.829267210566	39
15.5642061973664	37.8458199566154	39
15.5769109452151	37.8623872204053	39
15.5896117229465	37.8789690019359	39
15.6023085305608	37.8955653012069	39
15.6150013680578	37.9121761182186	39
15.6276902354376	37.9288014529708	39
15.6403751327002	37.9454413054636	39
15.6530560598455	37.962095675697	39
15.6657330168737	37.9787645636709	39
15.6784060037846	37.9954479693854	39
15.6910750205783	38.0121458928404	39
15.7037400672548	38.0288583340361	39
15.716401143814	38.0455852929722	39
15.7290582502561	38.062326769649	39
15.7417113865809	38.0790827640663	39
15.7543605527885	38.0958532762242	39
15.7670057488788	38.1126383061226	39
15.779646974852	38.1294378537616	39
15.7922842307079	38.1462519191412	39
15.8049175164466	38.1630805022614	39
15.8175468320681	38.1799236031221	39
15.8301721775723	38.1967812217233	39
15.8427935529594	38.2136533580652	39
15.8554109582292	38.2305400121476	39
15.8680243933818	38.2474411839706	39
15.8806338584172	38.2643568735341	39
15.8932393533353	38.2812870808382	39
15.9058408781363	38.2982318058829	39
15.91843843282	38.3151910486681	39
15.9310320173865	38.3321648091939	39
15.9436216318358	38.3491530874603	39
15.9562072761678	38.3661558834672	39
15.9687889503826	38.3831731972147	39
15.9813666544803	38.4002050287027	39
15.9939403884606	38.4172513779314	39
16.0065101523238	38.4343122449005	39
16.0190759460698	38.4513876296103	39
16.0316377696985	38.4684775320606	39
16.04419562321	38.4855819522515	39
16.0567495066043	38.502700890183	39
16.0692994198813	38.519834345855	39
16.0818453630412	38.5369823192676	39
16.0943873360838	38.5541448104207	39
16.1069253390092	38.5713218193144	39
16.1194593718174	38.5885133459487	39
16.1319894345083	38.6057193903235	39
16.1445155270821	38.622939952439	39
16.1570376495386	38.6401750322949	39
16.1695558018779	38.6574246298915	39
16.1820699841	38.6746887452286	39
16.1945801962048	38.6919673783063	39
16.2070864381924	38.7092605291245	39
16.2195887100628	38.7265681976833	39
16.232087011816	38.7438903839827	39
16.244581343452	38.7612270880226	39
16.2570717049707	38.7785783098031	39
16.2695580963723	38.7959440493242	39
16.2820405176566	38.8133243065858	39
16.2945189688237	38.830719081588	39
16.3069934498735	38.8481283743308	39
16.3194639608062	38.8655521848141	39
16.3319305016216	38.882990513038	39
16.3443930723198	38.9004433590024	39
16.3568516729008	38.9179107227075	39
16.3693063033645	38.9353926041531	39
16.3817569637111	38.9528890033392	39
16.3942036539404	38.9703999202659	39
16.4066463740525	38.9879253549332	39
16.4190851240473	39.0054653073411	39
16.431519903925	39.0230197774895	39
16.4439507136854	39.0405887653785	39
16.4563775533286	39.058172271008	39
16.4688004228546	39.0757702943781	39
16.4812193222634	39.0933828354888	39
16.4936342515549	39.1110098943401	39
16.5060452107293	39.1286514709319	39
16.5184521997864	39.1463075652642	39
16.5308552187262	39.1639781773372	39
16.5432542675489	39.1816633071507	39
16.5556493462543	39.1993629547048	39
16.5680404548426	39.2170771199994	39
16.5804275933136	39.2348058030346	39
16.5928107616673	39.2525490038104	39
16.6051899599039	39.2703067223267	39
16.6175651880232	39.2880789585836	39
16.6299364460253	39.3058657125811	39
16.6423037339102	39.3236669843191	39
16.6546670516779	39.3414827737977	39
16.6670263993284	39.3593130810169	39
16.6793817768616	39.3771579059766	39
16.6917331842776	39.3950172486769	39
16.7040806215764	39.4128911091177	39
16.716424088758	39.4307794872992	39
16.7287635858223	39.4486823832211	39
16.7410991127694	39.4665997968837	39
16.7534306695993	39.4845317282868	39
16.765758256312	39.5024781774305	39
16.7780818729075	39.5204391443148	39
16.7904015193857	39.5384146289396	39
16.8027171957467	39.556404631305	39
16.8150289019905	39.5744091514109	39
16.8273366381171	39.5924281892574	39
16.8396404041265	39.6104617448445	39
16.8519402000186	39.6285098181721	39
16.8642360257935	39.6465724092403	39
16.8765278814512	39.6646495180491	39
16.8888157669917	39.6827411445985	39
16.9010996824149	39.7008472888884	39
16.9133796277209	39.7189679509189	39
16.9256556029098	39.7371031306899	39
16.9379276079813	39.7552528282015	39
16.9501956429357	39.7734170434537	39
16.9624597077729	39.7915957764464	39
16.9747198024928	39.8097890271797	39
16.9869759270955	39.8279967956536	39
16.999228081581	39.846219081868	39
17.0114762659492	39.864455885823	39
17.0237204802003	39.8827072075185	39
17.0359607243341	39.9009730469547	39
17.0481969983507	39.9192534041314	39
17.0604293022501	39.9375482790486	39
17.0726576360322	39.9558576717064	39
17.0848819996971	39.9741815821048	39
17.0971023932449	39.9925200102438	39
17.1093188166754	40.0108729561233	39
17.1215312699886	40.0292404197434	39
17.1337397531847	40.0476224011041	39
17.1459442662635	40.0660189002053	39
17.1581448092251	40.084429917047	39
17.1703413820695	40.1028554516294	39
17.1825339847967	40.1212955039523	39
17.1947226174066	40.1397500740158	39
17.2069072798993	40.1582191618198	39
17.2190879722748	40.1767027673644	39
17.2312646945331	40.1952008906496	39
17.2434374466742	40.2137135316754	39
17.255606228698	40.2322406904417	39
17.2677710406046	40.2507823669485	39
17.279931882394	40.269338561196	39
17.2920887540662	40.287909273184	39
17.3042416556212	40.3064945029125	39
17.3163905870589	40.3250942503817	39
17.3285355483794	40.3437085155914	39
17.3406765395827	40.3623372985416	39
17.3528135606688	40.3809805992325	39
17.3649466116376	40.3996384176639	39
17.3770756924892	40.4183107538358	39
17.3892008032237	40.4369976077484	39
17.4013219438408	40.4556989794014	39
17.4134391143408	40.4744148687951	39
17.4255523147235	40.4931452759293	39
17.4376615449891	40.5118902008041	39
17.4497668051374	40.5306496434195	39
17.4618680951685	40.5494236037754	39
17.4739654150823	40.5682120818719	39
17.486058764879	40.5870150777089	39
17.4981481445584	40.6058325912865	39
17.5102335541206	40.6246646226047	39
17.5223149935655	40.6435111716635	39
17.5343924628933	40.6623722384628	39
17.5464659621038	40.6812478230027	39
17.5585354911971	40.7001379252831	39
17.5706010501732	40.7190425453041	39
17.5826626390321	40.7379616830657	39
17.5947202577738	40.7568953385678	39
17.6067739063982	40.7758435118105	39
17.6188235849054	40.7948062027938	39
17.6308692932954	40.8137834115176	39
17.6429110315681	40.832775137982	39
17.6549487997237	40.851781382187	39
17.666982597762	40.8708021441325	39
17.6790124256831	40.8898374238186	39
17.691038283487	40.9088872212453	39
17.7030601711736	40.9279515364125	39
17.7150780887431	40.9470303693203	39
17.7270920361953	40.9661237199687	39
17.7391020135303	40.9852315883576	39
17.7511080207481	41.0043539744871	39
17.7631100578486	41.0234908783572	39
17.775108124832	41.0426422999678	39
17.7871022216981	41.061808239319	39
17.799092348447	41.0809886964107	39
17.8110785050786	41.100183671243	39
17.8230606915931	41.1193931638159	39
17.8350389079903	41.1386171741294	39
17.8470131542703	41.1578557021834	39
17.8589834304331	41.177108747978	39
17.8709497364787	41.1963763115131	39
17.882912072407	41.2156583927888	39
17.8948704382181	41.2349549918051	39
17.906824833912	41.254266108562	39
17.9187752594887	41.2735917430594	39
17.9307217149482	41.2929318952973	39
17.9426642002904	41.3122865652759	39
17.9546027155154	41.331655752995	39
17.9665372606232	41.3510394584547	39
17.9784678356138	41.3704376816549	39
17.9903944404871	41.3898504225957	39
18.0023170752433	41.4092776812771	39
18.0142357398822	41.428719457699	39
18.0261504344039	41.4481757518615	39
18.0380611588084	41.4676465637646	39
18.0499679130956	41.4871318934082	39
18.0618706972656	41.5066317407924	39
18.0737695113184	41.5261461059171	39
18.085664355254	41.5456749887825	39
18.0975552290724	41.5652183893884	39
18.1094421327735	41.5847763077348	39
18.1213250663574	41.6043487438218	39
18.1332040298241	41.6239356976494	39
18.1450790231736	41.6435371692176	39
18.1569500464059	41.6631531585263	39
18.1688170995209	41.6827836655756	39
18.1806801825187	41.7024286903654	39
18.1925392953993	41.7220882328959	39
18.2043944381627	41.7417622931668	39
18.2162456108089	41.7614508711784	39
18.2280928133378	41.7811539669305	39
18.2399360457495	41.8008715804232	39
18.251775308044	41.8206037116564	39
18.2636106002213	41.8403503606302	39
18.2754419222813	41.8601115273446	39
18.2872692742241	41.8798872117995	39
18.2990926560497	41.899677413995	39
18.3109120677581	41.9194821339311	39
18.3227275093493	41.9393013716078	39
18.3345389808232	41.959135127025	39
18.34634648218	41.9789834001827	39
18.3581500134195	41.998846191081	39
18.3699495745417	42.01872349972	39
18.3817451655468	42.0386153260994	39
18.3935367864346	42.0585216702194	39
18.4053244372052	42.07844253208	39
18.4171081178586	42.0983779116812	39
18.4288878283948	42.1183278090229	39
18.4406635688138	42.1382922241052	39
18.4524353391155	42.1582711569281	39
18.4642031393	42.1782646074915	39
18.4759669693673	42.1982725757955	39
18.4877268293174	42.21829506184	39
18.4994827191502	42.2383320656251	39
18.5112346388658	42.2583835871508	39
18.5229825884642	42.2784496264171	39
18.5347265679454	42.2985301834239	39
18.5464665773094	42.3186252581713	39
18.5582026165561	42.3387348506592	39
18.5699346856856	42.3588589608877	39
18.5816627846979	42.3789975888568	39
18.593386913593	42.3991507345664	39
18.6051070723709	42.4193183980167	39
18.6168232610315	42.4395005792074	39
18.6285354795749	42.4596972781388	39
18.6402437280011	42.4799084948107	39
18.6519480063101	42.5001342292231	39
18.6636483145019	42.5203744813762	39
18.6753446525764	42.5406292512698	39
18.6870370205337	42.560898538904	39
18.6987254183738	42.5811823442787	39
18.7104098460967	42.601480667394	39
18.7220903037023	42.6217935082499	39
18.7337667911907	42.6421208668463	39
18.7454393085619	42.6624627431833	39
18.7571078558159	42.6828191372608	39
18.7687724329527	42.703190049079	39
18.7804330399722	42.7235754786376	39
18.7920896768745	42.7439754259369	39
18.8037423436596	42.7643898909767	39
18.8153910403275	42.7848188737571	39
18.8270357668782	42.8052623742781	39
18.8386765233116	42.8257203925396	39
18.8503133096278	42.8461929285417	39
18.8619461258268	42.8666799822843	39
18.8735749719086	42.8871815537675	39
18.8851998478731	42.9076976429913	39
18.8968207537205	42.9282282499557	39
18.9084376894506	42.9487733746606	39
18.9200506550635	42.969333017106	39
18.9316596505591	42.9899071772921	39
18.9432646759376	43.0104958552187	39
18.9548657311988	43.0310990508859	39
18.9664628163428	43.0517167642936	39
18.9780559313696	43.0723489954419	39
18.9896450762792	43.0929957443308	39
19.0012302510715	43.1136570109602	39
19.0128114557466	43.1343327953302	39
19.0243886903045	43.1550230974408	39
19.0359619547452	43.1757279172919	39
19.0475312490687	43.1964472548836	39
19.0590965732749	43.2171811102159	39
19.0706579273639	43.2379294832887	39
19.0822153113357	43.2586923741021	39
19.0937687251903	43.2794697826561	39
19.1053181689276	43.3002617089506	39
19.1168636425477	43.3210681529857	39
19.1284051460507	43.3418891147613	39
19.1399426794363	43.3627245942776	39
19.1514762427048	43.3835745915343	39
19.1630058358561	43.4044391065317	39
19.1745314588901	43.4253181392696	39
19.1860531118069	43.4462116897481	39
19.1975707946065	43.4671197579671	39
19.2090845072888	43.4880423439268	39
19.220594249854	43.5089794476269	39
19.2321000223019	43.5299310690677	39
19.2436018246326	43.550897208249	39
19.2550996568461	43.5718778651709	39
19.2665935189423	43.5928730398333	39
19.2780834109214	43.6138827322363	39
19.2895693327832	43.6349069423799	39
19.3010512845278	43.655945670264	39
19.3125292661551	43.6769989158887	39
19.3240032776653	43.698066679254	39
19.3354733190582	43.7191489603598	39
19.3469393903339	43.7402457592062	39
19.3584014914924	43.7613570757932	39
19.3698596225337	43.7824829101207	39
19.3813137834577	43.8036232621888	39
19.3927639742645	43.8247781319975	39
19.4042101949541	43.8459475195467	39
19.4156524455265	43.8671314248365	39
19.4270907259817	43.8883298478669	39
19.4385250363196	43.9095427886378	39
19.4499553765404	43.9307702471493	39
19.4613817466438	43.9520122234013	39
19.4728041466301	43.9732687173939	39
19.4842225764992	43.9945397291271	39
19.495637036251	44.0158252586009	39
19.5070475258856	44.0371253058152	39
19.518454045403	44.0584398707701	39
19.5298565948032	44.0797689534655	39
19.5412551740861	44.1011125539016	39
19.5526497832519	44.1224706720781	39
19.5640404223004	44.1438433079953	39
19.5754270912317	44.165230461653	39
19.5868097900457	44.1866321330513	39
19.5981885187426	44.2080483221901	39
19.6095632773222	44.2294790290695	39
19.6209340657846	44.2509242536895	39
19.6323008841298	44.27238399605	39
19.6436637323577	44.2938582561511	39
19.6550226104685	44.3153470339928	39
19.666377518462	44.336850329575	39
19.6777284563383	44.3583681428978	39
19.6890754240974	44.3799004739612	39
19.7004184217392	44.4014473227651	39
19.7117574492639	44.4230086893096	39
19.7230925066713	44.4445845735947	39
19.7344235939615	44.4661749756203	39
19.7457507111344	44.4877798953865	39
19.7570738581902	44.5093993328933	39
19.7683930351287	44.5310332881406	39
19.77970824195	44.5526817611285	39
19.7910194786541	44.5743447518569	39
19.802326745241	44.596022260326	39
19.8136300417106	44.6177142865355	39
19.824929368063	44.6394208304857	39
19.8362247242983	44.6611418921764	39
19.8475161104162	44.6828774716077	39
19.858803526417	44.7046275687795	39
19.8700869723005	44.726392183692	39
19.8813664480668	44.7481713163449	39
19.8926419537159	44.7699649667385	39
19.9039134892478	44.7917731348726	39
19.9151810546625	44.8135958207473	39
19.9264446499599	44.8354330243625	39
19.9377042751401	44.8572847457183	39
19.9489599302031	44.8791509848147	39
19.9602116151489	44.9010317416516	39
19.9714593299774	44.9229270162291	39
19.9827030746888	44.9448368085472	39
19.9939428492829	44.9667611186058	39
20.0051786537598	44.988699946405	39
20.0164104881194	45.0106532919448	39
20.0276383523619	45.0326211552251	39
20.0388622464871	45.054603536246	39
20.0500821704951	45.0766004350075	39
20.0612981243859	45.0986118515095	39
20.0725101081594	45.1206377857521	39
20.0837181218158	45.1426782377353	39
20.0949221653549	45.164733207459	39
20.1061222387768	45.1868026949233	39
20.1173183420815	45.2088867001281	39
20.1285104752689	45.2309852230735	39
20.1396986383391	45.2530982637595	39
20.1508828312922	45.2752258221861	39
20.1620630541279	45.2973678983532	39
20.1732393068465	45.3195244922609	39
20.1844115894479	45.3416956039091	39
20.195579901932	45.3638812332979	39
20.2067442442989	45.3860813804273	39
20.2179046165486	45.4082960452973	39
20.229061018681	45.4305252279078	39
20.2402134506963	45.4527689282588	39
20.2513619125943	45.4750271463505	39
20.2625064043751	45.4972998821827	39
20.2736469260387	45.5195871357555	39
20.2847834775851	45.5418889070688	39
20.2959160590142	45.5642051961227	39
20.3070446703261	45.5865360029172	39
20.3181693115208	45.6088813274522	39
20.3292899825983	45.6312411697278	39
20.3404066835585	45.653615529744	39
20.3515194144016	45.6760044075007	39
20.3626281751274	45.698407802998	39
20.373732965736	45.7208257162359	39
20.3848337862273	45.7432581472143	39
20.3959306366015	45.7657050959333	39
20.4070235168584	45.7881665623928	39
20.4181124269981	45.810642546593	39
20.4291973670206	45.8331330485337	39
20.4402783369259	45.8556380682149	39
20.4513553367139	45.8781576056367	39
20.4624283663847	45.9006916607991	39
20.4734974259383	45.9232402337021	39
20.4845625153747	45.9458033243456	39
20.4956236346939	45.9683809327297	39
20.5066807838958	45.9909730588543	39
20.5177339629805	46.0135797027195	39
20.528783171948	46.0362008643253	39
20.5398284107983	46.0588365436716	39
20.5508696795314	46.0814867407585	39
20.5619069781472	46.104151455586	39
20.5729403066458	46.1268306881541	39
20.5839696650272	46.1495244384627	39
20.5949950532914	46.1722327065118	39
20.6060164714383	46.1949554923016	39
20.617033919468	46.2176927958319	39
20.6280473973805	46.2404446171028	39
20.6390569051758	46.2632109561142	39
20.6500624428539	46.2859918128662	39
20.6610640104147	46.3087871873588	39
20.6720616078583	46.3315970795919	39
20.6830552351847	46.3544214895656	39
20.6940448923939	46.3772604172798	39
20.7050305794859	46.4001138627347	39
20.7160122964606	46.4229818259301	39
20.7269900433181	46.445864306866	39
20.7379638200584	46.4687613055425	39
20.7489336266815	46.4916728219596	39
20.7598994631874	46.5145988561173	39
20.770861329576	46.5375394080155	39
20.7818192258474	46.5604944776543	39
20.7927731520016	46.5834640650336	39
20.8037231080386	46.6064481701536	39
20.8146690939583	46.629446793014	39
20.8256111097608	46.6524599336151	39
20.8365491554461	46.6754875919567	39
20.8474832310142	46.6985297680389	39
20.8584133364651	46.7215864618616	39
20.8693394717987	46.7446576734249	39
20.8802616370151	46.7677434027288	39
20.8911798321143	46.7908436497732	39
20.9020940570963	46.8139584145582	39
20.9130043119611	46.8370876970838	39
20.9239105967086	46.86023149735	39
20.9348129113389	46.8833898153567	39
20.945711255852	46.9065626511039	39
20.9566056302479	46.9297500045918	39
20.9674960345266	46.9529518758201	39
20.978382468688	46.9761682647891	39
20.9892649327322	46.9993991714986	39
21.0001434266592	47.0226445959487	39
21.011017950469	47.0459045381394	39
21.0218885041615	47.0691789980706	39
21.0327550877368	47.0924679757424	39
21.0436177011949	47.1157714711548	39
21.0544763445358	47.1390894843077	39
21.0653310177595	47.1624220152012	39
21.0761817208659	47.1857690638352	39
21.0870284538551	47.2091306302099	39
21.0978712167271	47.232506714325	39
21.1087100094819	47.2558973161808	39
21.1195448321195	47.2793024357771	39
21.1303756846398	47.302722073114	39
21.1412025670429	47.3261562281914	39
21.1520254793288	47.3496049010094	39
21.1628444214975	47.373068091568	39
21.1736593935489	47.3965457998672	39
21.1844703954832	47.4200380259069	39
21.1952774273002	47.4435447696872	39
21.206080489	47.467066031208	39
21.2168795805825	47.4906018104694	39
21.2276747020479	47.5141521074714	39
21.238465853396	47.5377169222139	39
21.2492530346269	47.561296254697	39
21.2600362457406	47.5848901049207	39
21.2708154867371	47.6084984728849	39
21.2815907576163	47.6321213585897	39
21.2923620583783	47.6557587620351	39
21.3031293890231	47.679410683221	39
21.3138927495507	47.7030771221475	39
21.3246521399611	47.7267580788146	39
21.3354075602542	47.7504535532222	39
21.3461590104301	47.7741635453704	39
21.3569064904888	47.7978880552591	39
21.3676500004303	47.8216270828884	39
21.3783895402545	47.8453806282583	39
21.3891251099616	47.8691486913688	39
21.3998567095514	47.8929312722198	39
21.410584339024	47.9167283708114	39
21.4213079983793	47.9405399871435	39
21.4320276876175	47.9643661212163	39
21.4427434067384	47.9882067730295	39
21.4534551557421	48.0120619425834	39
21.4641629346286	48.0359316298778	39
21.4748667433978	48.0598158349128	39
21.4855665820499	48.0837145576883	39
21.4962624505847	48.1076277982044	39
21.5069543490023	48.1315555564611	39
21.5176422773027	48.1554978324583	39
21.5283262354858	48.1794546261961	39
21.5390062235518	48.2034259376745	39
21.5496822415005	48.2274117668935	39
21.560354289332	48.251412113853	39
21.5710223670463	48.275426978553	39
21.5816864746433	48.2994563609936	39
21.5923466121231	48.3235002611748	39
21.6030027794857	48.3475586790966	39
21.6136549767311	48.3716316147589	39
21.6243032038593	48.3957190681618	39
21.6349474608702	48.4198210393053	39
21.645587747764	48.4439375281893	39
21.6562240645405	48.4680685348139	39
21.6668564111998	48.4922140591791	39
21.6774847877418	48.5163741012848	39
21.6881091941667	48.5405486611311	39
21.6987296304743	48.5647377387179	39
21.7093460966647	48.5889413340453	39
21.7199585927378	48.6131594471133	39
21.7305671186938	48.6373920779219	39
21.7411716745325	48.661639226471	39
21.7517722602541	48.6859008927607	39
21.7623688758583	48.7101770767909	39
21.7729615213454	48.7344677785617	39
21.7835501967153	48.7587729980731	39
21.7941349019679	48.7830927353251	39
21.8047156371033	48.8074269903176	39
21.8152924021215	48.8317757630506	39
21.8258651970225	48.8561390535243	39
21.8364340218062	48.8805168617385	39
21.8469988764727	48.9049091876932	39
21.857559761022	48.9293160313886	39
21.8681166754541	48.9537373928245	39
21.878669619769	48.9781732720009	39
21.8892185939666	49.002623668918	39
21.899763598047	49.0270885835756	39
21.9103046320102	49.0515680159737	39
21.9208416958562	49.0760619661125	39
21.931374789585	49.1005704339918	39
21.9419039131965	49.1250934196116	39
21.9524290666908	49.1496309229721	39
21.9629502500679	49.174182944073	39
21.9734674633278	49.1987494829146	39
21.9839807064704	49.2233305394967	39
21.9944899794958	49.2479261138194	39
22.0049952824041	49.2725362058827	39
22.015496615195	49.2971608156865	39
22.0259939778688	49.3217999432309	39
22.0364873704254	49.3464535885158	39
22.0469767928647	49.3711217515413	39
22.0574622451868	49.3958044323074	39
22.0679437273917	49.420501630814	39
22.0784212394793	49.4452133470613	39
22.0888947814498	49.469939581049	39
22.099364353303	49.4946803327774	39
22.109829955039	49.5194356022463	39
22.1202915866577	49.5442053894558	39
22.1307492481593	49.5689896944058	39
22.1412029395436	49.5937885170964	39
22.1516526608108	49.6186018575276	39
22.1620984119606	49.6434297156993	39
22.1725401929933	49.6682720916116	39
22.1829780039088	49.6931289852645	39
22.193411844707	49.7180003966579	39
22.203841715388	49.7428863257919	39
22.2142676159518	49.7677867726665	39
22.2185920246729	49.7778961572761	39
22.2230746912143	49.7879363698561	39
22.2277145095452	49.7979049331341	39
22.2325103348597	49.8077993875165	39
22.2374609838598	49.8176172916946	39
22.2425652350469	49.8273562232475	39
22.2478218290233	49.8370137792396	39
22.2532294688033	49.8465875768133	39
22.2587868201324	49.8560752537775	39
22.2644925118176	49.8654744691898	39
22.2703451360647	49.8747829039344	39
22.2763432488263	49.8839982612944	39
22.2824853701578	49.8931182675181	39
22.2887699845827	49.9021406723807	39
22.2951955414664	49.9110632497385	39
22.3017604553988	49.9198837980793	39
22.3084631065858	49.9286001410646	39
22.3153018412484	49.9372101280674	39
22.3222749720312	49.945711634702	39
22.3293807784185	49.954102563349	39
22.3366175071589	49.9623808436722	39
22.3439833726979	49.97054443313	39
22.3514765576183	49.9785913174787	39
22.3590952130889	49.98651951127	39
22.3668374593205	49.9943270583407	39
22.3747013860297	50.0020120322955	39
22.3826850529102	50.009572536982	39
22.3907864901116	50.0170067069587	39
22.3990036987257	50.0243127079556	39
22.407334651279	50.0314887373261	39
22.4157772922338	50.0385330244924	39
22.4243295384946	50.0454438313821	39
22.4329892799228	50.0522194528569	39
22.4417543798566	50.0588582171337	39
22.4506226756389	50.0653584861967	39
22.4595919791503	50.0717186562017	39
22.4686600773494	50.077937157872	39
22.4778247328187	50.0840124568854	39
22.4870836843165	50.0899430542527	39
22.4964346473352	50.0957274866878	39
22.5058753146645	50.1013643269685	39
22.515403356961	50.1068521842889	39
22.5250164233229	50.1121897046021	39
22.5347121418698	50.1173755709551	39
22.5444881203284	50.1224085038128	39
22.5543419466222	50.1272872613744	39
22.564271189467	50.1320106398794	39
22.5742733989707	50.136577473905	39
22.5843461072377	50.140986636653	39
22.5944868289782	50.1452370402287	39
22.6046930621206	50.1493276359084	39
22.6149622884297	50.153257414399	39
22.6252919741275	50.1570254060864	39
22.6356795705187	50.1606306812751	39
22.6461225146194	50.1640723504172	39
22.6566182297892	50.1673495643325	39
22.6671641263675	50.1704615144175	39
22.6777576023122	50.173407432845	39
22.6883960438416	50.1761865927538	39
22.6990768260794	50.1787983084277	39
22.7097973137024	50.181241935465	39
22.7205548615908	50.1835168709372	39
22.7313468154804	50.1856225535381	39
22.7421705126183	50.1875584637221	39
22.7530232824191	50.1893241238321	39
22.7639024471242	50.1909190982181	39
22.7748053224625	50.192342993344	39
22.7857292183127	50.1935954578848	39
22.796671439367	50.1946761828139	39
22.807629285796	50.1955849014784	39
22.8186000539151	50.1963213896656	39
22.8295810368514	50.1968854656581	39
22.8405695252116	50.1972769902785	39
22.8515628077508	50.1974958669241	39
22.862558172041	50.1975420415903	39
22.8735529051404	50.1974155028841	39
22.8845442942634	50.1971162820272	39
22.8955296274489	50.1966444528477	39
22.9065061942306	50.1960001317626	39
22.9174712863047	50.1951834777483	39
22.9284221981988	50.194194692302	39
22.9393562279394	50.1930340193917	39
22.9502706777182	50.1917017453961	39
22.961162854558	50.1901981990339	39
22.9720300709772	50.1885237512827	39
22.9828696456527	50.1866788152873	39
22.9936789040816	50.1846638462582	39
23.0044551792413	50.1824793413587	39
23.015195812247	50.1801258395828	39
23.0258981530083	50.1776039216219	39
23.0365595608827	50.1749142097213	39
23.0471774053274	50.1720573675274	39
23.0577490665481	50.1690340999232	39
23.0682719361457	50.1658451528546	39
23.0787434177594	50.1624913131468	39
23.0891609277079	50.1589734083094	39
23.0995218956265	50.1552923063328	39
23.1098237651015	50.1514489154739	39
23.1200639943005	50.1474441840319	39
23.1302400566004	50.1432791001142	39
23.1403494412101	50.1389546913931	39
23.15038965379	50.1344720248517	39
23.1603582170681	50.1298322065208	39
23.1702526714505	50.1250363812063	39
23.1800705756286	50.1200857322062	39
23.1898095071815	50.1149814810191	39
23.1994670631736	50.1097248870427	39
23.2090408607473	50.1043172472628	39
23.2185285377115	50.0987598959336	39
23.2279277531238	50.0930542042484	39
23.2372361878684	50.0872015800013	39
23.2464515452283	50.0812034672397	39
23.2555715514521	50.0750613459082	39
23.2645939563146	50.0687767314833	39
23.2735165336725	50.0623511745996	39
23.2823370820133	50.0557862606672	39
23.2910534249986	50.0490836094802	39
23.2996634120013	50.0422448748176	39
23.308164918636	50.0352717440348	39
23.316555847283	50.0281659376475	39
23.3248341276062	50.0209292089071	39
23.332997717064	50.0135633433681	39
23.3410446014127	50.0060701584477	39
23.348972795204	49.9984515029771	39
23.3567803422747	49.9907092567455	39
23.3644653162295	49.9828453300363	39
23.3720258209159	49.9748616631558	39
23.3794599908927	49.9667602259544	39
23.3867659918896	49.9585430173403	39
23.3939420212601	49.950212064787	39
23.4009863084264	49.9417694238322	39
23.4078971153161	49.9332171775714	39
23.4146727367909	49.9245574361432	39
23.4213115010677	49.9157923362094	39
23.4278117701307	49.9069240404272	39
23.4341719401357	49.8979547369158	39
23.440390441806	49.8888866387166	39
23.4464657408194	49.8797219832474	39
23.4523963381867	49.8704630317495	39
23.4581807706218	49.8611120687308	39
23.4638176109025	49.8516714014015	39
23.4693054682228	49.842143359105	39
23.4746429885361	49.8325302927431	39
23.4798288548891	49.8228345741962	39
23.4848617877468	49.8130585957376	39
23.4897405453084	49.8032047694438	39
23.4944639238134	49.793275526599	39
23.4990307578389	49.7832733170954	39
23.503439920587	49.7732006088283	39
23.5076903241627	49.7630598870878	39
23.5117809198424	49.7528536539454	39
23.515710698333	49.7425844276363	39
23.5194786900204	49.7322547419385	39
23.523083965209	49.7218671455473	39
23.5265256343512	49.7114242014466	39
23.5298028482665	49.7009284862768	39
23.5329147983515	49.6903825896985	39
23.535860716779	49.6797891137538	39
23.5386398766878	49.6691506722244	39
23.5412515923617	49.6584698899866	39
23.543695219399	49.6477494023636	39
23.5459701548712	49.6369918544753	39
23.5480758374721	49.6261999005856	39
23.5500117476561	49.6153762034477	39
23.5517774077661	49.6045234336469	39
23.5533723821521	49.5936442689418	39
23.5547962772779	49.5827413936035	39
23.5560487418188	49.5718174977533	39
23.5571294667479	49.560875276699	39
23.5580381854123	49.54991743027	39
23.5587746735996	49.5389466621509	39
23.559338749592	49.5279656792147	39
23.5597302742125	49.5169771908544	39
23.5599491508581	49.5059839083152	39
23.5599953255243	49.494988544025	39
23.5598687868181	49.4839938109256	39
23.5595695659612	49.4730024218026	39
23.5590977367817	49.4620170886171	39
23.5584534156966	49.4510405218354	39
23.5576367616822	49.4400754297613	39
23.5566479762359	49.4291245178672	39
23.5554873033257	49.4181904881266	39
23.5541550293301	49.4072760383478	39
23.5526514829679	49.396383861508	39
23.5509770352167	49.3855166450889	39
23.5491320992213	49.3746770704134	39
23.5471171301922	49.3638678119844	39
23.5449326252927	49.3530915368247	39
23.5425791235168	49.342350903819	39
23.5400572055559	49.3316485630577	39
23.5373674936553	49.3209871551833	39
23.5345106514614	49.3103693107386	39
23.5314873838572	49.2997976495179	39
23.5282984367886	49.2892747799203	39
23.5249445970808	49.2788032983066	39
23.5214266922434	49.2683857883581	39
23.5177455902668	49.2580248204395	39
23.5139021994079	49.2477229509645	39
23.5098974679659	49.2374827217655	39
23.5057795400005	49.2274193651429	39
23.4545906677029	49.1050450559221	39
23.4034930624683	48.9828895094235	39
23.3524892402305	48.8609587321947	39
23.3015816967797	48.7392586826705	39
23.2507729077622	48.6177952711721	39
23.2000653286804	48.4965743599074	39
23.1494613948928	48.375601762971	39
23.0989635216139	48.2548832463443	39
23.0485741039145	48.1344245278953	39
22.9982955167215	48.0142312773787	39
22.9481301148177	47.8943091164357	39
22.8980802328423	47.7746636185944	39
22.8481481852904	47.6553003092697	39
22.7983362665133	47.5362246657629	39
22.7486467507183	47.4174421172621	39
22.6990818919691	47.2989580448421	39
22.6496439241852	47.1807777814644	39
22.6003350611425	47.0629066119771	39
22.5511574964726	46.9453497731151	39
22.5021134036636	46.8281124534999	39
22.4532049360597	46.7111997936397	39
22.4044342268609	46.5946168859294	39
22.3558033891236	46.4783687746505	39
22.3073145157602	46.3624604559715	39
22.2589696795393	46.2468968779472	39
22.2107709330854	46.1316829405191	39
22.1627203088795	46.0168234955158	39
22.1148198192582	45.902323346652	39
22.0670714564147	45.7881872495297	39
22.0194771923981	45.674419911637	39
21.9720389791135	45.5610259923491	39
21.9247587483223	45.4480101029278	39
21.8776384116419	45.3353768065214	39
21.8306798605459	45.223130618165	39
21.783884966364	45.1112760047804	39
21.7372555802819	44.9998173851762	39
21.6907935333415	44.8887591300475	39
21.644500636441	44.7781055619761	39
21.5983786803343	44.6678609554307	39
21.5524294356317	44.5580295367662	39
21.5066546527997	44.4486154842248	39
21.4610560621605	44.339622927935	39
21.4156353738929	44.231055949912	39
21.3703942780315	44.1229185840578	39
21.3253344444672	44.0152148161611	39
21.2804575229468	43.9079485838971	39
21.2357651430734	43.8011237768279	39
21.1912589143061	43.6947442364023	39
21.1469404259603	43.5888137559554	39
21.1028112472072	43.4833360807095	39
21.0588729270743	43.3783149077733	39
21.0151269944454	43.2737538861421	39
20.97157495806	43.1696566166982	39
20.928218306514	43.0660266522103	39
20.8850585082594	42.9628674973339	39
20.8420970116042	42.8601826086112	39
20.7993352447126	42.757975394471	39
20.7567746156049	42.6562492152289	39
20.7144165121574	42.5550073830871	39
20.6722623021027	42.4542531621345	39
20.6303133330294	42.3539897683467	39
20.5885709323823	42.254220369586	39
20.5470364074621	42.1549480856013	39
20.5057110454259	42.0561759880283	39
20.4645961132868	41.9579071003894	39
20.4236928579139	41.8601443980935	39
20.3830025060325	41.7628908084363	39
20.3425262642241	41.6661492106003	39
20.3022653189262	41.5699224356544	39
20.2622208364324	41.4742132665546	39
20.2223939628925	41.3790244381431	39
20.1827858243124	41.2843586371491	39
20.143397526554	41.1902185021885	39
20.1042301553356	41.0966066237636	39
20.0652847762312	41.0035255442638	39
20.0265624346712	40.9109777579649	39
19.9880641559421	40.8189657110293	39
19.9497909451863	40.7274918015064	39
19.9117437874027	40.6365583793321	39
19.8739236474459	40.5461677463289	39
19.8363314700269	40.4563221562062	39
19.7989681797126	40.3670238145598	39
19.7618346809262	40.2782748788725	39
19.724931857947	40.1900774585137	39
19.6882605749102	40.1024336147393	39
19.6518216758074	40.015345360692	39
19.6156159844861	39.9288146614012	39
19.57964430465	39.8428434337831	39
19.5439074198589	39.7574335466403	39
19.5084060935288	39.6725868206624	39
19.4731410689316	39.5883050284254	39
19.4381130691955	39.5045898943921	39
19.4033227973049	39.4214430949121	39
19.3687709360999	39.3388662582216	39
19.3344581482772	39.2568609644434	39
19.3003850763893	39.1754287455871	39
19.266552342845	39.0945710855489	39
19.232960549909	39.0142894201117	39
19.1996102797024	38.9345851369452	39
19.1665020942021	38.8554595756056	39
19.1336365352414	38.7769140275359	39
19.1010141245095	38.6989497360658	39
19.0686353635518	38.6215678964116	39
19.0365007337698	38.5447696556764	39
19.0046106964212	38.4685561128499	39
18.9729656926196	38.3929283188084	39
18.941566143335	38.317887276315	39
18.9104124493932	38.2434339400196	39
18.8795049914765	38.1695692164585	39
18.8488441301229	38.096293964055	39
18.8184302057267	38.0236089931188	39
18.7882635385385	37.9515150658464	39
18.7583444286646	37.8800128963211	39
18.7286731560678	37.8091031505127	39
18.6992499805668	37.7387864462777	39
18.6700751418365	37.6690633533595	39
18.6411488594079	37.5999343933879	39
18.612471332668	37.5314000398796	39
18.5840427408602	37.4634607182379	39
18.5558632430836	37.3961168057526	39
18.5279329782938	37.3293686316006	39
18.5002520653022	37.2632164768452	39
18.4728206027767	37.1976605744364	39
18.4456386692408	37.1327011092109	39
18.4187063230747	37.0683382178921	39
18.3920236025141	37.0045719890901	39
18.3655905256514	36.9414024633018	39
18.3394070904346	36.8788296329105	39
18.3134732746682	36.8168534421864	39
18.2877890360126	36.7554737872863	39
18.2623543119844	36.6946905162539	39
18.2371690199562	36.6345034290191	39
18.2122330571569	36.574912277399	39
18.1875463006715	36.515916765097	39
18.1631086074408	36.4575165477036	39
18.1389198142621	36.3997112326955	39
18.1149797377887	36.3425003794364	39
18.0912881745298	36.2858834991766	39
18.067844900851	36.2298600550532	39
18.0446496729739	36.1744294620897	39
18.0217022269761	36.1195910871966	39
17.9990022787916	36.0653442491708	39
17.9765495242102	36.0116882186962	39
17.954343638878	35.9586222183431	39
17.9323842782972	35.9061454225687	39
17.910671077826	35.8542569577166	39
17.8892036526788	35.8029559020174	39
17.8679815979262	35.7522412855883	39
17.8470044884947	35.702112090433	39
17.8262718791672	35.6525672504421	39
17.8057833045824	35.6036056513928	39
17.7855382792352	35.555226130949	39
17.7655362974769	35.5074274786612	39
17.7457768335145	35.4602084359668	39
17.7262593414113	35.4135676961896	39
17.7069832550869	35.3675039045403	39
17.6879479883166	35.3220156581162	39
17.6691529347322	35.2771015059013	39
17.6505974678213	35.2327599487663	39
17.632280940928	35.1889894394685	39
17.6142026872521	35.1457883826521	39
17.5963620198497	35.1031551348476	39
17.5787582316331	35.0610880044727	39
17.5613905953706	35.0195852518313	39
17.5442583636866	34.9786450891142	39
17.5273607690616	34.938265680399	39
17.5106970238324	34.8984451416497	39
17.4942663201917	34.8591815407173	39
17.4780678301884	34.8204728973393	39
17.4621007057275	34.7823171831398	39
17.4463640785701	34.7447123216298	39
17.4308570603334	34.7076561882068	39
17.4155787424909	34.6711466101551	39
17.4005281963719	34.6351813666457	39
17.385704473162	34.5997581887362	39
17.3711066039029	34.564874759371	39
17.3567335994925	34.5305287133809	39
17.3425844506845	34.4967176374838	39
17.3286581280891	34.4634390702839	39
17.3149535821725	34.4306905022724	39
17.3014697432567	34.398469375827	39
17.2882055215203	34.3667730852121	39
17.2751598069976	34.3355989765789	39
17.2623314695794	34.304944347965	39
17.2497193590122	34.2748064492951	39
17.237322304899	34.2451824823802	39
17.2251391166986	34.2160696009183	39
17.2131685837261	34.1874649104938	39
17.2014094751527	34.159365468578	39
17.1898605400056	34.1317682845287	39
17.1785205071682	34.1046703195907	39
17.1673880853801	34.0780684868951	39
17.1564619632368	34.0519596514598	39
17.1457408091901	34.0263406301897	39
17.1352232715478	34.0012081918758	39
17.1249079784739	33.9765590571964	39
17.1147935379884	33.9523898987161	39
17.1048785379676	33.9286973408862	39
17.0951615461437	33.9054779600448	39
17.0856411101051	33.8827282844167	39
17.0763157572964	33.8604447941133	39
17.0671839950182	33.8386239211328	39
17.0582443104273	33.8172620493598	39
17.0494951705365	33.796355514566	39
17.0409350222148	33.7759006044095	39
17.0325622921873	33.7558935584351	39
17.0243753870352	33.7363305680744	39
17.0163726931959	33.7172077766456	39
17.0085525769626	33.6985212793537	39
17.0009133844851	33.6802671232901	39
16.993453441769	33.6624413074333	39
16.986171054676	33.6450397826481	39
16.979064508924	33.6280584516863	39
16.972132070087	33.6114931691861	39
16.9653719835952	33.5953397416726	39
16.9587824747348	33.5795939275574	39
16.952361748648	33.564251437139	39
16.9461079903335	33.5493079326024	39
16.9400193646457	33.5347590280194	39
16.9340940162953	33.5206002893485	39
16.9283300698491	33.5068272344347	39
16.9227256297301	33.4934353330098	39
16.9172787802172	33.4804200066925	39
16.9119875854456	33.4677766289877	39
16.9068500894065	33.4555005252875	39
16.9018643159474	33.4435869728703	39
16.8970282687716	33.4320312009014	39
16.8923399314388	33.4208283904327	39
16.8877972673647	33.4099736744028	39
16.8833982198211	33.399462137637	39
16.8791407119359	33.3892888168472	39
16.8750226466932	33.3794487006322	39
16.8710419069331	33.3699367294773	39
16.8634838345021	33.3518767437223	39
16.8564491544864	33.3350674211988	39
16.8499202044273	33.3194665537101	39
16.8438789995641	33.3050311632466	39
16.8383072328337	33.2917175019854	39
16.8331862748709	33.2794810522909	39
16.8284971740085	33.2682765267142	39
16.8242206562768	33.2580578679935	39
16.820337125404	33.2487782490539	39
16.8152050194456	33.2365151915457	39
16.8108436566898	33.2260938129764	39
16.806105843262	33.2147729165363	39
16.8016745426974	33.2041844260136	39
16.7976746302203	33.1946267273794	39
16.7937661877725	33.1852875942715	39
16.7898412053033	33.1759468653704	39
16.7857074884673	33.1662475995793	39
16.7812313862691	33.1558885177895	39
16.776790953928	33.1457355240655	39
16.7722377723208	33.1354347083501	39
16.767870699765	33.1256474663754	39
16.7629456274651	33.1147073004531	39
16.7585802046198	33.1050892355465	39
16.7538171234685	33.0946729166488	39
16.7486382691018	33.0834329046093	39
16.7430254671803	33.0713446094455	39
16.7385201211388	33.0617073887618	39
16.7337527100118	33.0515699350042	39
16.7287155006857	33.0409228146612	39
16.7234007412432	33.0297568629033	39
16.7178006609628	33.0180631835831	39
16.7119074703189	33.0058331492352	39
16.7057133609822	32.9930584010764	39
16.699210505819	32.9797308490057	39
16.6946998698212	32.9705348275214	39
16.6900461973946	32.9610873825787	39
16.6852471554595	32.9513863161343	39
16.680300407222	32.941429483218	39
16.6752036121739	32.9312147919326	39
16.6699544260924	32.9207402034539	39
16.6645505010405	32.9100037320307	39
16.6589894853668	32.8990034449847	39
16.6532690237055	32.8877374627108	39
16.6473867569765	32.8762039586769	39
16.6413403223852	32.8644011594236	39
16.6351273534227	32.8523273445649	39
16.6287454798657	32.8399808467876	39
16.6221923277767	32.8273600518515	39
16.6154655195035	32.8144633985895	39
16.6085626736798	32.8012893789073	39
16.6014814052249	32.7878365377839	39
16.5942193253436	32.7741034732712	39
16.5867740415264	32.760088836494	39
16.5791431575495	32.7457913316501	39
16.5713242734745	32.7312097160104	39
16.5633149856489	32.7163427999189	39
16.5551128867057	32.7011894467924	39
16.5467155655635	32.6857485731209	39
16.5381206074266	32.6700191484671	39
16.5293255937849	32.6540001954671	39
16.520328102414	32.6376907898297	39
16.5111257073749	32.6210900603369	39
16.5017159790145	32.6041971888436	39
16.4920964839651	32.5870114102776	39
16.4822647851448	32.5695320126401	39
16.4772685967169	32.5606819986819	39
16.4722184417573	32.5517583370048	39
16.4671140145864	32.5427609535358	39
16.4619550092919	32.5336897775188	39
16.4567411197298	32.5245447415148	39
16.4514720395235	32.515325781402	39
16.4461474620647	32.5060328363754	39
16.4407670805127	32.4966658489473	39
16.4353305877946	32.487224764947	39
16.4298376766056	32.4777095335208	39
16.4242880394084	32.4681201071321	39
16.418681368434	32.4584564415614	39
16.4130173556808	32.4487184959061	39
16.4072956929154	32.438906232581	39
16.401516071672	32.4290196173176	39
16.3956781832529	32.4190586191647	39
16.3897817187279	32.4090232104881	39
16.3838263689351	32.3989133669705	39
16.37781182448	32.388729067612	39
16.3717377757363	32.3784702947294	39
16.3656039128455	32.3681370339568	39
16.3594099257167	32.3577292742452	39
16.353155504027	32.347247007863	39
16.3468403372216	32.3366902303952	39
16.3404641145131	32.3260589407441	39
16.3340265248823	32.3153531411292	39
16.3275272570777	32.3045728370868	39
16.3209659996157	32.2937180374703	39
16.3143424407805	32.2827887544504	39
16.3076562686242	32.2717850035145	39
16.3009071709667	32.2607068034675	39
16.2940948353959	32.2495541764309	39
16.2872189492673	32.2383271478436	39
16.2802791997045	32.2270257464615	39
16.2732752735989	32.2156500043574	39
16.2662068576095	32.2041999569213	39
16.2590736381635	32.1926756428602	39
16.2518753014557	32.1810771041983	39
16.244611533449	32.1694043862768	39
16.2372820198738	32.1576575377537	39
16.2298864462287	32.1458366106045	39
16.22242449778	32.1339416601216	39
16.2148958595619	32.1219727449141	39
16.2073002163762	32.1099299269088	39
16.199637252793	32.0978132713491	39
16.1919066531499	32.0856228467956	39
16.1841081015525	32.073358725126	39
16.1762412818742	32.061020981535	39
16.1683058777563	32.0486096945344	39
16.1603015726079	32.0361249459531	39
16.1522280496059	32.0235668209369	39
16.1440849916952	32.010935407949	39
16.1358720815885	31.9982307987692	39
16.1275890017663	31.9854530884947	39
16.119235434477	31.9726023755397	39
16.1108110617368	31.9596787616355	39
16.1023155653298	31.9466823518302	39
16.093748626808	31.9336132544893	39
16.085109927491	31.9204715812952	39
16.0763991484666	31.9072574472473	39
16.0676159705903	31.8939709706623	39
16.0587600744854	31.8806122731737	39
16.049831140543	31.8671814797322	39
16.0408288489223	31.8536787186055	39
16.0317528795501	31.8401041213784	39
16.0226029121212	31.8264578229528	39
16.0133786260982	31.8127399615477	39
16.0040797007115	31.7989506786989	39
15.9947058149595	31.7850901192596	39
15.9852566476083	31.7711584313999	39
15.9757318771919	31.7571557666069	39
15.9661311820121	31.7430822796848	39
15.9564542401388	31.728938128755	39
15.9467007294094	31.7147234752559	39
15.9368703274293	31.7004384839428	39
15.9269627115719	31.6860833228883	39
15.9169775589782	31.6716581634819	39
15.9069145465573	31.6571631804302	39
15.8967733509859	31.6425985517569	39
15.8865536487088	31.6279644588028	39
15.8762551159383	31.6132610862256	39
15.865877428655	31.5984886220002	39
15.8554202626071	31.5836472574185	39
15.8448832933106	31.5687371870896	39
15.8342661960495	31.5537586089395	39
15.8235686458755	31.5387117242112	39
15.8127903176083	31.5235967374651	39
15.8019308858354	31.5084138565783	39
15.7909900249122	31.4931632927451	39
15.7799674089617	31.4778452604769	39
15.7688627118752	31.4624599776021	39
15.7576756073113	31.4470076652663	39
15.746405768697	31.431488547932	39
15.7350528692268	31.4159028533788	39
15.7236165818632	31.4002508127034	39
15.7120965793364	31.3845326603195	39
15.7004925341446	31.3687486339579	39
15.6888041185539	31.3528989746666	39
15.677031004598	31.3369839268105	39
15.6651728640788	31.3210037380715	39
15.6532293685656	31.3049586594487	39
15.6412001893961	31.2888489452583	39
15.6290849976754	31.2726748531334	39
15.6168834642767	31.2564366440243	39
15.6045952598408	31.2401345821983	39
15.5922200547767	31.2237689352397	39
15.5797575192611	31.20733997405	39
15.5672073232384	31.1908479728478	39
15.5545691364209	31.1742932091685	39
15.5418426282891	31.1576759638648	39
15.5290274680909	31.1409965211064	39
15.5161233248422	31.12425516838	39
15.5031298673269	31.1074521964895	39
15.4900467640965	31.0905878995557	39
15.4768736834706	31.0736625750166	39
15.4636102935365	31.0566765236271	39
15.4502562621494	31.0396300494594	39
15.4368112569324	31.0225234599026	39
15.4232749452763	31.0053570656628	39
15.4096469943398	30.9881311807634	39
15.3959270710497	30.9708461225446	39
15.3821148421002	30.9535022116638	39
15.3682099739538	30.9360997720955	39
15.3542121328406	30.9186391311312	39
15.3401209847585	30.9011206193794	39
15.3259361954735	30.8835445707657	39
15.3116574305192	30.865911322533	39
15.2972843551973	30.8482212152409	39
15.2828166345771	30.8304745927662	39
15.2682539334958	30.8126718023028	39
15.2535959165587	30.7948131943618	39
15.2388422481386	30.776899122771	39
15.2239925923764	30.7589299446756	39
15.2090466131808	30.7409060205376	39
15.1940039742283	30.7228277141364	39
15.1788643389632	30.7046953925682	39
15.1636273705978	30.6865094262462	39
15.1482927321121	30.6682701889009	39
15.1328600862542	30.6499780575797	39
15.1173290955397	30.6316334126471	39
15.1016994222524	30.6132366377847	39
15.0859707284436	30.5947881199912	39
15.0701426759327	30.5762882495823	39
15.054214926307	30.5577374201906	39
15.0381871409214	30.5391360287661	39
15.0220589808989	30.5204844755756	39
15.0058301071302	30.5017831642031	39
14.9895001802738	30.4830325015496	39
14.9730688607563	30.4642328978332	39
14.956535808772	30.4453847665889	39
14.9399006842829	30.4264885246691	39
14.9231631470191	30.407544592243	39
14.9063228564785	30.388553392797	39
14.8893794719267	30.3695153531343	39
14.8723326523973	30.3504309033755	39
14.8551820566918	30.331300476958	39
14.8379273433793	30.3121245106366	39
14.8205681707971	30.2929034444827	39
14.80310419705	30.2736377218852	39
14.7855350800108	30.2543277895498	39
14.7678604773204	30.2349740974992	39
14.750080046387	30.2155770990735	39
14.7321934443873	30.1961372509296	39
14.7142003282653	30.1766550130415	39
14.6961003547331	30.1571308487002	39
14.6778931802707	30.137565224514	39
14.6595784611259	30.1179586104081	39
14.6411558533142	30.0983114796246	39
14.6226250126193	30.078624308723	39
14.6039855945923	30.0588975775796	39
14.5852372545525	30.039131769388	39
14.5663796475869	30.0193273706585	39
14.5474124285504	29.9994848712189	39
14.5283352520658	29.9796047642138	39
14.5091477725237	29.9596875461049	39
14.4898496440824	29.9397337166709	39
14.4704405206684	29.9197437790077	39
14.4509200559756	29.8997182395282	39
14.4312879034663	29.8796576079624	39
14.4115437163701	29.8595623973572	39
14.3916871476848	29.8394331240769	39
14.371717850176	29.8192703078025	39
14.3516354763771	29.7990744715322	39
14.3314396785893	29.7788461415814	39
14.3111301088817	29.7585858475823	39
14.2907064190913	29.7382941224845	39
14.270168260823	29.7179715025542	39
14.2495152854493	29.6976185273752	39
14.2287471441108	29.6772357398479	39
14.2078634877159	29.65682368619	39
14.1868639669408	29.6363829159363	39
14.1657482322296	29.6159139819385	39
14.1445159337942	29.5954174403655	39
14.1231667216143	29.5748938507031	39
14.1017002454377	29.5543437757544	39
14.0801161547797	29.5337677816394	39
14.0584140989238	29.5131664377951	39
14.036593726921	29.4925403169758	39
14.0146546875905	29.4718899952527	39
13.9925966295191	29.451216052014	39
13.9704192010616	29.4305190699651	39
13.9481220503406	29.4097996351284	39
13.9257048252464	29.3890583368433	39
13.9031671734375	29.3682957677665	39
13.8805087423399	29.3475125238715	39
13.8577291791476	29.3267092044489	39
13.8348281308226	29.3058864121066	39
13.8118052440944	29.2850447527692	39
13.7886601654607	29.2641848356787	39
13.7653925411868	29.2433072733939	39
13.7420020173061	29.2224126817908	39
13.7184882396196	29.2015016800625	39
13.6948508536963	29.1805748907191	39
13.671089504873	29.1596329395877	39
13.6472038382544	29.1386764558126	39
13.6231934987129	29.117706071855	39
13.599058130889	29.0967224234933	39
13.5747973791909	29.0757261498229	39
13.5504108877946	29.0547178932564	39
13.5258983006441	29.0336982995231	39
13.5012592614511	29.0126680176698	39
13.4764934136953	28.9916277000601	39
13.4516004006241	28.9705780023748	39
13.426579865253	28.9495195836116	39
13.401431450365	28.9284531060854	39
13.3761547985112	28.9073792354281	39
13.3507495520105	28.8862986405887	39
13.3252153529496	28.8652119938333	39
13.2995518431831	28.8441199707449	39
13.2737586643335	28.8230232502237	39
13.247835457791	28.8019225144869	39
13.2217818647139	28.7808184490689	39
13.195597526028	28.7597117428211	39
13.1692820824272	28.7386030879117	39
13.1428351743733	28.7174931798264	39
13.1162564420959	28.6963827173676	39
13.0895455255922	28.675272402655	39
13.0627020646275	28.6541629411253	39
13.035725698735	28.6330550415321	39
13.0086160672157	28.6119494159463	39
12.9813728091382	28.5908467797558	39
12.9539955633394	28.5697478516654	39
12.9264839684237	28.5486533536972	39
12.8988376627635	28.5275640111902	39
12.8710562844989	28.5064805528005	39
12.8431394715381	28.4854037105013	39
12.815086861557	28.4643342195829	39
12.7868980919994	28.4432728186525	39
12.7585728000769	28.4222202496345	39
12.7301106227689	28.4011772577704	39
12.7015111968228	28.3801445916185	39
12.6727741587538	28.3591230030546	39
12.6438991448449	28.3381132472711	39
12.614885791147	28.3171160827779	39
12.5857337334789	28.2961322714015	39
12.556442607427	28.2751625782859	39
12.5270120483459	28.2542077718918	39
12.4974416913578	28.2332686239973	39
12.467731171353	28.2123459096973	39
12.4378801229893	28.1914404074039	39
12.4078881806927	28.1705528988462	39
12.3777549786568	28.1496841690703	39
12.3474801508431	28.1288350064396	39
12.3170633309812	28.1080062026343	39
12.2865041525682	28.0871985526518	39
12.2558022488692	28.0664128548065	39
12.2249572529173	28.0456499107299	39
12.1939687975131	28.0249105253707	39
12.1628365152255	28.0041955069943	39
12.1315600383908	27.9835056671836	39
12.1001389991134	27.9628418208382	39
12.0685730292657	27.942204786175	39
12.0368617604875	27.9215953847278	39
12.005004824187	27.9010144413475	39
11.9730018515397	27.8804627842023	39
11.9408524734894	27.859941244777	39
11.9085563207475	27.839450657874	39
11.8761130237934	27.8189918616122	39
11.8435222128742	27.7985656974281	39
11.810783518005	27.7781730100749	39
11.7778965689686	27.7578146476229	39
11.7448609953158	27.7374914614597	39
11.7116764263651	27.7172043062897	39
11.6783424912031	27.6969540401345	39
11.644858818684	27.6767415243328	39
11.6112250374298	27.6565676235401	39
11.5774407758308	27.6364332057293	39
11.5435056620445	27.6163391421902	39
11.5094193239969	27.5962863075297	39
11.4751813893814	27.5762755796717	39
11.4407914856594	27.5563078398572	39
11.4062492400601	27.5363839726442	39
11.3715542795807	27.516504865908	39
11.3367062309862	27.4966714108407	39
11.3017047208093	27.4768845019516	39
11.2665493753507	27.4571450370669	39
11.2312398206789	27.4374539173301	39
11.1957756826302	27.4178120472017	39
11.160156586809	27.398220334459	39
11.1243821585872	27.3786796901968	39
11.0884520231048	27.3591910288265	39
11.0523658052695	27.339755268077	39
11.0161231297569	27.320373328994	39
10.9797236210106	27.3010461359403	39
10.9431669032419	27.2817746165958	39
10.9064526004299	27.2625597019574	39
10.8695803363216	27.2434023263392	39
10.832549734432	27.2243034273722	39
10.7953604180438	27.2052639460045	39
10.7580120102075	27.1862848265015	39
10.7205041337417	27.1673670164452	39
10.6828364112325	27.1485114667351	39
10.6450084650341	27.1297191315876	39
10.6070199172685	27.110990968536	39
10.5688703898257	27.092327938431	39
10.5305595043631	27.0737310054401	39
10.4920868823065	27.0552011370478	39
10.4534521448491	27.036739304056	39
10.4146549129523	27.0183464805834	39
10.3756948073452	27.0000236440658	39
10.3365714485246	26.9817717752561	39
10.2972844567555	26.9635918582243	39
10.2578334520704	26.9454848803574	39
10.2182180542699	26.9274518323595	39
10.1784378829223	26.9094937082516	39
10.1384925573639	26.8916115053721	39
10.0983816966987	26.8738062243762	39
10.0581049197986	26.8560788692362	39
10.0176618453034	26.8384304472415	39
9.97705209162072	26.8208619689985	39
9.93627527692603	26.8033744484309	39
9.89533101916265	26.7859689027791	39
9.85421893604175	26.7686463526008	39
9.81293864504237	26.7514078217708	39
9.77148976341137	26.7342543374807	39
9.72987190816349	26.7171869302395	39
9.68808469608132	26.700206633873	39
9.64612774371528	26.6833144855242	39
9.60400066738367	26.6665115256531	39
9.56170308317261	26.6497987980369	39
9.5192346069361	26.6331773497696	39
9.47659485429597	26.6166482312624	39
9.43378344064194	26.6002124962436	39
9.39079998113152	26.5838712017587	39
9.34764409069013	26.5676254081699	39
9.30431538401102	26.5514761791567	39
9.26081347555526	26.5354245817157	39
9.21713797955184	26.5194716861605	39
9.17328850999754	26.5036185661217	39
9.12926468065701	26.4878662985469	39
9.08506610506278	26.4722159637011	39
9.04069239651519	26.456668645166	39
8.99614316808246	26.4412254298406	39
8.95141803260065	26.4258874079407	39
8.90651660267368	26.4106556729995	39
8.8614384906733	26.395531321867	39
8.81618330873914	26.3805154547104	39
8.77075066877866	26.3656091750139	39
8.72514018246719	26.3508135895788	39
8.67935146124791	26.3361298085234	39
8.63338411633183	26.3215589452831	39
8.58723775869783	26.3071021166104	39
8.54091199909264	26.2927604425749	39
8.49440644803085	26.2785350465631	39
8.44772071579487	26.2644270552786	39
8.400854412435	26.2504375987423	39
8.35380714776937	26.2365678102918	39
8.30657853138397	26.2228188265821	39
8.25916817263264	26.209191787585	39
8.21157568063706	26.1956878365895	39
8.16380066428679	26.1823081202017	39
8.11584273223921	26.1690537883447	39
8.06770149291958	26.1559259942585	39
8.01937655452098	26.1429258945005	39
7.97086752500437	26.1300546489448	39
7.92217401209855	26.117313420783	39
7.87329562330017	26.1047033765233	39
7.82423196587375	26.0922256859913	39
7.77498264685163	26.0798815223295	39
7.72554727303402	26.0676720619974	39
7.67592545098899	26.0555984847719	39
7.62611678705244	26.0436619737464	39
7.57612088732815	26.031863715332	39
7.52593735768772	26.0202048992564	39
7.47556580377062	26.0086867185645	39
7.42500583098418	25.9973103696184	39
7.37425704450356	25.986077052097	39
7.32331904927178	25.9749879689965	39
7.27219144999973	25.96404432663	39
7.22087385116613	25.9532473346277	39
7.16936585701755	25.942598205937	39
7.11766707156842	25.9320981568222	39
7.06577709860103	25.9217484068647	39
7.01369554166552	25.9115501789631	39
6.96142200407986	25.9015046993327	39
6.90895608892989	25.8916131975064	39
6.8562973990693	25.8818769063336	39
6.80344553711964	25.8722970619812	39
6.75040010547029	25.862874903933	39
6.6971607062785	25.8536116749897	39
6.64372694146936	25.8445086212694	39
6.59009841273583	25.835566992207	39
6.5362747215387	25.8267880405546	39
6.48225546910662	25.8181730223812	39
6.4280402564361	25.8097231970731	39
6.37362868429148	25.8014398273334	39
6.31902035320499	25.7933241791825	39
6.26421486347667	25.7853775219578	39
6.20921181517444	25.7776011283136	39
6.15401080813406	25.7699962742215	39
6.09861144195913	25.7625642389699	39
6.04301331602114	25.7553063051646	39
5.98721602945939	25.7482237587281	39
5.93121918118105	25.7413178889003	39
5.87502236986115	25.7345899882379	39
5.81862519394255	25.7280413526148	39
5.76202725163599	25.7216732812219	39
5.70522814092003	25.7154870765671	39
5.64822745954111	25.7094840444757	39
5.5910248050135	25.7036654940896	39
5.53361977461934	25.6980327378681	39
5.47601196540861	25.6925870915873	39
5.41820097419915	25.6873298743407	39
5.36018639757663	25.6822624085385	39
5.30196783189461	25.6773860199082	39
5.24354487327446	25.6727020374942	39
5.18491711760544	25.6682117936583	39
5.12608416054464	25.6639166240788	39
5.067045597517	25.6598178677517	39
5.00780102371532	25.6559168669895	39
4.94835003410025	25.652214967422	39
4.88869222340028	25.6487135179963	39
4.82882718611179	25.6454138709761	39
4.76875451649896	25.6423173819425	39
4.70847380859385	25.6394254097936	39
4.64798465619638	25.6367393167444	39
4.58728665287429	25.6342604683272	39
4.52637939196322	25.6319902333912	39
4.46526246656661	25.6299299841027	39
4.40393546955578	25.628081095945	39
4.3423979935699	25.6264449477187	39
4.280649631016	25.6250229215412	39
4.21868997406893	25.623816402847	39
4.15651861467142	25.6228267803879	39
4.09413514453405	25.6220554462325	39
4.03153915513524	25.6215037957664	39
3.96873023772127	25.6211732276927	39
3.90570798330627	25.621065144031	39
3.84247198267222	25.6211809501185	39
3.77902182636895	25.6215220546089	39
3.71535710471416	25.6220898694736	39
3.65147740779337	25.6228858100004	39
3.58738232545997	25.6239112947947	39
3.5230714473352	25.6251677457788	39
3.45854436280816	25.6266565881918	39
3.39380066103579	25.6283792505902	39
3.32883993094289	25.6303371648475	39
3.26366176122209	25.632531766154	39
3.19826574033391	25.6349644930175	39
3.13265145650669	25.6376367872626	39
3.06681849773664	25.6405500940308	39
3.0007664517878	25.6437058617811	39
2.93449490619209	25.6471055422891	39
2.86800344824926	25.6507505906478	39
2.80129166502693	25.6546424652672	39
2.73435914336055	25.6587826278742	39
2.66720546985344	25.6631725435129	39
2.59983023087676	25.6678136805444	39
2.53223301256953	25.672707510647	39
2.46441340083863	25.6778555088158	39
2.39637098135876	25.6832591533633	39
2.3281053395725	25.6889199259188	39
2.25961606069027	25.6948393114287	39
2.19090272969036	25.7010187981566	39
2.12196493131889	25.707459877683	39
2.05280225008983	25.7141640449056	39
1.98341427028502	25.721132798039	39
1.91380057595415	25.7283676386151	39
1.84396075091474	25.7358700714826	39
1.77389437875219	25.7436416048074	39
1.70360104281972	25.7516837500726	39
1.63308032623844	25.759998022078	39
1.56233181189728	25.7685859389408	39
1.49135508245303	25.7774490220952	39
1.42014972033035	25.7865887962922	39
1.34871530772173	25.7960067896002	39
1.27705142658752	25.8057045334046	39
1.20515765865591	25.8156835624076	39
