1.20515765865591	25.9226532997755	44.5
1.1921002262679	25.9245511913292	44.5
1.17906126073989	25.9265720601711	44.5
1.16604192026819	25.928715726796	44.5
1.1530433613059	25.930982000791	44.5
1.14006673846019	25.9333706808527	44.5
1.12711320438973	25.9358815548045	44.5
1.11418390970232	25.9385143996163	44.5
1.10128000285266	25.9412689814234	44.5
1.08840263004038	25.944145055548	44.5
1.07555293510818	25.9471423665206	44.5
1.06273205944027	25.9502606481026	44.5
1.04994114186096	25.9534996233103	44.5
1.03718131853351	25.9568590044392	44.5
1.0244537228592	25.9603384930895	44.5
1.01175948537667	25.9639377801931	44.5
0.999099733661496	25.9676565460404	44.5
0.986475592226023	25.9714944603091	44.5
0.973888182419488	25.9754511820935	44.5
0.961338622328412	25.9795263599347	44.5
0.948828026677284	25.9837196318518	44.5
0.93635750672955	25.9880306253741	44.5
0.923928170188894	25.9924589575744	44.5
0.911541121100857	25.9970042351025	44.5
0.899197459754763	26.0016660542206	44.5
0.886898282585984	26.0064440008389	44.5
0.874644682078551	26.0113376505527	44.5
0.862437746668113	26.0163465686796	44.5
0.850278560645255	26.0214703102986	44.5
0.838168204059185	26.0267084202893	44.5
0.826107752621798	26.0320604333725	44.5
0.814098277612126	26.0375258741516	44.5
0.802140845781179	26.0431042571543	44.5
0.790236519257192	26.0487950868765	44.5
0.778386355451278	26.0545978578257	44.5
0.766591406963504	26.0605120545664	44.5
0.754852721489397	26.0665371517654	44.5
0.743171341726873	26.0726726142386	44.5
0.731548305283626	26.0789178969989	44.5
0.719984644584959	26.0852724453041	44.5
0.708481386782077	26.0917356947064	44.5
0.69703955366085	26.0983070711028	44.5
0.685660161551056	26.1049859907855	44.5
0.674344221236097	26.1117718604943	44.5
0.663092737863223	26.1186640774691	44.5
0.651906710854243	26.1256620295031	44.5
0.640787133816756	26.132765094998	44.5
0.629734994455888	26.1399726430183	44.5
0.618751274486562	26.1472840333479	44.5
0.607836949546295	26.1546986165469	44.5
0.596992989108535	26.1622157340091	44.5
0.58622035639655	26.1698347180208	44.5
0.575520008297866	26.1775548918196	44.5
0.56489289527927	26.1853755696551	44.5
0.554339961302389	26.1932960568495	44.5
0.543862143739837	26.2013156498592	44.5
0.533460373291951	26.2094336363378	44.5
0.52313557390413	26.2176492951987	44.5
0.512888662684753	26.2259618966795	44.5
0.502720549823722	26.234370702407	44.5
0.492632138511617	26.2428749654623	44.5
0.48262432485946	26.2514739304477	44.5
0.472697997819128	26.2601668335534	44.5
0.462854039104383	26.2689529026255	44.5
0.453093323112557	26.2778313572345	44.5
0.443416716846881	26.2868014087447	44.5
0.433825079839476	26.2958622603843	44.5
0.424319264074999	26.3050131073161	44.5
0.414900113914972	26.3142531367088	44.5
0.405568466022772	26.3235815278098	44.5
0.396325149289324	26.3329974520173	44.5
0.387170984759465	26.3425000729546	44.5
0.378106785559018	26.3520885465438	44.5
0.369133356822567	26.3617620210814	44.5
0.360251495621938	26.3715196373133	44.5
0.351461990895397	26.3813605285117	44.5
0.342765623377577	26.3912838205517	44.5
0.334163165530124	26.4012886319892	44.5
0.325655381473085	26.4113740741389	44.5
0.317243026917031	26.4215392511536	44.5
0.308926849095936	26.4317832601035	44.5
0.300707586700799	26.4421051910564	44.5
0.29258596981403	26.4525041271588	44.5
0.284562719844602	26.462979144717	44.5
0.276638549463967	26.4735293132794	44.5
0.268814162542757	26.4841536957191	44.5
0.261090254088261	26.4948513483169	44.5
0.253467510182687	26.5056213208455	44.5
0.245946607922224	26.5164626566536	44.5
0.238528215356898	26.5273743927512	44.5
0.231212991431231	26.5383555598947	44.5
0.224001585925709	26.5494051826734	44.5
0.216894639399065	26.5605222795959	44.5
0.209892783131384	26.5717058631774	44.5
0.202996639068025	26.5829549400273	44.5
0.196206819764377	26.5942685109375	44.5
0.189523928331451	26.6056455709713	44.5
0.182948558382305	26.6170851095524	44.5
0.176481293979317	26.6285861105548	44.5
0.170122709582305	26.6401475523932	44.5
0.163873369997502	26.6517684081135	44.5
0.157733830327385	26.663447645484	44.5
0.151704635921365	26.6751842270873	44.5
0.145786322327352	26.6869771104124	44.5
0.13997941524418	26.6988252479472	44.5
0.13428443047491	26.7107275872717	44.5
0.128701873881021	26.7226830711512	44.5
0.123232241337467	26.7346906376305	44.5
0.117876018688636	26.7467492201281	44.5
0.112633681705195	26.7588577475311	44.5
0.107505696041827	26.77101514429	44.5
0.102492517195868	26.7832203305145	44.5
0.0975945904668494	26.7954722220695	44.5
0.092812350916945	26.807769730671	44.5
0.0881462233323225	26.8201117639832	44.5
0.0835966221854134	26.8324972257155	44.5
0.0791639515980986	26.8449250157194	44.5
0.0748486053058095	26.8573940300868	44.5
0.0706509666225552	26.8699031612477	44.5
0.0665714084068756	26.8824512980688	44.5
0.0626102930287189	26.8950373259521	44.5
0.0587679723372567	26.9076601269336	44.5
0.0550447876296305	26.9203185797834	44.5
0.0514410696206324	26.9330115601044	44.5
0.0479571384133337	26.9457379404326	44.5
0.0445933034706494	26.9584965903375	44.5
0.0413498635878478	26.9712863765219	44.5
0.0382271068660136	26.9841061629232	44.5
0.0352253106864557	26.9969548108136	44.5
0.0323447416860667	27.0098311789021	44.5
0.0295856557336409	27.0227341234352	44.5
0.0269482979071465	27.0356624982987	44.5
0.0244329024719545	27.0486151551197	44.5
0.0220396928600322	27.0615909433682	44.5
0.0197688816500947	27.0745887104597	44.5
0.0176206705487241	27.0876073018575	44.5
0.0155952503724512	27.1006455611748	44.5
0.0136928010308077	27.1137023302782	44.5
0.0119134915103438	27.1267764493899	44.5
0.0102574798596196	27.1398667571911	44.5
0.00872491317516499	27.1529720909249	44.5
0.00731592758841448	27.1660912864998	44.5
0.00603064825361477	27.179223178593	44.5
0.00486918933670766	27.192366600754	44.5
0.00383165400519014	27.2055203855079	44.5
0.00291813441894928	27.2186833644596	44.5
0.00212871172207718	27.2318543683971	44.5
0.00146345603566189	27.2450322273958	44.5
0.000922426451560376	27.2582157709219	44.5
0.000505671027148269	27.271403827937	44.5
0.000213226781052178	27.2845952270015	44.5
4.51196898612061e-05	27.2977887963792	44.5
1.36468581879434e-06	27.3109833641408	44.5
8.19656554977843e-05	27.3241777582686	44.5
0.000286915439454027	27.3373708067603	44.5
0.000616195832862321	27.3505613377329	44.5
0.00106977758713445	27.3637481795272	44.5
0.00164762041251598	27.3769301608118	44.5
0.00234967298166655	27.3901061106867	44.5
0.00317587293421751	27.403274858788	44.5
0.00412614688231172	27.4164352353913	44.5
0.00520041041712238	27.4295860715158	44.5
0.0063985681163512	27.4427261990283	44.5
0.0077205135527032	27.4558544507467	44.5
0.00916612930334137	27.4689696605436	44.5
0.0107352869603157	27.4820706634504	44.5
0.0124278471419703	27.4951562957603	44.5
0.0142436595053232	27.5082253951316	44.5
0.0161825627594212	27.5212768006915	44.5
0.0182443846796663	27.5343093531385	44.5
0.0204289421231139	27.5473218948462	44.5
0.0227360410447399	27.5603132699652	44.5
0.0251654765146794	27.5732823245265	44.5
0.027717032736426	27.5862279065437	44.5
0.0303904830660027	27.5991488661153	44.5
0.0331855900320932	27.6120440555271	44.5
0.0361021053571353	27.6249123293536	44.5
0.0391397699793739	27.6377525445605	44.5
0.0422983140758735	27.6505635606056	44.5
0.0455774570864844	27.6633442395404	44.5
0.0489769077387636	27.6760934461109	44.5
0.0524963640738492	27.6888100478591	44.5
0.0561355134732786	27.7014929152228	44.5
0.0598940326867607	27.7141409216365	44.5
0.0637715878608871	27.7267529436309	44.5
0.0677678345687862	27.7393278609335	44.5
0.0718824178407191	27.7518645565673	44.5
0.0761149721956089	27.7643619169506	44.5
0.0804651216735039	27.7768188319955	44.5
0.0849324798689752	27.7892341952069	44.5
0.0895166499654372	27.8016069037803	44.5
0.0942172247703952	27.8139358587003	44.5
0.0990337867516162	27.8262199648378	44.5
0.103965908074216	27.8384581310475	44.5
0.109013150638659	27.8506492702647	44.5
0.114175066119678	27.8627922996019	44.5
0.119451196006093	27.874886140445	44.5
0.12484107164154	27.8869297185492	44.5
0.130344214266102	27.8989219641341	44.5
0.135960135058829	27.9108618119793	44.5
0.141688335181166	27.9227482015184	44.5
0.147528305821256	27.9345800769336	44.5
0.153479528239141	27.9463563872492	44.5
0.159541473812834	27.9580760864253	44.5
0.165713604085278	27.9697381334504	44.5
0.171995370812176	27.9813414924342	44.5
0.178386216010683	27.9928851326991	44.5
0.184885572008979	28.0043680288723	44.5
0.191492861496682	28.0157891609765	44.5
0.198207497576137	28.0271475145208	44.5
0.205028883814541	28.0384420805905	44.5
0.211956414296929	28.049671855937	44.5
0.218989473679986	28.0608358430667	44.5
0.226127437246711	28.0719330503296	44.5
0.23336967096191	28.0829624920078	44.5
0.240715531528507	28.0939231884023	44.5
0.248164366444694	28.1048141659208	44.5
0.255715514061882	28.1156344571636	44.5
0.263368303643479	28.12638310101	44.5
0.271122055424464	28.1370591427032	44.5
0.278976080671773	28.1476616339356	44.5
0.286929681745469	28.1581896329324	44.5
0.294982152160717	28.168642204536	44.5
0.303132776650534	28.1790184202885	44.5
0.311380831229325	28.1893173585145	44.5
0.319725583257192	28.1995381044026	44.5
0.328166291505009	28.2096797500872	44.5
0.336702206220264	28.2197413947286	44.5
0.345332569193658	28.2297221445935	44.5
0.354056613826449	28.2396211131338	44.5
0.36287356519855	28.2494374210659	44.5
0.371782640137358	28.2591701964487	44.5
0.380783047287326	28.2688185747607	44.5
0.389873987180249	28.2783816989772	44.5
0.399054652306279	28.2878587196462	44.5
0.408324227185659	28.2972487949639	44.5
0.417681888441149	28.3065510908495	44.5
0.42712680487117	28.3157647810194	44.5
0.436658137523632	28.3248890470603	44.5
0.446275039770459	28.3339230785021	44.5
0.455976657382787	28.34286607289	44.5
0.465762128606844	28.3517172358554	44.5
0.475630584240495	28.3604757811868	44.5
0.485581147710451	28.3691409308997	44.5
0.495612935150129	28.3777119153054	44.5
0.505725055478162	28.3861879730794	44.5
0.515916610477557	28.3945683513293	44.5
0.526186694875468	28.4028523056614	44.5
0.536534396423616	28.411039100247	44.5
0.546958795979319	28.4191280078877	44.5
0.557458967587131	28.4271183100799	44.5
0.568033978561101	28.4350092970789	44.5
0.578682889567606	28.4428002679614	44.5
0.589404754708796	28.4504905306884	44.5
0.600198621606618	28.4580794021664	44.5
0.6110635314874	28.4655662083078	44.5
0.621998519267024	28.4729502840913	44.5
0.63300261363665	28.4802309736205	44.5
0.64407483714899	28.4874076301826	44.5
0.655214206305128	28.4944796163053	44.5
0.666419731641889	28.501446303814	44.5
0.67769041781972	28.5083070738872	44.5
0.689025263711106	28.5150613171117	44.5
0.700423262489498	28.5217084335365	44.5
0.711883401718738	28.5282478327262	44.5
0.723404663442996	28.5346789338138	44.5
0.73498602427719	28.5410011655514	44.5
0.746626455497885	28.5472139663621	44.5
0.758324923134673	28.5533167843889	44.5
0.770080388062019	28.5593090775441	44.5
0.781891806091557	28.5651903135578	44.5
0.793758128064839	28.5709599700244	44.5
0.805678299946539	28.5766175344498	44.5
0.817651262918066	28.5821625042964	44.5
0.829675953471618	28.5875943870278	44.5
0.841751303504655	28.5929127001529	44.5
0.853876240414764	28.5981169712683	44.5
0.866049687194941	28.6032067381006	44.5
0.878270562529257	28.6081815485472	44.5
0.890537780888901	28.6130409607168	44.5
0.902850252628607	28.6177845429682	44.5
0.915206884083446	28.622411873949	44.5
0.927606577665962	28.6269225426329	44.5
0.940048231963676	28.6313161483564	44.5
0.952530741836914	28.6355923008538	44.5
0.965052998516975	28.6397506202926	44.5
0.977613889704614	28.6437907373069	44.5
0.990212299668849	28.6477122930301	44.5
1.00284710934606	28.6515149391268	44.5
1.0155171964394	28.6551983378242	44.5
1.02822143551847	28.6587621619415	44.5
1.04095869811929	28.6622060949191	44.5
1.05372785284457	28.6655298308471	44.5
1.06652776546413	28.6687330744919	44.5
1.07935729901573	28.6718155413231	44.5
1.09221531390603	28.6747769575379	44.5
1.10510066801178	28.6776170600864	44.5
1.11801221678134	28.6803355966943	44.5
1.13094881333629	28.6829323258852	44.5
1.14390930857332	28.6854070170029	44.5
1.1568925512663	28.6877594502308	44.5
1.16989738816855	28.6899894166123	44.5
1.18292266411526	28.6920967180689	44.5
1.1959672221261	28.6940811674178	44.5
1.2203180778371	28.6975420117594	44.5
1.23547638543599	28.699694757586	44.5
1.25063258145259	28.7018621297317	44.5
1.2657866658869	28.7040441281965	44.5
1.28093863873891	28.7062407529805	44.5
1.29608850000863	28.7084520040835	44.5
1.31123624969606	28.7106778815057	44.5
1.32638188780119	28.7129183852469	44.5
1.34152541432403	28.7151735153073	44.5
1.35666682926458	28.7174432716868	44.5
1.37180613262284	28.7197276543854	44.5
1.3869433243988	28.7220266634031	44.5
1.40207840459246	28.7243402987399	44.5
1.41721137320384	28.7266685603958	44.5
1.43234223023292	28.7290114483708	44.5
1.44747097567971	28.731368962665	44.5
1.4625976095442	28.7337411032782	44.5
1.4777221318264	28.7361278702106	44.5
1.49284454252631	28.7385292634621	44.5
1.50796484164392	28.7409452830326	44.5
1.52308302917924	28.7433759289223	44.5
1.53819910513227	28.7458212011311	44.5
1.55331306950301	28.7482810996591	44.5
1.56842492229145	28.7507556245061	44.5
1.58353466349759	28.7532447756722	44.5
1.59864229312145	28.7557485531575	44.5
1.61374781116301	28.7582669569618	44.5
1.62885121762228	28.7607999870853	44.5
1.64395251249925	28.7633476435279	44.5
1.65905169579393	28.7659099262896	44.5
1.67414876750632	28.7684868353704	44.5
1.68924372763641	28.7710783707703	44.5
1.70433657618421	28.7736845324893	44.5
1.71942731314972	28.7763053205274	44.5
1.73451593853294	28.7789407348847	44.5
1.74960245233386	28.781590775561	44.5
1.76468685455248	28.7842554425565	44.5
1.77976914518882	28.786934735871	44.5
1.79484932424286	28.7896286555047	44.5
1.80992739171461	28.7923372014575	44.5
1.82500334760406	28.7950603737294	44.5
1.84007719191122	28.7977981723204	44.5
1.85514892463609	28.8005505972306	44.5
1.87021854577866	28.8033176484598	44.5
1.88528605533895	28.8060993260081	44.5
1.90035145331693	28.8088956298756	44.5
1.91541473971263	28.8117065600621	44.5
1.93047591452603	28.8145321165678	44.5
1.94553497775714	28.8173722993926	44.5
1.96059192940595	28.8202271085365	44.5
1.97564676947247	28.8230965439995	44.5
1.9906994979567	28.8259806057816	44.5
2.00575011485863	28.8288792938828	44.5
2.02079862017828	28.8317926083032	44.5
2.03584501391562	28.8347205490426	44.5
2.05088929607068	28.8376631161012	44.5
2.06593146664344	28.8406203094789	44.5
2.08097152563391	28.8435921291756	44.5
2.09600947304208	28.8465785751915	44.5
2.11104530886796	28.8495796475265	44.5
2.12607903311155	28.8525953461806	44.5
2.14111064577284	28.8556256711539	44.5
2.15614014685185	28.8586706224462	44.5
2.17116753634855	28.8617302000576	44.5
2.18619281426297	28.8648044039882	44.5
2.20121598059509	28.8678932342379	44.5
2.21623703534492	28.8709966908066	44.5
2.23125597851245	28.8741147736945	44.5
2.24627281009769	28.8772474829015	44.5
2.26128753010064	28.8803948184276	44.5
2.27630013852129	28.8835567802728	44.5
2.29131063535966	28.8867333684372	44.5
2.30631902061572	28.8899245829206	44.5
2.3213252942895	28.8931304237231	44.5
2.33632945638098	28.8963508908448	44.5
2.35133150689017	28.8995859842856	44.5
2.36633144581706	28.9028357040454	44.5
2.38132927316166	28.9061000501244	44.5
2.39632498892397	28.9093790225225	44.5
2.41131859310399	28.9126726212397	44.5
2.42631008570171	28.9159808462761	44.5
2.44129946671714	28.9193036976315	44.5
2.45628673615027	28.922641175306	44.5
2.47127189400111	28.9259932792997	44.5
2.48625494026966	28.9293600096124	44.5
2.50123587495591	28.9327413662443	44.5
2.51621469805987	28.9361373491953	44.5
2.53119140958154	28.9395479584654	44.5
2.54616600952092	28.9429731940546	44.5
2.561138497878	28.9464130559629	44.5
2.57610887465279	28.9498675441903	44.5
2.59107713984528	28.9533366587368	44.5
2.60604329345548	28.9568203996025	44.5
2.62100733548339	28.9603187667873	44.5
2.63596926592901	28.9638317602911	44.5
2.65092908479233	28.9673593801141	44.5
2.66588679207336	28.9709016262562	44.5
2.68084238777209	28.9744584987174	44.5
2.69579587188853	28.9780299974977	44.5
2.71074724442268	28.9816161225971	44.5
2.72569650537454	28.9852168740156	44.5
2.7406436547441	28.9888322517533	44.5
2.75558869253137	28.99246225581	44.5
2.77053161873634	28.9961068861859	44.5
2.78547243335902	28.9997661428808	44.5
2.80041113639941	29.0034400258949	44.5
2.8153477278575	29.0071285352281	44.5
2.83028220773331	29.0108316708804	44.5
2.84521457602681	29.0145494328518	44.5
2.86014483273803	29.0182818211423	44.5
2.87507297786695	29.022028835752	44.5
2.88999901141358	29.0257904766807	44.5
2.90492293337791	29.0295667439286	44.5
2.91984474375996	29.0333576374955	44.5
2.9347644425597	29.0371631573816	44.5
2.94968202977716	29.0409833035868	44.5
2.96459750541232	29.0448180761111	44.5
2.97951086946519	29.0486674749545	44.5
2.99442212193576	29.052531500117	44.5
3.00933126282404	29.0564101515986	44.5
3.02423829213003	29.0603034293993	44.5
3.03914320985373	29.0642113335192	44.5
3.05404601599513	29.0681338639581	44.5
3.06894671055424	29.0720710207162	44.5
3.08384529353105	29.0760228037934	44.5
3.09874176492557	29.0799892131897	44.5
3.1136361247378	29.0839702489051	44.5
3.12852837296774	29.0879659109396	44.5
3.14341850961538	29.0919761992932	44.5
3.15830653468073	29.0960011139659	44.5
3.17319244816378	29.1000406549578	44.5
3.18807625006455	29.1040948222687	44.5
3.20295794038301	29.1081636158988	44.5
3.21783751911919	29.1122470358479	44.5
3.23271498627307	29.1163450821162	44.5
3.24759034184466	29.1204577547036	44.5
3.26246358583395	29.1245850536101	44.5
3.27733471824096	29.1287269788357	44.5
3.29220373906566	29.1328835303805	44.5
3.30707064830808	29.1370547082443	44.5
3.3219354459682	29.1412405124272	44.5
3.33679813204603	29.1454409429293	44.5
3.35165870654156	29.1496559997505	44.5
3.36651716945481	29.1538856828907	44.5
3.38137352078575	29.1581299923501	44.5
3.39622776053441	29.1623889281286	44.5
3.41107988870077	29.1666624902262	44.5
3.42592990528484	29.1709506786429	44.5
3.44077781028662	29.1752534933787	44.5
3.4556236037061	29.1795709344337	44.5
3.47046728554329	29.1839030018077	44.5
3.48530885579818	29.1882496955009	44.5
3.50014831447078	29.1926110155132	44.5
3.51498566156109	29.1969869618445	44.5
3.52982089706911	29.201377534495	44.5
3.54465402099483	29.2057827334646	44.5
3.55948503333826	29.2102025587533	44.5
3.57431393409939	29.2146370103612	44.5
3.58914072327823	29.2190860882881	44.5
3.60396540087478	29.2235497925341	44.5
3.61878796688904	29.2280281230993	44.5
3.633608421321	29.2325210799835	44.5
3.64842676417067	29.2370286631869	44.5
3.66324299543804	29.2415508727094	44.5
3.67805711512313	29.246087708551	44.5
3.69286912322592	29.2506391707117	44.5
3.70767901974641	29.2552052591915	44.5
3.72248680468461	29.2597859739904	44.5
3.73729247804052	29.2643813151085	44.5
3.75209603981414	29.2689912825456	44.5
3.76689749000546	29.2736158763019	44.5
3.78169682861449	29.2782550963772	44.5
3.79649405564122	29.2829089427717	44.5
3.81128917108567	29.2875774154853	44.5
3.82608217494781	29.292260514518	44.5
3.84087306722767	29.2969582398698	44.5
3.85566184792523	29.3016705915407	44.5
3.8704485170405	29.3063975695308	44.5
3.88523307457348	29.3111391738399	44.5
3.90001552052416	29.3158954044681	44.5
3.91479585489255	29.3206662614155	44.5
3.92957407767864	29.325451744682	44.5
3.94435018888244	29.3302518542676	44.5
3.95912418850395	29.3350665901722	44.5
3.97389607654317	29.339895952396	44.5
3.98866585300009	29.344739940939	44.5
4.00343351787472	29.349598555801	44.5
4.01819907116706	29.3544717969821	44.5
4.0329625128771	29.3593596644824	44.5
4.04772384300485	29.3642621583017	44.5
4.0624830615503	29.3691792784402	44.5
4.07724016851346	29.3741110248977	44.5
4.09199516389433	29.3790573976744	44.5
4.10674804769291	29.3840183967702	44.5
4.12149881990919	29.3889940221851	44.5
4.13624748054318	29.3939842739191	44.5
4.15099402959488	29.3989891519723	44.5
4.16573846706428	29.4040086563445	44.5
4.18048079295139	29.4090427870359	44.5
4.1952210072562	29.4140915440463	44.5
4.20995910997872	29.4191549273759	44.5
4.22469510111895	29.4242329370246	44.5
4.23942898067689	29.4293255729923	44.5
4.25416074865253	29.4344328352792	44.5
4.26889040504588	29.4395547238853	44.5
4.28361794985694	29.4446912388104	44.5
4.2983433830857	29.4498423800546	44.5
4.31306670473217	29.4550081476179	44.5
4.32778791479634	29.4601885415004	44.5
4.34250701327823	29.465383561702	44.5
4.35722400017781	29.4705932082226	44.5
4.37193887549511	29.4758174810624	44.5
4.38665163923011	29.4810563802213	44.5
4.40136229138282	29.4863099056993	44.5
4.41607083195324	29.4915780574964	44.5
4.43077726094136	29.4968608356127	44.5
4.44548157834719	29.502158240048	44.5
4.46018378417072	29.5074702708024	44.5
4.47488387841197	29.512796927876	44.5
4.48958186107092	29.5181382112686	44.5
4.50427773214757	29.5234941209804	44.5
4.51897149164193	29.5288646570113	44.5
4.533663139554	29.5342498193613	44.5
4.54835267588378	29.5396496080304	44.5
4.56304010063126	29.5450640230186	44.5
4.57772541379645	29.5504930643259	44.5
4.59240861537935	29.5559367319524	44.5
4.60708970537995	29.5613950258979	44.5
4.62176868379826	29.5668679461626	44.5
4.63644555063428	29.5723554927464	44.5
4.651120305888	29.5778576656492	44.5
4.66579294955943	29.5833744648712	44.5
4.68046348164856	29.5889058904123	44.5
4.69513190215541	29.5944519422726	44.5
4.70979821107995	29.6000126204519	44.5
4.72446240842221	29.6055879249503	44.5
4.73912449418217	29.6111778557678	44.5
4.75378446835984	29.6167824129045	44.5
4.76844233095522	29.6224015963603	44.5
4.7830980819683	29.6280354061351	44.5
4.79775172139909	29.6336838422291	44.5
4.81240324924759	29.6393469046422	44.5
4.82705266551379	29.6450245933744	44.5
4.8416999701977	29.6507169084257	44.5
4.85634516329931	29.6564238497962	44.5
4.87098824481864	29.6621454174857	44.5
4.88562921475567	29.6678816114943	44.5
4.9002680731104	29.6736324318221	44.5
4.91490481988284	29.679397878469	44.5
4.92953945507299	29.6851779514349	44.5
4.94417197868085	29.69097265072	44.5
4.95880239070641	29.6967819763242	44.5
4.97343069114968	29.7026059282475	44.5
4.98805688001066	29.70844450649	44.5
5.00268095728934	29.7142977110515	44.5
5.01730292298573	29.7201655419321	44.5
5.03192277709983	29.7260479991319	44.5
5.04654051963163	29.7319450826507	44.5
5.06115615058114	29.7378567924887	44.5
5.07576966994835	29.7437831286458	44.5
5.09038107773328	29.749724091122	44.5
5.10499037393591	29.7556796799173	44.5
5.11959755855624	29.7616498950317	44.5
5.13420263159429	29.7676347364652	44.5
5.14880559305004	29.7736342042179	44.5
5.16340644292349	29.7796482982896	44.5
5.17800518121466	29.7856770186805	44.5
5.19260180792352	29.7917203653904	44.5
5.2071963230501	29.7977783384195	44.5
5.22178872659438	29.8038509377677	44.5
5.23637901855637	29.809938163435	44.5
5.25096719893607	29.8160400154214	44.5
5.26555326773347	29.8221564937269	44.5
5.28013722494858	29.8282875983515	44.5
5.2947190705814	29.8344333292953	44.5
5.30929880463192	29.8405936865581	44.5
5.32387642710015	29.8467686701401	44.5
5.33845193798609	29.8529582800412	44.5
5.35302533728973	29.8591625162613	44.5
5.36759662501108	29.8653813788006	44.5
5.38216580115014	29.871614867659	44.5
5.3967328657069	29.8778629828365	44.5
5.41129781868137	29.8841257243331	44.5
5.42586066007354	29.8904030921489	44.5
5.44042138988343	29.8966950862837	44.5
5.45498000811102	29.9030017067377	44.5
5.46953651475631	29.9093229535107	44.5
5.48409090981932	29.9156588266029	44.5
5.49864319330003	29.9220093260142	44.5
5.51319336519844	29.9283744517446	44.5
5.52774142551457	29.9347542037941	44.5
5.5422873742484	29.9411485821627	44.5
5.55683121139993	29.9475575868504	44.5
5.57137293696918	29.9539812178573	44.5
5.58591255095612	29.9604194751832	44.5
5.60045005336078	29.9668723588283	44.5
5.61498544418314	29.9733398687924	44.5
5.62951872342321	29.9798220050757	44.5
5.64404989108099	29.9863187676781	44.5
5.65857894715647	29.9928301565996	44.5
5.67310589164966	29.9993561718402	44.5
5.68763072456056	30.0058968133999	44.5
5.70215344588916	30.0124520812788	44.5
5.71667405563547	30.0190219754767	44.5
5.73119255379949	30.0256064959937	44.5
5.74570894038121	30.0322056428299	44.5
5.76022321538064	30.0388194159852	44.5
5.77473537879778	30.0454478154596	44.5
5.78924543063262	30.052090841253	44.5
5.80375337088517	30.0587484933657	44.5
5.81825919955543	30.0654207717974	44.5
5.83276291664339	30.0721076765482	44.5
5.84726452214906	30.0788092076181	44.5
5.86176401607244	30.0855253650072	44.5
5.87626139841352	30.0922561487153	44.5
5.89075666917231	30.0990015587426	44.5
5.90524982834881	30.1057615950889	44.5
5.91974087594301	30.1125362577544	44.5
5.93422981195492	30.119325546739	44.5
5.94871663638454	30.1261294620427	44.5
5.96320134923186	30.1329480036656	44.5
5.97768395049689	30.1397811716075	44.5
5.99216444017963	30.1466289658685	44.5
6.00664281828007	30.1534913864487	44.5
6.02111908479822	30.1603684333479	44.5
6.03559323973408	30.1672601065663	44.5
6.05006528308764	30.1741664061038	44.5
6.06453521485891	30.1810873319604	44.5
6.07900303504789	30.1880228841361	44.5
6.09346874365457	30.1949730626309	44.5
6.10793234067896	30.2019378674448	44.5
6.12239382612106	30.2089172985778	44.5
6.13685319998086	30.21591135603	44.5
6.15131046225837	30.2229200398012	44.5
6.16576561295359	30.2299433498916	44.5
6.18021865206651	30.2369812863011	44.5
6.19466957959714	30.2440338490296	44.5
6.20911839554548	30.2511010380773	44.5
6.22356509991152	30.2581828534441	44.5
6.23800969269527	30.2652792951301	44.5
6.25245217389673	30.2723903631351	44.5
6.26689254351589	30.2795160574592	44.5
6.28133080155276	30.2866563781024	44.5
6.29576694800734	30.2938113250648	44.5
6.31020098287962	30.3009808983463	44.5
6.32463290616961	30.3081650979469	44.5
6.33906271787731	30.3153639238665	44.5
6.35349041800271	30.3225773761053	44.5
6.36791600654582	30.3298054546632	44.5
6.38233948350664	30.3370481595403	44.5
6.39676084888516	30.3443054907364	44.5
6.41118010268139	30.3515774482516	44.5
6.42559724489533	30.358864032086	44.5
6.44001227552697	30.3661652422394	44.5
6.45442519457633	30.373481078712	44.5
6.46883600204338	30.3808115415037	44.5
6.48324469792815	30.3881566306145	44.5
6.49765128223062	30.3955163460444	44.5
6.51205575495079	30.4028906877934	44.5
6.52645811608868	30.4102796558615	44.5
6.54085836564427	30.4176832502488	44.5
6.55525650361756	30.4251014709551	44.5
6.56965253000857	30.4325343179806	44.5
6.58404644481728	30.4399817913251	44.5
6.59843824804369	30.4474438909888	44.5
6.61282793968782	30.4549206169716	44.5
6.62721551974965	30.4624119692735	44.5
6.64160098822919	30.4699179478945	44.5
6.65598434512643	30.4774385528346	44.5
6.67036559044138	30.4849737840938	44.5
6.68474472417403	30.4925236416722	44.5
6.6991217463244	30.5000881255696	44.5
6.71349665689247	30.5076672357862	44.5
6.72786945587825	30.5152609723218	44.5
6.74224014328173	30.5228693351766	44.5
6.75660871910292	30.5304923243505	44.5
6.77097518334182	30.5381299398435	44.5
6.78533953599842	30.5457821816556	44.5
6.79970177707273	30.5534490497868	44.5
6.81406190656475	30.5611305442372	44.5
6.82841992447447	30.5688266650066	44.5
6.84277583080191	30.5765374120951	44.5
6.85712962554704	30.5842627855028	44.5
6.87148130870989	30.5920027852296	44.5
6.88583088029044	30.5997574112755	44.5
6.90017834028869	30.6075266636405	44.5
6.91452368870466	30.6153105423246	44.5
6.92886692553833	30.6231090473278	44.5
6.9432080507897	30.6309221786501	44.5
6.95754706445879	30.6387499362915	44.5
6.97188396654558	30.6465923202521	44.5
6.98621875705008	30.6544493305317	44.5
7.00055143597228	30.6623209671305	44.5
7.01488200331219	30.6702072300484	44.5
7.02921045906981	30.6781081192854	44.5
7.04353680324513	30.6860236348415	44.5
7.05786103583816	30.6939537767167	44.5
7.0721831568489	30.701898544911	44.5
7.08650316627734	30.7098579394244	44.5
7.10082106412349	30.717831960257	44.5
7.11513685038735	30.7258206074086	44.5
7.12945052506892	30.7338238808794	44.5
7.14376208816819	30.7418417806692	44.5
7.15807153968516	30.7498743067782	44.5
7.17237887961985	30.7579214592063	44.5
7.18668410797224	30.7659832379535	44.5
7.20098722474234	30.7740596430198	44.5
7.21528822993014	30.7821506744052	44.5
7.22958712353565	30.7902563321098	44.5
7.24388390555887	30.7983766161334	44.5
7.25817857599979	30.8065115264762	44.5
7.27247113485842	30.814661063138	44.5
7.28676158213476	30.822825226119	44.5
7.3010499178288	30.8310040154191	44.5
7.31533614194055	30.8391974310383	44.5
7.32962025447001	30.8474054729766	44.5
7.34390225541718	30.855628141234	44.5
7.35818214478205	30.8638654358105	44.5
7.37245992256462	30.8721173567062	44.5
7.38673558876491	30.8803839039209	44.5
7.4010091433829	30.8886650774548	44.5
7.4152805864186	30.8969608773077	44.5
7.429549917872	30.9052713034798	44.5
7.44381713774311	30.913596355971	44.5
7.45808224603193	30.9219360347813	44.5
7.47234524273845	30.9302903399107	44.5
7.48660612786268	30.9386592713592	44.5
7.50086490140462	30.9470428291269	44.5
7.51512156336427	30.9554410132136	44.5
7.52937611374162	30.9638538236194	44.5
7.54362855253667	30.9722812603444	44.5
7.55787887974944	30.9807233233885	44.5
7.57212709537991	30.9891800127517	44.5
7.58637319942809	30.9976513284339	44.5
7.60061719189397	31.0061372704354	44.5
7.61485907277756	31.0146378387559	44.5
7.62909884207886	31.0231530333955	44.5
7.64333649979786	31.0316828543542	44.5
7.65757204593458	31.0402273016321	44.5
7.67180548048899	31.048786375229	44.5
7.68603680346112	31.0573600751451	44.5
7.70026601485095	31.0659484013803	44.5
7.71449311465849	31.0745513539346	44.5
7.72871810288373	31.083168932808	44.5
7.74294097952668	31.0918011380005	44.5
7.75716174458734	31.1004479695121	44.5
7.7713803980657	31.1091094273428	44.5
7.78559693996177	31.1177855114926	44.5
7.79981137027555	31.1264762219616	44.5
7.81402368900704	31.1351815587497	44.5
7.82823389615623	31.1439015218568	44.5
7.84244199172312	31.1526361112831	44.5
7.85664797570773	31.1613853270285	44.5
7.87085184811004	31.170149169093	44.5
7.88505360893006	31.1789276374766	44.5
7.89925325816778	31.1877207321793	44.5
7.91345079582321	31.1965284532012	44.5
7.92764622189635	31.2053508005421	44.5
7.9418395363872	31.2141877742021	44.5
7.95603073929575	31.2230393741813	44.5
7.970219830622	31.2319056004796	44.5
7.98440681036597	31.240786453097	44.5
7.99859167852764	31.2496819320335	44.5
8.01277443510702	31.2585920372891	44.5
8.0269550801041	31.2675167688638	44.5
8.04113361351889	31.2764561267576	44.5
8.05531003535139	31.2854101109705	44.5
8.0694843456016	31.2943787215026	44.5
8.08365654426951	31.3033619583537	44.5
8.09782663135513	31.312359821524	44.5
8.11199460685845	31.3213723110134	44.5
8.12616047077948	31.3303994268219	44.5
8.14032422311822	31.3394411689495	44.5
8.15448586387466	31.3484975373962	44.5
8.16864539304881	31.357568532162	44.5
8.18280281064067	31.3666541532469	44.5
8.19695811665024	31.375754400651	44.5
8.21111131107751	31.3848692743741	44.5
8.22526239392248	31.3939987744164	44.5
8.23941136518517	31.4031429007778	44.5
8.25355822486556	31.4123016534582	44.5
8.26770297296366	31.4214750324578	44.5
8.28184560947946	31.4306630377765	44.5
8.29598613441297	31.4398656694143	44.5
8.31012454776419	31.4490829273713	44.5
8.32426084953312	31.4583148116473	44.5
8.33839503971975	31.4675613222424	44.5
8.35252711832409	31.4768224591567	44.5
8.36665708534613	31.4860982223901	44.5
8.38078494078588	31.4953886119425	44.5
8.39491068464334	31.5046936278141	44.5
8.40903431691851	31.5140132700048	44.5
8.42315583761138	31.5233475385146	44.5
8.43727524672196	31.5326964333435	44.5
8.45139254425024	31.5420599544916	44.5
8.46550773019623	31.5514381019587	44.5
8.47962080455993	31.560830875745	44.5
8.49373176734134	31.5702382758503	44.5
8.50784061854045	31.5796603022748	44.5
8.52194735815726	31.5890969550184	44.5
8.53605198619179	31.5985482340811	44.5
8.55015450264402	31.6080141394629	44.5
8.56425490751396	31.6174946711638	44.5
8.5783532008016	31.6269898291838	44.5
8.59244938250696	31.6364996135229	44.5
8.60654345263001	31.6460240241812	44.5
8.62063541117078	31.6555630611585	44.5
8.63472525812925	31.665116724455	44.5
8.64881299350543	31.6746850140705	44.5
8.66289861729931	31.6842679300052	44.5
8.6769821295109	31.693865472259	44.5
8.6910635301402	31.7034776408319	44.5
8.70514281918721	31.7131044357239	44.5
8.71921999665192	31.7227458569351	44.5
8.73329506253434	31.7324019044653	44.5
8.74736801683446	31.7420725783146	44.5
8.76143885955229	31.7517578784831	44.5
8.77550759068783	31.7614578049707	44.5
8.78957421024108	31.7711723577774	44.5
8.80363871821203	31.7809015369031	44.5
8.81770111460069	31.790645342348	44.5
8.83176139940705	31.800403774112	44.5
8.84581957263113	31.8101768321952	44.5
8.8598756342729	31.8199645165974	44.5
8.87392958433239	31.8297668273187	44.5
8.88798142280958	31.8395837643592	44.5
8.90203114970448	31.8494153277187	44.5
8.91607876501708	31.8592615173974	44.5
8.93012426874739	31.8691223333952	44.5
8.94416766089541	31.8789977757121	44.5
8.95820894146114	31.8888878443481	44.5
8.97224811044457	31.8987925393032	44.5
8.98628516784571	31.9087118605774	44.5
9.00032011366455	31.9186458081708	44.5
9.0143529479011	31.9285943820832	44.5
9.02838367055536	31.9385575823148	44.5
9.04241228162733	31.9485354088654	44.5
9.056438781117	31.9585278617352	44.5
9.07046316902438	31.9685349409241	44.5
9.08448544534946	31.9785566464321	44.5
9.09850561009225	31.9885929782592	44.5
9.11252366325275	31.9986439364054	44.5
9.12653960483096	32.0087095208707	44.5
9.14055343482687	32.0187897316552	44.5
9.15456515324049	32.0288845687587	44.5
9.16857476007181	32.0389940321814	44.5
9.18258225532085	32.0491181219231	44.5
9.19658763898758	32.059256837984	44.5
9.21059091107203	32.069410180364	44.5
9.22459207157418	32.0795781490631	44.5
9.23859112049404	32.0897607440813	44.5
9.25258805783161	32.0999579654186	44.5
9.26658288358688	32.1101698130751	44.5
9.28057559775985	32.1203962870506	44.5
9.29456620035054	32.1306373873452	44.5
9.30855469135893	32.140893113959	44.5
9.32254107078503	32.1511634668919	44.5
9.33652533862884	32.1614484461439	44.5
9.35050749489035	32.171748051715	44.5
9.36448753956957	32.1820622836052	44.5
9.37846547266649	32.1923911418145	44.5
9.39244129418112	32.2027346263429	44.5
9.40641500411346	32.2130927371904	44.5
9.42038660246351	32.2234654743571	44.5
9.43435608923126	32.2338528378428	44.5
9.44832346441672	32.2442548276477	44.5
9.46228872801988	32.2546714437717	44.5
9.47625188004076	32.2651026862148	44.5
9.49021292047934	32.275548554977	44.5
9.50417184933562	32.2860090500583	44.5
9.51812866660961	32.2964841714587	44.5
9.53208337230131	32.3069739191782	44.5
9.54603596641072	32.3174782932169	44.5
9.55998644893783	32.3279972935746	44.5
9.57393481988265	32.3385309202515	44.5
9.58788107924517	32.3490791732474	44.5
9.6018252270254	32.3596420525625	44.5
9.61576726322334	32.3702195581967	44.5
9.62970718783899	32.38081169015	44.5
9.64364500087234	32.3914184484224	44.5
9.6575807023234	32.4020398330139	44.5
9.67151429219217	32.4126758439246	44.5
9.68544577047864	32.4233264811543	44.5
9.69937513718282	32.4339917447032	44.5
9.7133023923047	32.4446716345712	44.5
9.72722753584429	32.4553661507582	44.5
9.74115056780159	32.4660752932644	44.5
9.7550714881766	32.4767990620897	44.5
9.76899029696931	32.4875374572341	44.5
9.78290699417973	32.4982904786976	44.5
9.79682157980785	32.5090581264802	44.5
9.81073405385369	32.519840400582	44.5
9.82464441631723	32.5306373010028	44.5
9.83855266719847	32.5414488277428	44.5
9.85245880649742	32.5522749808019	44.5
9.86636283421408	32.56311576018	44.5
9.88026475034845	32.5739711658773	44.5
9.89416455490052	32.5848411978937	44.5
9.9080622478703	32.5957258562292	44.5
9.92195782925779	32.6066251408838	44.5
9.93585129906298	32.6175390518576	44.5
9.94974265728588	32.6284675891504	44.5
9.96363190392648	32.6394107527624	44.5
9.97751903898479	32.6503685426934	44.5
9.99140406246081	32.6613409589436	44.5
10.0052869743545	32.6723280015129	44.5
10.019167774666	32.6833296704013	44.5
10.0330464633951	32.6943459656088	44.5
10.046923040542	32.7053768871354	44.5
10.0607975061065	32.7164224349811	44.5
10.0746698600888	32.727482609146	44.5
10.0885401024887	32.7385574096299	44.5
10.1024082333064	32.749646836433	44.5
10.1162742525418	32.7607508895551	44.5
10.1301381601949	32.7718695689964	44.5
10.1439999562657	32.7830028747568	44.5
10.1578596407542	32.7941508068363	44.5
10.1717172136604	32.8053133652349	44.5
10.1855726749843	32.8164905499526	44.5
10.1994260247259	32.8276823609894	44.5
10.2132772628852	32.8388887983454	44.5
10.2271263894623	32.8501098620204	44.5
10.240973404457	32.8613455520146	44.5
10.2548183078694	32.8725958683278	44.5
10.2686610996996	32.8838608109602	44.5
10.2825017799475	32.8951403799117	44.5
10.296340348613	32.9064345751823	44.5
10.3101768056963	32.917743396772	44.5
10.3240111511973	32.9290668446808	44.5
10.337843385116	32.9404049189088	44.5
10.3516735074524	32.9517576194558	44.5
10.3655015182064	32.963124946322	44.5
10.3793274173783	32.9745068995072	44.5
10.3931512049678	32.9859034790116	44.5
10.406972880975	32.9973146848351	44.5
10.4207924453999	33.0087405169777	44.5
10.4346098982425	33.0201809754394	44.5
10.4484252395029	33.0316360602202	44.5
10.4622384691809	33.0431057713201	44.5
10.4760495872767	33.0545901087392	44.5
10.4898585937901	33.0660890724773	44.5
10.5036654887213	33.0776026625346	44.5
10.5174702720702	33.089130878911	44.5
10.5312729438368	33.1006737216064	44.5
10.545073504021	33.112231190621	44.5
10.558871952623	33.1238032859547	44.5
10.5726682896427	33.1353900076075	44.5
10.5864625150801	33.1469913555794	44.5
10.6002546289353	33.1586073298705	44.5
10.6140446312081	33.1702379304806	44.5
10.6278325218986	33.1818831574099	44.5
10.6416183010068	33.1935430106582	44.5
10.6554019685328	33.2052174902257	44.5
10.6691835244764	33.2169065961123	44.5
10.6829629688378	33.228610328318	44.5
10.6967403016168	33.2403286868428	44.5
10.7105155228136	33.2520616716867	44.5
10.7242886324281	33.2638092828497	44.5
10.7380596304602	33.2755715203319	44.5
10.7518285169101	33.2873483841331	44.5
10.7655952917777	33.2991398742534	44.5
10.779359955063	33.3109459906929	44.5
10.793122506766	33.3227667334515	44.5
10.8068829468867	33.3346021025292	44.5
10.8206412754252	33.346452097926	44.5
10.8343974923813	33.3583167196419	44.5
10.8481515977551	33.3701959676769	44.5
10.8619035915467	33.382089842031	44.5
10.8756534737559	33.3939983427043	44.5
10.8894012443829	33.4059214696966	44.5
10.9031469034275	33.4178592230081	44.5
10.9168904508899	33.4298116026386	44.5
10.93063188677	33.4417786085883	44.5
10.9443712110677	33.4537602408571	44.5
10.9581084237832	33.465756499445	44.5
10.9718435249164	33.477767384352	44.5
10.9855765144673	33.4897928955781	44.5
10.9993073924359	33.5018330331234	44.5
11.0130361588222	33.5138877969877	44.5
11.0267628136263	33.5259571871712	44.5
11.040487356848	33.5380412036737	44.5
11.0542097884874	33.5501398464954	44.5
11.0679301085446	33.5622531156362	44.5
11.0816483170194	33.5743810110961	44.5
11.095364413912	33.5865235328751	44.5
11.1090783992222	33.5986806809732	44.5
11.1227902729502	33.6108524553904	44.5
11.1365000350959	33.6230388561268	44.5
11.1502076856592	33.6352398831822	44.5
11.1639132246403	33.6474555365568	44.5
11.1776166520391	33.6596858162504	44.5
11.1913179678556	33.6719307222632	44.5
11.2050171720898	33.6841902545951	44.5
11.2187142647417	33.6964644132461	44.5
11.2324092458114	33.7087531982162	44.5
11.2461021152987	33.7210566095054	44.5
11.2597928732037	33.7333746471137	44.5
11.2734815195265	33.7457073110412	44.5
11.2871680542669	33.7580546012877	44.5
11.3008524774251	33.7704165178534	44.5
11.3145347890009	33.7827930607382	44.5
11.3282149889945	33.7951842299421	44.5
11.3418930774058	33.807590025465	44.5
11.3555690542347	33.8200104473071	44.5
11.3692429194814	33.8324454954684	44.5
11.3829146731458	33.8448951699487	44.5
11.3965843152279	33.8573594707481	44.5
11.4102518457277	33.8698383978667	44.5
11.4239172646452	33.8823319513043	44.5
11.4375805719805	33.8948401310611	44.5
11.4512417677334	33.907362937137	44.5
11.464900851904	33.9199003695319	44.5
11.4785578244924	33.932452428246	44.5
11.4922126854984	33.9450191132792	44.5
11.5058654349222	33.9576004246316	44.5
11.5195160727636	33.970196362303	44.5
11.5331645990228	33.9828069262935	44.5
11.5468110136997	33.9954321166032	44.5
11.5604553167942	34.0080719332319	44.5
11.5740975083065	34.0207263761798	44.5
11.5877375882365	34.0333954454468	44.5
11.6013755565842	34.0460791410329	44.5
11.6150114133496	34.0587774629381	44.5
11.6286451585327	34.0714904111624	44.5
11.6422767921336	34.0842179857058	44.5
11.6559063141521	34.0969601865683	44.5
11.6695337245883	34.10971701375	44.5
11.6831590234423	34.1224884672507	44.5
11.6967822107139	34.1352745470706	44.5
11.7104032864033	34.1480752532096	44.5
11.7240222505103	34.1608905856676	44.5
11.7376391030351	34.1737205444448	44.5
11.7512538439776	34.1865651295411	44.5
11.7648664733377	34.1994243409566	44.5
11.7784769911156	34.2122981786911	44.5
11.7920853973112	34.2251866427447	44.5
11.8056916919245	34.2380897331175	44.5
11.8192958749555	34.2510074498093	44.5
11.8328979464042	34.2639397928203	44.5
11.8464979062707	34.2768867621504	44.5
11.8600957545548	34.2898483577995	44.5
11.8736914912566	34.3028245797678	44.5
11.8872851163762	34.3158154280552	44.5
11.9008766299134	34.3288209026618	44.5
11.9144660318684	34.3418410035874	44.5
11.928053322241	34.3548757308321	44.5
11.9416385010314	34.367925084396	44.5
11.9552215682395	34.3809890642789	44.5
11.9688025238652	34.394067670481	44.5
11.9823813679087	34.4071609030022	44.5
11.9959581003699	34.4202687618425	44.5
12.0095327212488	34.4333912470019	44.5
12.0231052305454	34.4465283584804	44.5
12.0366756282597	34.459680096278	44.5
12.0502439143918	34.4728464603948	44.5
12.0638100889415	34.4860274508306	44.5
12.0773741519089	34.4992230675855	44.5
12.0909361032941	34.5124333106596	44.5
12.1044959430969	34.5256581800528	44.5
12.1180536713175	34.5388976757651	44.5
12.1316092879557	34.5521517977965	44.5
12.1451627930117	34.565420546147	44.5
12.1587141864854	34.5787039208166	44.5
12.1722634683767	34.5920019218053	44.5
12.1858106386858	34.6053145491132	44.5
12.1993556974126	34.6186418027401	44.5
12.2128986445571	34.6319836826862	44.5
12.2264394801193	34.6453401889513	44.5
12.2399782040992	34.6587113215356	44.5
12.2535148164969	34.672097080439	44.5
12.2670493173122	34.6854974656615	44.5
12.2805817065452	34.6989124772031	44.5
12.294111984196	34.7123421150638	44.5
12.3076401502644	34.7257863792437	44.5
12.3211662047506	34.7392452697426	44.5
12.3346901476544	34.7527187865606	44.5
12.348211978976	34.7662069296978	44.5
12.3617316987153	34.7797096991541	44.5
12.3752493068722	34.7932270949295	44.5
12.3887648034469	34.806759117024	44.5
12.4022781884393	34.8203057654376	44.5
12.4157894618494	34.8338670401703	44.5
12.4292986236772	34.8474429412221	44.5
12.4428056739227	34.861033468593	44.5
12.456310612586	34.8746386222831	44.5
12.4698134396669	34.8882584022922	44.5
12.4833141551655	34.9018928086205	44.5
12.4968127590819	34.9155418412679	44.5
12.5103092514159	34.9292055002344	44.5
12.5238036321677	34.94288378552	44.5
12.5372959013371	34.9565766971247	44.5
12.5507860589243	34.9702842350485	44.5
12.5642741049292	34.9840063992914	44.5
12.5777600393518	34.9977431898535	44.5
12.591243862192	35.0114946067346	44.5
12.60472557345	35.0252606499349	44.5
12.6182051731257	35.0390413194542	44.5
12.6316826612191	35.0528366152927	44.5
12.6451580377303	35.0666465374503	44.5
12.6586313026591	35.080471085927	44.5
12.6721024560056	35.0943102607228	44.5
12.6855714977698	35.1081640618377	44.5
12.6990384279518	35.1220324892718	44.5
12.7125032465514	35.1359155430249	44.5
12.7259659535688	35.1498132230972	44.5
12.7394265490038	35.1637255294885	44.5
12.7528850328566	35.177652462199	44.5
12.7663414051271	35.1915940212286	44.5
12.7797956658153	35.2055502065773	44.5
12.7932478149211	35.2195210182451	44.5
12.8066978524447	35.233506456232	44.5
12.820145778386	35.247506520538	44.5
12.833591592745	35.2615212111632	44.5
12.8470352955218	35.2755505281074	44.5
12.8604768867162	35.2895944713708	44.5
12.8739163663283	35.3036530409533	44.5
12.8873537343581	35.3177262368548	44.5
12.9007889908057	35.3318140590755	44.5
12.9142221356709	35.3459165076153	44.5
12.9276531689539	35.3600335824742	44.5
12.9410820906546	35.3741652836522	44.5
12.9545089007729	35.3883116111494	44.5
12.967933599309	35.4024725649656	44.5
12.9813561862628	35.416648145101	44.5
12.9947766616343	35.4308383515554	44.5
13.0081950254235	35.445043184329	44.5
13.0216112776304	35.4592626434217	44.5
13.035025418255	35.4734967288335	44.5
13.0484374472973	35.4877454405644	44.5
13.0618473647573	35.5020087786144	44.5
13.075255170635	35.5162867429835	44.5
13.0886608649305	35.5305793336717	44.5
13.1020644476436	35.5448865506791	44.5
13.1154659187744	35.5592083940055	44.5
13.128865278323	35.5735448636511	44.5
13.1422625262893	35.5878959596158	44.5
13.1556576626732	35.6022616818996	44.5
13.1690506874749	35.6166420305025	44.5
13.1824416006943	35.6310370054245	44.5
13.1958304023314	35.6454466066656	44.5
13.2092170923862	35.6598708342258	44.5
13.2226016708587	35.6743096881052	44.5
13.2359841377489	35.6887631683036	44.5
13.2493644930568	35.7032312748212	44.5
13.2627427367824	35.7177140076578	44.5
13.2761188689257	35.7322113668136	44.5
13.2894928894868	35.7467233522885	44.5
13.3028647984655	35.7612499640825	44.5
13.316234595862	35.7757912021956	44.5
13.3296022816761	35.7903470666278	44.5
13.342967855908	35.8049175573792	44.5
13.3563313185575	35.8195026744496	44.5
13.3696926696248	35.8341024178392	44.5
13.3830519091098	35.8487167875478	44.5
13.3964090370125	35.8633457835756	44.5
13.4097640533329	35.8779894059225	44.5
13.423116958071	35.8926476545885	44.5
13.4364677512268	35.9073205295736	44.5
13.4498164328003	35.9220080308778	44.5
13.4631630027915	35.9367101585011	44.5
13.4765074612005	35.9514269124436	44.5
13.4898498080271	35.9661582927051	44.5
13.5031900432714	35.9809042992858	44.5
13.5165281669335	35.9956649321855	44.5
13.5298641790132	36.0104401914044	44.5
13.5431980795107	36.0252300769424	44.5
13.5565298684259	36.0400345887995	44.5
13.5698595457587	36.0548537269757	44.5
13.5831871115093	36.069687491471	44.5
13.5965125656776	36.0845358822855	44.5
13.6098359082636	36.099398899419	44.5
13.6231571392673	36.1142765428717	44.5
13.6364762586887	36.1291688126434	44.5
13.6497932665278	36.1440757087343	44.5
13.6631081627846	36.1589972311443	44.5
13.6764209474592	36.1739333798734	44.5
13.6897316205514	36.1888841549216	44.5
13.7030401820613	36.2038495562889	44.5
13.716346631989	36.2188295839753	44.5
13.7296509703343	36.2338242379808	44.5
13.7429531970974	36.2488335183055	44.5
13.7562533122782	36.2638574249492	44.5
13.7695513158767	36.2788959579121	44.5
13.7828472078928	36.2939491171941	44.5
13.7961409883267	36.3090169027952	44.5
13.8094326571783	36.3240993147154	44.5
13.8227222144476	36.3391963529547	44.5
13.8360096601346	36.3543080175131	44.5
13.8492949942393	36.3694343083906	44.5
13.8625782167618	36.3845752255872	44.5
13.8758593277019	36.399730769103	44.5
13.8891383270597	36.4149009389378	44.5
13.9024152148353	36.4300857350918	44.5
13.9156899910285	36.4452851575649	44.5
13.9289626556395	36.4604992063571	44.5
13.9422332086681	36.4757278814684	44.5
13.9555016501145	36.4909711828988	44.5
13.9687679799786	36.5062291106483	44.5
13.9820321982604	36.521501664717	44.5
13.9952943049598	36.5367888451047	44.5
14.008554300077	36.5520906518115	44.5
14.0218121836119	36.5674070848375	44.5
14.0350679555645	36.5827381441826	44.5
14.0483216159349	36.5980838298468	44.5
14.0615731647229	36.6134441418301	44.5
14.0748226019286	36.6288190801325	44.5
14.088069927552	36.644208644754	44.5
14.1013151415932	36.6596128356946	44.5
14.114558244052	36.6750316529543	44.5
14.1277992349286	36.6904650965332	44.5
14.1410381142229	36.7059131664311	44.5
14.1542748819348	36.7213758626482	44.5
14.1675095380645	36.7368531851844	44.5
14.1807420826119	36.7523451340397	44.5
14.193972515577	36.7678517092141	44.5
14.2072008369598	36.7833729107076	44.5
14.2204270467603	36.7989087385202	44.5
14.2336511449785	36.8144591926519	44.5
14.2468731316144	36.8300242731028	44.5
14.260093006668	36.8456039798727	44.5
14.2733107701393	36.8611983129618	44.5
14.2865264220284	36.8768072723699	44.5
14.2997399623351	36.8924308580972	44.5
14.3129513910596	36.9080690701436	44.5
14.3261607082017	36.9237219085091	44.5
14.3393679137616	36.9393893731937	44.5
14.3525730077391	36.9550714641975	44.5
14.3657759901344	36.9707681815203	44.5
14.3789768609474	36.9864795251622	44.5
14.3921756201781	37.0022054951233	44.5
14.4053722678265	37.0179460914034	44.5
14.4185668038926	37.0337013140027	44.5
14.4317592283764	37.0494711629211	44.5
14.4449495412779	37.0652556381586	44.5
14.4581377425971	37.0810547397152	44.5
14.4713238323341	37.0968684675909	44.5
14.4845078104887	37.1126968217858	44.5
14.497689677061	37.1285398022997	44.5
14.5108694320511	37.1443974091327	44.5
14.5240470754588	37.1602696422849	44.5
14.5372226072843	37.1761565017562	44.5
14.5503960275275	37.1920579875465	44.5
14.5635673361883	37.207974099656	44.5
14.5767365332669	37.2239048380846	44.5
14.5899036187632	37.2398502028323	44.5
14.6030685926772	37.2558101938992	44.5
14.6162314550089	37.2717848112851	44.5
14.6293922057583	37.2877740549901	44.5
14.6425508449254	37.3037779250143	44.5
14.6557073725103	37.3197964213576	44.5
14.6688617885128	37.3358295440199	44.5
14.682014092933	37.3518772930014	44.5
14.695164285771	37.367939668302	44.5
14.7083123670266	37.3840166699217	44.5
14.7214583367	37.4001082978605	44.5
14.734602194791	37.4162145521184	44.5
14.7477439412998	37.4323354326955	44.5
14.7608835762263	37.4484709395916	44.5
14.7740210995705	37.4646210728069	44.5
14.7871565113323	37.4807858323413	44.5
14.8002898115119	37.4969652181947	44.5
14.8134210001092	37.5131592303673	44.5
14.8265500771242	37.529367868859	44.5
14.839677042557	37.5455911336698	44.5
14.8528018964074	37.5618290247997	44.5
14.8659246386755	37.5780815422488	44.5
14.8790452693614	37.5943486860169	44.5
14.8921637884649	37.6106304561041	44.5
14.9052801959861	37.6269268525105	44.5
14.9183944919251	37.643237875236	44.5
14.9315066762818	37.6595635242806	44.5
14.9446167490561	37.6759037996443	44.5
14.9577247102482	37.6922587013271	44.5
14.970830559858	37.708628229329	44.5
14.9839342978855	37.72501238365	44.5
14.9970359243307	37.7414111642901	44.5
15.0101354391936	37.7578245712494	44.5
15.0232328424742	37.7742526045277	44.5
15.0363281341725	37.7906952641252	44.5
15.0494213142885	37.8071525500418	44.5
15.0625123828222	37.8236244622774	44.5
15.0756013397737	37.8401110008322	44.5
15.0886881851428	37.8566121657061	44.5
15.1017729189297	37.8731279568992	44.5
15.1148555411342	37.8896583744113	44.5
15.1279360517565	37.9062034182425	44.5
15.1410144507965	37.9227630883929	44.5
15.1540907382541	37.9393373848623	44.5
15.1671649141295	37.9559263076509	44.5
15.1802369784226	37.9725298567586	44.5
15.1933069311334	37.9891480321854	44.5
15.2063747722619	38.0057808339313	44.5
15.2194405018081	38.0224282619963	44.5
15.232504119772	38.0390903163804	44.5
15.2455656261537	38.0557669970836	44.5
15.258625020953	38.072458304106	44.5
15.27168230417	38.0891642374474	44.5
15.2847374758048	38.105884797108	44.5
15.2977905358572	38.1226199830876	44.5
15.3108414843274	38.1393697953864	44.5
15.3238903212152	38.1561342340043	44.5
15.3369370465208	38.1729132989413	44.5
15.3499816602441	38.1897069901974	44.5
15.3630241623851	38.2065153077727	44.5
15.3760645529437	38.223338251667	44.5
15.3891028319201	38.2401758218804	44.5
15.4021389993142	38.257028018413	44.5
15.415173055126	38.2738948412647	44.5
15.4282049993556	38.2907762904354	44.5
15.4412348320028	38.3076723659253	44.5
15.4542625530677	38.3245830677343	44.5
15.4672881625503	38.3415083958624	44.5
15.4803116604507	38.3584483503097	44.5
15.4933330467687	38.375402931076	44.5
15.5063523215045	38.3923721381614	44.5
15.519369484658	38.409355971566	44.5
15.5323845362291	38.4263544312896	44.5
15.545397476218	38.4433675173324	44.5
15.5584083046246	38.4603952296943	44.5
15.5714170214489	38.4774375683753	44.5
15.5844236266909	38.4944945333754	44.5
15.5974281203506	38.5115661246946	44.5
15.610430502428	38.5286523423329	44.5
15.6234307729231	38.5457531862903	44.5
15.6364289318359	38.5628686565669	44.5
15.6494249791664	38.5799987531625	44.5
15.6624189149147	38.5971434760773	44.5
15.6754107390806	38.6143028253112	44.5
15.6884004516643	38.6314768008641	44.5
15.7013880526656	38.6486654027363	44.5
15.7143735420847	38.6658686309274	44.5
15.7273569199215	38.6830864854378	44.5
15.7403381861759	38.7003189662672	44.5
15.7533173408481	38.7175660734157	44.5
15.766294383938	38.7348278068834	44.5
15.7792693154456	38.7521041666701	44.5
15.7922421353709	38.769395152776	44.5
15.8052128437139	38.786700765201	44.5
15.8181814404746	38.8040210039451	44.5
15.8311479256531	38.8213558690083	44.5
15.8441122992492	38.8387053603906	44.5
15.857074561263	38.856069478092	44.5
15.8700347116946	38.8734482221125	44.5
15.8829927505438	38.8908415924522	44.5
15.8959486778108	38.9082495891109	44.5
15.9089024934954	38.9256722120888	44.5
15.9218541975978	38.9431094613857	44.5
15.9348037901179	38.9605613370018	44.5
15.9477512710557	38.978027838937	44.5
15.9606966404112	38.9955089671913	44.5
15.9736398981843	39.0130047217647	44.5
15.9865810443753	39.0305151026573	44.5
15.9995200789839	39.0480401098689	44.5
16.0124570020102	39.0655797433996	44.5
16.0253918134542	39.0831340032495	44.5
16.0383245133159	39.1007028894185	44.5
16.0512551015954	39.1182864019065	44.5
16.0641835782925	39.1358845407137	44.5
16.0771099434074	39.15349730584	44.5
16.0900341969399	39.1711246972854	44.5
16.1029563388902	39.18876671505	44.5
16.1158763692581	39.2064233591336	44.5
16.1287942880438	39.2240946295363	44.5
16.1417100952472	39.2417805262582	44.5
16.1546237908683	39.2594810492991	44.5
16.1675353749071	39.2771961986592	44.5
16.1804448473636	39.2949259743384	44.5
16.1933522082378	39.3126703763367	44.5
16.2062574575297	39.3304294046541	44.5
16.2191605952393	39.3482030592906	44.5
16.2320616213667	39.3659913402462	44.5
16.2449605359117	39.3837942475209	44.5
16.2578573388745	39.4016117811148	44.5
16.2707520302549	39.4194439410277	44.5
16.2836446100531	39.4372907272598	44.5
16.2965350782689	39.455152139811	44.5
16.3094234349025	39.4730281786812	44.5
16.3223096799538	39.4909188438706	44.5
16.3351938134227	39.5088241353791	44.5
16.3480758353094	39.5267440532068	44.5
16.3609557456138	39.5446785973535	44.5
16.3738335443359	39.5626277678193	44.5
16.3867092314757	39.5805915646043	44.5
16.3995828070333	39.5985699877083	44.5
16.4124542710085	39.6165630371315	44.5
16.4253236234014	39.6345707128738	44.5
16.4381908642121	39.6525930149351	44.5
16.4510559934404	39.6706299433156	44.5
16.4639190110864	39.6886814980153	44.5
16.4767799171502	39.706747679034	44.5
16.4896387116317	39.7248284863718	44.5
16.5024953945308	39.7429239200287	44.5
16.5153499658477	39.7610339800048	44.5
16.5282024255823	39.7791586663	44.5
16.5410527737346	39.7972979789142	44.5
16.5539010103046	39.8154519178476	44.5
16.5667471352923	39.8336204831001	44.5
16.5795911486977	39.8518036746717	44.5
16.5924330505208	39.8700014925624	44.5
16.6052728407616	39.8882139367722	44.5
16.6181105194202	39.9064410073012	44.5
16.6309460864964	39.9246827041492	44.5
16.6437795419903	39.9429390273164	44.5
16.656610885902	39.9612099768026	44.5
16.6694401182313	39.979495552608	44.5
16.6822672389784	39.9977957547325	44.5
16.6950922481432	40.0161105831761	44.5
16.7079151457257	40.0344400379388	44.5
16.7207359317258	40.0527841190206	44.5
16.7335546061437	40.0711428264215	44.5
16.7463711689793	40.0895161601416	44.5
16.7591856202326	40.1079041201807	44.5
16.7719979599036	40.126306706539	44.5
16.7848081879924	40.1447239192164	44.5
16.7976163044988	40.1631557582128	44.5
16.8104223094229	40.1816022235284	44.5
16.8232262027647	40.2000633151631	44.5
16.8360279845243	40.2185390331169	44.5
16.8488276547015	40.2370293773899	44.5
16.8616252132965	40.2555343479819	44.5
16.8744206603092	40.274053944893	44.5
16.8872139957395	40.2925881681233	44.5
16.9000052195876	40.3111370176726	44.5
16.9127943318534	40.3297004935411	44.5
16.9255813325369	40.3482785957287	44.5
16.9383662216381	40.3668713242354	44.5
16.951148999157	40.3854786790612	44.5
16.9639296650936	40.4041006602061	44.5
16.9767082194479	40.4227372676701	44.5
16.9894846622199	40.4413885014533	44.5
17.0022589934097	40.4600543615555	44.5
17.0150312130171	40.4787348479769	44.5
17.0278013210422	40.4974299607173	44.5
17.0405693174851	40.5161396997769	44.5
17.0533352023456	40.5348640651556	44.5
17.0660989756239	40.5536030568534	44.5
17.0788606373199	40.5723566748703	44.5
17.0916201874336	40.5911249192063	44.5
17.1043776259649	40.6099077898615	44.5
17.117132952914	40.6287052868357	44.5
17.1298861682808	40.6475174101291	44.5
17.1426372720653	40.6663441597415	44.5
17.1553862642675	40.6851855356731	44.5
17.1681331448875	40.7040415379238	44.5
17.1808779139251	40.7229121664936	44.5
17.1936205713804	40.7417974213825	44.5
17.2063611172534	40.7606973025905	44.5
17.2190995515442	40.7796118101176	44.5
17.2318358742526	40.7985409439638	44.5
17.2445700853788	40.8174847041292	44.5
17.2573021849227	40.8364430906136	44.5
17.2700321728842	40.8554161034172	44.5
17.2827600492635	40.8744037425399	44.5
17.2954858140605	40.8934060079817	44.5
17.3082094672752	40.9124228997426	44.5
17.3209310089076	40.9314544178226	44.5
17.3336504389577	40.9505005622217	44.5
17.3463677574255	40.9695613329399	44.5
17.359082964311	40.9886367299772	44.5
17.3717960596142	41.0077267533337	44.5
17.3845070433352	41.0268314030092	44.5
17.3972159154738	41.0459506790039	44.5
17.4099226760301	41.0650845813177	44.5
17.4226273250042	41.0842331099506	44.5
17.4353298623959	41.1033962649026	44.5
17.4480302882054	41.1225740461737	44.5
17.4607286024326	41.1417664537639	44.5
17.4734248050775	41.1609734876732	44.5
17.48611889614	41.1801951479017	44.5
17.4988108756203	41.1994314344492	44.5
17.5115007435183	41.2186823473159	44.5
17.524188499834	41.2379478865017	44.5
17.5368741445674	41.2572280520065	44.5
17.5495576777186	41.2765228438305	44.5
17.5622390992874	41.2958322619736	44.5
17.5749184092739	41.3151563064359	44.5
17.5875956076782	41.3344949772172	44.5
17.6002706945001	41.3538482743176	44.5
17.6129436697397	41.3732161977372	44.5
17.6256145333971	41.3925987474758	44.5
17.6382832854722	41.4119959235336	44.5
17.6509499259649	41.4314077259105	44.5
17.6636144548754	41.4508341546064	44.5
17.6762768722036	41.4702752096215	44.5
17.6889371779495	41.4897308909558	44.5
17.7015953721131	41.5092011986091	44.5
17.7142514546944	41.5286861325815	44.5
17.7269054256934	41.548185692873	44.5
17.7395572851101	41.5676998794837	44.5
17.7522070329445	41.5872286924134	44.5
17.7648546691967	41.6067721316623	44.5
17.7775001938665	41.6263301972303	44.5
17.7901436069541	41.6459028891174	44.5
17.8027849084593	41.6654902073236	44.5
17.8154240983823	41.6850921518489	44.5
17.8280611767229	41.7047087226933	44.5
17.8406961434813	41.7243399198569	44.5
17.8533289986574	41.7439857433395	44.5
17.8659597422512	41.7636461931413	44.5
17.8785883742626	41.7833212692621	44.5
17.8912148946918	41.8030109717021	44.5
17.9038393035387	41.8227153004612	44.5
17.9164616008034	41.8424342555394	44.5
17.9290817864857	41.8621678369367	44.5
17.9416998605857	41.8819160446531	44.5
17.9543158231034	41.9016788786886	44.5
17.9669296740389	41.9214563390433	44.5
17.979541413392	41.941248425717	44.5
17.9921510411629	41.9610551387099	44.5
18.0047585573514	41.9808764780218	44.5
18.0173639619577	42.0007124436529	44.5
18.0299672549817	42.0205630356031	44.5
18.0425684364233	42.0404282538724	44.5
18.0551675062827	42.0603080984608	44.5
18.0677644645598	42.0802025693683	44.5
18.0803593112546	42.100111666595	44.5
18.0929520463671	42.1200353901407	44.5
18.1055426698973	42.1399737400055	44.5
18.1181311818452	42.1599267161895	44.5
18.1307175822109	42.1798943186926	44.5
18.1433018709942	42.1998765475148	44.5
18.1558840481952	42.219873402656	44.5
18.168464113814	42.2398848841165	44.5
18.1810420678504	42.259910991896	44.5
18.1936179103046	42.2799517259946	44.5
18.2061916411764	42.3000070864123	44.5
18.218763260466	42.3200770731492	44.5
18.2313327681733	42.3401616862051	44.5
18.2439001642983	42.3602609255802	44.5
18.256465448841	42.3803747912744	44.5
18.2690286218014	42.4005032832877	44.5
18.2815896831795	42.42064640162	44.5
18.2941486329753	42.4408041462716	44.5
18.3067054711888	42.4609765172422	44.5
18.31926019782	42.4811635145319	44.5
18.331812812869	42.5013651381407	44.5
18.3443633163356	42.5215813880687	44.5
18.3569117082199	42.5418122643158	44.5
18.369457988522	42.5620577668819	44.5
18.3820021572417	42.5823178957672	44.5
18.3945442143792	42.6025926509716	44.5
18.4070841599344	42.6228820324951	44.5
18.4196219939073	42.6431860403377	44.5
18.4321577162978	42.6635046744994	44.5
18.4446913271061	42.6838379349803	44.5
18.4572228263321	42.7041858217802	44.5
18.4697522139758	42.7245483348993	44.5
18.4822794900372	42.7449254743374	44.5
18.4948046545164	42.7653172400947	44.5
18.5073277074132	42.7857236321711	44.5
18.5198486487277	42.8061446505666	44.5
18.53236747846	42.8265802952812	44.5
18.5448841966099	42.8470305663149	44.5
18.5573988031775	42.8674954636677	44.5
18.5699112981629	42.8879749873397	44.5
18.582421681566	42.9084691373307	44.5
18.5949299533867	42.9289779136409	44.5
18.6074361136252	42.9495013162701	44.5
18.6199401622814	42.9700393452185	44.5
18.6324420993553	42.990592000486	44.5
18.6449419248469	43.0111592820726	44.5
18.6574396387562	43.0317411899783	44.5
18.6699352410832	43.0523377242031	44.5
18.6824287318279	43.072948884747	44.5
18.6949201109904	43.0935746716101	44.5
18.7074093785705	43.1142150847922	44.5
18.7198965345683	43.1348701242935	44.5
18.7323815789839	43.1555397901139	44.5
18.7448645118171	43.1762240822534	44.5
18.7573453330681	43.1969230007119	44.5
18.7698240427367	43.2176365454897	44.5
18.7823006408231	43.2383647165865	44.5
18.7947751273272	43.2591075140024	44.5
18.807247502249	43.2798649377374	44.5
18.8197177655885	43.3006369877916	44.5
18.8321859173457	43.3214236641648	44.5
18.8446519575206	43.3422249668572	44.5
18.8571158861132	43.3630408958687	44.5
18.8695777031235	43.3838714511992	44.5
18.8820374085515	43.4047166328489	44.5
18.8944950023973	43.4255764408177	44.5
18.9069504846607	43.4464508751057	44.5
18.9194038553418	43.4673399357127	44.5
18.9318551144407	43.4882436226388	44.5
18.9443042619572	43.5091619358841	44.5
18.9567512978915	43.5300948754484	44.5
18.9691962222435	43.5510424413319	44.5
18.9816390350132	43.5720046335345	44.5
18.9940797362005	43.5929814520562	44.5
19.0065183258056	43.613972896897	44.5
19.0189548038284	43.6349789680569	44.5
19.0313891702689	43.6559996655359	44.5
19.0438214251271	43.677034989334	44.5
19.0562515684031	43.6980849394513	44.5
19.0686796000967	43.7191495158876	44.5
19.081105520208	43.7402287186431	44.5
19.0935293287371	43.7613225477177	44.5
19.1059510256838	43.7824310031114	44.5
19.1183706110483	43.8035540848242	44.5
19.1307880848304	43.8246917928561	44.5
19.1432034470303	43.8458441272071	44.5
19.1556166976479	43.8670110878772	44.5
19.1680278366831	43.8881926748664	44.5
19.1804368641361	43.9093888881748	44.5
19.1928437800068	43.9305997278022	44.5
19.2052485842952	43.9518251937488	44.5
19.2176512770013	43.9730652860145	44.5
19.2300518581251	43.9943200045993	44.5
19.2424503276666	44.0155893495032	44.5
19.2548466856259	44.0368733207262	44.5
19.2672409320028	44.0581719182683	44.5
19.2796330667974	44.0794851421295	44.5
19.2920230900098	44.1008129923099	44.5
19.3044110016398	44.1221554688093	44.5
19.3167968016876	44.1435125716279	44.5
19.3291804901531	44.1648843007656	44.5
19.3415620670362	44.1862706562223	44.5
19.3539415323371	44.2076716379982	44.5
19.3663188860557	44.2290872460932	44.5
19.378694128192	44.2505174805073	44.5
19.391067258746	44.2719623412406	44.5
19.4034382777177	44.2934218282929	44.5
19.4158071851071	44.3148959416643	44.5
19.4281739809142	44.3363846813549	44.5
19.440538665139	44.3578880473646	44.5
19.4529012377816	44.3794060396933	44.5
19.4652616988418	44.4009386583412	44.5
19.4776200483197	44.4224859033082	44.5
19.4899762862154	44.4440477745943	44.5
19.5023304125288	44.4656242721995	44.5
19.5146824272598	44.4872153961239	44.5
19.5270323304086	44.5088211463673	44.5
19.5393801219751	44.5304415229298	44.5
19.5517258019593	44.5520765258115	44.5
19.5640693703611	44.5737261550123	44.5
19.5764108271808	44.5953904105321	44.5
19.5887501724181	44.6170692923711	44.5
19.6010874060731	44.6387628005292	44.5
19.6134225281458	44.6604709350064	44.5
19.6257555386362	44.6821936958028	44.5
19.6380864375443	44.7039310829182	44.5
19.6504152248702	44.7256830963527	44.5
19.6627419006137	44.7474497361064	44.5
19.675066464775	44.7692310021792	44.5
19.6873889173539	44.791026894571	44.5
19.6997092583506	44.812837413282	44.5
19.712027487765	44.8346625583121	44.5
19.7243436055971	44.8565023296613	44.5
19.7366576118468	44.8783567273296	44.5
19.7489695065143	44.9002257513171	44.5
19.7612792895995	44.9221094016236	44.5
19.7735869611024	44.9440076782492	44.5
19.785892521023	44.965920581194	44.5
19.7981959693614	44.9878481104578	44.5
19.8104973061174	45.0097902660408	44.5
19.8227965312911	45.0317470479429	44.5
19.8350936448826	45.0537184561641	44.5
19.8473886468917	45.0757044907044	44.5
19.8596815373186	45.0977051515638	44.5
19.8719723161631	45.1197204387424	44.5
19.8842609834254	45.14175035224	44.5
19.8965475391053	45.1637948920568	44.5
19.908831983203	45.1858540581926	44.5
19.9211143157184	45.2079278506476	44.5
19.9333945366515	45.2300162694217	44.5
19.9456726460023	45.2521193145149	44.5
19.9579486437708	45.2742369859272	44.5
19.970222529957	45.2963692836586	44.5
19.9824943045609	45.3185162077091	44.5
19.9947639675826	45.3406777580787	44.5
20.0070315190219	45.3628539347675	44.5
20.0192969588789	45.3850447377753	44.5
20.0315602871537	45.4072501671023	44.5
20.0438215038461	45.4294702227484	44.5
20.0560806089563	45.4517049047136	44.5
20.0683376024842	45.4739542129979	44.5
20.0805924844297	45.4962181476013	44.5
20.092845254793	45.5184967085238	44.5
20.105095913574	45.5407898957654	44.5
20.1173444607727	45.5630977093261	44.5
20.1295908963891	45.585420149206	44.5
20.1418352204232	45.6077572154049	44.5
20.154077432875	45.630108907923	44.5
20.1663175337445	45.6524752267602	44.5
20.1785555230317	45.6748561719165	44.5
20.1907914007367	45.6972517433919	44.5
20.2030251668593	45.7196619411864	44.5
20.2152568213997	45.7420867653	44.5
20.2274863643577	45.7645262157327	44.5
20.2397137957335	45.7869802924846	44.5
20.2519391155269	45.8094489955555	44.5
20.2641623237381	45.8319323249456	44.5
20.276383420367	45.8544302806548	44.5
20.2886024054136	45.876942862683	44.5
20.3008192788779	45.8994700710304	44.5
20.3130340407599	45.9220119056969	44.5
20.3252466910596	45.9445683666826	44.5
20.337457229777	45.9671394539873	44.5
20.3496656569121	45.9897251676111	44.5
20.3618719724649	46.0123255075541	44.5
20.3740761764355	46.0349404738161	44.5
20.3862782688237	46.0575700663973	44.5
20.3984782496296	46.0802142852976	44.5
20.4106761188533	46.1028731305169	44.5
20.4228718764947	46.1255466020554	44.5
20.4350655225537	46.148234699913	44.5
20.4472570570305	46.1709374240898	44.5
20.459446479925	46.1936547745856	44.5
20.4716337912372	46.2163867514005	44.5
20.4838189909671	46.2391333545346	44.5
20.4960020791146	46.2618945839877	44.5
20.50818305568	46.28467043976	44.5
20.520361920663	46.3074609218514	44.5
20.5325386740637	46.3302660302619	44.5
20.5447133158821	46.3530857649915	44.5
20.5568858461182	46.3759201260402	44.5
20.5690562647721	46.398769113408	44.5
20.5812245718436	46.4216327270949	44.5
20.5933907673329	46.444510967101	44.5
20.6055548512398	46.4674038334261	44.5
20.6177168235645	46.4903113260704	44.5
20.6298766843069	46.5132334450338	44.5
20.642034433467	46.5361701903163	44.5
20.6541900710447	46.5591215619179	44.5
20.6663435970402	46.5820875598386	44.5
20.6784950114534	46.6050681840784	44.5
20.6906443142843	46.6280634346373	44.5
20.702791505533	46.6510733115153	44.5
20.7149365851993	46.6740978147125	44.5
20.7270795532833	46.6971369442288	44.5
20.739220409785	46.7201907000641	44.5
20.7513591547045	46.7432590822186	44.5
20.7634957880416	46.7663420906922	44.5
20.7756303097965	46.7894397254849	44.5
20.787762719969	46.8125519865967	44.5
20.7998930185593	46.8356788740276	44.5
20.8120212055673	46.8588203877776	44.5
20.8241472809929	46.8819765278468	44.5
20.8362712448363	46.905147294235	44.5
20.8483930970974	46.9283326869424	44.5
20.8605128377762	46.9515327059689	44.5
20.8726304668727	46.9747473513144	44.5
20.8847459843869	46.9979766229792	44.5
20.8968593903189	47.021220520963	44.5
20.9089706846685	47.0444790452659	44.5
20.9210798674358	47.0677521958879	44.5
20.9331869386209	47.091039972829	44.5
20.9452918982236	47.1143423760893	44.5
20.9573947462441	47.1376594056686	44.5
20.9694954826822	47.1609910615671	44.5
20.9815941075381	47.1843373437847	44.5
20.9936906208117	47.2076982523214	44.5
21.0057850225029	47.2310737871771	44.5
21.0178773126119	47.2544639483521	44.5
21.0299674911386	47.2778687358461	44.5
21.042055558083	47.3012881496592	44.5
21.0541415134451	47.3247221897914	44.5
21.0662253572249	47.3481708562428	44.5
21.0783070894225	47.3716341490132	44.5
21.0903867100377	47.3951120681028	44.5
21.1024642190706	47.4186046135115	44.5
21.1145396165212	47.4421117852393	44.5
21.1266129023896	47.4656335832862	44.5
21.1386840766757	47.4891700076522	44.5
21.1507531393794	47.5127210583373	44.5
21.1628200905009	47.5362867353415	44.5
21.1748849300401	47.5598670386649	44.5
21.1869476579969	47.5834619683073	44.5
21.1990082743715	47.6070715242689	44.5
21.2110667791638	47.6306957065496	44.5
21.2231231723738	47.6543345151494	44.5
21.2351774540015	47.6779879500683	44.5
21.2472296240469	47.7016560113063	44.5
21.25927968251	47.7253386988634	44.5
21.2713276293909	47.7490360127396	44.5
21.2833734646894	47.7727479529349	44.5
21.2954171884056	47.7964745194494	44.5
21.3074588005396	47.8202157122829	44.5
21.3194983010912	47.8439715314356	44.5
21.3315356900606	47.8677419769074	44.5
21.3435709674477	47.8915270486983	44.5
21.3556041332524	47.9153267468083	44.5
21.3676351874749	47.9391410712374	44.5
21.3796641301151	47.9629700219856	44.5
21.391690961173	47.9868135990529	44.5
21.4037156806486	48.0106718024394	44.5
21.4157382885419	48.0345446321449	44.5
21.4277587848529	48.0584320881696	44.5
21.4397771695816	48.0823341705134	44.5
21.4517934427281	48.1062508791762	44.5
21.4638076042922	48.1301822141582	44.5
21.475819654274	48.1541281754593	44.5
21.4878295926736	48.1780887630796	44.5
21.4998374194908	48.2020639770189	44.5
21.5118431347258	48.2260538172773	44.5
21.5238467383785	48.2500582838549	44.5
21.5358482304488	48.2740773767515	44.5
21.5478476109369	48.2981110959673	44.5
21.5598448798427	48.3221594415022	44.5
21.5718400371662	48.3462224133561	44.5
21.5838330829074	48.3703000115292	44.5
21.5958240170663	48.3943922360214	44.5
21.6078128396429	48.4184990868328	44.5
21.6197995506372	48.4426205639632	44.5
21.6317841500493	48.4667566674127	44.5
21.643766637879	48.4909073971814	44.5
21.6557470141264	48.5150727532691	44.5
21.6677252787916	48.539252735676	44.5
21.6797014318744	48.563447344402	44.5
21.691675473375	48.5876565794471	44.5
21.7036474032933	48.6118804408113	44.5
21.7156172216292	48.6361189284946	44.5
21.7275849283829	48.660372042497	44.5
21.7395505235543	48.6846397828185	44.5
21.7515140071434	48.7089221494592	44.5
21.7634753791502	48.7332191424189	44.5
21.7754346395747	48.7575307616978	44.5
21.7873917884169	48.7818570072958	44.5
21.7993468256768	48.8061978792128	44.5
21.8112997513545	48.830553377449	44.5
21.8232505654498	48.8549235020043	44.5
21.8351992679628	48.8793082528788	44.5
21.8471458588936	48.9037076300723	44.5
21.859090338242	48.9281216335849	44.5
21.8710327060082	48.9525502634167	44.5
21.8829729621921	48.9769935195675	44.5
21.8949111067936	49.0014514020375	44.5
21.9068471398129	49.0259239108266	44.5
21.9187810612499	49.0504110459348	44.5
21.9307128711046	49.0749128073621	44.5
21.942642569377	49.0994291951085	44.5
21.9545701560671	49.123960209174	44.5
21.9664956311749	49.1485058495586	44.5
21.9784189947004	49.1730661162623	44.5
21.9903402466437	49.1976410092852	44.5
22.0022593870046	49.2222305286272	44.5
22.0141764157832	49.2468346742882	44.5
22.0260913329796	49.2714534462684	44.5
22.0380041385936	49.2960868445677	44.5
22.0499148326254	49.3207348691861	44.5
22.0618234150749	49.3453975201236	44.5
22.073729885942	49.3700747973802	44.5
22.0856342452269	49.394766700956	44.5
22.0975364929295	49.4194732308508	44.5
22.1094366290498	49.4441943870648	44.5
22.1213346535878	49.4689301695978	44.5
22.1332305665435	49.49368057845	44.5
22.1451243679169	49.5184456136213	44.5
22.157016057708	49.5432252751117	44.5
22.1689056359169	49.5680195629212	44.5
22.1807931025434	49.5928284770498	44.5
22.1926784575876	49.6176520174975	44.5
22.2045617010496	49.6424901842644	44.5
22.2164428329292	49.6673429773503	44.5
22.2283218532266	49.6922103967554	44.5
22.2331376336012	49.7020951540795	44.5
22.2381080828848	49.7119030489551	44.5
22.2432319746934	49.721631661431	44.5
22.2485080447833	49.7312785911177	44.5
22.2539349913632	49.7408414577795	44.5
22.2595114754153	49.7503179019222	44.5
22.2652361210255	49.759705585375	44.5
22.2711075157232	49.7690021918675	44.5
22.2771242108296	49.7782054276011	44.5
22.2832847218152	49.7873130218152	44.5
22.2895875286662	49.7963227273472	44.5
22.2960310762591	49.8052323211869	44.5
22.3026137747452	49.8140396050256	44.5
22.309333999942	49.8227424057976	44.5
22.3161900937345	49.8313385762171	44.5
22.3231803644842	49.8398259953076	44.5
22.3303030874463	49.8482025689256	44.5
22.3375565051956	49.8564662302768	44.5
22.3449388280597	49.8646149404264	44.5
22.352448234561	49.8726466888021	44.5
22.3600828718658	49.8805594936902	44.5
22.3678408562415	49.8883514027246	44.5
22.3757202735216	49.8960204933681	44.5
22.3837191795777	49.9035648733875	44.5
22.3918356007996	49.9109826813199	44.5
22.4000675345816	49.9182720869322	44.5
22.4084129498174	49.9254312916726	44.5
22.4168697874006	49.9324585291144	44.5
22.425435960733	49.9393520653921	44.5
22.4341093562397	49.9461101996286	44.5
22.4428878338899	49.9527312643554	44.5
22.4517692277257	49.959213625924	44.5
22.4607513463961	49.9655556849086	44.5
22.4698319736977	49.9717558765009	44.5
22.4790088691215	49.9778126708967	44.5
22.4882797684061	49.9837245736723	44.5
22.4976423840955	49.9894901261544	44.5
22.5070944061047	49.9951079057791	44.5
22.5166335022885	50.0005765264433	44.5
22.5262573190177	50.0058946388467	44.5
22.5359634817595	50.0110609308247	44.5
22.5457495956636	50.0160741276719	44.5
22.5556132461527	50.0209329924572	44.5
22.5655519995186	50.0256363263283	44.5
22.5755634035228	50.030182968808	44.5
22.585644988001	50.0345717980802	44.5
22.5957942654732	50.0388017312671	44.5
22.606008731757	50.0428717246959	44.5
22.6162858665856	50.0467807741566	44.5
22.62662313423	50.0505279151497	44.5
22.6370179841238	50.0541122231243	44.5
22.6474678514935	50.0575328137061	44.5
22.6579701579907	50.0607888429154	44.5
22.6685223123283	50.0638795073759	44.5
22.6791217109203	50.0668040445122	44.5
22.6897657385235	50.0695617327387	44.5
22.7004517688835	50.0721518916369	44.5
22.7111771653821	50.0745738821241	44.5
22.7219392816883	50.0768271066101	44.5
22.7327354624109	50.0789110091457	44.5
22.7435630437538	50.080825075559	44.5
22.7544193541735	50.0825688335829	44.5
22.7653017150376	50.084141852971	44.5
22.7762074412865	50.0855437456044	44.5
22.7871338420955	50.0867741655872	44.5
22.7980782215387	50.0878328093314	44.5
22.8090378792541	50.0887194156328	44.5
22.8200101111102	50.0894337657343	44.5
22.8309922098731	50.0899756833809	44.5
22.8419814658741	50.0903450348624	44.5
22.8529751676788	50.0905417290469	44.5
22.8639706027557	50.0905657174031	44.5
22.8749650581458	50.0904169940121	44.5
22.8859558211318	50.0900955955693	44.5
22.8969401799073	50.0896016013749	44.5
22.9079154242461	50.0889351333146	44.5
22.918878846171	50.0880963558294	44.5
22.9298277406216	50.087085475875	44.5
22.9407594061221	50.0859027428711	44.5
22.9516711454475	50.0845484486393	44.5
22.9625602662895	50.0830229273314	44.5
22.9734240819204	50.0813265553469	44.5
22.9842599118564	50.0794597512403	44.5
22.9950650825184	50.0774229756176	44.5
23.0058369278923	50.0752167310226	44.5
23.0165727901865	50.0728415618132	44.5
23.0272700204875	50.0702980540269	44.5
23.0379259794139	50.0675868352361	44.5
23.0485380377673	50.0647085743935	44.5
23.0591035771809	50.061663981667	44.5
23.0696199907662	50.0584538082641	44.5
23.0800846837553	50.0550788462472	44.5
23.090495074142	50.0515399283377	44.5
23.100848593318	50.0478379277105	44.5
23.1111426867076	50.043973757779	44.5
23.1213748143971	50.0399483719692	44.5
23.1315424517623	50.0357627634849	44.5
23.1416430900906	50.0314179650623	44.5
23.1516742372007	50.0269150487154	44.5
23.1616334180573	50.0222551254715	44.5
23.1715181753814	50.0174393450969	44.5
23.181326070257	50.0124688958133	44.5
23.1910546827329	50.0073450040047	44.5
23.2007016124196	50.0020689339148	44.5
23.2102644790814	49.9966419873348	44.5
23.2197409232241	49.9910655032828	44.5
23.2291286066769	49.9853408576726	44.5
23.2384252131694	49.9794694629749	44.5
23.247628448903	49.9734527678685	44.5
23.2567360431171	49.9672922568829	44.5
23.2657457486491	49.9609894500319	44.5
23.2746553424889	49.954545902439	44.5
23.2834626263275	49.9479632039529	44.5
23.2921654270995	49.9412429787561	44.5
23.300761597519	49.9343868849636	44.5
23.3092490166095	49.9273966142139	44.5
23.3176255902275	49.9202738912518	44.5
23.3258892515787	49.9130204735025	44.5
23.3340379617283	49.9056381506384	44.5
23.342069710104	49.8981287441371	44.5
23.3499825149921	49.8904941068323	44.5
23.3577744240265	49.8827361224566	44.5
23.36544351467	49.8748567051765	44.5
23.3729878946894	49.8668577991204	44.5
23.3804057026218	49.8587413778985	44.5
23.3876951082341	49.8505094441165	44.5
23.3948543129745	49.8421640288807	44.5
23.4018815504163	49.8337071912975	44.5
23.408775086694	49.8251410179651	44.5
23.4155332209305	49.8164676224584	44.5
23.4221542856573	49.8076891448082	44.5
23.4286366472259	49.7988077509724	44.5
23.4349787062105	49.789825632302	44.5
23.4411788978029	49.7807450050004	44.5
23.4472356921986	49.7715681095766	44.5
23.4531475949743	49.762297210292	44.5
23.4589131474563	49.7529345946026	44.5
23.464530927081	49.7434825725934	44.5
23.4699995477452	49.7339434764096	44.5
23.4753176601486	49.7243196596804	44.5
23.4804839521266	49.7146134969386	44.5
23.4854971489738	49.7048273830345	44.5
23.4903560137591	49.6949637325454	44.5
23.4950593476302	49.6850249791795	44.5
23.4996059901099	49.6750135751753	44.5
23.5039948193821	49.6649319906971	44.5
23.508224752569	49.6547827132249	44.5
23.5122947459978	49.6445682469411	44.5
23.5162037954585	49.6342911121125	44.5
23.5199509364516	49.6239538444681	44.5
23.5235352444262	49.6135589945743	44.5
23.526955835008	49.6031091272046	44.5
23.5302118642173	49.5926068207074	44.5
23.5333025286778	49.5820546663698	44.5
23.5362270658141	49.5714552677778	44.5
23.5389847540406	49.5608112401746	44.5
23.5415749129388	49.5501252098146	44.5
23.543996903426	49.539399813316	44.5
23.546250127912	49.5286376970098	44.5
23.5483340304476	49.5178415162872	44.5
23.5502480968609	49.5070139349443	44.5
23.5519918548848	49.4961576245246	44.5
23.5535648742729	49.4852752636605	44.5
23.5549667669063	49.4743695374116	44.5
23.5561971868891	49.4634431366026	44.5
23.5572558306333	49.4524987571594	44.5
23.5581424369347	49.441539099444	44.5
23.5588567870362	49.4305668675879	44.5
23.5593987046828	49.419584768825	44.5
23.5597680561643	49.408595512824	44.5
23.5599647503488	49.3976018110193	44.5
23.559988738705	49.3866063759424	44.5
23.559840015314	49.3756119205523	44.5
23.5595186168712	49.3646211575663	44.5
23.5590246226768	49.3536367987908	44.5
23.5583581546165	49.342661554452	44.5
23.5575193771313	49.3316981325271	44.5
23.5565084971769	49.3207492380765	44.5
23.555325764173	49.309817572576	44.5
23.5539714699412	49.2989058332506	44.5
23.5524459486333	49.2880167124086	44.5
23.5507495766488	49.2771528967777	44.5
23.5488827725422	49.2663170668417	44.5
23.5468459969195	49.2555118961797	44.5
23.5446397523245	49.2447400508058	44.5
23.5422645831151	49.2340041885116	44.5
23.5397210753288	49.2233069582106	44.5
23.537009856538	49.2126509992842	44.5
23.5341315956954	49.2020389409308	44.5
23.5310870029689	49.1914734015172	44.5
23.527876829566	49.1809569879319	44.5
23.5245018675491	49.1704922949427	44.5
23.5209629496396	49.1600819045561	44.5
23.5172609490124	49.1497283853801	44.5
23.5133967790809	49.1394342919905	44.5
23.5093713932711	49.129202164301	44.5
23.5051857847868	49.1190345269358	44.5
23.5008409863642	49.1089338886075	44.5
23.4963380700173	49.0989027414974	44.5
23.4917307821149	49.0890538138691	44.5
23.4406058862035	48.9819406046264	44.5
23.3895512337721	48.8749749375449	44.5
23.3385684830579	48.7681602826011	44.5
23.2876592817127	48.6615000876121	44.5
23.2368252668034	48.5549977782365	44.5
23.1860680648118	48.448656757974	44.5
23.1353892916346	48.3424804081653	44.5
23.0847905525837	48.2364720879924	44.5
23.0342734423855	48.1306351344782	44.5
22.9838395451818	48.0249728624869	44.5
22.9334904345291	47.919488564724	44.5
22.8832276733988	47.8141855117357	44.5
22.8330528141775	47.7090669519098	44.5
22.7829673986665	47.6041361114749	44.5
22.732972958082	47.4993961945009	44.5
22.6830710130555	47.3948503828989	44.5
22.6332630736332	47.2905018364209	44.5
22.5835506392761	47.1863536926603	44.5
22.5339351988604	47.0824090670514	44.5
22.4844182306772	46.9786710528699	44.5
22.4350012024325	46.8751427212324	44.5
22.3856855712473	46.7718271210966	44.5
22.3364727836574	46.6687272792617	44.5
22.2873642756137	46.5658462003677	44.5
22.2383614724819	46.4631868668958	44.5
22.1894657890429	46.3607522391685	44.5
22.1406786294923	46.2585452553491	44.5
22.0920013874408	46.1565688314425	44.5
22.0434354459138	46.0548258612942	44.5
21.994982177352	45.9533192165914	44.5
21.9466429436108	45.8520517468621	44.5
21.8984190959607	45.7510262794754	44.5
21.850311975087	45.6502456196417	44.5
21.8023229110899	45.5497125504124	44.5
21.7544532234848	45.4494298326802	44.5
21.7067042212019	45.3494002051788	44.5
21.6590772025863	45.2496263844831	44.5
21.6115734553981	45.1501110650092	44.5
21.5641942568123	45.0508569190141	44.5
21.516940873419	44.9518665965962	44.5
21.469814561223	44.8531427256949	44.5
21.4228165656443	44.7546879120908	44.5
21.3759481215176	44.6565047394055	44.5
21.3292104530927	44.558595769102	44.5
21.2826047740344	44.4609635404842	44.5
21.2361322874224	44.3636105706973	44.5
21.1897941857511	44.2665393547274	44.5
21.1435916509302	44.169752365402	44.5
21.0975258542842	44.0732520533896	44.5
21.0515979565526	43.9770408471998	44.5
21.0058091078896	43.8811211531836	44.5
20.9601604478648	43.7854953555327	44.5
20.9146531054622	43.6901658162804	44.5
20.8692881990813	43.5951348753008	44.5
20.8240668365361	43.5004048503092	44.5
20.7789901150558	43.4059780368622	44.5
20.7340591212845	43.3118567083573	44.5
20.6892749312811	43.2180431160334	44.5
20.6446386105197	43.1245394889704	44.5
20.6001512138892	43.0313480340892	44.5
20.5558137856933	42.9384709361521	44.5
20.5116273596509	42.8459103577624	44.5
20.4675929588958	42.7536684393644	44.5
20.4237115959767	42.6617472992439	44.5
20.3799842728571	42.5701490335275	44.5
20.3364119809157	42.4788757161831	44.5
20.2929957009461	42.3879293990197	44.5
20.2497364031566	42.2973121116874	44.5
20.2066350471707	42.2070258616775	44.5
20.1636925820268	42.1170726343223	44.5
20.1209099461783	42.0274543927956	44.5
20.0782880674932	41.9381730781118	44.5
20.035827863255	41.8492306091269	44.5
19.9935302401617	41.7606288825378	44.5
19.9513960943264	41.6723697728827	44.5
19.9094263112773	41.5844551325407	44.5
19.8676217659572	41.4968867917321	44.5
19.8259833227241	41.4096665585186	44.5
19.7845118353509	41.3227962188027	44.5
19.7432081470255	41.2362775363283	44.5
19.7020730903506	41.1501122526801	44.5
19.661107487344	41.0643020872845	44.5
19.6203121494382	40.9788487374084	44.5
19.579687877481	40.8937538781602	44.5
19.5392354617349	40.8090191624894	44.5
19.4989556818774	40.7246462211866	44.5
19.458849307001	40.6406366628836	44.5
19.4189170956131	40.5569920740531	44.5
19.379159795636	40.4737140190093	44.5
19.3395781444069	40.3908040399072	44.5
19.3001728686783	40.3082636567432	44.5
19.2609446846172	40.2260943673547	44.5
19.2218942978057	40.1442976474202	44.5
19.1830224032411	40.0628749504595	44.5
19.1443296853352	39.9818277078334	44.5
19.105816817915	39.9011573287439	44.5
19.0674844642226	39.820865200234	44.5
19.0293332769147	39.740952687188	44.5
18.9913638980631	39.6614211323314	44.5
18.9535769591546	39.5822718562305	44.5
18.9159730810909	39.5035061572932	44.5
18.8785528741887	39.4251253117681	44.5
18.8413169381796	39.3471305737453	44.5
18.8042658622101	39.2695231751557	44.5
18.7674002248416	39.1923043257717	44.5
18.7307205940506	39.1154752132065	44.5
18.6942275272286	39.0390370029146	44.5
18.6579215711818	38.9629908381916	44.5
18.6218032621314	38.8873378401744	44.5
18.5858731257138	38.8120791078407	44.5
18.5501316769801	38.7372157180097	44.5
18.5145794203964	38.6627487253414	44.5
18.4792168498437	38.5886791623373	44.5
18.444044448618	38.5150080393397	44.5
18.4090626894304	38.4417363445322	44.5
18.3742720344066	38.3688650439395	44.5
18.3396729350876	38.2963950814275	44.5
18.3052658324292	38.2243273787033	44.5
18.271051156802	38.1526628353147	44.5
18.2370293279917	38.0814023286513	44.5
18.203200755199	38.0105467139434	44.5
18.1695658370394	37.9400968242624	44.5
18.1361249615436	37.8700534705212	44.5
18.1028785061568	37.8004174414734	44.5
18.0698268377396	37.7311895037141	44.5
18.0369703125672	37.6623704016794	44.5
18.0043092763301	37.5939608576463	44.5
17.9718440641334	37.5259615717334	44.5
17.9395750004974	37.4583732219002	44.5
17.9075023993571	37.3911964639471	44.5
17.8756265640627	37.3244319315162	44.5
17.8439477873793	37.2580802360901	44.5
17.8124663514867	37.192141966993	44.5
17.78118252798	37.1266176913902	44.5
17.7500965778689	37.0615079542877	44.5
17.7192087515784	36.9968132785333	44.5
17.6885192889481	36.9325341648154	44.5
17.6580284192328	36.8686710916638	44.5
17.6277363611022	36.8052245154493	44.5
17.5976433226408	36.742194870384	44.5
17.5677495013482	36.679582568521	44.5
17.538055084139	36.6173879997545	44.5
17.5085602473424	36.5556115318201	44.5
17.479265156703	36.4942535102942	44.5
17.4501699673801	36.4333142585945	44.5
17.4212748239479	36.3727940779799	44.5
17.3925798603956	36.3126932475504	44.5
17.3640852001276	36.253012024247	44.5
17.3357909559627	36.193750642852	44.5
17.3076972301353	36.1349093159888	44.5
17.2798041142941	36.0764882341218	44.5
17.2521116895033	36.0184875655568	44.5
17.2246200262417	35.9609074564405	44.5
17.1973291844031	35.9037480307609	44.5
17.1702392132964	35.847009390347	44.5
17.1433501516453	35.7906916148689	44.5
17.1166620275884	35.7347947618381	44.5
17.0901748586795	35.6793188666071	44.5
17.0638886518871	35.6242639423694	44.5
17.0378034035948	35.5696299801597	44.5
17.0119190996009	35.5154169488541	44.5
16.986235715119	35.4616247951694	44.5
16.9607532147773	35.4082534436639	44.5
16.9354715526193	35.3553027967369	44.5
16.9103906721031	35.3027727346287	44.5
16.885510506102	35.250663115421	44.5
16.8608309769041	35.1989737750364	44.5
16.8363519962125	35.1477045272389	44.5
16.8120734651453	35.0968551636334	44.5
16.7879952742354	35.046425453666	44.5
16.7641173034308	34.996415144624	44.5
16.7404394220944	34.9468239616357	44.5
16.716961489004	34.8976516076708	44.5
16.6936833523523	34.8488977635398	44.5
16.6706048497472	34.8005620878946	44.5
16.6477258082112	34.7526442172281	44.5
16.6250460441819	34.7051437658744	44.5
16.602565363512	34.6580603260087	44.5
16.5802835614689	34.6113934676474	44.5
16.5582004227351	34.565142738648	44.5
16.536315721408	34.519307664709	44.5
16.5146292209999	34.4738877493703	44.5
16.4931406744381	34.4288824740128	44.5
16.4718498240649	34.3842912978585	44.5
16.4507564016374	34.3401136579705	44.5
16.4298601283278	34.2963489692532	44.5
16.4091607147231	34.2529966244521	44.5
16.3886578608253	34.2100559941537	44.5
16.3683512560515	34.1675264267857	44.5
16.3482405792335	34.1254072486171	44.5
16.3283254986183	34.0836977637578	44.5
16.3086056718675	34.0423972541589	44.5
16.289080746058	34.0015049796128	44.5
16.2697503576814	33.9610201777528	44.5
16.2506141326444	33.9209420640535	44.5
16.2316716862686	33.8812698318306	44.5
16.2129226232905	33.8420026522408	44.5
16.1943665378617	33.8031396742822	44.5
16.1760030135484	33.7646800247939	44.5
16.1578316233322	33.726622808456	44.5
16.1398519296093	33.68896710779	44.5
16.122063484191	33.6517119831583	44.5
16.1044658283035	33.6148564727647	44.5
16.087058492588	33.5783995926539	44.5
16.0698409971005	33.5423403367117	44.5
16.0528128513122	33.5066776766653	44.5
16.035973554109	33.4714105620829	44.5
16.0193225937919	33.4365379203738	44.5
16.0028594480767	33.4020586567884	44.5
15.9865835840943	33.3679716544184	44.5
15.9704944583905	33.3342757741965	44.5
15.9545915169261	33.3009698548966	44.5
15.9388741950766	33.2680527131336	44.5
15.9233419176327	33.2355231433639	44.5
15.9079940988	33.2033799178845	44.5
15.8928301421989	33.1716217868341	44.5
15.877849440865	33.140247478192	44.5
15.8630513772487	33.1092556977791	44.5
15.8484353232153	33.0786451292572	44.5
15.8340006400451	33.0484144341292	44.5
15.8197466784333	33.0185622517393	44.5
15.8056727784902	32.9890871992727	44.5
15.7917782697408	32.9599878717558	44.5
15.7780624711253	32.9312628420561	44.5
15.7645246909987	32.9029106608823	44.5
15.751164227131	32.8749298567842	44.5
15.737980366707	32.8473189361527	44.5
15.7249723863267	32.8200763832199	44.5
15.7121395520049	32.793200660059	44.5
15.6994811191713	32.7666902065843	44.5
15.6869963326706	32.7405434405514	44.5
15.6746844267625	32.7147587575569	44.5
15.6625446251216	32.6893345310384	44.5
15.6505761408375	32.664269112275	44.5
15.6387781764145	32.6395608303866	44.5
15.6271499237722	32.6152079923344	44.5
15.615690564245	32.5912088829207	44.5
15.6043992685821	32.567561764789	44.5
15.5932751969479	32.5442648784238	44.5
15.5823174989216	32.5213164421509	44.5
15.5715253134973	32.4987146521371	44.5
15.5608977690841	32.4764576823905	44.5
15.5504339835062	32.45454368476	44.5
15.5401330640025	32.4329707889361	44.5
15.529994107227	32.41173710245	44.5
15.5200161992485	32.3908407106745	44.5
15.510198415551	32.370279676823	44.5
15.5005398210332	32.3500520419505	44.5
15.4910394700088	32.3301558249529	44.5
15.4816964062065	32.3105890225672	44.5
15.47250966277	32.2913496093718	44.5
15.4634782622579	32.272435537786	44.5
15.4546012166436	32.2538447380702	44.5
15.4458775273157	32.2355751183261	44.5
15.4373061850775	32.2176245644965	44.5
15.4288861701474	32.1999909403653	44.5
15.4206164521587	32.1826720875576	44.5
15.4124959901597	32.1656658255395	44.5
15.4045237326135	32.1489699516183	44.5
15.3966986173984	32.1325822409426	44.5
15.3890195718073	32.1165004465019	44.5
15.3814855125484	32.1007222991269	44.5
15.3740953457446	32.0852455074896	44.5
15.3668479669339	32.0700677581029	44.5
15.3597422610691	32.0551867153209	44.5
15.3527771025181	32.040600021339	44.5
15.3459513550636	32.0263052961936	44.5
15.3392638719034	32.0123001377622	44.5
15.33271349565	31.9985821217636	44.5
15.3262990583311	31.9851488017575	44.5
15.3200193813893	31.971997709145	44.5
15.3138732756821	31.9591263531681	44.5
15.3078595414819	31.94653222091	44.5
15.3019769684761	31.9342127772953	44.5
15.296224335767	31.9221654650893	44.5
15.2906004118719	31.9103877048987	44.5
15.2851039547231	31.8988768951714	44.5
15.2797337116677	31.8876304121962	44.5
15.2744884194679	31.8766456101032	44.5
15.2693668043007	31.8659198208636	44.5
15.2643675817582	31.8554503542898	44.5
15.2594894568472	31.8452344980352	44.5
15.2547311239898	31.8352695175945	44.5
15.2500912670227	31.8255526563034	44.5
15.2455685591978	31.8160811353388	44.5
15.2411616631817	31.8068521537187	44.5
15.2326899043182	31.7891104937897	44.5
15.2246650800648	31.7723048254836	44.5
15.2170761106938	31.7564119432254	44.5
15.2099117471161	31.7414082868985	44.5
15.2031605708823	31.7272699418443	44.5
15.1968109941817	31.7139726388626	44.5
15.1908512598428	31.7014917542114	44.5
15.1852694413335	31.6898023096067	44.5
15.1800534427606	31.6788789722228	44.5
15.1751909988701	31.6686960546922	44.5
15.1706696750472	31.6592275151056	44.5
15.1644996719329	31.6463063251889	44.5
15.1590255374222	31.6348424267897	44.5
15.1542031612163	31.6247434412944	44.5
15.1487093271054	31.6132382976505	44.5
15.1441851719483	31.6037638498813	44.5
15.1397233784886	31.5944199998421	44.5
15.1353187783307	31.5851959235348	44.5
15.1308801125513	31.5759005072915	44.5
15.1263252861884	31.5663828873008	44.5
15.121866468948	31.5572089803958	44.5
15.1171435740591	31.5476453185225	44.5
15.1123572551403	31.538085146391	44.5
15.1073797583525	31.5282624923542	44.5
15.1025569581655	31.5188465948442	44.5
15.0970735677012	31.5082489079679	44.5
15.0921814555595	31.4988817391293	44.5
15.0868154276247	31.4886941501659	44.5
15.0809526268545	31.4776594087412	44.5
15.0762157249487	31.4688119257852	44.5
15.0711767839124	31.4594630185844	44.5
15.0658260741076	31.4496025838582	44.5
15.0601538410898	31.4392208538757	44.5
15.0541503056076	31.4283083964554	44.5
15.0478056636031	31.4168561149658	44.5
15.0411100862116	31.4048552483247	44.5
15.0340537197618	31.3922973709997	44.5
15.026626685776	31.3791743930082	44.5
15.0214645138865	31.3701079530408	44.5
15.0161302594887	31.3607846891445	44.5
15.0106209772511	31.3512024528427	44.5
15.0049337169418	31.3413591619402	44.5
14.999065523429	31.3312528005231	44.5
14.9930134366806	31.3208814189591	44.5
14.9867744917647	31.3102431338971	44.5
14.9803457188492	31.2993361282677	44.5
14.9737241432018	31.2881586512825	44.5
14.9669067851904	31.276709018435	44.5
14.9598906602825	31.2649856114998	44.5
14.9526727790457	31.2529868785328	44.5
14.9452501471475	31.2407113338717	44.5
14.9376197653554	31.2281575581352	44.5
14.9297786295367	31.2153241982238	44.5
14.9217237306587	31.2022099673191	44.5
14.9134520547884	31.1888136448843	44.5
14.9049605830931	31.1751340766639	44.5
14.8962462918397	31.1611701746838	44.5
14.8873061523952	31.1469209172515	44.5
14.8781371312264	31.1323853489557	44.5
14.8687361899002	31.1175625806666	44.5
14.8591002850832	31.1024517895357	44.5
14.8492263685421	31.0870522189962	44.5
14.8391113871434	31.0713631787625	44.5
14.8287522828536	31.0553840448303	44.5
14.818145992739	31.0391142594769	44.5
14.8072894489661	31.022553331261	44.5
14.8017663719198	31.014163553128	44.5
14.7961795788009	31.0057008350227	44.5
14.7905286847521	30.9971651341564	44.5
14.7848133046097	30.9885564118834	44.5
14.7790330529039	30.9798746337001	44.5
14.7731875438586	30.971119769246	44.5
14.7672763913913	30.9622917923028	44.5
14.7612992091135	30.9533906807949	44.5
14.7552556103302	30.9444164167893	44.5
14.7491452080403	30.9353689864957	44.5
14.7429676149364	30.9262483802662	44.5
14.7367224434049	30.9170545925956	44.5
14.7304093055258	30.9077876221212	44.5
14.7240278130731	30.8984474716231	44.5
14.7175775775141	30.8890341480237	44.5
14.7110582100104	30.8795476623882	44.5
14.704469321417	30.8699880299243	44.5
14.6978105222826	30.8603552699823	44.5
14.6910814228499	30.850649406055	44.5
14.6842816330551	30.8408704657781	44.5
14.6774107625284	30.8310184809294	44.5
14.6704684205934	30.8210934874297	44.5
14.6634542162678	30.8110955253423	44.5
14.6563677582628	30.8010246388729	44.5
14.6492086549836	30.7908808763701	44.5
14.6419765145287	30.7806642903247	44.5
14.6346709446908	30.7703749373703	44.5
14.6272915529562	30.7600128782833	44.5
14.6198379465048	30.7495781779823	44.5
14.6123097322104	30.7390709055288	44.5
14.6047065166405	30.7284911341265	44.5
14.5970279060564	30.7178389411222	44.5
14.5892735064131	30.7071144080049	44.5
14.5814429233592	30.6963176204064	44.5
14.5735357622373	30.6854486681009	44.5
14.5655516280836	30.6745076450053	44.5
14.5574901256281	30.6634946491791	44.5
14.5493508592945	30.6524097828244	44.5
14.5411334332002	30.6412531522858	44.5
14.5328374511566	30.6300248680507	44.5
14.5244625166684	30.6187250447487	44.5
14.5160082329345	30.6073538011524	44.5
14.5074742028472	30.5959112601767	44.5
14.4988600289928	30.5843975488792	44.5
14.4901653136511	30.5728127984602	44.5
14.481389658796	30.5611571442623	44.5
14.4725326660947	30.549430725771	44.5
14.4635939369085	30.5376336866143	44.5
14.4545730722922	30.5257661745625	44.5
14.4454696729946	30.513828341529	44.5
14.4362833394581	30.5018203435693	44.5
14.4270136718187	30.4897423408818	44.5
14.4176602699064	30.4775944978074	44.5
14.4082227332448	30.4653769828296	44.5
14.3987006610513	30.4530899685743	44.5
14.3890936522371	30.4407336318104	44.5
14.379401305407	30.428308153449	44.5
14.3696232188596	30.4158137185439	44.5
14.3597589905873	30.4032505162916	44.5
14.3498082182762	30.3906187400312	44.5
14.3397704993062	30.3779185872441	44.5
14.3296454307508	30.3651502595545	44.5
14.3194326093775	30.3523139627293	44.5
14.3091316316472	30.3394099066778	44.5
14.2987420937149	30.326438305452	44.5
14.288263591429	30.3133993772463	44.5
14.277695720332	30.300293344398	44.5
14.26703807566	30.2871204333867	44.5
14.2562902523426	30.2738808748347	44.5
14.2454518450035	30.260574903507	44.5
14.23452244796	30.2472027583109	44.5
14.2235016552232	30.2337646822967	44.5
14.2123890604978	30.2202609226568	44.5
14.2011842571824	30.2066917307266	44.5
14.1898868383692	30.193057361984	44.5
14.1784963968443	30.1793580760492	44.5
14.1670125250875	30.1655941366854	44.5
14.1554348152723	30.1517658117981	44.5
14.1437628592659	30.1378733734356	44.5
14.1319962486294	30.1239170977885	44.5
14.1201345746175	30.1098972651902	44.5
14.1081774281787	30.0958141601168	44.5
14.0961243999554	30.0816680711867	44.5
14.0839750802833	30.0674592911611	44.5
14.0717290591924	30.0531881169436	44.5
14.059385926406	30.0388548495806	44.5
14.0469452713415	30.024459794261	44.5
14.0344066831097	30.0100032603162	44.5
14.0217697505155	29.9954855612203	44.5
14.0090340620571	29.98090701459	44.5
13.996199205927	29.9662679421846	44.5
13.9832647700109	29.9515686699057	44.5
13.9702303418887	29.936809527798	44.5
13.9570955088337	29.9219908500483	44.5
13.9438598578132	29.9071129749862	44.5
13.930522975488	29.8921762450841	44.5
13.9170844482129	29.8771810069565	44.5
13.9035438620363	29.862127611361	44.5
13.8899008027003	29.8470164131974	44.5
13.8761548556408	29.8318477715083	44.5
13.8623056059875	29.8166220494787	44.5
13.8483526385639	29.8013396144365	44.5
13.834295537887	29.7860008378519	44.5
13.8201338881678	29.7706060953379	44.5
13.8058672733109	29.7551557666498	44.5
13.7914952769146	29.7396502356857	44.5
13.7770174822711	29.7240898904864	44.5
13.7624334723663	29.708475123235	44.5
13.7477428298798	29.6928063302575	44.5
13.7329451371849	29.6770839120221	44.5
13.7180399763488	29.66130827314	44.5
13.7030269291323	29.6454798223646	44.5
13.6879055769901	29.6295989725922	44.5
13.6726755010703	29.6136661408617	44.5
13.6573362822152	29.5976817483542	44.5
13.6418875009606	29.5816462203938	44.5
13.6263287375361	29.5655599864471	44.5
13.6106595718649	29.5494234801231	44.5
13.5948795835642	29.5332371391736	44.5
13.5789883519447	29.5170014054928	44.5
13.562985456011	29.5007167251176	44.5
13.5468704744615	29.4843835482276	44.5
13.5306429856881	29.4680023291448	44.5
13.5143025677767	29.4515735263338	44.5
13.4978487985068	29.435097602402	44.5
13.4812812553517	29.418575024099	44.5
13.4645995154784	29.4020062623174	44.5
13.4478031557477	29.3853917920922	44.5
13.4308917527141	29.3687320926009	44.5
13.4138648826258	29.3520276471638	44.5
13.396722121425	29.3352789432435	44.5
13.3794630447473	29.3184864724455	44.5
13.3620872279222	29.3016507305178	44.5
13.344594245973	29.2847722173508	44.5
13.3269836736166	29.2678514369777	44.5
13.3092550852639	29.2508888975742	44.5
13.2914080550193	29.2338851114585	44.5
13.2734421566809	29.2168405950917	44.5
13.2553569637408	29.1997558690771	44.5
13.2371520493847	29.1826314581609	44.5
13.2188269864921	29.1654678912317	44.5
13.2003813476361	29.1482657013207	44.5
13.1818147050838	29.1310254256017	44.5
13.1631266307957	29.1137476053913	44.5
13.1443166964264	29.0964327861483	44.5
13.1253844733239	29.0790815174744	44.5
13.1063295325304	29.0616943531138	44.5
13.0871514447814	29.0442718509532	44.5
13.0678497805063	29.0268145730221	44.5
13.0484241098283	29.0093230854923	44.5
13.0288740025644	28.9917979586784	44.5
13.0091990282251	28.9742397670375	44.5
12.989398756015	28.9566490891693	44.5
12.969472754832	28.9390265078162	44.5
12.9494205932682	28.921372609863	44.5
12.9292418396091	28.9036879863372	44.5
12.9089360618342	28.8859732324089	44.5
12.8885028276165	28.8682289473907	44.5
12.8679417043229	28.8504557347379	44.5
12.8472522590141	28.8326542020483	44.5
12.8264340584444	28.8148249610623	44.5
12.8054866690619	28.7969686276629	44.5
12.7844096570085	28.7790858218757	44.5
12.7632025881197	28.761177167869	44.5
12.741865027925	28.7432432939534	44.5
12.7203965416473	28.7252848325824	44.5
12.6987966942035	28.7073024203519	44.5
12.6770650502043	28.6892966980004	44.5
12.6552011739538	28.671268310409	44.5
12.6332046294502	28.6532179066015	44.5
12.6110749803854	28.6351461397442	44.5
12.5888117901447	28.617053667146	44.5
12.5664146218077	28.5989411502583	44.5
12.5438830381472	28.5808092546752	44.5
12.5212166016301	28.5626586501333	44.5
12.498414874417	28.544490010512	44.5
12.475477418362	28.526304013833	44.5
12.4524037950133	28.5081013422607	44.5
12.4291935656126	28.4898826821022	44.5
12.4058462910954	28.4716487238071	44.5
12.382361532091	28.4534001619675	44.5
12.3587388489224	28.4351376953182	44.5
12.3349778016064	28.4168620267366	44.5
12.3110779498534	28.3985738632426	44.5
12.2870388530677	28.3802739159988	44.5
12.2628600703472	28.3619629003103	44.5
12.2385411604838	28.3436415356247	44.5
12.2140816819628	28.3253105455325	44.5
12.1894811929635	28.3069706577665	44.5
12.164739251359	28.2886226042021	44.5
12.1398554147158	28.2702671208575	44.5
12.1148292402944	28.2519049478933	44.5
12.0896602850491	28.2335368296127	44.5
12.0643481056278	28.2151635144615	44.5
12.0388922583722	28.1967857550283	44.5
12.0132922993177	28.1784043080439	44.5
11.9875477841935	28.1600199343821	44.5
11.9616582684225	28.1416333990589	44.5
11.9356233071215	28.1232454712331	44.5
11.9094424551007	28.1048569242062	44.5
11.8831152668645	28.086468535422	44.5
11.8566412966107	28.0680810864671	44.5
11.8300200982309	28.0496953630707	44.5
11.8032512253106	28.0313121551043	44.5
11.7763342311288	28.0129322565824	44.5
11.7492686686586	27.9945564656619	44.5
11.7220540905665	27.9761855846421	44.5
11.6946900492128	27.9578204199652	44.5
11.6671760966518	27.9394617822158	44.5
11.6395117846313	27.9211104861212	44.5
11.6116966645928	27.9027673505512	44.5
11.5837302876719	27.8844331985182	44.5
11.5556122046975	27.8661088571772	44.5
11.5273419661925	27.8477951578258	44.5
11.4989191223735	27.8294929359043	44.5
11.4703432231509	27.8112030309953	44.5
11.4416138181286	27.7929262868243	44.5
11.4127304566047	27.7746635512591	44.5
11.3836926875706	27.7564156763104	44.5
11.3545000597116	27.7381835181312	44.5
11.3251521214069	27.7199679370173	44.5
11.2956484207292	27.7017697974069	44.5
11.265988505445	27.683589967881	44.5
11.2361719230148	27.665429321163	44.5
11.2061982205925	27.6472887341191	44.5
11.1760669450259	27.6291690877577	44.5
11.1457776428565	27.6110712672303	44.5
11.1153298603197	27.5929961618306	44.5
11.0847231433444	27.574944664995	44.5
11.0539570375535	27.5569176743026	44.5
11.0230310882634	27.538916091475	44.5
10.9919448404844	27.5209408223763	44.5
10.9606978389205	27.5029927770132	44.5
10.9292896279694	27.4850728695353	44.5
10.8977197517228	27.4671820182344	44.5
10.8659877539657	27.449321145545	44.5
10.8340931781771	27.4314911780442	44.5
10.8020355675299	27.4136930464519	44.5
10.7698144648905	27.3959276856303	44.5
10.7374294128191	27.3781960345842	44.5
10.7048799535696	27.3604990364612	44.5
10.6721656290899	27.3428376385514	44.5
10.6392859810212	27.3252127922873	44.5
10.6062405506989	27.3076254532442	44.5
10.5730288791519	27.29007658114	44.5
10.5396505071029	27.2725671398351	44.5
10.5061049749682	27.2550980973324	44.5
10.4723918228582	27.2376704257776	44.5
10.4385105905767	27.2202851014589	44.5
10.4044608176213	27.202943104807	44.5
10.3702420431836	27.1856454203953	44.5
10.3358538061486	27.1683930369397	44.5
10.3012956450953	27.1511869472988	44.5
10.2665670982963	27.1340281484737	44.5
10.2316677037181	27.1169176416082	44.5
10.1965969990207	27.0998564319884	44.5
10.161354521558	27.0828455290434	44.5
10.1259398083778	27.0658859463445	44.5
10.0903523962212	27.0489787016059	44.5
10.0545918215236	27.0321248166842	44.5
10.0186576204137	27.0153253175786	44.5
9.98254932871418	26.998581234431	44.5
9.94626648194135	26.9818936015258	44.5
9.90980861530534	26.9652634572901	44.5
9.87317526371	26.9486918442933	44.5
9.83636596175291	26.9321798092477	44.5
9.79938024372541	26.915728403008	44.5
9.76221764361258	26.8993386805717	44.5
9.72487769509325	26.8830117010786	44.5
9.68735993154	26.8667485278114	44.5
9.64966388601914	26.850550228195	44.5
9.61178909129073	26.8344178737974	44.5
9.57373507980858	26.8183525403286	44.5
9.53550138372024	26.8023553076417	44.5
9.49708753486702	26.7864272597321	44.5
9.45849306478395	26.7705694847378	44.5
9.41971750469982	26.7547830749396	44.5
9.38076038553716	26.7390691267607	44.5
9.34162123791226	26.7234287407668	44.5
9.30229959213513	26.7078630216665	44.5
9.26279497820954	26.6923730783107	44.5
9.22310692583301	26.676960023693	44.5
9.1832349643968	26.6616249749497	44.5
9.1431786229859	26.6463690533594	44.5
9.10293743037906	26.6311933843435	44.5
9.06251091504879	26.6160990974661	44.5
9.02189860516131	26.6010873264335	44.5
8.98110002857661	26.586159209095	44.5
8.94011471284842	26.5713158874423	44.5
8.89894218522422	26.5565585076097	44.5
8.85758197264521	26.5418882198739	44.5
8.81603360174637	26.5273061786547	44.5
8.7742965988564	26.5128135425139	44.5
8.73237048999776	26.4984114741563	44.5
8.69025480088664	26.484101140429	44.5
8.647949056933	26.469883712322	44.5
8.60545278324051	26.4557603649676	44.5
8.56276550460662	26.4417322776409	44.5
8.5198867455225	26.4278006337594	44.5
8.47681603017307	26.4139666208833	44.5
8.43355288243701	26.4002314307155	44.5
8.39009682588673	26.3865962591012	44.5
8.34644738378838	26.3730623060284	44.5
8.30260407910188	26.3596307756277	44.5
8.25856643448087	26.3463028761721	44.5
8.21433397227275	26.3330798200774	44.5
8.16990621451866	26.3199628239019	44.5
8.12528268295348	26.3069531083464	44.5
8.08046289900583	26.2940518982545	44.5
8.0354463837981	26.2812604226123	44.5
7.99023265814641	26.2685799145483	44.5
7.94482124256061	26.2560116113338	44.5
7.89921165724433	26.2435567543827	44.5
7.85340342209491	26.2312165892513	44.5
7.80739605670346	26.2189923656386	44.5
7.76118908035481	26.2068853373864	44.5
7.71478201202757	26.1948967624787	44.5
7.66817437039406	26.1830279030423	44.5
7.62136567382036	26.1712800253466	44.5
7.5743554403663	26.1596543998035	44.5
7.52714318778546	26.1481523009676	44.5
7.47972843352514	26.136775007536	44.5
7.43211069472641	26.1255238023484	44.5
7.38428948822407	26.114399972387	44.5
7.33626433054668	26.1034048087769	44.5
7.28803473791653	26.0925396067854	44.5
7.23960022624964	26.0818056658227	44.5
7.19096031115583	26.0712042894413	44.5
7.14211450793862	26.0607367853366	44.5
7.09306233159527	26.0504044653464	44.5
7.04380329681682	26.040208645451	44.5
6.99433691798802	26.0301506457735	44.5
6.9446627091874	26.0202317905795	44.5
6.8947801841872	26.0104534082772	44.5
6.84468885645343	26.0008168314173	44.5
6.79438823914583	25.9913233966932	44.5
6.7438778451179	25.9819744449408	44.5
6.69315718691687	25.9727713211387	44.5
6.64222577678372	25.9637153744081	44.5
6.59108312665318	25.9548079580125	44.5
6.53972874815372	25.9460504293584	44.5
6.48816215260755	25.9374441499945	44.5
6.43638285103065	25.9289904856125	44.5
6.38439035413271	25.9206908060463	44.5
6.33218417231719	25.9125464852726	44.5
6.27976381568128	25.9045589014106	44.5
6.22712879401593	25.8967294367223	44.5
6.17427861680582	25.8890594776119	44.5
6.12121279322938	25.8815504146265	44.5
6.0679308321588	25.8742036424557	44.5
6.01443224215999	25.8670205599318	44.5
5.96071653149262	25.8600025700293	44.5
5.90678320811011	25.8531510798658	44.5
5.85263177965961	25.8464675007011	44.5
5.79826175348201	25.8399532479378	44.5
5.74367263661198	25.8336097411211	44.5
5.68886393577791	25.8274384039386	44.5
5.63383515740192	25.8214406642206	44.5
5.57858580759991	25.81561795394	44.5
5.5231153921815	25.8099717092123	44.5
5.46742341665006	25.8045033702957	44.5
5.41150938620271	25.7992143815906	44.5
5.35537280573032	25.7941061916404	44.5
5.29901317981749	25.7891802531308	44.5
5.24243001274257	25.7844380228904	44.5
5.18562280847767	25.7798809618901	44.5
5.12859107068862	25.7755105352435	44.5
5.07133430273502	25.7713282122068	44.5
5.0138520076702	25.7673354661788	44.5
4.95614368824123	25.7635337747008	44.5
4.89820884688894	25.7599246194568	44.5
4.8400469857479	25.7565094862733	44.5
4.78165760664642	25.7532898651194	44.5
4.72304021110655	25.7502672501068	44.5
4.66419430034411	25.7474431394899	44.5
4.60511937526865	25.7448190356656	44.5
4.54581493648344	25.7423964451732	44.5
4.48628048428555	25.740176878695	44.5
4.42651551866573	25.7381618510554	44.5
4.36651953930854	25.7363528812219	44.5
4.30629204559223	25.7347514923041	44.5
4.24583253658884	25.7333592115546	44.5
4.18514051106412	25.7321775703683	44.5
4.12421546747758	25.7312081042828	44.5
4.06305690398248	25.7304523529783	44.5
4.00166431842581	25.7299118602776	44.5
3.94003720834833	25.7295881741461	44.5
3.87817507098451	25.7294828466916	44.5
3.8160774032626	25.7295974341647	44.5
3.75374370180457	25.7299334969586	44.5
3.69117346292615	25.730492599609	44.5
3.6283661826368	25.7312763107941	44.5
3.56532135663975	25.7322862033348	44.5
3.50203848033195	25.7335238541947	44.5
3.4385170488041	25.7349908444798	44.5
3.37475655684066	25.7366887594387	44.5
3.31075649891983	25.7386191884627	44.5
3.24651636921353	25.7407837250856	44.5
3.18203566158746	25.7431839669839	44.5
3.11731386960104	25.7458215159765	44.5
3.05235048650746	25.748697978025	44.5
2.98714500525363	25.7518149632336	44.5
2.92169691848021	25.7551740858491	44.5
2.85600571852162	25.7587769642609	44.5
2.79007089740601	25.7626252210009	44.5
2.72389194685529	25.7667204827436	44.5
2.65746835828509	25.7710643803061	44.5
2.59079962280481	25.7756585486482	44.5
2.52388523121758	25.7805046268723	44.5
2.45672467402029	25.785604258223	44.5
2.38931744140356	25.790959090088	44.5
2.32166302325176	25.7965707739972	44.5
2.253760909143	25.8024409656235	44.5
2.18561058834916	25.8085713247819	44.5
2.11721154983582	25.8149635154303	44.5
2.04856328226235	25.8216192056692	44.5
1.97966527398185	25.8285400677416	44.5
1.91051701304114	25.835727778033	44.5
1.84111798718082	25.8431840170716	44.5
1.77146768383522	25.8509104695282	44.5
1.70156559013241	25.8589088242161	44.5
1.63141119289422	25.8671807740914	44.5
1.56100397863622	25.8757280162525	44.5
1.49034343356771	25.8845522519406	44.5
1.41942904359175	25.8936551865393	44.5
1.34826029430514	25.903038529575	44.5
1.27683667099843	25.9127039947166	44.5
1.20515765865591	25.9226532997755	44.5
