1.20515765865591	-17.1999696944372	39
1.1921002262679	-17.1980718028836	39
1.17906126073989	-17.1960509340417	39
1.16604192026819	-17.1939072674168	39
1.1530433613059	-17.1916409934218	39
1.14006673846019	-17.1892523133601	39
1.12711320438973	-17.1867414394082	39
1.11418390970232	-17.1841085945965	39
1.10128000285266	-17.1813540127894	39
1.08840263004038	-17.1784779386648	39
1.07555293510818	-17.1754806276922	39
1.06273205944027	-17.1723623461102	39
1.04994114186096	-17.1691233709025	39
1.03718131853351	-17.1657639897736	39
1.0244537228592	-17.1622845011232	39
1.01175948537667	-17.1586852140197	39
0.999099733661496	-17.1549664481724	39
0.986475592226023	-17.1511285339037	39
0.973888182419488	-17.1471718121193	39
0.961338622328412	-17.1430966342781	39
0.948828026677284	-17.138903362361	39
0.93635750672955	-17.1345923688387	39
0.923928170188894	-17.1301640366384	39
0.911541121100857	-17.1256187591103	39
0.899197459754763	-17.1209569399922	39
0.886898282585984	-17.1161789933739	39
0.874644682078551	-17.1112853436601	39
0.862437746668113	-17.1062764255332	39
0.850278560645255	-17.1011526839142	39
0.838168204059185	-17.0959145739235	39
0.826107752621798	-17.0905625608402	39
0.814098277612126	-17.0850971200612	39
0.802140845781179	-17.0795187370585	39
0.790236519257192	-17.0738279073363	39
0.778386355451278	-17.068025136387	39
0.766591406963504	-17.0621109396463	39
0.754852721489397	-17.0560858424474	39
0.743171341726873	-17.0499503799742	39
0.731548305283626	-17.0437050972139	39
0.719984644584959	-17.0373505489087	39
0.708481386782077	-17.0308872995064	39
0.69703955366085	-17.02431592311	39
0.685660161551056	-17.0176370034273	39
0.674344221236097	-17.0108511337184	39
0.663092737863223	-17.0039589167437	39
0.651906710854243	-16.9969609647096	39
0.640787133816756	-16.9898578992148	39
0.629734994455888	-16.9826503511945	39
0.618751274486562	-16.9753389608649	39
0.607836949546295	-16.9679243776659	39
0.596992989108535	-16.9604072602036	39
0.58622035639655	-16.952788276192	39
0.575520008297866	-16.9450681023932	39
0.56489289527927	-16.9372474245577	39
0.554339961302389	-16.9293269373633	39
0.543862143739837	-16.9213073443535	39
0.533460373291951	-16.913189357875	39
0.52313557390413	-16.9049736990141	39
0.512888662684753	-16.8966610975333	39
0.502720549823722	-16.8882522918058	39
0.492632138511617	-16.8797480287505	39
0.48262432485946	-16.8711490637651	39
0.472697997819128	-16.8624561606594	39
0.462854039104383	-16.8536700915873	39
0.453093323112557	-16.8447916369783	39
0.443416716846881	-16.8358215854681	39
0.433825079839476	-16.8267607338285	39
0.424319264074999	-16.8176098868967	39
0.414900113914972	-16.8083698575039	39
0.405568466022772	-16.799041466403	39
0.396325149289324	-16.7896255421954	39
0.387170984759465	-16.7801229212582	39
0.378106785559018	-16.770534447669	39
0.369133356822567	-16.7608609731314	39
0.360251495621938	-16.7511033568995	39
0.351461990895397	-16.7412624657011	39
0.342765623377577	-16.731339173661	39
0.334163165530124	-16.7213343622236	39
0.325655381473085	-16.7112489200738	39
0.317243026917031	-16.7010837430591	39
0.308926849095936	-16.6908397341093	39
0.300707586700799	-16.6805178031564	39
0.29258596981403	-16.670118867054	39
0.284562719844602	-16.6596438494958	39
0.276638549463967	-16.6490936809334	39
0.268814162542757	-16.6384692984937	39
0.261090254088261	-16.6277716458959	39
0.253467510182687	-16.6170016733673	39
0.245946607922224	-16.6061603375592	39
0.238528215356898	-16.5952486014616	39
0.231212991431231	-16.584267434318	39
0.224001585925709	-16.5732178115393	39
0.216894639399065	-16.5621007146168	39
0.209892783131384	-16.5509171310354	39
0.202996639068025	-16.5396680541855	39
0.196206819764377	-16.5283544832753	39
0.189523928331451	-16.5169774232415	39
0.182948558382305	-16.5055378846604	39
0.176481293979317	-16.4940368836579	39
0.170122709582305	-16.4824754418195	39
0.163873369997502	-16.4708545860993	39
0.157733830327385	-16.4591753487288	39
0.151704635921365	-16.4474387671255	39
0.145786322327352	-16.4356458838004	39
0.13997941524418	-16.4237977462656	39
0.13428443047491	-16.4118954069411	39
0.128701873881021	-16.3999399230616	39
0.123232241337467	-16.3879323565823	39
0.117876018688636	-16.3758737740846	39
0.112633681705195	-16.3637652466817	39
0.107505696041827	-16.3516078499228	39
0.102492517195868	-16.3394026636983	39
0.0975945904668494	-16.3271507721433	39
0.092812350916945	-16.3148532635418	39
0.0881462233323225	-16.3025112302296	39
0.0835966221854134	-16.2901257684973	39
0.0791639515980986	-16.2776979784934	39
0.0748486053058095	-16.265228964126	39
0.0706509666225552	-16.2527198329651	39
0.0665714084068756	-16.240171696144	39
0.0626102930287189	-16.2275856682607	39
0.0587679723372567	-16.2149628672791	39
0.0550447876296305	-16.2023044144294	39
0.0514410696206324	-16.1896114341084	39
0.0479571384133337	-16.1768850537801	39
0.0445933034706494	-16.1641264038753	39
0.0413498635878478	-16.1513366176908	39
0.0382271068660136	-16.1385168312896	39
0.0352253106864557	-16.1256681833991	39
0.0323447416860667	-16.1127918153106	39
0.0295856557336409	-16.0998888707776	39
0.0269482979071465	-16.086960495914	39
0.0244329024719545	-16.0740078390931	39
0.0220396928600322	-16.0610320508446	39
0.0197688816500947	-16.048034283753	39
0.0176206705487241	-16.0350156923553	39
0.0155952503724512	-16.021977433038	39
0.0136928010308077	-16.0089206639346	39
0.0119134915103438	-15.9958465448229	39
0.0102574798596196	-15.9827562370217	39
0.00872491317516499	-15.9696509032879	39
0.00731592758841448	-15.956531707713	39
0.00603064825361477	-15.9433998156197	39
0.00486918933670766	-15.9302563934588	39
0.00383165400519014	-15.9171026087049	39
0.00291813441894928	-15.9039396297532	39
0.00212871172207718	-15.8907686258157	39
0.00146345603566189	-15.877590766817	39
0.000922426451560376	-15.8644072232909	39
0.000505671027148269	-15.8512191662758	39
0.000213226781052178	-15.8380277672112	39
4.51196898612061e-05	-15.8248341978336	39
1.36468581879434e-06	-15.811639630072	39
8.19656554977843e-05	-15.7984452359441	39
0.000286915439454027	-15.7852521874525	39
0.000616195832862321	-15.7720616564799	39
0.00106977758713445	-15.7588748146856	39
0.00164762041251598	-15.745692833401	39
0.00234967298166655	-15.7325168835261	39
0.00317587293421751	-15.7193481354248	39
0.00412614688231172	-15.7061877588215	39
0.00520041041712238	-15.693036922697	39
0.0063985681163512	-15.6798967951845	39
0.0077205135527032	-15.6667685434661	39
0.00916612930334137	-15.6536533336692	39
0.0107352869603157	-15.6405523307624	39
0.0124278471419703	-15.6274666984525	39
0.0142436595053232	-15.6143975990812	39
0.0161825627594212	-15.6013461935213	39
0.0182443846796663	-15.5883136410742	39
0.0204289421231139	-15.5753010993666	39
0.0227360410447399	-15.5623097242476	39
0.0251654765146794	-15.5493406696863	39
0.027717032736426	-15.5363950876691	39
0.0303904830660027	-15.5234741280975	39
0.0331855900320932	-15.5105789386857	39
0.0361021053571353	-15.4977106648591	39
0.0391397699793739	-15.4848704496522	39
0.0422983140758735	-15.4720594336072	39
0.0455774570864844	-15.4592787546724	39
0.0489769077387636	-15.4465295481018	39
0.0524963640738492	-15.4338129463536	39
0.0561355134732786	-15.4211300789899	39
0.0598940326867607	-15.4084820725763	39
0.0637715878608871	-15.3958700505819	39
0.0677678345687862	-15.3832951332793	39
0.0718824178407191	-15.3707584376455	39
0.0761149721956089	-15.3582610772622	39
0.0804651216735039	-15.3458041622173	39
0.0849324798689752	-15.3333887990059	39
0.0895166499654372	-15.3210160904325	39
0.0942172247703952	-15.3086871355125	39
0.0990337867516162	-15.2964030293749	39
0.103965908074216	-15.2841648631652	39
0.109013150638659	-15.2719737239481	39
0.114175066119678	-15.2598306946109	39
0.119451196006093	-15.2477368537678	39
0.12484107164154	-15.2356932756636	39
0.130344214266102	-15.2237010300786	39
0.135960135058829	-15.2117611822334	39
0.141688335181166	-15.1998747926943	39
0.147528305821256	-15.1880429172792	39
0.153479528239141	-15.1762666069636	39
0.159541473812834	-15.1645469077875	39
0.165713604085278	-15.1528848607623	39
0.171995370812176	-15.1412815017786	39
0.178386216010683	-15.1297378615137	39
0.184885572008979	-15.1182549653405	39
0.191492861496682	-15.1068338332363	39
0.198207497576137	-15.095475479692	39
0.205028883814541	-15.0841809136222	39
0.211956414296929	-15.0729511382758	39
0.218989473679986	-15.0617871511461	39
0.226127437246711	-15.0506899438832	39
0.23336967096191	-15.039660502205	39
0.240715531528507	-15.0286998058105	39
0.248164366444694	-15.017808828292	39
0.255715514061882	-15.0069885370492	39
0.263368303643479	-14.9962398932028	39
0.271122055424464	-14.9855638515095	39
0.278976080671773	-14.9749613602772	39
0.286929681745469	-14.9644333612804	39
0.294982152160717	-14.9539807896768	39
0.303132776650534	-14.9436045739243	39
0.311380831229325	-14.9333056356983	39
0.319725583257192	-14.9230848898102	39
0.328166291505009	-14.9129432441256	39
0.336702206220264	-14.9028815994841	39
0.345332569193658	-14.8929008496193	39
0.354056613826449	-14.883001881079	39
0.36287356519855	-14.8731855731469	39
0.371782640137358	-14.8634527977641	39
0.380783047287326	-14.8538044194521	39
0.389873987180249	-14.8442412952356	39
0.399054652306279	-14.8347642745666	39
0.408324227185659	-14.8253741992489	39
0.417681888441149	-14.8160719033632	39
0.42712680487117	-14.8068582131934	39
0.436658137523632	-14.7977339471525	39
0.446275039770459	-14.7886999157107	39
0.455976657382787	-14.7797569213228	39
0.465762128606844	-14.7709057583574	39
0.475630584240495	-14.7621472130259	39
0.485581147710451	-14.753482063313	39
0.495612935150129	-14.7449110789074	39
0.505725055478162	-14.7364350211334	39
0.515916610477557	-14.7280546428835	39
0.526186694875468	-14.7197706885514	39
0.536534396423616	-14.7115838939658	39
0.546958795979319	-14.7034949863251	39
0.557458967587131	-14.6955046841328	39
0.568033978561101	-14.6876136971339	39
0.578682889567606	-14.6798227262514	39
0.589404754708796	-14.6721324635244	39
0.600198621606618	-14.6645435920464	39
0.6110635314874	-14.657056785905	39
0.621998519267024	-14.6496727101215	39
0.63300261363665	-14.6423920205923	39
0.64407483714899	-14.6352153640302	39
0.655214206305128	-14.6281433779075	39
0.666419731641889	-14.6211766903988	39
0.67769041781972	-14.6143159203256	39
0.689025263711106	-14.6075616771011	39
0.700423262489498	-14.6009145606763	39
0.711883401718738	-14.5943751614865	39
0.723404663442996	-14.587944060399	39
0.73498602427719	-14.5816218286613	39
0.746626455497885	-14.5754090278507	39
0.758324923134673	-14.5693062098239	39
0.770080388062019	-14.5633139166686	39
0.781891806091557	-14.557432680655	39
0.793758128064839	-14.5516630241883	39
0.805678299946539	-14.5460054597629	39
0.817651262918066	-14.5404604899164	39
0.829675953471618	-14.535028607185	39
0.841751303504655	-14.5297102940599	39
0.853876240414764	-14.5245060229445	39
0.866049687194941	-14.5194162561122	39
0.878270562529257	-14.5144414456656	39
0.890537780888901	-14.509582033496	39
0.902850252628607	-14.5048384512446	39
0.915206884083446	-14.5002111202638	39
0.927606577665962	-14.4957004515798	39
0.940048231963676	-14.4913068458564	39
0.952530741836914	-14.487030693359	39
0.965052998516975	-14.4828723739201	39
0.977613889704614	-14.4788322569059	39
0.990212299668849	-14.4749107011827	39
1.00284710934606	-14.4711080550859	39
1.0155171964394	-14.4674246563885	39
1.02822143551847	-14.4638608322713	39
1.04095869811929	-14.4604168992937	39
1.05372785284457	-14.4570931633657	39
1.06652776546413	-14.4538899197209	39
1.07935729901573	-14.4508074528897	39
1.09221531390603	-14.4478460366748	39
1.10510066801178	-14.4450059341263	39
1.11801221678134	-14.4422873975185	39
1.13094881333629	-14.4396906683275	39
1.14390930857332	-14.4372159772099	39
1.1568925512663	-14.434863543982	39
1.16989738816855	-14.4326335776005	39
1.18292266411526	-14.4305262761439	39
1.1959672221261	-14.428541826795	39
1.22175312138125	-14.4248792239251	39
1.23834461398937	-14.4225248281487	39
1.25493213648027	-14.4201559146318	39
1.27151568885394	-14.4177724833744	39
1.2880952711104	-14.4153745343763	39
1.30467088324963	-14.4129620676378	39
1.32124252527165	-14.4105350831586	39
1.33781019717644	-14.4080935809389	39
1.35437389896401	-14.4056375609786	39
1.37093363063436	-14.4031670232777	39
1.38748939218749	-14.4006819678363	39
1.4040411836234	-14.3981823946543	39
1.42058900494209	-14.3956683037317	39
1.43713285614355	-14.3931396950686	39
1.4536727372278	-14.3905965686649	39
1.47020864819482	-14.3880389245207	39
1.48674058904463	-14.3854667626359	39
1.50326855977721	-14.3828800830105	39
1.51979256039257	-14.3802788856445	39
1.53631259089071	-14.377663170538	39
1.55282865127163	-14.3750329376909	39
1.56934074153532	-14.3723881871033	39
1.5858488616818	-14.3697289187751	39
1.60235301171106	-14.3670551327063	39
1.61885319162309	-14.364366828897	39
1.6353494014179	-14.3616640073471	39
1.6518416410955	-14.3589466680566	39
1.66832991065587	-14.3562148110256	39
1.68481421009902	-14.353468436254	39
1.70129453942495	-14.3507075437418	39
1.71777089863365	-14.3479321334891	39
1.73424328772514	-14.3451422054958	39
1.75071170669941	-14.3423377597619	39
1.76717615555645	-14.3395187962875	39
1.78363663429627	-14.3366853150725	39
1.80009314291888	-14.3338373161169	39
1.81654568142426	-14.3309747994208	39
1.83299424981242	-14.3280977649841	39
1.84943884808336	-14.3252062128068	39
1.86587947623708	-14.322300142889	39
1.88231613427357	-14.3193795552306	39
1.89874882219285	-14.3164444498317	39
1.9151775399949	-14.3134948266921	39
1.93160228767974	-14.3105306858121	39
1.94802306524735	-14.3075520271914	39
1.96443987269774	-14.3045588508302	39
1.98085271003091	-14.3015511567284	39
1.99726157724686	-14.2985289448861	39
2.01366647434559	-14.2954922153032	39
2.0300674013271	-14.2924409679797	39
2.04646435819139	-14.2893752029156	39
2.06285734493845	-14.286294920111	39
2.0792463615683	-14.2832001195658	39
2.09563140808092	-14.2800908012801	39
2.11201248447632	-14.2769669652538	39
2.1283895907545	-14.2738286114869	39
2.14476272691546	-14.2706757399795	39
2.1611318929592	-14.2675083507315	39
2.17749708888572	-14.2643264437429	39
2.19385831469501	-14.2611300190138	39
2.21021557038709	-14.2579190765441	39
2.22656885596194	-14.2546936163338	39
2.24291817141958	-14.251453638383	39
2.25926351675999	-14.2481991426916	39
2.27560489198318	-14.2449301292596	39
2.29194229708915	-14.2416465980871	39
2.3082757320779	-14.238348549174	39
2.32460519694943	-14.2350359825204	39
2.34093069170374	-14.2317088981261	39
2.35725221634082	-14.2283672959914	39
2.37356977086069	-14.225011176116	39
2.38988335526333	-14.2216405385001	39
2.40619296954875	-14.2182553831436	39
2.42249861371695	-14.2148557100465	39
2.43880028776794	-14.2114415192089	39
2.45509799170169	-14.2080128106308	39
2.47139172551823	-14.204569584312	39
2.48768148921755	-14.2011118402527	39
2.50396728279965	-14.1976395784528	39
2.52024910626452	-14.1941527989124	39
2.53652695961218	-14.1906515016314	39
2.55280084284261	-14.1871356866098	39
2.56907075595582	-14.1836053538476	39
2.58533669895181	-14.1800605033449	39
2.60159867183058	-14.1765011351017	39
2.61785667459213	-14.1729272491178	39
2.63411070723646	-14.1693388453934	39
2.65036076976356	-14.1657359239285	39
2.66660686217345	-14.1621184847229	39
2.68284898446611	-14.1584865277768	39
2.69908713664156	-14.1548400530902	39
2.71532131869978	-14.1511790606629	39
2.73155153064078	-14.1475035504951	39
2.74777777246456	-14.1438135225868	39
2.76400004417112	-14.1401089769379	39
2.78021834576046	-14.1363899135484	39
2.79643267723257	-14.1326563324183	39
2.81264303858747	-14.1289082335477	39
2.82884942982514	-14.1251456169365	39
2.8450518509456	-14.1213684825847	39
2.86125030194883	-14.1175768304924	39
2.87744478283484	-14.1137706606595	39
2.89363529360363	-14.1099499730861	39
2.9098218342552	-14.1061147677721	39
2.92600440478955	-14.1022650447175	39
2.94218300520668	-14.0984008039224	39
2.95835763550658	-14.0945220453866	39
2.97452829568927	-14.0906287691104	39
2.99069498575473	-14.0867209750935	39
3.00685770570297	-14.0827986633361	39
3.023016455534	-14.0788618338381	39
3.0391712352478	-14.0749104865996	39
3.05532204484438	-14.0709446216205	39
3.07146888432373	-14.0669642389008	39
3.08761175368587	-14.0629693384406	39
3.10375065293079	-14.0589599202398	39
3.11988558205848	-14.0549359842984	39
3.13601654106896	-14.0508975306165	39
3.15214352996221	-14.046844559194	39
3.16826654873824	-14.0427770700309	39
3.18438559739705	-14.0386950631273	39
3.20050067593864	-14.0345985384831	39
3.21661178436301	-14.0304874960983	39
3.23271892267016	-14.026361935973	39
3.24882209086009	-14.0222218581071	39
3.26492128893279	-14.0180672625007	39
3.28101651688828	-14.0138981491536	39
3.29710777472654	-14.009714518066	39
3.31319506244758	-14.0055163692379	39
3.3292783800514	-14.0013037026692	39
3.345357727538	-13.9970765183599	39
3.36143310490738	-13.9928348163101	39
3.37750451215954	-13.9885785965196	39
3.39357194929448	-13.9843078589887	39
3.40963541631219	-13.9800226037171	39
3.42569491321269	-13.975722830705	39
3.44175043999596	-13.9714085399523	39
3.45780199666201	-13.9670797314591	39
3.47384958321085	-13.9627364052253	39
3.48989319964246	-13.9583785612509	39
3.50593284595685	-13.954006199536	39
3.52196852215401	-13.9496193200804	39
3.53800022823396	-13.9452179228844	39
3.55402796419669	-13.9408020079477	39
3.57005173004219	-13.9363715752705	39
3.58607152577048	-13.9319266248528	39
3.60208735138154	-13.9274671566944	39
3.61809920687538	-13.9229931707955	39
3.634107092252	-13.9185046671561	39
3.6501110075114	-13.9140016457761	39
3.66611095265358	-13.9094841066555	39
3.68210692767854	-13.9049520497943	39
3.69809893258628	-13.9004054751926	39
3.71408696737679	-13.8958443828503	39
3.73007103205009	-13.8912687727674	39
3.74605112660616	-13.886678644944	39
3.76202725104501	-13.88207399938	39
3.77799940536664	-13.8774548360755	39
3.79396758957105	-13.8728211550303	39
3.80993180365824	-13.8681729562447	39
3.82589204762821	-13.8635102397184	39
3.84184832148096	-13.8588330054516	39
3.85780062521648	-13.8541412534442	39
3.87374895883479	-13.8494349836963	39
3.88969332233587	-13.8447141962078	39
3.90563371571973	-13.8399788909787	39
3.92157013898637	-13.835229068009	39
3.93750259213579	-13.8304647272988	39
3.95343107516799	-13.8256858688481	39
3.96935558808297	-13.8208924926567	39
3.98527613088073	-13.8160845987248	39
4.00119270356126	-13.8112621870523	39
4.01710530612458	-13.8064252576393	39
4.03301393857067	-13.8015738104857	39
4.04891860089955	-13.7967078455915	39
4.0648192931112	-13.7918273629568	39
4.08071601520563	-13.7869323625815	39
4.09660876718284	-13.7820228444657	39
4.11249754904283	-13.7770988086092	39
4.12838236078559	-13.7721602550122	39
4.14426320241114	-13.7672071836747	39
4.16014007391947	-13.7622395945966	39
4.17601297531057	-13.7572574877779	39
4.19188190658445	-13.7522608632186	39
4.20774686774111	-13.7472497209188	39
4.22360785878056	-13.7422240608784	39
4.23946487970277	-13.7371838830974	39
4.25531793050777	-13.7321291875759	39
4.27116701119555	-13.7270599743138	39
4.28701212176611	-13.7219762433112	39
4.30285326221944	-13.716877994568	39
4.31869043255556	-13.7117652280842	39
4.33452363277445	-13.7066379438599	39
4.35035286287612	-13.7014961418949	39
4.36617812286058	-13.6963398221895	39
4.3819994127278	-13.6911689847434	39
4.39781673247781	-13.6859836295568	39
4.4136300821106	-13.6807837566296	39
4.42943946162617	-13.6755693659619	39
4.44524487102451	-13.6703404575536	39
4.46104631030564	-13.6650970314047	39
4.47684377946954	-13.6598390875153	39
4.49263727851623	-13.6545666258853	39
4.50842680744569	-13.6492796465147	39
4.52421236625793	-13.6439781494036	39
4.53999395495295	-13.6386621345519	39
4.55577157353075	-13.6333316019596	39
4.57154522199132	-13.6279865516268	39
4.58731490033468	-13.6226269835534	39
4.60308060856081	-13.6172528977395	39
4.61884234666973	-13.6118642941849	39
4.63460011466142	-13.6064611728898	39
4.65035391253589	-13.6010435338542	39
4.66610374029314	-13.595611377078	39
4.68184959793317	-13.5901647025612	39
4.69759148545598	-13.5847035103038	39
4.71332940286157	-13.5792278003059	39
4.72906335014994	-13.5737375725674	39
4.74479332732108	-13.5682328270884	39
4.76051933437501	-13.5627135638688	39
4.77624137131171	-13.5571797829086	39
4.79195943813119	-13.5516314842078	39
4.80767353483345	-13.5460686677665	39
4.82338366141849	-13.5404913335847	39
4.83908981788631	-13.5348994816622	39
4.85479200423691	-13.5292931119992	39
4.87049022047029	-13.5236722245956	39
4.88618446658644	-13.5180368194515	39
4.90187474258538	-13.5123868965668	39
4.91756104846709	-13.5067224559415	39
4.93324338423158	-13.5010434975757	39
4.94892174987885	-13.4953500214693	39
4.9645961454089	-13.4896420276223	39
4.98026657082173	-13.4839195160348	39
4.99593302611734	-13.4781824867067	39
5.01159551129573	-13.472430939638	39
5.02725402635689	-13.4666648748288	39
5.04290857130084	-13.460884292279	39
5.05855914612756	-13.4550891919886	39
5.07420575083707	-13.4492795739577	39
5.08984838542935	-13.4434554381862	39
5.10548704990441	-13.4376167846742	39
5.12112174426225	-13.4317636134216	39
5.13675246850287	-13.4258959244284	39
5.15237922262626	-13.4200137176946	39
5.16800200663244	-13.4141169932203	39
5.1836208205214	-13.4082057510054	39
5.19923566429313	-13.40227999105	39
5.21484653794764	-13.396339713354	39
5.23045344148493	-13.3903849179174	39
5.24605637490501	-13.3844156047402	39
5.26165533820786	-13.3784317738225	39
5.27725033139348	-13.3724334251642	39
5.29284135446189	-13.3664205587654	39
5.30842840741308	-13.360393174626	39
5.32401149024705	-13.354351272746	39
5.33959060296379	-13.3482948531255	39
5.35516574556331	-13.3422239157644	39
5.37073691804561	-13.3361384606627	39
5.38630412041069	-13.3300384878205	39
5.40186735265855	-13.3239239972377	39
5.41742661478919	-13.3177949889143	39
5.43298190680261	-13.3116514628504	39
5.44853322869881	-13.3054934190459	39
5.46408058047779	-13.2993208575008	39
5.47962396213954	-13.2931337782152	39
5.49516337368407	-13.286932181189	39
5.51069881511139	-13.2807160664223	39
5.52623028642148	-13.2744854339149	39
5.54175778761435	-13.268240283667	39
5.55728131869	-13.2619806156786	39
5.57280087964843	-13.2557064299496	39
5.58831647048963	-13.24941772648	39
5.60382809121362	-13.2431145052698	39
5.61933574182039	-13.2367967663191	39
5.63483942230993	-13.2304645096278	39
5.65033913268225	-13.224117735196	39
5.66583487293735	-13.2177564430236	39
5.68132664307523	-13.2113806331106	39
5.69681444309589	-13.2049903054571	39
5.71229827299933	-13.1985854600629	39
5.72777813278555	-13.1921660969283	39
5.74325402245455	-13.185732216053	39
5.75872594200632	-13.1792838174372	39
5.77419389144088	-13.1728209010808	39
5.78965787075821	-13.1663434669839	39
5.80511787995832	-13.1598515151464	39
5.82057391904121	-13.1533450455683	39
5.83602598800688	-13.1468240582497	39
5.85147408685533	-13.1402885531905	39
5.86691821558656	-13.1337385303907	39
5.88235837420057	-13.1271739898504	39
5.89779456269735	-13.1205949315695	39
5.91322678107692	-13.1140013555481	39
5.92865502933926	-13.107393261786	39
5.94407930748438	-13.1007706502834	39
5.95949961551228	-13.0941335210403	39
5.97491595342296	-13.0874818740566	39
5.99032832121642	-13.0808157093323	39
6.00573671889266	-13.0741350268674	39
6.02114114645168	-13.067439826662	39
6.03654160389348	-13.060730108716	39
6.05193809121805	-13.0540058730294	39
6.0673306084254	-13.0472671196023	39
6.08271915551554	-13.0405138484346	39
6.09810373248845	-13.0337460595264	39
6.11348433934414	-13.0269637528776	39
6.12886097608261	-13.0201669284882	39
6.14423364270386	-13.0133555863583	39
6.15960233920788	-13.0065297264878	39
6.17496706559469	-12.9996893488767	39
6.19032782186427	-12.992834453525	39
6.20568460801664	-12.9859650404328	39
6.22103742405178	-12.9790811096001	39
6.2363862699697	-12.9721826610267	39
6.25173114577041	-12.9652696947128	39
6.26707205145389	-12.9583422106584	39
6.28240898702014	-12.9514002088633	39
6.29774195246918	-12.9444436893277	39
6.313070947801	-12.9374726520516	39
6.32839597301559	-12.9304870970348	39
6.34371702811297	-12.9234870242775	39
6.35903411309312	-12.9164724337797	39
6.37434722795605	-12.9094433255413	39
6.38965637270176	-12.9023996995623	39
6.40496154733026	-12.8953415558427	39
6.42026275184152	-12.8882688943826	39
6.43555998623557	-12.8811817151819	39
6.4508532505124	-12.8740800182406	39
6.466142544672	-12.8669638035588	39
6.48142786871439	-12.8598330711364	39
6.49670922263955	-12.8526878209735	39
6.5119866064475	-12.84552805307	39
6.52726002013822	-12.8383537674259	39
6.54252946371172	-12.8311649640412	39
6.557794937168	-12.823961642916	39
6.57305644050706	-12.8167438040502	39
6.58831397372889	-12.8095114474439	39
6.60356753683351	-12.802264573097	39
6.6188171298209	-12.7950031810095	39
6.63406275269108	-12.7877272711815	39
6.64930440544403	-12.7804368436129	39
6.66454208807976	-12.7731318983037	39
6.67977580059827	-12.765812435254	39
6.69500554299956	-12.7584784544637	39
6.71023131528363	-12.7511299559328	39
6.72545311745048	-12.7437669396614	39
6.74067094950011	-12.7363894056494	39
6.75588481143251	-12.7289973538968	39
6.7710947032477	-12.7215907844037	39
6.78630062494566	-12.71416969717	39
6.8015025765264	-12.7067340921957	39
6.81670055798992	-12.6992839694809	39
6.83189456933622	-12.6918193290255	39
6.8470846105653	-12.6843401708295	39
6.86227068167716	-12.676846494893	39
6.8774527826718	-12.6693383012159	39
6.89263091354921	-12.6618155897983	39
6.90780507430941	-12.6542783606401	39
6.92297526495238	-12.6467266137413	39
6.93814148547813	-12.6391603491019	39
6.95330373588666	-12.631579566722	39
6.96846201617797	-12.6239842666015	39
6.98361632635206	-12.6163744487405	39
6.99876666640893	-12.6087501131389	39
7.01391303634858	-12.6011112597967	39
7.029055436171	-12.5934578887139	39
7.04419386587621	-12.5857899998906	39
7.05932832546419	-12.5781075933268	39
7.07445881493495	-12.5704106690223	39
7.0895853342885	-12.5626992269773	39
7.10470788352482	-12.5549732671917	39
7.11982646264392	-12.5472327896656	39
7.13494107164579	-12.5394777943989	39
7.15005171053045	-12.5317082813916	39
7.16515837929789	-12.5239242506438	39
7.1802610779481	-12.5161257021554	39
7.1953598064811	-12.5083126359264	39
7.21045456489687	-12.5004850519569	39
7.22554535319542	-12.4926429502468	39
7.24063217137676	-12.4847863307962	39
7.25571501944086	-12.4769151936049	39
7.27079389738775	-12.4690295386731	39
7.28586880521742	-12.4611293660008	39
7.30093974292987	-12.4532146755879	39
7.31600671052509	-12.4452854674344	39
7.3310697080031	-12.4373417415403	39
7.34612873536388	-12.4293834979057	39
7.36118379260744	-12.4214107365305	39
7.37623487973378	-12.4134234574148	39
7.3912819967429	-12.4054216605585	39
7.4063251436348	-12.3974053459616	39
7.42136432040948	-12.3893745136241	39
7.43639952706694	-12.3813291635461	39
7.45143076360717	-12.3732692957275	39
7.46645803003019	-12.3651949101684	39
7.48148132633598	-12.3571060068687	39
7.49650065252455	-12.3490025858284	39
7.5115160085959	-12.3408846470476	39
7.52652739455004	-12.3327521905262	39
7.54153481038694	-12.3246052162642	39
7.55653825610663	-12.3164437242617	39
7.5715377317091	-12.3082677145186	39
7.58653323719435	-12.3000771870349	39
7.60152477256237	-12.2918721418107	39
7.61651233781318	-12.2836525788459	39
7.63149593294676	-12.2754184981405	39
7.64647555796312	-12.2671698996946	39
7.66145121286226	-12.2589067835081	39
7.67642289764418	-12.250629149581	39
7.69139061230888	-12.2423369979134	39
7.70635435685636	-12.2340303285052	39
7.72131413128661	-12.2257091413564	39
7.73626993559965	-12.2173734364671	39
7.75122176979546	-12.2090232138372	39
7.76616963387406	-12.2006584734668	39
7.78111352783543	-12.1922792153558	39
7.79605345167958	-12.1838854395042	39
7.81098940540651	-12.175477145912	39
7.82592138901622	-12.1670543345793	39
7.84084940250871	-12.158617005506	39
7.85577344588397	-12.1501651586922	39
7.87069351914202	-12.1416987941378	39
7.88560962228284	-12.1332179118428	39
7.90052175530645	-12.1247225118073	39
7.91542991821283	-12.1162125940311	39
7.93033411100199	-12.1076881585145	39
7.94523433367393	-12.0991492052572	39
7.96013058622865	-12.0905957342594	39
7.97502286866615	-12.0820277455211	39
7.98991118098643	-12.0734452390421	39
8.00479552318948	-12.0648482148226	39
8.01967589527532	-12.0562366728626	39
8.03455229724393	-12.0476106131619	39
8.04942472909532	-12.0389700357207	39
8.06429319082949	-12.030314940539	39
8.07915768244644	-12.0216453276166	39
8.09401820394617	-12.0129611969537	39
8.10887475532868	-12.0042625485503	39
8.12372733659397	-11.9955493824063	39
8.13857594774204	-11.9868216985217	39
8.15342058877288	-11.9780794968965	39
8.16826125968651	-11.9693227775308	39
8.18309796048291	-11.9605515404245	39
8.19793069116209	-11.9517657855777	39
8.21275945172405	-11.9429655129902	39
8.22758424216879	-11.9341507226623	39
8.24240506249631	-11.9253214145937	39
8.25722191270661	-11.9164775887846	39
8.27203479279968	-11.9076192452349	39
8.28684370277554	-11.8987463839447	39
8.30164864263417	-11.8898590049138	39
8.31644961237559	-11.8809571081425	39
8.33124661199978	-11.8720406936305	39
8.34603964150675	-11.863109761378	39
8.3608287008965	-11.8541643113849	39
8.37561379016903	-11.8452043436513	39
8.39039490932434	-11.8362298581771	39
8.40517205836242	-11.8272408549623	39
8.41994523728329	-11.818237334007	39
8.43471444608694	-11.8092192953111	39
8.44947968477336	-11.8001867388746	39
8.46424095334256	-11.7911396646976	39
8.47899825179454	-11.78207807278	39
8.4937515801293	-11.7730019631218	39
8.50850093834684	-11.7639113357231	39
8.52324632644716	-11.7548061905838	39
8.53798774443026	-11.745686527704	39
8.55272519229613	-11.7365523470835	39
8.56745867004479	-11.7274036487226	39
8.58218817767622	-11.718240432621	39
8.59691371519044	-11.7090626987789	39
8.61163528258743	-11.6998704471962	39
8.6263528798672	-11.6906636778729	39
8.64106650702975	-11.6814423908091	39
8.65577616407508	-11.6722065860047	39
8.67048185100318	-11.6629562634598	39
8.68518356781407	-11.6536914231743	39
8.69988131450773	-11.6444120651482	39
8.71457509108418	-11.6351181893815	39
8.7292648975434	-11.6258097958743	39
8.74395073388541	-11.6164868846266	39
8.75863260011019	-11.6071494556382	39
8.77331049621775	-11.5977975089093	39
8.78798442220809	-11.5884310444398	39
8.8026543780812	-11.5790500622298	39
8.8173203638371	-11.5696545622792	39
8.83198237947578	-11.560244544588	39
8.84664042499723	-11.5508200091563	39
8.86129450040146	-11.541380955984	39
8.87594460568848	-11.5319273850711	39
8.89059074085827	-11.5224592964177	39
8.90523290591084	-11.5129766900237	39
8.91987110084619	-11.5034795658891	39
8.93450532566431	-11.493967924014	39
8.94913558036522	-11.4844417643983	39
8.96376186494891	-11.4749010870421	39
8.97838417941537	-11.4653458919452	39
8.99300252376462	-11.4557761791078	39
9.00761689799664	-11.4461919485299	39
9.02222730211144	-11.4365932002114	39
9.03683373610902	-11.4269799341523	39
9.05143619998938	-11.4173521503526	39
9.06603469375252	-11.4077098488124	39
9.08062921739844	-11.3980530295316	39
9.09521977092713	-11.3883816925103	39
9.10980635433861	-11.3786958377484	39
9.12438896763286	-11.3689954652459	39
9.1389676108099	-11.3592805750028	39
9.15354228386971	-11.3495511670192	39
9.1681129868123	-11.3398072412951	39
9.18267971963767	-11.3300487978303	39
9.19724248234582	-11.320275836625	39
9.21180127493674	-11.3104883576791	39
9.22635609741045	-11.3006863609927	39
9.24090694976694	-11.2908698465657	39
9.2554538320062	-11.2810388143981	39
9.26999674412824	-11.27119326449	39
9.28453568613307	-11.2613331968413	39
9.29907065802067	-11.251458611452	39
9.31360165979105	-11.2415695083222	39
9.32812869144421	-11.2316658874518	39
9.34265175298014	-11.2217477488408	39
9.35717084439886	-11.2118150924893	39
9.37168596570036	-11.2018679183972	39
9.38619711688463	-11.1919062265646	39
9.40070429795169	-11.1819300169913	39
9.41520750890152	-11.1719392896775	39
9.42970674973413	-11.1619340446232	39
9.44420202044952	-11.1519142818283	39
9.45869332104769	-11.1418800012928	39
9.47318065152864	-11.1318312030167	39
9.48766401189236	-11.1217678870001	39
9.50214340213887	-11.1116900532429	39
9.51661882226816	-11.1015977017452	39
9.53109027228022	-11.0914908325069	39
9.54555775217506	-11.081369445528	39
9.56002126195268	-11.0712335408085	39
9.57448080161308	-11.0610831183485	39
9.58893637115627	-11.050918178148	39
9.60338797058222	-11.0407387202068	39
9.61783559989096	-11.0305447445251	39
9.63227925908248	-11.0203362511028	39
9.64671894815677	-11.01011323994	39
9.66115466711384	-10.9998757110366	39
9.6755864159537	-10.9896236643926	39
9.69001419467633	-10.9793571000081	39
9.70443800328174	-10.969076017883	39
9.71885784176993	-10.9587804180173	39
9.7332737101409	-10.9484703004111	39
9.74768560839465	-10.9381456650643	39
9.76209353653118	-10.9278065119769	39
9.77649749455048	-10.917452841149	39
9.79089748245257	-10.9070846525805	39
9.80529350023743	-10.8967019462715	39
9.81968554790507	-10.8863047222218	39
9.83407362545549	-10.8758929804317	39
9.84845773288869	-10.8654667209009	39
9.86283787020467	-10.8550259436296	39
9.87721403740343	-10.8445706486177	39
9.89158623448497	-10.8341008358652	39
9.90595446144928	-10.8236165053722	39
9.92031871829638	-10.8131176571386	39
9.93467900502625	-10.8026042911645	39
9.94903532163891	-10.7920764074498	39
9.96338766813434	-10.7815340059945	39
9.97773604451255	-10.7709770867987	39
9.99208045077354	-10.7604056498622	39
10.0064208869173	-10.7498196951853	39
10.0207573529439	-10.7392192227677	39
10.0350898488532	-10.7286042326096	39
10.0494183746453	-10.717974724711	39
10.0637429303202	-10.7073306990717	39
10.0780635158778	-10.6966721556919	39
10.0923801313183	-10.6859990945715	39
10.1066927766415	-10.6753115157106	39
10.1210014518475	-10.6646094191091	39
10.1353061569363	-10.6538928047671	39
10.1496068919078	-10.6431616726844	39
10.1639036567622	-10.6324160228612	39
10.1781964514993	-10.6216558552975	39
10.1924852761192	-10.6108811699931	39
10.2067701306218	-10.6000919669482	39
10.2210510150073	-10.5892882461628	39
10.2353279292755	-10.5784700076368	39
10.2496008734265	-10.5676372513702	39
10.2638698474603	-10.556789977363	39
10.2781348513769	-10.5459281856153	39
10.2923958851762	-10.535051876127	39
10.3066529488584	-10.5241610488982	39
10.3209060424233	-10.5132557039288	39
10.335155165871	-10.5023358412188	39
10.3494003192014	-10.4914014607682	39
10.3636415024147	-10.4804525625771	39
10.3778787155107	-10.4694891466454	39
10.3921119584895	-10.4585112129732	39
10.4063412313511	-10.4475187615604	39
10.4205665340954	-10.436511792407	39
10.4347878667226	-10.4254903055131	39
10.4490052292325	-10.4144543008786	39
10.4632186216252	-10.4034037785035	39
10.4774280439006	-10.3923387383878	39
10.4916334960589	-10.3812591805316	39
10.5058349780999	-10.3701651049349	39
10.5200324900237	-10.3590565115975	39
10.5342260318303	-10.3479334005196	39
10.5484156035197	-10.3367957717012	39
10.5626012050918	-10.3256436251422	39
10.5767828365468	-10.3144769608426	39
10.5909604978845	-10.3032957788024	39
10.6051341891049	-10.2921000790217	39
10.6193039102082	-10.2808898615004	39
10.6334696611942	-10.2696651262385	39
10.6476314420631	-10.2584258732361	39
10.6617892528147	-10.2471721024931	39
10.675943093449	-10.2359038140096	39
10.6900929639662	-10.2246210077854	39
10.7042388643661	-10.2133236838208	39
10.7183807946489	-10.2020118421155	39
10.7325187548143	-10.1906854826697	39
10.7466527448626	-10.1793446054833	39
10.7607827647937	-10.1679892105564	39
10.7749088146075	-10.1566192978888	39
10.7890308943041	-10.1452348674808	39
10.8031490038835	-10.1338359193321	39
10.8172631433457	-10.1224224534429	39
10.8313733126906	-10.1109944698131	39
10.8454795119183	-10.0995519684428	39
10.8595817410288	-10.0880949493319	39
10.8736800000221	-10.0766234124804	39
10.8877742888982	-10.0651373578884	39
10.901864607657	-10.0536367855558	39
10.9159509562986	-10.0421216954826	39
10.930033334823	-10.0305920876689	39
10.9441117432302	-10.0190479621146	39
10.9581861815202	-10.0074893188197	39
10.9722566496929	-9.99591615778429	39
10.9863231477484	-9.9843284790083	39
11.0003856756867	-9.97272628249174	39
11.0144442335078	-9.96110956823461	39
11.0284988212116	-9.94947833623692	39
11.0425494387983	-9.93783258649866	39
11.0565960862677	-9.92617231901984	39
11.0706387636199	-9.91449753380045	39
11.0846774708548	-9.9028082308405	39
11.0987122079726	-9.89110441013998	39
11.1127429749731	-9.8793860716989	39
11.1267697718564	-9.86765321551725	39
11.1407925986225	-9.85590584159503	39
11.1548114552713	-9.84414394993225	39
11.168826341803	-9.8323675405289	39
11.1828372582174	-9.820576613385	39
11.1968442045146	-9.80877116850051	39
11.2108471806946	-9.79695120587547	39
11.2248461867573	-9.78511672550986	39
11.2388412227029	-9.77326772740369	39
11.2528322885312	-9.76140421155695	39
11.2668193842423	-9.74952617796964	39
11.2808025098361	-9.73763362664177	39
11.2947816653128	-9.72572655757334	39
11.3087568506722	-9.71380497076434	39
11.3227280659144	-9.70186886621477	39
11.3366953110394	-9.68991824392463	39
11.3506585860472	-9.67795310389394	39
11.3646178909377	-9.66597344612268	39
11.3785732257111	-9.65397927061085	39
11.3925245903672	-9.64197057735845	39
11.406471984906	-9.62994736636549	39
11.4204154093277	-9.61790963763197	39
11.4343548636321	-9.60585739115788	39
11.4482903478194	-9.59379062694322	39
11.4622218618894	-9.581709344988	39
11.4761494058421	-9.56961354529221	39
11.4900729796777	-9.55750322785586	39
11.503992583396	-9.54537839267894	39
11.5179082169971	-9.53323903976145	39
11.531819880481	-9.5210851691034	39
11.5457275738477	-9.50891678070479	39
11.5596312970972	-9.49673387456561	39
11.5735310502294	-9.48453645068586	39
11.5874268332444	-9.47232450906555	39
11.6013186461422	-9.46009804970467	39
11.6152064889227	-9.44785707260323	39
11.6290903615861	-9.43560157776122	39
11.6429702641322	-9.42333156517865	39
11.6568461965611	-9.41104703485551	39
11.6707181588728	-9.39874798679181	39
11.6845861510673	-9.38643442098754	39
11.6984501731445	-9.3741063374427	39
11.7123102251045	-9.3617637361573	39
11.7261663069473	-9.34940661713133	39
11.7400184186729	-9.3370349803648	39
11.7538665602812	-9.3246488258577	39
11.7677107317724	-9.31224815361004	39
11.7815509331463	-9.29983296362181	39
11.795387164403	-9.28740325589302	39
11.8092194255424	-9.27495903042366	39
11.8230477165647	-9.26250028721373	39
11.8368720374697	-9.25002702626324	39
11.8506923882575	-9.23753924757218	39
11.8645087689281	-9.22503695114056	39
11.8783211794815	-9.21252013696837	39
11.8921296199176	-9.19998880505562	39
11.9059340902366	-9.18744295540231	39
11.9197345904383	-9.17488258800842	39
11.9335311205227	-9.16230770287397	39
11.94732368049	-9.14971829999896	39
11.96111227034	-9.13711437938338	39
11.9748968900728	-9.12449594102723	39
11.9886775396884	-9.11186298493052	39
12.0024542191868	-9.09921551109324	39
12.016226928568	-9.0865535195154	39
12.0299956678319	-9.07387701019699	39
12.0437604369786	-9.06118598313802	39
12.0575212360081	-9.04848043833848	39
12.0712780649204	-9.03576037579838	39
12.0850309237154	-9.02302579551771	39
12.0987798123933	-9.01027669749647	39
12.1125247309539	-8.99751308173467	39
12.1262656793972	-8.9847349482323	39
12.1400026577234	-8.97194229698937	39
12.1537356659324	-8.95913512800588	39
12.1674647040241	-8.94631344128181	39
12.1811897719986	-8.93347723681718	39
12.1949108698559	-8.92062651461199	39
12.2086279975959	-8.90776127466623	39
12.2223411552188	-8.89488151697991	39
12.2360503427244	-8.88198724155301	39
12.2497555601128	-8.86907844838556	39
12.263456807384	-8.85615513747754	39
12.2771540845379	-8.84321730882895	39
12.2908473915746	-8.8302649624398	39
12.3045367284941	-8.81729809831008	39
12.3182220952964	-8.8043167164398	39
12.3319034919815	-8.79132081682895	39
12.3455809185494	-8.77831039947753	39
12.359254375	-8.76528546438555	39
12.3729238613334	-8.75224601155301	39
12.3865893775496	-8.7391920409799	39
12.4002509236485	-8.72612355266622	39
12.4139084996303	-8.71304054661198	39
12.4275621054948	-8.69994302281717	39
12.4412117412421	-8.6868309812818	39
12.4548574068722	-8.67370442200586	39
12.468499102385	-8.66056334498936	39
12.4821368277807	-8.64740775023228	39
12.4957705830591	-8.63423763773466	39
12.5094003682203	-8.62105300749646	39
12.5230261832643	-8.60785385951769	39
12.536648028191	-8.59464019379835	39
12.5502659030006	-8.58141201033846	39
12.5638798076929	-8.568169309138	39
12.577489742268	-8.55491209019697	39
12.5910957067258	-8.54164035351537	39
12.6046977010665	-8.52835409909321	39
12.6182957252899	-8.51505332693049	39
12.6318897793961	-8.5017380370272	39
12.6454798633851	-8.48840822938335	39
12.6590659772569	-8.47506390399892	39
12.6726481210114	-8.46170506087394	39
12.6862262946487	-8.44833170000839	39
12.6998004981688	-8.43494382140227	39
12.7133707315717	-8.42154142505558	39
12.7269369948574	-8.40812451096834	39
12.7404992880258	-8.39469307914052	39
12.754057611077	-8.38124712957215	39
12.767611964011	-8.3677866622632	39
12.7811623468278	-8.35431167721369	39
12.7947087595273	-8.34082217442361	39
12.8082512021097	-8.32731815389297	39
12.8217896745748	-8.31379961562176	39
12.8353241769227	-8.30026655960999	39
12.8488547091533	-8.28671898585765	39
12.8623812712668	-8.27315689436475	39
12.875903863263	-8.25958028513128	39
12.889422485142	-8.24598915815724	39
12.9029371369038	-8.23238351344265	39
12.9164478185484	-8.21876335098748	39
12.9299545300757	-8.20512867079175	39
12.9434572714858	-8.19147947285545	39
12.9569560427787	-8.17781575717859	39
12.9704508439544	-8.16413752376116	39
12.9839416750129	-8.15044477260317	39
12.9974285359541	-8.13673750370461	39
13.0109114267781	-8.12301571706549	39
13.0243903474849	-8.1092794126858	39
13.0378652980745	-8.09552859056554	39
13.0513362785468	-8.08176325070472	39
13.064803288902	-8.06798339310334	39
13.0782663291399	-8.05418901776138	39
13.0917253992606	-8.04038012467887	39
13.105180499264	-8.02655671385578	39
13.1186316291503	-8.01271878529214	39
13.1320787889193	-7.99886633898792	39
13.1455219785711	-7.98499937494314	39
13.1589611981057	-7.9711178931578	39
13.1723964475231	-7.95722189363189	39
13.1858277268232	-7.94331137636541	39
13.1992550360061	-7.92938634135837	39
13.2126783750718	-7.91544678861077	39
13.2260977440203	-7.90149271812259	39
13.2395131428516	-7.88752412989385	39
13.2529245715656	-7.87354102392455	39
13.2663320301624	-7.85954340021468	39
13.279735518642	-7.84553125876425	39
13.2931350370044	-7.83150459957325	39
13.3065305852495	-7.81746342264168	39
13.3199221633775	-7.80340772796955	39
13.3333097713882	-7.78933751555686	39
13.3466934092817	-7.77525278540359	39
13.3600730770579	-7.76115353750977	39
13.373448774717	-7.74703977187538	39
13.3868205022588	-7.73291148850042	39
13.4001882596834	-7.71876868738489	39
13.4135520469908	-7.70461136852881	39
13.4269118641809	-7.69043953193215	39
13.4402677112539	-7.67625317759493	39
13.4536195882096	-7.66205230551714	39
13.4669674950481	-7.64783691569879	39
13.4803114317694	-7.63360700813988	39
13.4936513983734	-7.61936258284039	39
13.5069873948603	-7.60510363980035	39
13.5203194212299	-7.59083017901973	39
13.5336474774823	-7.57654220049855	39
13.5469715636175	-7.56223970423681	39
13.5602916796354	-7.5479226902345	39
13.5736078255361	-7.53359115849162	39
13.5869200013197	-7.51924510900819	39
13.6002282069859	-7.50488454178418	39
13.613532442535	-7.4905094568196	39
13.6268327079669	-7.47611985411447	39
13.6401290032815	-7.46171573366876	39
13.6534213284789	-7.4472970954825	39
13.6667096835591	-7.43286393955566	39
13.679994068522	-7.41841626588826	39
13.6932744833678	-7.4039540744803	39
13.7065509280963	-7.38947736533177	39
13.7198234027076	-7.37498613844267	39
13.7330919072017	-7.36048039381301	39
13.7463564415785	-7.34596013144278	39
13.7596170058382	-7.33142535133199	39
13.7728735999806	-7.31687605348063	39
13.7861262240058	-7.30231223788871	39
13.7993748779137	-7.28773390455622	39
13.8126195617045	-7.27314105348317	39
13.825860275378	-7.25853368466955	39
13.8390970189343	-7.24391179811536	39
13.8523297923734	-7.22927539382061	39
13.8655585956953	-7.2146244717853	39
13.8787834288999	-7.19995903200941	39
13.8920042919874	-7.18527907449297	39
13.9052211849576	-7.17058459923595	39
13.9184341078105	-7.15587560623838	39
13.9316430605463	-7.14115209550023	39
13.9448480431648	-7.12641406702152	39
13.9580490556662	-7.11166152080225	39
13.9712460980503	-7.09689445684241	39
13.9844391703171	-7.082112875142	39
13.9976282724668	-7.06731677570103	39
14.0108134044992	-7.05250615851949	39
14.0239945664144	-7.03768102359739	39
14.0371717582124	-7.02284137093472	39
14.0503449798932	-7.00798720053149	39
14.0635142314568	-6.99311851238769	39
14.0766795129031	-6.97823530650333	39
14.0898408242322	-6.96333758287839	39
14.1029981654441	-6.9484253415129	39
14.1161515365387	-6.93349858240684	39
14.1293009375162	-6.91855730556021	39
14.1424463683764	-6.90360151097302	39
14.1555878291194	-6.88863119864526	39
14.1687253197452	-6.87364636857694	39
14.1818588402538	-6.85864702076805	39
14.1949883906451	-6.8436331552186	39
14.2081139709192	-6.82860477192858	39
14.2212355810761	-6.81356187089799	39
14.2343532211158	-6.79850445212684	39
14.2474668910382	-6.78343251561513	39
14.2605765908435	-6.76834606136284	39
14.2736823205315	-6.75324508937	39
14.2867840801023	-6.73812959963659	39
14.2998818695559	-6.72299959216261	39
14.3129756888922	-6.70785506694806	39
14.3260655381113	-6.69269602399295	39
14.3391514172132	-6.67752246329728	39
14.3522333261979	-6.66233438486104	39
14.3653112650654	-6.64713178868424	39
14.3783852338156	-6.63191467476686	39
14.3914552324487	-6.61668304310893	39
14.4045212609645	-6.60143689371042	39
14.4175833193631	-6.58617622657136	39
14.4306414076444	-6.57090104169172	39
14.4436955258086	-6.55561133907153	39
14.4567456738555	-6.54030711871076	39
14.4697918517852	-6.52498838060943	39
14.4828340595976	-6.50965512476754	39
14.4958722972929	-6.49430735118508	39
14.5089065648709	-6.47894505986205	39
14.5219368623317	-6.46356825079846	39
14.5349631896753	-6.4481769239943	39
14.5479855469017	-6.43277107944958	39
14.5610039340109	-6.41735071716429	39
14.5740183510028	-6.40191583713844	39
14.5870287978775	-6.38646643937202	39
14.600035274635	-6.37100252386503	39
14.6130377812752	-6.35552409061748	39
14.6260363177983	-6.34003113962937	39
14.6390308842041	-6.32452367090069	39
14.6520214804927	-6.30900168443144	39
14.6650081066641	-6.29346518022163	39
14.6779907627183	-6.27791415827125	39
14.6909694486552	-6.26234861858031	39
14.7039441644749	-6.2467685611488	39
14.7169149101774	-6.23117398597672	39
14.7298816857627	-6.21556489306408	39
14.7428444912307	-6.19994128241088	39
14.7558033265816	-6.18430315401711	39
14.7687581918152	-6.16865050788277	39
14.7817090869316	-6.15298334400787	39
14.7946560119307	-6.1373016623924	39
14.8075989668127	-6.12160546303637	39
14.8205379515774	-6.10589474593977	39
14.8334729662249	-6.09016951110261	39
14.8464040107552	-6.07442975852488	39
14.8593310851683	-6.05867548820658	39
14.8722541894641	-6.04290670014772	39
14.8851733236427	-6.0271233943483	39
14.8980884877042	-6.01132557080831	39
14.9109996816483	-5.99551322952775	39
14.9239069054753	-5.97968637050663	39
14.936810159185	-5.96384499374494	39
14.9497094427775	-5.94798909924269	39
14.9626047562528	-5.93211868699987	39
14.9754960996109	-5.91623375701649	39
14.9883834728518	-5.90033430929254	39
15.0012668759754	-5.88442034382802	39
15.0141463089818	-5.86849186062294	39
15.027021771871	-5.8525488596773	39
15.039893264643	-5.83659134099108	39
15.0527607872977	-5.8206193045643	39
15.0656243398353	-5.80463275039696	39
15.0784839222556	-5.78863167848905	39
15.0913395345586	-5.77261608884058	39
15.1041911767445	-5.75658598145154	39
15.1170388488132	-5.74054135632193	39
15.1298825507646	-5.72448221345176	39
15.1427222825988	-5.70840855284102	39
15.1555580443158	-5.69232037448973	39
15.1683898359155	-5.67621767839786	39
15.1812176573981	-5.66010046456543	39
15.1940415087634	-5.64396873299243	39
15.2068613900115	-5.62782248367887	39
15.2196773011423	-5.61166171662474	39
15.232489242156	-5.59548643183004	39
15.2452972130524	-5.57929662929478	39
15.2581012138316	-5.56309230901896	39
15.2709012444936	-5.54687347100257	39
15.2836973050384	-5.53064011524561	39
15.296489395466	-5.51439224174809	39
15.3092775157763	-5.49812985051	39
15.3220616659694	-5.48185294153135	39
15.3348418460453	-5.46556151481213	39
15.3476180560039	-5.44925557035235	39
15.3603902958454	-5.432935108152	39
15.3731585655696	-5.41660012821108	39
15.3859228651766	-5.4002506305296	39
15.3986831946664	-5.38388661510756	39
15.4114395540389	-5.36750808194494	39
15.4241919432943	-5.35111503104177	39
15.4369403624324	-5.33470746239803	39
15.4496848114533	-5.31828537601372	39
15.462425290357	-5.30184877188884	39
15.4751617991434	-5.2853976500234	39
15.4878943378126	-5.2689320104174	39
15.5006229063647	-5.25245185307083	39
15.5133475047994	-5.2359571779837	39
15.526068133117	-5.21944798515599	39
15.5387847913174	-5.20292427458773	39
15.5514974794005	-5.18638604627889	39
15.5642061973664	-5.1698333002295	39
15.5769109452151	-5.15326603643954	39
15.5896117229465	-5.13668425490901	39
15.6023085305608	-5.12008795563791	39
15.6150013680578	-5.10347713862625	39
15.6276902354376	-5.08685180387403	39
15.6403751327002	-5.07021195138124	39
15.6530560598455	-5.05355758114788	39
15.6657330168737	-5.03688869317396	39
15.6784060037846	-5.02020528745947	39
15.6910750205783	-5.00350736400442	39
15.7037400672548	-4.9867949228088	39
15.716401143814	-4.97006796387262	39
15.7290582502561	-4.95332648719587	39
15.7417113865809	-4.93657049277856	39
15.7543605527885	-4.91979998062068	39
15.7670057488788	-4.90301495072223	39
15.779646974852	-4.88621540308322	39
15.7922842307079	-4.86940133770364	39
15.8049175164466	-4.8525727545835	39
15.8175468320681	-4.83572965372279	39
15.8301721775723	-4.81887203512152	39
15.8427935529594	-4.80199989877968	39
15.8554109582292	-4.78511324469727	39
15.8680243933818	-4.76821207287431	39
15.8806338584172	-4.75129638331077	39
15.8932393533353	-4.73436617600667	39
15.9058408781363	-4.717421450962	39
15.91843843282	-4.70046220817678	39
15.9310320173865	-4.68348844765098	39
15.9436216318358	-4.66650016938462	39
15.9562072761678	-4.64949737337769	39
15.9687889503826	-4.63248005963019	39
15.9813666544803	-4.61544822814213	39
15.9939403884606	-4.59840187891351	39
16.0065101523238	-4.58134101194432	39
16.0190759460698	-4.56426562723456	39
16.0316377696985	-4.54717572478424	39
16.04419562321	-4.53007130459336	39
16.0567495066043	-4.5129523666619	39
16.0692994198813	-4.49581891098989	39
16.0818453630412	-4.4786709375773	39
16.0943873360838	-4.46150844642415	39
16.1069253390092	-4.44433143753044	39
16.1194593718174	-4.42713991089616	39
16.1319894345083	-4.40993386652132	39
16.1445155270821	-4.3927133044059	39
16.1570376495386	-4.37547822454993	39
16.1695558018779	-4.35822862695338	39
16.1820699841	-4.34096451161628	39
16.1945801962048	-4.3236858785386	39
16.2070864381924	-4.30639272772037	39
16.2195887100628	-4.28908505916156	39
16.232087011816	-4.27176287286219	39
16.244581343452	-4.25442616882226	39
16.2570717049707	-4.23707494704176	39
16.2695580963723	-4.2197092075207	39
16.2820405176566	-4.20232895025906	39
16.2945189688237	-4.18493417525687	39
16.3069934498735	-4.1675248825141	39
16.3194639608062	-4.15010107203078	39
16.3319305016216	-4.13266274380688	39
16.3443930723198	-4.11520989784242	39
16.3568516729008	-4.0977425341374	39
16.3693063033645	-4.08026065269181	39
16.3817569637111	-4.06276425350566	39
16.3942036539404	-4.04525333657893	39
16.4066463740525	-4.02772790191165	39
16.4190851240473	-4.0101879495038	39
16.431519903925	-3.99263347935538	39
16.4439507136854	-3.97506449146639	39
16.4563775533286	-3.95748098583685	39
16.4688004228546	-3.93988296246674	39
16.4812193222634	-3.92227042135606	39
16.4936342515549	-3.90464336250481	39
16.5060452107293	-3.887001785913	39
16.5184521997864	-3.86934569158062	39
16.5308552187262	-3.85167507950768	39
16.5432542675489	-3.83398994969418	39
16.5556493462543	-3.81629030214011	39
16.5680404548426	-3.79857613684547	39
16.5804275933136	-3.78084745381026	39
16.5928107616673	-3.76310425303449	39
16.6051899599039	-3.74534653451816	39
16.6175651880232	-3.72757429826126	39
16.6299364460253	-3.70978754426379	39
16.6423037339102	-3.69198627252576	39
16.6546670516779	-3.67417048304717	39
16.6670263993284	-3.65634017582801	39
16.6793817768616	-3.63849535086828	39
16.6917331842776	-3.62063600816798	39
16.7040806215764	-3.60276214772713	39
16.716424088758	-3.5848737695457	39
16.7287635858223	-3.56697087362372	39
16.7410991127694	-3.54905345996116	39
16.7534306695993	-3.53112152855804	39
16.765758256312	-3.51317507941435	39
16.7780818729075	-3.4952141125301	39
16.7904015193857	-3.47723862790528	39
16.8027171957467	-3.4592486255399	39
16.8150289019905	-3.44124410543395	39
16.8273366381171	-3.42322506758744	39
16.8396404041265	-3.40519151200036	39
16.8519402000186	-3.38714343867272	39
16.8642360257935	-3.36908084760451	39
16.8765278814512	-3.35100373879573	39
16.8888157669917	-3.33291211224639	39
16.9010996824149	-3.31480596795648	39
16.9133796277209	-3.29668530592601	39
16.9256556029098	-3.27855012615497	39
16.9379276079813	-3.26040042864337	39
16.9501956429357	-3.2422362133912	39
16.9624597077729	-3.22405748039847	39
16.9747198024928	-3.20586422966517	39
16.9869759270955	-3.18765646119131	39
16.999228081581	-3.16943417497687	39
17.0114762659492	-3.15119737102188	39
17.0237204802003	-3.13294604932632	39
17.0359607243341	-3.11468020989019	39
17.0481969983507	-3.0963998527135	39
17.0604293022501	-3.07810497779624	39
17.0726576360322	-3.05979558513842	39
17.0848819996971	-3.04147167474003	39
17.0971023932449	-3.02313324660107	39
17.1093188166754	-3.00478030072155	39
17.1215312699886	-2.98641283710147	39
17.1337397531847	-2.96803085574082	39
17.1459442662635	-2.9496343566396	39
17.1581448092251	-2.93122333979782	39
17.1703413820695	-2.91279780521547	39
17.1825339847967	-2.89435775289256	39
17.1947226174066	-2.87590318282908	39
17.2069072798993	-2.85743409502503	39
17.2190879722748	-2.83895048948042	39
17.2312646945331	-2.82045236619525	39
17.2434374466742	-2.80193972516951	39
17.255606228698	-2.7834125664032	39
17.2677710406046	-2.76487088989633	39
17.279931882394	-2.74631469564889	39
17.2920887540662	-2.72774398366089	39
17.3042416556212	-2.70915875393232	39
17.3163905870589	-2.69055900646319	39
17.3285355483794	-2.67194474125349	39
17.3406765395827	-2.65331595830323	39
17.3528135606688	-2.63467265761239	39
17.3649466116376	-2.616014839181	39
17.3770756924892	-2.59734250300903	39
17.3892008032237	-2.57865564909651	39
17.4013219438408	-2.55995427744342	39
17.4134391143408	-2.54123838804976	39
17.4255523147235	-2.52250798091554	39
17.4376615449891	-2.50376305604075	39
17.4497668051374	-2.4850036134254	39
17.4618680951685	-2.46622965306948	39
17.4739654150823	-2.44744117497299	39
17.486058764879	-2.42863817913594	39
17.4981481445584	-2.40982066555832	39
17.5102335541206	-2.39098863424014	39
17.5223149935655	-2.3721420851814	39
17.5343924628933	-2.35328101838208	39
17.5464659621038	-2.3344054338422	39
17.5585354911971	-2.31551533156176	39
17.5706010501732	-2.29661071154075	39
17.5826626390321	-2.27769157377918	39
17.5947202577738	-2.25875791827704	39
17.6067739063982	-2.23980974503433	39
17.6188235849054	-2.22084705405106	39
17.6308692932954	-2.20186984532722	39
17.6429110315681	-2.18287811886282	39
17.6549487997237	-2.16387187465785	39
17.666982597762	-2.14485111271232	39
17.6790124256831	-2.12581583302622	39
17.691038283487	-2.10676603559956	39
17.7030601711736	-2.08770172043232	39
17.7150780887431	-2.06862288752453	39
17.7270920361953	-2.04952953687617	39
17.7391020135303	-2.03042166848725	39
17.7511080207481	-2.01129928235775	39
17.7631100578486	-1.99216237848769	39
17.775108124832	-1.97301095687707	39
17.7871022216981	-1.95384501752589	39
17.799092348447	-1.93466456043413	39
17.8110785050786	-1.91546958560182	39
17.8230606915931	-1.89626009302892	39
17.8350389079903	-1.87703608271548	39
17.8470131542703	-1.85779755466146	39
17.8589834304331	-1.83854450886688	39
17.8709497364787	-1.81927694533173	39
17.882912072407	-1.79999486405602	39
17.8948704382181	-1.78069826503974	39
17.906824833912	-1.7613871482829	39
17.9187752594887	-1.74206151378549	39
17.9307217149482	-1.72272136154752	39
17.9426642002904	-1.70336669156898	39
17.9546027155154	-1.68399750384987	39
17.9665372606232	-1.6646137983902	39
17.9784678356138	-1.64521557518997	39
17.9903944404871	-1.62580283424916	39
18.0023170752433	-1.6063755755678	39
18.0142357398822	-1.58693379914586	39
18.0261504344039	-1.56747750498336	39
18.0380611588084	-1.5480066930803	39
18.0499679130956	-1.52852136343667	39
18.0618706972656	-1.50902151605247	39
18.0737695113184	-1.48950715092772	39
18.085664355254	-1.46997826806239	39
18.0975552290724	-1.4504348674565	39
18.1094421327735	-1.43087694911004	39
18.1213250663574	-1.41130451302302	39
18.1332040298241	-1.39171755919543	39
18.1450790231736	-1.37211608762728	39
18.1569500464059	-1.35250009831856	39
18.1688170995209	-1.33286959126927	39
18.1806801825187	-1.31322456647942	39
18.1925392953993	-1.29356502394901	39
18.2043944381627	-1.27389096367803	39
18.2162456108089	-1.25420238566648	39
18.2280928133378	-1.23449928991437	39
18.2399360457495	-1.21478167642169	39
18.251775308044	-1.19504954518845	39
18.2636106002213	-1.17530289621464	39
18.2754419222813	-1.15554172950027	39
18.2872692742241	-1.13576604504533	39
18.2990926560497	-1.11597584284982	39
18.3109120677581	-1.09617112291375	39
18.3227275093493	-1.07635188523711	39
18.3345389808232	-1.05651812981992	39
18.34634648218	-1.03666985666215	39
18.3581500134195	-1.01680706576381	39
18.3699495745417	-0.996929757124914	39
18.3817451655468	-0.977037930745453	39
18.3935367864346	-0.957131586625426	39
18.4053244372052	-0.937210724764828	39
18.4171081178586	-0.91727534516367	39
18.4288878283948	-0.897325447821945	39
18.4406635688138	-0.877361032739653	39
18.4524353391155	-0.857382099916794	39
18.4642031393	-0.837388649353375	39
18.4759669693673	-0.817380681049386	39
18.4877268293174	-0.797358195004833	39
18.4994827191502	-0.777321191219713	39
18.5112346388658	-0.757269669694029	39
18.5229825884642	-0.737203630427778	39
18.5347265679454	-0.717123073420968	39
18.5464665773094	-0.697027998673587	39
18.5582026165561	-0.676918406185639	39
18.5699346856856	-0.65679429595713	39
18.5816627846979	-0.636655667988048	39
18.593386913593	-0.61650252227841	39
18.6051070723709	-0.5963348588282	39
18.6168232610315	-0.576152677637428	39
18.6285354795749	-0.555955978706084	39
18.6402437280011	-0.535744762034184	39
18.6519480063101	-0.515519027621711	39
18.6636483145019	-0.495278775468677	39
18.6753446525764	-0.475024005575079	39
18.6870370205337	-0.454754717940911	39
18.6987254183738	-0.43447091256618	39
18.7104098460967	-0.414172589450878	39
18.7220903037023	-0.393859748595016	39
18.7337667911907	-0.373532389998587	39
18.7454393085619	-0.353190513661595	39
18.7571078558159	-0.332834119584032	39
18.7687724329527	-0.312463207765909	39
18.7804330399722	-0.292077778207215	39
18.7920896768745	-0.271677830907961	39
18.8037423436596	-0.251263365868137	39
18.8153910403275	-0.230834383087753	39
18.8270357668782	-0.210390882566802	39
18.8386765233116	-0.18993286430528	39
18.8503133096278	-0.169460328303199	39
18.8619461258268	-0.14897327456055	39
18.8735749719086	-0.128471703077334	39
18.8851998478731	-0.107955613853555	39
18.8968207537205	-0.0874250068892088	39
18.9084376894506	-0.0668798821842955	39
18.9200506550635	-0.0463202397388223	39
18.9316596505591	-0.0257460795527784	39
18.9432646759376	-0.00515740162617107	39
18.9548657311988	0.0154457940409998	39
18.9664628163428	0.0360635074487412	39
18.9780559313696	0.0566957385970461	39
18.9896450762792	0.0773424874859145	39
19.0012302510715	0.09800375411535	39
19.0128114557466	0.118679538485353	39
19.0243886903045	0.139369840595915	39
19.0359619547452	0.160074660447048	39
19.0475312490687	0.180793998038745	39
19.0590965732749	0.201527853371012	39
19.0706579273639	0.222276226443835	39
19.0822153113357	0.243039117257233	39
19.0937687251903	0.26381652581119	39
19.1053181689276	0.284608452105715	39
19.1168636425477	0.305414896140807	39
19.1284051460507	0.326235857916458	39
19.1399426794363	0.347071337432684	39
19.1514762427048	0.367921334689466	39
19.1630058358561	0.388785849686823	39
19.1745314588901	0.409664882424739	39
19.1860531118069	0.430558432903222	39
19.1975707946065	0.451466501122272	39
19.2090845072888	0.47238908708189	39
19.220594249854	0.493326190782067	39
19.2321000223019	0.514277812222812	39
19.2436018246326	0.535243951404123	39
19.2550996568461	0.556224608325994	39
19.2665935189423	0.57721978298844	39
19.2780834109214	0.598229475391445	39
19.2895693327832	0.619253685535021	39
19.3010512845278	0.640292413419157	39
19.3125292661551	0.661345659043864	39
19.3240032776653	0.68241342240913	39
19.3354733190582	0.703495703514967	39
19.3469393903339	0.724592502361368	39
19.3584014914924	0.745703818948332	39
19.3698596225337	0.766829653275867	39
19.3813137834577	0.787970005343961	39
19.3927639742645	0.809124875152627	39
19.4042101949541	0.830294262701852	39
19.4156524455265	0.851478167991647	39
19.4270907259817	0.872676591022003	39
19.4385250363196	0.893889531792929	39
19.4499553765404	0.915116990304419	39
19.4613817466438	0.936358966556476	39
19.4728041466301	0.957615460549093	39
19.4842225764992	0.978886472282284	39
19.495637036251	1.00017200175603	39
19.5070475258856	1.02147204897035	39
19.518454045403	1.04278661392523	39
19.5298565948032	1.06411569662068	39
19.5412551740861	1.0854592970567	39
19.5526497832519	1.10681741523327	39
19.5640404223004	1.12819005115042	39
19.5754270912317	1.14957720480813	39
19.5868097900457	1.17097887620641	39
19.5981885187426	1.19239506534525	39
19.6095632773222	1.21382577222466	39
19.6209340657846	1.23527099684463	39
19.6323008841298	1.25673073920516	39
19.6436637323577	1.27820499930627	39
19.6550226104685	1.29969377714794	39
19.666377518462	1.32119707273017	39
19.6777284563383	1.34271488605297	39
19.6890754240974	1.36424721711634	39
19.7004184217392	1.38579406592027	39
19.7117574492639	1.40735543246477	39
19.7230925066713	1.42893131674983	39
19.7344235939615	1.45052171877546	39
19.7457507111344	1.47212663854165	39
19.7570738581902	1.49374607604841	39
19.7683930351287	1.51538003129573	39
19.77970824195	1.53702850428362	39
19.7910194786541	1.55869149501207	39
19.802326745241	1.5803690034811	39
19.8136300417106	1.60206102969068	39
19.824929368063	1.62376757364083	39
19.8362247242983	1.64548863533155	39
19.8475161104162	1.66722421476283	39
19.858803526417	1.68897431193468	39
19.8700869723005	1.7107389268471	39
19.8813664480668	1.73251805950008	39
19.8926419537159	1.75431170989362	39
19.9039134892478	1.77611987802773	39
19.9151810546625	1.7979425639024	39
19.9264446499599	1.81977976751764	39
19.9377042751401	1.84163148887345	39
19.9489599302031	1.86349772796982	39
19.9602116151489	1.88537848480676	39
19.9714593299774	1.90727375938426	39
19.9827030746888	1.92918355170233	39
19.9939428492829	1.95110786176097	39
20.0051786537598	1.97304668956017	39
20.0164104881194	1.99500003509993	39
20.0276383523619	2.01696789838027	39
20.0388622464871	2.03895027940116	39
20.0500821704951	2.06094717816262	39
20.0612981243859	2.08295859466465	39
20.0725101081594	2.10498452890724	39
20.0837181218158	2.1270249808904	39
20.0949221653549	2.14907995061412	39
20.1061222387768	2.17114943807841	39
20.1173183420815	2.19323344328327	39
20.1285104752689	2.21533196622869	39
20.1396986383391	2.23744500691467	39
20.1508828312922	2.25957256534123	39
20.1620630541279	2.28171464150834	39
20.1732393068465	2.30387123541602	39
20.1844115894479	2.32604234706427	39
20.195579901932	2.34822797645308	39
20.2067442442989	2.37042812358246	39
20.2179046165486	2.39264278845241	39
20.229061018681	2.41487197106292	39
20.2402134506963	2.43711567141399	39
20.2513619125943	2.45937388950563	39
20.2625064043751	2.48164662533784	39
20.2736469260387	2.50393387891061	39
20.2847834775851	2.52623565022395	39
20.2959160590142	2.54855193927785	39
20.3070446703261	2.57088274607232	39
20.3181693115208	2.59322807060735	39
20.3292899825983	2.61558791288295	39
20.3404066835585	2.63796227289912	39
20.3515194144016	2.66035115065585	39
20.3626281751274	2.68275454615314	39
20.373732965736	2.705172459391	39
20.3848337862273	2.72760489036943	39
20.3959306366015	2.75005183908842	39
20.4070235168584	2.77251330554798	39
20.4181124269981	2.79498928974811	39
20.4291973670206	2.81747979168879	39
20.4402783369259	2.83998481137004	39
20.4513553367139	2.86250434879187	39
20.4624283663847	2.88503840395425	39
20.4734974259383	2.9075869768572	39
20.4845625153747	2.93015006750072	39
20.4956236346939	2.9527276758848	39
20.5066807838958	2.97531980200945	39
20.5177339629805	2.99792644587466	39
20.528783171948	3.02054760748044	39
20.5398284107983	3.04318328682679	39
20.5508696795314	3.06583348391369	39
20.5619069781472	3.08849819874117	39
20.5729403066458	3.11117743130921	39
20.5839696650272	3.13387118161781	39
20.5949950532914	3.15657944966699	39
20.6060164714383	3.17930223545672	39
20.617033919468	3.20203953898703	39
20.6280473973805	3.22479136025789	39
20.6390569051758	3.24755769926933	39
20.6500624428539	3.27033855602133	39
20.6610640104147	3.29313393051389	39
20.6720616078583	3.31594382274702	39
20.6830552351847	3.33876823272072	39
20.6940448923939	3.36160716043497	39
20.7050305794859	3.3844606058898	39
20.7160122964606	3.40732856908519	39
20.7269900433181	3.43021105002115	39
20.7379638200584	3.45310804869768	39
20.7489336266815	3.47601956511476	39
20.7598994631874	3.49894559927242	39
20.770861329576	3.52188615117064	39
20.7818192258474	3.54484122080942	39
20.7927731520016	3.56781080818877	39
20.8037231080386	3.59079491330869	39
20.8146690939583	3.61379353616917	39
20.8256111097608	3.63680667677021	39
20.8365491554461	3.65983433511183	39
20.8474832310142	3.68287651119401	39
20.8584133364651	3.70593320501675	39
20.8693394717987	3.72900441658006	39
20.8802616370151	3.75209014588393	39
20.8911798321143	3.77519039292837	39
20.9020940570963	3.79830515771338	39
20.9130043119611	3.82143444023895	39
20.9239105967086	3.84457824050509	39
20.9348129113389	3.86773655851179	39
20.945711255852	3.89090939425906	39
20.9566056302479	3.91409674774689	39
20.9674960345266	3.93729861897529	39
20.978382468688	3.96051500794425	39
20.9892649327322	3.98374591465378	39
21.0001434266592	4.00699133910388	39
21.011017950469	4.03025128129454	39
21.0218885041615	4.05352574122577	39
21.0327550877368	4.07681471889756	39
21.0436177011949	4.10011821430991	39
21.0544763445358	4.12343622746283	39
21.0653310177595	4.14676875835632	39
21.0761817208659	4.17011580699038	39
21.0870284538551	4.19347737336499	39
21.0978712167271	4.21685345748018	39
21.1087100094819	4.24024405933593	39
21.1195448321195	4.26364917893224	39
21.1303756846398	4.28706881626913	39
21.1412025670429	4.31050297134657	39
21.1520254793288	4.33395164416459	39
21.1628444214975	4.35741483472317	39
21.1736593935489	4.38089254302231	39
21.1844703954832	4.40438476906202	39
21.1952774273002	4.42789151284229	39
21.206080489	4.45141277436313	39
21.2168795805825	4.47494855362453	39
21.2276747020479	4.4984988506265	39
21.238465853396	4.52206366536904	39
21.2492530346269	4.54564299785214	39
21.2600362457406	4.56923684807581	39
21.2708154867371	4.59284521604004	39
21.2815907576163	4.61646810174484	39
21.2923620583783	4.6401055051902	39
21.3031293890231	4.66375742637613	39
21.3138927495507	4.68742386530263	39
21.3246521399611	4.71110482196969	39
21.3354075602542	4.73480029637731	39
21.3461590104301	4.7585102885255	39
21.3569064904888	4.78223479841426	39
21.3676500004303	4.80597382604358	39
21.3783895402545	4.82972737141347	39
21.3891251099616	4.85349543452392	39
21.3998567095514	4.87727801537494	39
21.410584339024	4.90107511396653	39
21.4213079983793	4.92488673029868	39
21.4320276876175	4.94871286437139	39
21.4427434067384	4.97255351618468	39
21.4534551557421	4.99640868573852	39
21.4641629346286	5.02027837303293	39
21.4748667433978	5.04416257806791	39
21.4855665820499	5.06806130084345	39
21.4962624505847	5.09197454135956	39
21.5069543490023	5.11590229961623	39
21.5176422773027	5.13984457561348	39
21.5283262354858	5.16380136935128	39
21.5390062235518	5.18777268082965	39
21.5496822415005	5.21175851004858	39
21.560354289332	5.23575885700809	39
21.5710223670463	5.25977372170815	39
21.5816864746433	5.28380310414878	39
21.5923466121231	5.30784700432998	39
21.6030027794857	5.33190542225175	39
21.6136549767311	5.35597835791407	39
21.6243032038593	5.38006581131697	39
21.6349474608702	5.40416778246043	39
21.645587747764	5.42828427134445	39
21.6562240645405	5.45241527796905	39
21.6668564111998	5.4765608023342	39
21.6774847877418	5.50072084443992	39
21.6881091941667	5.52489540428621	39
21.6987296304743	5.54908448187306	39
21.7093460966647	5.57328807720048	39
21.7199585927378	5.59750619026846	39
21.7305671186938	5.62173882107701	39
21.7411716745325	5.64598596962613	39
21.7517722602541	5.67024763591581	39
21.7623688758583	5.69452381994605	39
21.7729615213454	5.71881452171687	39
21.7835501967153	5.74311974122824	39
21.7941349019679	5.76743947848019	39
21.8047156371033	5.79177373347269	39
21.8152924021215	5.81612250620577	39
21.8258651970225	5.8404857966794	39
21.8364340218062	5.86486360489361	39
21.8469988764727	5.88925593084838	39
21.857559761022	5.91366277454371	39
21.8681166754541	5.93808413597962	39
21.878669619769	5.96252001515608	39
21.8892185939666	5.98697041207311	39
21.899763598047	6.01143532673071	39
21.9103046320102	6.03591475912887	39
21.9208416958562	6.0604087092676	39
21.931374789585	6.0849171771469	39
21.9419039131965	6.10944016276675	39
21.9524290666908	6.13397766612718	39
21.9629502500679	6.15852968722817	39
21.9734674633278	6.18309622606972	39
21.9839807064704	6.20767728265185	39
21.9944899794958	6.23227285697453	39
22.0049952824041	6.25688294903779	39
22.015496615195	6.28150755884161	39
22.0259939778688	6.30614668638599	39
22.0364873704254	6.33080033167094	39
22.0469767928647	6.35546849469645	39
22.0574622451868	6.38015117546253	39
22.0679437273917	6.40484837396918	39
22.0784212394793	6.42956009021639	39
22.0888947814498	6.45428632420417	39
22.099364353303	6.47902707593251	39
22.109829955039	6.50378234540141	39
22.1202915866577	6.52855213261089	39
22.1307492481593	6.55333643756092	39
22.1412029395436	6.57813526025153	39
22.1516526608108	6.6029486006827	39
22.1620984119606	6.62777645885444	39
22.1725401929933	6.65261883476674	39
22.1829780039088	6.6774757284196	39
22.193411844707	6.70234713981304	39
22.203841715388	6.72723306894703	39
22.2142676159518	6.75213351582159	39
22.2185920246729	6.76224290043122	39
22.2230746912143	6.77228311301119	39
22.2277145095452	6.78225167628927	39
22.2325103348597	6.79214613067165	39
22.2374609838598	6.80196403484976	39
22.2425652350469	6.81170296640266	39
22.2478218290233	6.8213605223947	39
22.2532294688033	6.83093431996846	39
22.2587868201324	6.84042199693264	39
22.2644925118176	6.84982121234492	39
22.2703451360647	6.85912964708953	39
22.2763432488263	6.8683450044495	39
22.2824853701578	6.87746501067327	39
22.2887699845827	6.88648741553579	39
22.2951955414664	6.89540999289366	39
22.3017604553988	6.90423054123443	39
22.3084631065858	6.91294688421978	39
22.3153018412484	6.92155687122249	39
22.3222749720312	6.93005837785712	39
22.3293807784185	6.93844930650412	39
22.3366175071589	6.94672758682739	39
22.3439833726979	6.95489117628513	39
22.3514765576183	6.96293806063381	39
22.3590952130889	6.97086625442511	39
22.3668374593205	6.97867380149585	39
22.3747013860297	6.98635877545062	39
22.3826850529102	6.99391928013709	39
22.3907864901116	7.00135345011386	39
22.3990036987257	7.00865945111071	39
22.407334651279	7.01583548048124	39
22.4157772922338	7.02287976764756	39
22.4243295384946	7.02979057453724	39
22.4329892799228	7.03656619601207	39
22.4417543798566	7.04320496028884	39
22.4506226756389	7.04970522935181	39
22.4595919791503	7.05606539935685	39
22.4686600773494	7.06228390102718	39
22.4778247328187	7.06835920004056	39
22.4870836843165	7.07428979740787	39
22.4964346473352	7.08007422984295	39
22.5058753146645	7.08571107012365	39
22.515403356961	7.09119892744399	39
22.5250164233229	7.09653644775726	39
22.5347121418698	7.10172231411021	39
22.5444881203284	7.10675524696792	39
22.5543419466222	7.11163400452951	39
22.564271189467	7.11635738303456	39
22.5742733989707	7.12092421706009	39
22.5843461072377	7.12533337980816	39
22.5944868289782	7.12958378338381	39
22.6046930621206	7.13367437906357	39
22.6149622884297	7.13760415755417	39
22.6252919741275	7.14137214924156	39
22.6356795705187	7.14497742443019	39
22.6461225146194	7.14841909357234	39
22.6566182297892	7.15169630748764	39
22.6671641263675	7.15480825757262	39
22.6777576023122	7.15775417600014	39
22.6883960438416	7.16053333590892	39
22.6990768260794	7.16314505158283	39
22.7097973137024	7.16558867862011	39
22.7205548615908	7.16786361409236	39
22.7313468154804	7.16996929669328	39
22.7421705126183	7.17190520687721	39
22.7530232824191	7.17367086698727	39
22.7639024471242	7.17526584137325	39
22.7748053224625	7.17668973649909	39
22.7857292183127	7.17794220103996	39
22.796671439367	7.179022925969	39
22.807629285796	7.17993164463349	39
22.8186000539151	7.1806681328207	39
22.8295810368514	7.18123220881319	39
22.8405695252116	7.18162373343365	39
22.8515628077508	7.18184261007923	39
22.862558172041	7.18188878474541	39
22.8735529051404	7.18176224603926	39
22.8845442942634	7.18146302518233	39
22.8955296274489	7.18099119600288	39
22.9065061942306	7.1803468749177	39
22.9174712863047	7.17953022090339	39
22.9284221981988	7.17854143545709	39
22.9393562279394	7.17738076254683	39
22.9502706777182	7.17604848855126	39
22.961162854558	7.17454494218908	39
22.9720300709772	7.17287049443784	39
22.9828696456527	7.17102555844247	39
22.9936789040816	7.16901058941333	39
23.0044551792413	7.16682608451386	39
23.015195812247	7.16447258273797	39
23.0258981530083	7.161950664777	39
23.0365595608827	7.15926095287647	39
23.0471774053274	7.15640411068256	39
23.0577490665481	7.15338084307831	39
23.0682719361457	7.15019189600978	39
23.0787434177594	7.14683805630194	39
23.0891609277079	7.14332015146455	39
23.0995218956265	7.13963904948798	39
23.1098237651015	7.13579565862907	39
23.1200639943005	7.13179092718701	39
23.1302400566004	7.12762584326936	39
23.1403494412101	7.12330143454824	39
23.15038965379	7.11881876800681	39
23.1603582170681	7.11417894967594	39
23.1702526714505	7.1093831243614	39
23.1800705756286	7.10443247536132	39
23.1898095071815	7.09932822417425	39
23.1994670631736	7.0940716301978	39
23.2090408607473	7.08866399041789	39
23.2185285377115	7.08310663908871	39
23.2279277531238	7.07740094740353	39
23.2372361878684	7.07154832315642	39
23.2464515452283	7.06555021039483	39
23.2555715514521	7.05940808906333	39
23.2645939563146	7.05312347463846	39
23.2735165336725	7.04669791775478	39
23.2823370820133	7.0401330038223	39
23.2910534249986	7.03343035263532	39
23.2996634120013	7.0265916179727	39
23.308164918636	7.01961848718991	39
23.316555847283	7.01251268080262	39
23.3248341276062	7.00527595206223	39
23.332997717064	6.99791008652327	39
23.3410446014127	6.99041690160284	39
23.348972795204	6.98279824613221	39
23.3567803422747	6.97505599990061	39
23.3644653162295	6.96719207319145	39
23.3720258209159	6.95920840631097	39
23.3794599908927	6.9511069691095	39
23.3867659918896	6.94288976049547	39
23.3939420212601	6.93455880794213	39
23.4009863084264	6.92611616698738	39
23.4078971153161	6.91756392072652	39
23.4146727367909	6.90890417929838	39
23.4213115010677	6.90013907936454	39
23.4278117701307	6.89127078358229	39
23.4341719401357	6.88230148007089	39
23.440390441806	6.87323338187177	39
23.4464657408194	6.8640687264025	39
23.4523963381867	6.85480977490465	39
23.4581807706218	6.84545881188598	39
23.4638176109025	6.83601814455668	39
23.4693054682228	6.82649010226015	39
23.4746429885361	6.81687703589827	39
23.4798288548891	6.80718131735131	39
23.4848617877468	6.79740533889274	39
23.4897405453084	6.78755151259897	39
23.4944639238134	6.77762226975418	39
23.4990307578389	6.76762006025049	39
23.503439920587	6.75754735198341	39
23.5076903241627	6.74740663024298	39
23.5117809198424	6.73720039710057	39
23.515710698333	6.72693117079147	39
23.5194786900204	6.71660148509362	39
23.523083965209	6.7062138887024	39
23.5265256343512	6.69577094460178	39
23.5298028482665	6.68527522943197	39
23.5329147983515	6.67472933285362	39
23.535860716779	6.66413585690892	39
23.5386398766878	6.65349741537953	39
23.5412515923617	6.64281663314174	39
23.543695219399	6.63209614551872	39
23.5459701548712	6.62133859763039	39
23.5480758374721	6.61054664374072	39
23.5500117476561	6.59972294660285	39
23.5517774077661	6.58887017680208	39
23.5533723821521	6.57799101209698	39
23.5547962772779	6.56708813675865	39
23.5560487418188	6.55616424090843	39
23.5571294667479	6.54522201985417	39
23.5580381854123	6.53426417342517	39
23.5587746735996	6.52329340530609	39
23.559338749592	6.51231242236979	39
23.5597302742125	6.5013239340095	39
23.5599491508581	6.4903306514703	39
23.5599953255243	6.47933528718016	39
23.5598687868181	6.4683405540807	39
23.5595695659612	6.45734916495778	39
23.5590977367817	6.44636383177221	39
23.5584534156966	6.43538726499057	39
23.5576367616822	6.42442217291647	39
23.5566479762359	6.4134712610223	39
23.5554873033257	6.40253723128171	39
23.5541550293301	6.39162278150295	39
23.5526514829679	6.38073060466315	39
23.5509770352167	6.36986338824399	39
23.5491320992213	6.35902381356849	39
23.5471171301922	6.34821455513952	39
23.5449326252927	6.33743827997986	39
23.5425791235168	6.32669764697414	39
23.5400572055559	6.31599530621285	39
23.5373674936553	6.30533389833843	39
23.5345106514614	6.29471605389374	39
23.5314873838572	6.28414439267302	39
23.5282984367886	6.27362152307548	39
23.5249445970808	6.26315004146175	39
23.5214266922434	6.25273253151322	39
23.5177455902668	6.2423715635946	39
23.5139021994079	6.23206969411967	39
23.5098974679659	6.2218294649206	39
23.5057795400005	6.211766108298	39
23.4545906677029	6.08939179907725	39
23.4034930624683	5.9672362525786	39
23.3524892402305	5.84530547534986	39
23.3015816967797	5.72360542582564	39
23.2507729077622	5.60214201432721	39
23.2000653286804	5.4809211030625	39
23.1494613948928	5.35994850612615	39
23.0989635216139	5.23922998949947	39
23.0485741039145	5.11877127105047	39
22.9982955167215	4.99857802053379	39
22.9481301148177	4.87865585959081	39
22.8980802328423	4.75901036174959	39
22.8481481852904	4.63964705242486	39
22.7983362665133	4.52057140891808	39
22.7486467507183	4.40178886041727	39
22.6990818919691	4.28330478799727	39
22.6496439241852	4.16512452461954	39
22.6003350611425	4.04725335513224	39
22.5511574964726	3.92969651627022	39
22.5021134036636	3.81245919665503	39
22.4532049360597	3.69554653679482	39
22.4044342268609	3.57896362908451	39
22.3558033891236	3.46271551780569	39
22.3073145157602	3.34680719912663	39
22.2589696795393	3.2312436211023	39
22.2107709330854	3.11602968367423	39
22.1627203088795	3.00117023867089	39
22.1148198192582	2.88667008980717	39
22.0670714564147	2.7725339926848	39
22.0194771923981	2.65876665479214	39
21.9720389791135	2.54537273550425	39
21.9247587483223	2.43235684608292	39
21.8776384116419	2.31972354967649	39
21.8306798605459	2.20747736132011	39
21.783884966364	2.09562274793558	39
21.7372555802819	1.98416412833137	39
21.6907935333415	1.87310587320265	39
21.644500636441	1.76245230513127	39
21.5983786803343	1.6522076985858	39
21.5524294356317	1.54237627992138	39
21.5066546527997	1.43296222737996	39
21.4610560621605	1.32396967109011	39
21.4156353738929	1.21540269306712	39
21.3703942780315	1.10726532721297	39
21.3253344444672	0.999561559316202	39
21.2804575229468	0.892295327052274	39
21.2357651430734	0.785470519983093	39
21.1912589143061	0.679090979557394	39
21.1469404259603	0.57316049911055	39
21.1028112472072	0.46768282386466	39
21.0588729270743	0.362661650928406	39
21.0151269944454	0.258100629297257	39
20.97157495806	0.154003359853323	39
20.928218306514	0.050373395365412	39
20.8850585082594	-0.0527857595109857	39
20.8420970116042	-0.155470648233713	39
20.7993352447126	-0.257677862373868	39
20.7567746156049	-0.359404041615978	39
20.7144165121574	-0.460645873757791	39
20.6722623021027	-0.561400094710397	39
20.6303133330294	-0.661663488498196	39
20.5885709323823	-0.761432887258881	39
20.5470364074621	-0.860705171243556	39
20.5057110454259	-0.959477268816535	39
20.4645961132868	-1.05774615645549	39
20.4236928579139	-1.1555088587514	39
20.3830025060325	-1.25276244840857	39
20.3425262642241	-1.34950404624461	39
20.3022653189262	-1.44573082119042	39
20.2622208364324	-1.54143999029031	39
20.2223939628925	-1.6366288187018	39
20.1827858243124	-1.73129461969577	39
20.143397526554	-1.82543475465641	39
20.1042301553356	-1.91904663308123	39
20.0652847762312	-2.01212771258106	39
20.0265624346712	-2.10467549887999	39
19.9880641559421	-2.19668754581554	39
19.9497909451863	-2.28816145533844	39
19.9117437874027	-2.3790948775128	39
19.8739236474459	-2.46948551051596	39
19.8363314700269	-2.55933110063871	39
19.7989681797126	-2.64862944228505	39
19.7618346809262	-2.73737837797232	39
19.724931857947	-2.82557579833118	39
19.6882605749102	-2.91321964210561	39
19.6518216758074	-3.0003078961529	39
19.6156159844861	-3.08683859544363	39
19.57964430465	-3.17280982306177	39
19.5439074198589	-3.25821971020455	39
19.5084060935288	-3.3430664361825	39
19.4731410689316	-3.42734822841951	39
19.4381130691955	-3.51106336245275	39
19.4033227973049	-3.59421016193272	39
19.3687709360999	-3.67678699862322	39
19.3344581482772	-3.75879229240142	39
19.3003850763893	-3.84022451125775	39
19.266552342845	-3.92108217129596	39
19.232960549909	-4.00136383673314	39
19.1996102797024	-4.08106811989964	39
19.1665020942021	-4.16019368123924	39
19.1336365352414	-4.23873922930892	39
19.1010141245095	-4.31670352077903	39
19.0686353635518	-4.39408536043321	39
19.0365007337698	-4.47088360116845	39
19.0046106964212	-4.54709714399501	39
18.9729656926196	-4.62272493803649	39
18.941566143335	-4.69776598052984	39
18.9104124493932	-4.77221931682527	39
18.8795049914765	-4.84608404038633	39
18.8488441301229	-4.91935929278984	39
18.8184302057267	-4.99204426372608	39
18.7882635385385	-5.06413819099844	39
18.7583444286646	-5.13564036052375	39
18.7286731560678	-5.20655010633217	39
18.6992499805668	-5.27686681056712	39
18.6700751418365	-5.34658990348536	39
18.6411488594079	-5.41571886345692	39
18.612471332668	-5.48425321696524	39
18.5840427408602	-5.55219253860701	39
18.5558632430836	-5.61953645109223	39
18.5279329782938	-5.68628462524424	39
18.5002520653022	-5.75243677999967	39
18.4728206027767	-5.81799268240851	39
18.4456386692408	-5.882952147634	39
18.4187063230747	-5.94731503895278	39
18.3920236025141	-6.01108126775473	39
18.3655905256514	-6.07425079354309	39
18.3394070904346	-6.13682362393438	39
18.3134732746682	-6.19879981465845	39
18.2877890360126	-6.26017946955852	39
18.2623543119844	-6.32096274059101	39
18.2371690199562	-6.38114982782577	39
18.2122330571569	-6.44074097944589	39
18.1875463006715	-6.49973649174782	39
18.1631086074408	-6.5581367091413	39
18.1389198142621	-6.61594202414937	39
18.1149797377887	-6.67315287740845	39
18.0912881745298	-6.72976975766821	39
18.067844900851	-6.78579320179166	39
18.0446496729739	-6.84122379475514	39
18.0217022269761	-6.89606216964826	39
17.9990022787916	-6.95030900767401	39
17.9765495242102	-7.00396503814862	39
17.954343638878	-7.05703103850172	39
17.9323842782972	-7.10950783427619	39
17.910671077826	-7.16139629912825	39
17.8892036526788	-7.21269735482741	39
17.8679815979262	-7.26341197125657	39
17.8470044884947	-7.31354116641188	39
17.8262718791672	-7.36308600640276	39
17.8057833045824	-7.41204760545207	39
17.7855382792352	-7.46042712589589	39
17.7655362974769	-7.50822577818366	39
17.7457768335145	-7.5554448208781	39
17.7262593414113	-7.60208556065528	39
17.7069832550869	-7.64814935230458	39
17.6879479883166	-7.69363759872868	39
17.6691529347322	-7.73855175094358	39
17.6505974678213	-7.78289330807858	39
17.632280940928	-7.82666381737635	39
17.6142026872521	-7.8698648741928	39
17.5963620198497	-7.91249812199723	39
17.5787582316331	-7.9545652523722	39
17.5613905953706	-7.9960680050136	39
17.5442583636866	-8.03700816773066	39
17.5273607690616	-8.07738757644588	39
17.5106970238324	-8.11720811519512	39
17.4942663201917	-8.15647171612754	39
17.4780678301884	-8.1951803595056	39
17.4621007057275	-8.23333607370508	39
17.4463640785701	-8.27094093521511	39
17.4308570603334	-8.30799706863808	39
17.4155787424909	-8.34450664668973	39
17.4005281963719	-8.38047189019913	39
17.385704473162	-8.41589506810863	39
17.3711066039029	-8.4507784974739	39
17.3567335994925	-8.48512454346394	39
17.3425844506845	-8.51893561936109	39
17.3286581280891	-8.55221418656094	39
17.3149535821725	-8.58496275457244	39
17.3014697432567	-8.61718388101785	39
17.2882055215203	-8.64888017163275	39
17.2751598069976	-8.68005428026601	39
17.2623314695794	-8.71070890887985	39
17.2497193590122	-8.74084680754979	39
17.237322304899	-8.77047077446466	39
17.2251391166986	-8.7995836559266	39
17.2131685837261	-8.82818834635109	39
17.2014094751527	-8.8562877882669	39
17.1898605400056	-8.88388497231613	39
17.1785205071682	-8.91098293725418	39
17.1673880853801	-8.9375847699498	39
17.1564619632368	-8.96369360538502	39
17.1457408091901	-8.9893126266552	39
17.1352232715478	-9.01444506496901	39
17.1249079784739	-9.03909419964843	39
17.1147935379884	-9.06326335812879	39
17.1048785379676	-9.08695591595867	39
17.0951615461437	-9.11017529680004	39
17.0856411101051	-9.13292497242814	39
17.0763157572964	-9.15520846273153	39
17.0671839950182	-9.1770293357121	39
17.0582443104273	-9.19839120748503	39
17.0494951705365	-9.21929774227885	39
17.0409350222148	-9.23975265243538	39
17.0325622921873	-9.25975969840976	39
17.0243753870352	-9.27932268877046	39
17.0163726931959	-9.29844548019924	39
17.0085525769626	-9.31713197749119	39
17.0009133844851	-9.33538613355472	39
16.993453441769	-9.35321194941155	39
16.986171054676	-9.37061347419672	39
16.979064508924	-9.38759480515857	39
16.972132070087	-9.40416008765876	39
16.9653719835952	-9.4203135151723	39
16.9587824747348	-9.43605932928746	39
16.952361748648	-9.45140181970586	39
16.9461079903335	-9.46634532424244	39
16.9400193646457	-9.48089422882543	39
16.9340940162953	-9.49505296749638	39
16.9283300698491	-9.50882602241018	39
16.9227256297301	-9.52221792383503	39
16.9172787802172	-9.53523325015241	39
16.9119875854456	-9.54787662785715	39
16.9068500894065	-9.56015273155739	39
16.9018643159474	-9.57206628397458	39
16.8970282687716	-9.58362205594348	39
16.8923399314388	-9.59482486641218	39
16.8877972673647	-9.60567958244208	39
16.8833982198211	-9.61619111920788	39
16.8791407119359	-9.62636443999762	39
16.8750226466932	-9.63620455621264	39
16.8710419069331	-9.6457165273676	39
16.8634838345021	-9.66377651312255	39
16.8564491544864	-9.68058583564606	39
16.8499202044273	-9.69618670313476	39
16.8438789995641	-9.71062209359831	39
16.8383072328337	-9.72393575485945	39
16.8331862748709	-9.73617220455395	39
16.8284971740085	-9.74737673013062	39
16.8242206562768	-9.75759538885132	39
16.820337125404	-9.76687500779098	39
16.8152050194456	-9.77913806529914	39
16.8108436566898	-9.78955944386842	39
16.806105843262	-9.80088034030858	39
16.8016745426974	-9.81146883083123	39
16.7976746302203	-9.82102652946542	39
16.7937661877725	-9.8303656625734	39
16.7898412053033	-9.83970639147445	39
16.7857074884673	-9.84940565726557	39
16.7812313862691	-9.85976473905539	39
16.776790953928	-9.8699177327794	39
16.7722377723208	-9.88021854849474	39
16.767870699765	-9.89000579046946	39
16.7629456274651	-9.90094595639178	39
16.7585802046198	-9.91056402129838	39
16.7538171234685	-9.92098034019607	39
16.7486382691018	-9.93222035223554	39
16.7430254671803	-9.94430864739938	39
16.7385201211388	-9.95394586808307	39
16.7337527100118	-9.96408332184062	39
16.7287155006857	-9.97473044218362	39
16.7234007412432	-9.98589639394155	39
16.7178006609628	-9.99759007326181	39
16.7119074703189	-10.0098201076097	39
16.7057133609822	-10.0225948557685	39
16.699210505819	-10.0359224078392	39
16.6946998698212	-10.0451184293234	39
16.6900461973946	-10.0545658742662	39
16.6852471554595	-10.0642669407105	39
16.680300407222	-10.0742237736268	39
16.6752036121739	-10.0844384649122	39
16.6699544260924	-10.0949130533909	39
16.6645505010405	-10.1056495248142	39
16.6589894853668	-10.1166498118601	39
16.6532690237055	-10.127915794134	39
16.6473867569765	-10.139449298168	39
16.6413403223852	-10.1512520974212	39
16.6351273534227	-10.1633259122799	39
16.6287454798657	-10.1756724100573	39
16.6221923277767	-10.1882932049934	39
16.6154655195035	-10.2011898582554	39
16.6085626736798	-10.2143638779375	39
16.6014814052249	-10.2278167190609	39
16.5942193253436	-10.2415497835737	39
16.5867740415264	-10.2555644203509	39
16.5791431575495	-10.2698619251948	39
16.5713242734745	-10.2844435408344	39
16.5633149856489	-10.2993104569259	39
16.5551128867057	-10.3144638100524	39
16.5467155655635	-10.329904683724	39
16.5381206074266	-10.3456341083777	39
16.5293255937849	-10.3616530613778	39
16.520328102414	-10.3779624670151	39
16.5111257073749	-10.394563196508	39
16.5017159790145	-10.4114560680013	39
16.4920964839651	-10.4286418465672	39
16.4822647851448	-10.4461212442048	39
16.4772685967169	-10.454971258163	39
16.4722184417573	-10.4638949198401	39
16.4671140145864	-10.4728923033091	39
16.4619550092919	-10.4819634793261	39
16.4567411197298	-10.49110851533	39
16.4514720395235	-10.5003274754429	39
16.4461474620647	-10.5096204204695	39
16.4407670805127	-10.5189874078975	39
16.4353305877946	-10.5284284918979	39
16.4298376766056	-10.5379437233241	39
16.4242880394084	-10.5475331497128	39
16.418681368434	-10.5571968152835	39
16.4130173556808	-10.5669347609387	39
16.4072956929154	-10.5767470242638	39
16.401516071672	-10.5866336395272	39
16.3956781832529	-10.5965946376801	39
16.3897817187279	-10.6066300463568	39
16.3838263689351	-10.6167398898743	39
16.37781182448	-10.6269241892329	39
16.3717377757363	-10.6371829621155	39
16.3656039128455	-10.6475162228881	39
16.3594099257167	-10.6579239825996	39
16.353155504027	-10.6684062489819	39
16.3468403372216	-10.6789630264497	39
16.3404641145131	-10.6895943161007	39
16.3340265248823	-10.7003001157157	39
16.3275272570777	-10.7110804197581	39
16.3209659996157	-10.7219352193746	39
16.3143424407805	-10.7328645023945	39
16.3076562686242	-10.7438682533303	39
16.3009071709667	-10.7549464533774	39
16.2940948353959	-10.766099080414	39
16.2872189492673	-10.7773261090012	39
16.2802791997045	-10.7886275103834	39
16.2732752735989	-10.8000032524875	39
16.2662068576095	-10.8114532999236	39
16.2590736381635	-10.8229776139846	39
16.2518753014557	-10.8345761526465	39
16.244611533449	-10.8462488705681	39
16.2372820198738	-10.8579957190911	39
16.2298864462287	-10.8698166462403	39
16.22242449778	-10.8817115967233	39
16.2148958595619	-10.8936805119307	39
16.2073002163762	-10.9057233299361	39
16.199637252793	-10.9178399854958	39
16.1919066531499	-10.9300304100493	39
16.1841081015525	-10.9422945317189	39
16.1762412818742	-10.9546322753099	39
16.1683058777563	-10.9670435623105	39
16.1603015726079	-10.9795283108918	39
16.1522280496059	-10.9920864359079	39
16.1440849916952	-11.0047178488959	39
16.1358720815885	-11.0174224580757	39
16.1275890017663	-11.0302001683501	39
16.119235434477	-11.0430508813051	39
16.1108110617368	-11.0559744952094	39
16.1023155653298	-11.0689709050147	39
16.093748626808	-11.0820400023556	39
16.085109927491	-11.0951816755497	39
16.0763991484666	-11.1083958095975	39
16.0676159705903	-11.1216822861826	39
16.0587600744854	-11.1350409836712	39
16.049831140543	-11.1484717771127	39
16.0408288489223	-11.1619745382394	39
16.0317528795501	-11.1755491354665	39
16.0226029121212	-11.189195433892	39
16.0133786260982	-11.2029132952972	39
16.0040797007115	-11.2167025781459	39
15.9947058149595	-11.2305631375852	39
15.9852566476083	-11.244494825445	39
15.9757318771919	-11.258497490238	39
15.9661311820121	-11.2725709771601	39
15.9564542401388	-11.2867151280898	39
15.9467007294094	-11.3009297815889	39
15.9368703274293	-11.315214772902	39
15.9269627115719	-11.3295699339565	39
15.9169775589782	-11.3439950933629	39
15.9069145465573	-11.3584900764146	39
15.8967733509859	-11.3730547050879	39
15.8865536487088	-11.3876887980421	39
15.8762551159383	-11.4023921706193	39
15.865877428655	-11.4171646348447	39
15.8554202626071	-11.4320059994263	39
15.8448832933106	-11.4469160697553	39
15.8342661960495	-11.4618946479054	39
15.8235686458755	-11.4769415326336	39
15.8127903176083	-11.4920565193798	39
15.8019308858354	-11.5072394002666	39
15.7909900249122	-11.5224899640998	39
15.7799674089617	-11.537807996368	39
15.7688627118752	-11.5531932792427	39
15.7576756073113	-11.5686455915785	39
15.746405768697	-11.5841647089129	39
15.7350528692268	-11.5997504034661	39
15.7236165818632	-11.6154024441415	39
15.7120965793364	-11.6311205965254	39
15.7004925341446	-11.6469046228869	39
15.6888041185539	-11.6627542821782	39
15.677031004598	-11.6786693300344	39
15.6651728640788	-11.6946495187733	39
15.6532293685656	-11.7106945973961	39
15.6412001893961	-11.7268043115865	39
15.6290849976754	-11.7429784037115	39
15.6168834642767	-11.7592166128206	39
15.6045952598408	-11.7755186746466	39
15.5922200547767	-11.7918843216052	39
15.5797575192611	-11.8083132827948	39
15.5672073232384	-11.8248052839971	39
15.5545691364209	-11.8413600476764	39
15.5418426282891	-11.8579772929801	39
15.5290274680909	-11.8746567357385	39
15.5161233248422	-11.8913980884649	39
15.5031298673269	-11.9082010603554	39
15.4900467640965	-11.9250653572892	39
15.4768736834706	-11.9419906818283	39
15.4636102935365	-11.9589767332177	39
15.4502562621494	-11.9760232073854	39
15.4368112569324	-11.9931297969423	39
15.4232749452763	-12.010296191182	39
15.4096469943398	-12.0275220760814	39
15.3959270710497	-12.0448071343002	39
15.3821148421002	-12.062151045181	39
15.3682099739538	-12.0795534847493	39
15.3542121328406	-12.0970141257137	39
15.3401209847585	-12.1145326374655	39
15.3259361954735	-12.1321086860791	39
15.3116574305192	-12.1497419343119	39
15.2972843551973	-12.167432041604	39
15.2828166345771	-12.1851786640787	39
15.2682539334958	-12.202981454542	39
15.2535959165587	-12.2208400624831	39
15.2388422481386	-12.2387541340739	39
15.2239925923764	-12.2567233121693	39
15.2090466131808	-12.2747472363072	39
15.1940039742283	-12.2928255427084	39
15.1788643389632	-12.3109578642767	39
15.1636273705978	-12.3291438305987	39
15.1482927321121	-12.347383067944	39
15.1328600862542	-12.3656751992652	39
15.1173290955397	-12.3840198441978	39
15.1016994222524	-12.4024166190601	39
15.0859707284436	-12.4208651368536	39
15.0701426759327	-12.4393650072626	39
15.054214926307	-12.4579158366543	39
15.0381871409214	-12.4765172280788	39
15.0220589808989	-12.4951687812693	39
15.0058301071302	-12.5138700926418	39
14.9895001802738	-12.5326207552953	39
14.9730688607563	-12.5514203590117	39
14.956535808772	-12.5702684902559	39
14.9399006842829	-12.5891647321757	39
14.9231631470191	-12.6081086646018	39
14.9063228564785	-12.6270998640479	39
14.8893794719267	-12.6461379037106	39
14.8723326523973	-12.6652223534694	39
14.8551820566918	-12.6843527798868	39
14.8379273433793	-12.7035287462083	39
14.8205681707971	-12.7227498123621	39
14.80310419705	-12.7420155349597	39
14.7855350800108	-12.7613254672951	39
14.7678604773204	-12.7806791593456	39
14.750080046387	-12.8000761577713	39
14.7321934443873	-12.8195160059153	39
14.7142003282653	-12.8389982438034	39
14.6961003547331	-12.8585224081446	39
14.6778931802707	-12.8780880323308	39
14.6595784611259	-12.8976946464368	39
14.6411558533142	-12.9173417772203	39
14.6226250126193	-12.9370289481219	39
14.6039855945923	-12.9567556792652	39
14.5852372545525	-12.9765214874569	39
14.5663796475869	-12.9963258861863	39
14.5474124285504	-13.0161683856259	39
14.5283352520658	-13.0360484926311	39
14.5091477725237	-13.05596571074	39
14.4898496440824	-13.075919540174	39
14.4704405206684	-13.0959094778372	39
14.4509200559756	-13.1159350173167	39
14.4312879034663	-13.1359956488825	39
14.4115437163701	-13.1560908594876	39
14.3916871476848	-13.176220132768	39
14.371717850176	-13.1963829490424	39
14.3516354763771	-13.2165787853126	39
14.3314396785893	-13.2368071152635	39
14.3111301088817	-13.2570674092625	39
14.2907064190913	-13.2773591343604	39
14.270168260823	-13.2976817542906	39
14.2495152854493	-13.3180347294697	39
14.2287471441108	-13.338417516997	39
14.2078634877159	-13.3588295706549	39
14.1868639669408	-13.3792703409086	39
14.1657482322296	-13.3997392749064	39
14.1445159337942	-13.4202358164794	39
14.1231667216143	-13.4407594061417	39
14.1017002454377	-13.4613094810904	39
14.0801161547797	-13.4818854752055	39
14.0584140989238	-13.5024868190497	39
14.036593726921	-13.523112939869	39
14.0146546875905	-13.5437632615922	39
13.9925966295191	-13.5644372048309	39
13.9704192010616	-13.5851341868798	39
13.9481220503406	-13.6058536217165	39
13.9257048252464	-13.6265949200015	39
13.9031671734375	-13.6473574890784	39
13.8805087423399	-13.6681407329734	39
13.8577291791476	-13.6889440523959	39
13.8348281308226	-13.7097668447383	39
13.8118052440944	-13.7306085040756	39
13.7886601654607	-13.7514684211662	39
13.7653925411868	-13.772345983451	39
13.7420020173061	-13.793240575054	39
13.7184882396196	-13.8141515767823	39
13.6948508536963	-13.8350783661257	39
13.671089504873	-13.8560203172571	39
13.6472038382544	-13.8769768010323	39
13.6231934987129	-13.8979471849899	39
13.599058130889	-13.9189308333516	39
13.5747973791909	-13.9399271070219	39
13.5504108877946	-13.9609353635885	39
13.5258983006441	-13.9819549573218	39
13.5012592614511	-14.002985239175	39
13.4764934136953	-14.0240255567847	39
13.4516004006241	-14.0450752544701	39
13.426579865253	-14.0661336732332	39
13.401431450365	-14.0872001507594	39
13.3761547985112	-14.1082740214167	39
13.3507495520105	-14.1293546162561	39
13.3252153529496	-14.1504412630116	39
13.2995518431831	-14.1715332861	39
13.2737586643335	-14.1926300066212	39
13.247835457791	-14.2137307423579	39
13.2217818647139	-14.2348348077759	39
13.195597526028	-14.2559415140238	39
13.1692820824272	-14.2770501689331	39
13.1428351743733	-14.2981600770185	39
13.1162564420959	-14.3192705394773	39
13.0895455255922	-14.3403808541898	39
13.0627020646275	-14.3614903157196	39
13.035725698735	-14.3825982153128	39
13.0086160672157	-14.4037038408986	39
12.9813728091382	-14.4248064770891	39
12.9539955633394	-14.4459054051795	39
12.9264839684237	-14.4669999031477	39
12.8988376627635	-14.4880892456547	39
12.8710562844989	-14.5091727040444	39
12.8431394715381	-14.5302495463435	39
12.815086861557	-14.551319037262	39
12.7868980919994	-14.5723804381924	39
12.7585728000769	-14.5934330072104	39
12.7301106227689	-14.6144759990745	39
12.7015111968228	-14.6355086652263	39
12.6727741587538	-14.6565302537903	39
12.6438991448449	-14.6775400095737	39
12.614885791147	-14.698537174067	39
12.5857337334789	-14.7195209854434	39
12.556442607427	-14.740490678559	39
12.5270120483459	-14.761445484953	39
12.4974416913578	-14.7823846328475	39
12.467731171353	-14.8033073471475	39
12.4378801229893	-14.824212849441	39
12.4078881806927	-14.8451003579987	39
12.3777549786568	-14.8659690877746	39
12.3474801508431	-14.8868182504053	39
12.3170633309812	-14.9076470542106	39
12.2865041525682	-14.9284547041931	39
12.2558022488692	-14.9492404020384	39
12.2249572529173	-14.9700033461149	39
12.1939687975131	-14.9907427314742	39
12.1628365152255	-15.0114577498505	39
12.1315600383908	-15.0321475896613	39
12.1001389991134	-15.0528114360066	39
12.0685730292657	-15.0734484706699	39
12.0368617604875	-15.0940578721171	39
12.005004824187	-15.1146388154973	39
11.9730018515397	-15.1351904726426	39
11.9408524734894	-15.1557120120678	39
11.9085563207475	-15.1762025989709	39
11.8761130237934	-15.1966613952326	39
11.8435222128742	-15.2170875594168	39
11.810783518005	-15.23748024677	39
11.7778965689686	-15.257838609222	39
11.7448609953158	-15.2781617953852	39
11.7116764263651	-15.2984489505551	39
11.6783424912031	-15.3186992167103	39
11.644858818684	-15.3389117325121	39
11.6112250374298	-15.3590856333047	39
11.5774407758308	-15.3792200511155	39
11.5435056620445	-15.3993141146546	39
11.5094193239969	-15.4193669493152	39
11.4751813893814	-15.4393776771732	39
11.4407914856594	-15.4593454169877	39
11.4062492400601	-15.4792692842006	39
11.3715542795807	-15.4991483909368	39
11.3367062309862	-15.5189818460041	39
11.3017047208093	-15.5387687548933	39
11.2665493753507	-15.5585082197779	39
11.2312398206789	-15.5781993395147	39
11.1957756826302	-15.5978412096432	39
11.160156586809	-15.6174329223858	39
11.1243821585872	-15.6369735666481	39
11.0884520231048	-15.6564622280183	39
11.0523658052695	-15.6758979887678	39
11.0161231297569	-15.6952799278509	39
10.9797236210106	-15.7146071209046	39
10.9431669032419	-15.7338786402491	39
10.9064526004299	-15.7530935548875	39
10.8695803363216	-15.7722509305057	39
10.832549734432	-15.7913498294727	39
10.7953604180438	-15.8103893108403	39
10.7580120102075	-15.8293684303434	39
10.7205041337417	-15.8482862403996	39
10.6828364112325	-15.8671417901097	39
10.6450084650341	-15.8859341252573	39
10.6070199172685	-15.9046622883088	39
10.5688703898257	-15.9233253184139	39
10.5305595043631	-15.9419222514048	39
10.4920868823065	-15.960452119797	39
10.4534521448491	-15.9789139527888	39
10.4146549129523	-15.9973067762615	39
10.3756948073452	-16.015629612779	39
10.3365714485246	-16.0338814815887	39
10.2972844567555	-16.0520613986205	39
10.2578334520704	-16.0701683764874	39
10.2182180542699	-16.0882014244854	39
10.1784378829223	-16.1061595485932	39
10.1384925573639	-16.1240417514727	39
10.0983816966987	-16.1418470324687	39
10.0581049197986	-16.1595743876087	39
10.0176618453034	-16.1772228096034	39
9.97705209162072	-16.1947912878463	39
9.93627527692603	-16.212278808414	39
9.89533101916265	-16.2296843540658	39
9.85421893604175	-16.2470069042441	39
9.81293864504237	-16.2642454350741	39
9.77148976341137	-16.2813989193641	39
9.72987190816349	-16.2984663266054	39
9.68808469608132	-16.3154466229718	39
9.64612774371528	-16.3323387713206	39
9.60400066738367	-16.3491417311917	39
9.56170308317261	-16.365854458808	39
9.5192346069361	-16.3824759070753	39
9.47659485429597	-16.3990050255825	39
9.43378344064194	-16.4154407606012	39
9.39079998113152	-16.4317820550862	39
9.34764409069013	-16.448027848675	39
9.30431538401102	-16.4641770776881	39
9.26081347555526	-16.4802286751291	39
9.21713797955184	-16.4961815706844	39
9.17328850999754	-16.5120346907232	39
9.12926468065701	-16.5277869582979	39
9.08506610506278	-16.5434372931437	39
9.04069239651519	-16.5589846116788	39
8.99614316808246	-16.5744278270043	39
8.95141803260065	-16.5897658489041	39
8.90651660267368	-16.6049975838453	39
8.8614384906733	-16.6201219349778	39
8.81618330873914	-16.6351378021344	39
8.77075066877866	-16.6500440818309	39
8.72514018246719	-16.6648396672661	39
8.67935146124791	-16.6795234483215	39
8.63338411633183	-16.6940943115618	39
8.58723775869783	-16.7085511402344	39
8.54091199909264	-16.72289281427	39
8.49440644803085	-16.7371182102818	39
8.44772071579487	-16.7512262015663	39
8.400854412435	-16.7652156581026	39
8.35380714776937	-16.7790854465531	39
8.30657853138397	-16.7928344302628	39
8.25916817263264	-16.8064614692599	39
8.21157568063706	-16.8199654202553	39
8.16380066428679	-16.8333451366431	39
8.11584273223921	-16.8465994685002	39
8.06770149291958	-16.8597272625864	39
8.01937655452098	-16.8727273623444	39
7.97086752500437	-16.8855986079	39
7.92217401209855	-16.8983398360619	39
7.87329562330017	-16.9109498803215	39
7.82423196587375	-16.9234275708536	39
7.77498264685163	-16.9357717345154	39
7.72554727303402	-16.9479811948474	39
7.67592545098899	-16.960054772073	39
7.62611678705244	-16.9719912830984	39
7.57612088732815	-16.9837895415128	39
7.52593735768772	-16.9954483575884	39
7.47556580377062	-17.0069665382803	39
7.42500583098418	-17.0183428872265	39
7.37425704450356	-17.0295762047479	39
7.32331904927178	-17.0406652878484	39
7.27219144999973	-17.0516089302149	39
7.22087385116613	-17.0624059222171	39
7.16936585701755	-17.0730550509079	39
7.11766707156842	-17.0835551000227	39
7.06577709860103	-17.0939048499801	39
7.01369554166552	-17.1041030778818	39
6.96142200407986	-17.1141485575121	39
6.90895608892989	-17.1240400593385	39
6.8562973990693	-17.1337763505113	39
6.80344553711964	-17.1433561948637	39
6.75040010547029	-17.1527783529119	39
6.6971607062785	-17.1620415818551	39
6.64372694146936	-17.1711446355754	39
6.59009841273583	-17.1800862646378	39
6.5362747215387	-17.1888652162903	39
6.48225546910662	-17.1974802344637	39
6.4280402564361	-17.2059300597718	39
6.37362868429148	-17.2142134295114	39
6.31902035320499	-17.2223290776623	39
6.26421486347667	-17.2302757348871	39
6.20921181517444	-17.2380521285313	39
6.15401080813406	-17.2456569826234	39
6.09861144195913	-17.2530890178749	39
6.04301331602114	-17.2603469516803	39
5.98721602945939	-17.2674294981167	39
5.93121918118105	-17.2743353679446	39
5.87502236986115	-17.281063268607	39
5.81862519394255	-17.2876119042301	39
5.76202725163599	-17.293979975623	39
5.70522814092003	-17.3001661802777	39
5.64822745954111	-17.3061692123692	39
5.5910248050135	-17.3119877627553	39
5.53361977461934	-17.3176205189768	39
5.47601196540861	-17.3230661652576	39
5.41820097419915	-17.3283233825042	39
5.36018639757663	-17.3333908483064	39
5.30196783189461	-17.3382672369367	39
5.24354487327446	-17.3429512193506	39
5.18491711760544	-17.3474414631866	39
5.12608416054464	-17.351736632766	39
5.067045597517	-17.3558353890932	39
5.00780102371532	-17.3597363898554	39
4.94835003410025	-17.3634382894228	39
4.88869222340028	-17.3669397388486	39
4.82882718611179	-17.3702393858688	39
4.76875451649896	-17.3733358749023	39
4.70847380859385	-17.3762278470513	39
4.64798465619638	-17.3789139401004	39
4.58728665287429	-17.3813927885177	39
4.52637939196322	-17.3836630234537	39
4.46526246656661	-17.3857232727422	39
4.40393546955578	-17.3875721608999	39
4.3423979935699	-17.3892083091262	39
4.280649631016	-17.3906303353037	39
4.21868997406893	-17.3918368539978	39
4.15651861467142	-17.392826476457	39
4.09413514453405	-17.3935978106124	39
4.03153915513524	-17.3941494610784	39
3.96873023772127	-17.3944800291522	39
3.90570798330627	-17.3945881128138	39
3.84247198267222	-17.3944723067264	39
3.77902182636895	-17.3941312022359	39
3.71535710471416	-17.3935633873713	39
3.65147740779337	-17.3927674468444	39
3.58738232545997	-17.3917419620501	39
3.5230714473352	-17.3904855110661	39
3.45854436280816	-17.3889966686531	39
3.39380066103579	-17.3872740062547	39
3.32883993094289	-17.3853160919974	39
3.26366176122209	-17.3831214906908	39
3.19826574033391	-17.3806887638273	39
3.13265145650669	-17.3780164695823	39
3.06681849773664	-17.375103162814	39
3.0007664517878	-17.3719473950638	39
2.93449490619209	-17.3685477145558	39
2.86800344824926	-17.364902666197	39
2.80129166502693	-17.3610107915777	39
2.73435914336055	-17.3568706289707	39
2.66720546985344	-17.352480713332	39
2.59983023087676	-17.3478395763004	39
2.53223301256953	-17.3429457461979	39
2.46441340083863	-17.337797748029	39
2.39637098135876	-17.3323941034815	39
2.3281053395725	-17.3267333309261	39
2.25961606069027	-17.3208139454162	39
2.19090272969036	-17.3146344586883	39
2.12196493131889	-17.3081933791619	39
2.05280225008983	-17.3014892119393	39
1.98341427028502	-17.2945204588058	39
1.91380057595415	-17.2872856182298	39
1.84396075091474	-17.2797831853623	39
1.77389437875219	-17.2720116520374	39
1.70360104281972	-17.2639695067723	39
1.63308032623844	-17.2556552347668	39
1.56233181189728	-17.247067317904	39
1.49135508245303	-17.2382042347497	39
1.42014972033035	-17.2290644605527	39
1.34871530772173	-17.2196464672446	39
1.27705142658752	-17.2099487234403	39
1.20515765865591	-17.1999696944372	39
