ISO-10303-21;
HEADER;
/* Generated by software containing ST-Developer
 * from STEP Tools, Inc. (www.steptools.com) 
 */
/* OPTION: using custom schema-name function */

FILE_DESCRIPTION(
/* description */ (''),
/* implementation_level */ '2;1');

FILE_NAME(
/* name */ 
'CMB_Flat_Cap_Full_CFD_Negative_Geo_Outer_Airflow_Section_11-9-25.stp',

/* time_stamp */ '2025-11-09T15:20:24-05:00',
/* author */ (''),
/* organization */ (''),
/* preprocessor_version */ 'ST-DEVELOPER v19.4',
/* originating_system */ 'SIEMENS PLM Software NX2306.8900',
/* authorisation */ '');

FILE_SCHEMA (('AUTOMOTIVE_DESIGN { 1 0 10303 214 3 1 1 1 }'));
ENDSEC;

DATA;
#10=PROPERTY_DEFINITION_REPRESENTATION(#14,#12);
#11=PROPERTY_DEFINITION_REPRESENTATION(#15,#13);
#12=REPRESENTATION('',(#16),#2938);
#13=REPRESENTATION('',(#17),#2938);
#14=PROPERTY_DEFINITION('pmi validation property','',#21);
#15=PROPERTY_DEFINITION('pmi validation property','',#21);
#16=VALUE_REPRESENTATION_ITEM('number of annotations',COUNT_MEASURE(0.));
#17=VALUE_REPRESENTATION_ITEM('number of views',COUNT_MEASURE(0.));
#18=SHAPE_REPRESENTATION_RELATIONSHIP('None',
'relationship between CMB_Flat_Cap_Full_CFD_Negative_Geo_11-9-25_objec
ts-None and CMB_Flat_Cap_Full_CFD_Negative_Geo_11-9-25_objects-None',#30,
#19);
#19=ADVANCED_BREP_SHAPE_REPRESENTATION(
'CMB_Flat_Cap_Full_CFD_Negative_Geo_11-9-25_objects-None',(#47,#48),#2938);
#20=SHAPE_DEFINITION_REPRESENTATION(#21,#30);
#21=PRODUCT_DEFINITION_SHAPE('','',#22);
#22=PRODUCT_DEFINITION(' ','',#24,#23);
#23=PRODUCT_DEFINITION_CONTEXT('part definition',#29,'design');
#24=PRODUCT_DEFINITION_FORMATION_WITH_SPECIFIED_SOURCE(' ',' ',#26,
 .NOT_KNOWN.);
#25=PRODUCT_RELATED_PRODUCT_CATEGORY('part','',(#26));
#26=PRODUCT('CMB_Flat_Cap_Full_CFD_Negative_Geo_11-9-25_objects',
'CMB_Flat_Cap_Full_CFD_Negative_Geo_11-9-25_objects',' ',(#27));
#27=PRODUCT_CONTEXT(' ',#29,'mechanical');
#28=APPLICATION_PROTOCOL_DEFINITION('international standard',
'automotive_design',2010,#29);
#29=APPLICATION_CONTEXT(
'core data for automotive mechanical design processes');
#30=SHAPE_REPRESENTATION(
'CMB_Flat_Cap_Full_CFD_Negative_Geo_11-9-25_objects-None',(#262),#2938);
#31=PRESENTATION_LAYER_ASSIGNMENT('1','Layer 1',(#47,#48));
#32=STYLED_ITEM('',(#34),#47);
#33=STYLED_ITEM('',(#35),#48);
#34=PRESENTATION_STYLE_ASSIGNMENT((#36));
#35=PRESENTATION_STYLE_ASSIGNMENT((#37));
#36=SURFACE_STYLE_USAGE(.BOTH.,#38);
#37=SURFACE_STYLE_USAGE(.BOTH.,#39);
#38=SURFACE_SIDE_STYLE('',(#40));
#39=SURFACE_SIDE_STYLE('',(#41));
#40=SURFACE_STYLE_FILL_AREA(#42);
#41=SURFACE_STYLE_FILL_AREA(#43);
#42=FILL_AREA_STYLE('',(#44));
#43=FILL_AREA_STYLE('',(#45));
#44=FILL_AREA_STYLE_COLOUR('',#46);
#45=FILL_AREA_STYLE_COLOUR('',#46);
#46=COLOUR_RGB('medium steel',0.611764705882353,0.658823529411765,0.670588235294118);
#47=MANIFOLD_SOLID_BREP('',#49);
#48=MANIFOLD_SOLID_BREP('',#50);
#49=CLOSED_SHELL('',(#67,#68,#69,#70,#71,#72,#73,#74,#75,#76));
#50=CLOSED_SHELL('',(#77,#78,#79));
#51=PLANE('',#268);
#52=PLANE('',#270);
#53=CIRCLE('',#264,103.915);
#54=CIRCLE('',#265,103.915);
#55=CIRCLE('',#269,44.384);
#56=B_SPLINE_SURFACE_WITH_KNOTS('',3,3,((#854,#855,#856,#857,#858,#859,
#860,#861,#862,#863,#864,#865,#866,#867,#868,#869,#870,#871,#872,#873,#874,
#875,#876,#877,#878,#879,#880,#881,#882,#883,#884,#885,#886,#887,#888),
(#889,#890,#891,#892,#893,#894,#895,#896,#897,#898,#899,#900,#901,#902,
#903,#904,#905,#906,#907,#908,#909,#910,#911,#912,#913,#914,#915,#916,#917,
#918,#919,#920,#921,#922,#923),(#924,#925,#926,#927,#928,#929,#930,#931,
#932,#933,#934,#935,#936,#937,#938,#939,#940,#941,#942,#943,#944,#945,#946,
#947,#948,#949,#950,#951,#952,#953,#954,#955,#956,#957,#958),(#959,#960,
#961,#962,#963,#964,#965,#966,#967,#968,#969,#970,#971,#972,#973,#974,#975,
#976,#977,#978,#979,#980,#981,#982,#983,#984,#985,#986,#987,#988,#989,#990,
#991,#992,#993)),.UNSPECIFIED.,.F.,.T.,.F.,(4,4),(1,1,2,1,1,1,1,1,1,1,1,
1,1,1,1,1,1,1,1,1,1,1,1,1,1,1,1,1,1,1,1,1,1,1,2,1,1),(0.,1.),(-0.0625,-0.03125,
0.,0.03125,0.0625,0.09375,0.125,0.15625,0.1875,0.21875,0.25,0.28125,0.3125,
0.34375,0.375,0.40625,0.4375,0.46875,0.5,0.53125,0.5625,0.59375,0.625,0.65625,
0.6875,0.71875,0.75,0.78125,0.8125,0.84375,0.875,0.90625,0.9375,0.96875,
1.,1.03125,1.0625),.UNSPECIFIED.);
#57=B_SPLINE_SURFACE_WITH_KNOTS('',3,3,((#1322,#1323,#1324,#1325,#1326,
#1327,#1328,#1329,#1330,#1331),(#1332,#1333,#1334,#1335,#1336,#1337,#1338,
#1339,#1340,#1341),(#1342,#1343,#1344,#1345,#1346,#1347,#1348,#1349,#1350,
#1351),(#1352,#1353,#1354,#1355,#1356,#1357,#1358,#1359,#1360,#1361),(#1362,
#1363,#1364,#1365,#1366,#1367,#1368,#1369,#1370,#1371),(#1372,#1373,#1374,
#1375,#1376,#1377,#1378,#1379,#1380,#1381),(#1382,#1383,#1384,#1385,#1386,
#1387,#1388,#1389,#1390,#1391),(#1392,#1393,#1394,#1395,#1396,#1397,#1398,
#1399,#1400,#1401),(#1402,#1403,#1404,#1405,#1406,#1407,#1408,#1409,#1410,
#1411),(#1412,#1413,#1414,#1415,#1416,#1417,#1418,#1419,#1420,#1421),(#1422,
#1423,#1424,#1425,#1426,#1427,#1428,#1429,#1430,#1431),(#1432,#1433,#1434,
#1435,#1436,#1437,#1438,#1439,#1440,#1441),(#1442,#1443,#1444,#1445,#1446,
#1447,#1448,#1449,#1450,#1451),(#1452,#1453,#1454,#1455,#1456,#1457,#1458,
#1459,#1460,#1461),(#1462,#1463,#1464,#1465,#1466,#1467,#1468,#1469,#1470,
#1471),(#1472,#1473,#1474,#1475,#1476,#1477,#1478,#1479,#1480,#1481),(#1482,
#1483,#1484,#1485,#1486,#1487,#1488,#1489,#1490,#1491),(#1492,#1493,#1494,
#1495,#1496,#1497,#1498,#1499,#1500,#1501),(#1502,#1503,#1504,#1505,#1506,
#1507,#1508,#1509,#1510,#1511),(#1512,#1513,#1514,#1515,#1516,#1517,#1518,
#1519,#1520,#1521),(#1522,#1523,#1524,#1525,#1526,#1527,#1528,#1529,#1530,
#1531),(#1532,#1533,#1534,#1535,#1536,#1537,#1538,#1539,#1540,#1541),(#1542,
#1543,#1544,#1545,#1546,#1547,#1548,#1549,#1550,#1551),(#1552,#1553,#1554,
#1555,#1556,#1557,#1558,#1559,#1560,#1561),(#1562,#1563,#1564,#1565,#1566,
#1567,#1568,#1569,#1570,#1571),(#1572,#1573,#1574,#1575,#1576,#1577,#1578,
#1579,#1580,#1581),(#1582,#1583,#1584,#1585,#1586,#1587,#1588,#1589,#1590,
#1591),(#1592,#1593,#1594,#1595,#1596,#1597,#1598,#1599,#1600,#1601),(#1602,
#1603,#1604,#1605,#1606,#1607,#1608,#1609,#1610,#1611),(#1612,#1613,#1614,
#1615,#1616,#1617,#1618,#1619,#1620,#1621),(#1622,#1623,#1624,#1625,#1626,
#1627,#1628,#1629,#1630,#1631),(#1632,#1633,#1634,#1635,#1636,#1637,#1638,
#1639,#1640,#1641),(#1642,#1643,#1644,#1645,#1646,#1647,#1648,#1649,#1650,
#1651),(#1652,#1653,#1654,#1655,#1656,#1657,#1658,#1659,#1660,#1661),(#1662,
#1663,#1664,#1665,#1666,#1667,#1668,#1669,#1670,#1671),(#1672,#1673,#1674,
#1675,#1676,#1677,#1678,#1679,#1680,#1681),(#1682,#1683,#1684,#1685,#1686,
#1687,#1688,#1689,#1690,#1691),(#1692,#1693,#1694,#1695,#1696,#1697,#1698,
#1699,#1700,#1701),(#1702,#1703,#1704,#1705,#1706,#1707,#1708,#1709,#1710,
#1711),(#1712,#1713,#1714,#1715,#1716,#1717,#1718,#1719,#1720,#1721),(#1722,
#1723,#1724,#1725,#1726,#1727,#1728,#1729,#1730,#1731),(#1732,#1733,#1734,
#1735,#1736,#1737,#1738,#1739,#1740,#1741),(#1742,#1743,#1744,#1745,#1746,
#1747,#1748,#1749,#1750,#1751),(#1752,#1753,#1754,#1755,#1756,#1757,#1758,
#1759,#1760,#1761),(#1762,#1763,#1764,#1765,#1766,#1767,#1768,#1769,#1770,
#1771),(#1772,#1773,#1774,#1775,#1776,#1777,#1778,#1779,#1780,#1781),(#1782,
#1783,#1784,#1785,#1786,#1787,#1788,#1789,#1790,#1791),(#1792,#1793,#1794,
#1795,#1796,#1797,#1798,#1799,#1800,#1801),(#1802,#1803,#1804,#1805,#1806,
#1807,#1808,#1809,#1810,#1811),(#1812,#1813,#1814,#1815,#1816,#1817,#1818,
#1819,#1820,#1821),(#1822,#1823,#1824,#1825,#1826,#1827,#1828,#1829,#1830,
#1831),(#1832,#1833,#1834,#1835,#1836,#1837,#1838,#1839,#1840,#1841),(#1842,
#1843,#1844,#1845,#1846,#1847,#1848,#1849,#1850,#1851),(#1852,#1853,#1854,
#1855,#1856,#1857,#1858,#1859,#1860,#1861),(#1862,#1863,#1864,#1865,#1866,
#1867,#1868,#1869,#1870,#1871),(#1872,#1873,#1874,#1875,#1876,#1877,#1878,
#1879,#1880,#1881),(#1882,#1883,#1884,#1885,#1886,#1887,#1888,#1889,#1890,
#1891),(#1892,#1893,#1894,#1895,#1896,#1897,#1898,#1899,#1900,#1901),(#1902,
#1903,#1904,#1905,#1906,#1907,#1908,#1909,#1910,#1911),(#1912,#1913,#1914,
#1915,#1916,#1917,#1918,#1919,#1920,#1921),(#1922,#1923,#1924,#1925,#1926,
#1927,#1928,#1929,#1930,#1931),(#1932,#1933,#1934,#1935,#1936,#1937,#1938,
#1939,#1940,#1941),(#1942,#1943,#1944,#1945,#1946,#1947,#1948,#1949,#1950,
#1951),(#1952,#1953,#1954,#1955,#1956,#1957,#1958,#1959,#1960,#1961),(#1962,
#1963,#1964,#1965,#1966,#1967,#1968,#1969,#1970,#1971),(#1972,#1973,#1974,
#1975,#1976,#1977,#1978,#1979,#1980,#1981),(#1982,#1983,#1984,#1985,#1986,
#1987,#1988,#1989,#1990,#1991),(#1992,#1993,#1994,#1995,#1996,#1997,#1998,
#1999,#2000,#2001),(#2002,#2003,#2004,#2005,#2006,#2007,#2008,#2009,#2010,
#2011),(#2012,#2013,#2014,#2015,#2016,#2017,#2018,#2019,#2020,#2021),(#2022,
#2023,#2024,#2025,#2026,#2027,#2028,#2029,#2030,#2031),(#2032,#2033,#2034,
#2035,#2036,#2037,#2038,#2039,#2040,#2041),(#2042,#2043,#2044,#2045,#2046,
#2047,#2048,#2049,#2050,#2051),(#2052,#2053,#2054,#2055,#2056,#2057,#2058,
#2059,#2060,#2061),(#2062,#2063,#2064,#2065,#2066,#2067,#2068,#2069,#2070,
#2071),(#2072,#2073,#2074,#2075,#2076,#2077,#2078,#2079,#2080,#2081),(#2082,
#2083,#2084,#2085,#2086,#2087,#2088,#2089,#2090,#2091),(#2092,#2093,#2094,
#2095,#2096,#2097,#2098,#2099,#2100,#2101),(#2102,#2103,#2104,#2105,#2106,
#2107,#2108,#2109,#2110,#2111),(#2112,#2113,#2114,#2115,#2116,#2117,#2118,
#2119,#2120,#2121),(#2122,#2123,#2124,#2125,#2126,#2127,#2128,#2129,#2130,
#2131),(#2132,#2133,#2134,#2135,#2136,#2137,#2138,#2139,#2140,#2141),(#2142,
#2143,#2144,#2145,#2146,#2147,#2148,#2149,#2150,#2151),(#2152,#2153,#2154,
#2155,#2156,#2157,#2158,#2159,#2160,#2161),(#2162,#2163,#2164,#2165,#2166,
#2167,#2168,#2169,#2170,#2171),(#2172,#2173,#2174,#2175,#2176,#2177,#2178,
#2179,#2180,#2181)),.UNSPECIFIED.,.T.,.F.,.F.,(1,3,2,2,2,2,2,2,2,2,2,2,
2,2,2,2,2,2,2,2,2,2,2,2,2,2,2,2,2,2,2,2,2,2,2,2,2,2,2,2,2,2,2,3,1),(4,2,
2,2,4),(-0.03125,0.,0.03125,0.046875,0.0625,0.09375,0.125,0.15625,0.171875,
0.1875,0.203125,0.21875,0.25,0.28125,0.3125,0.328125,0.34375,0.375,0.40625,
0.421875,0.4375,0.46875,0.5,0.53125,0.5625,0.578125,0.59375,0.625,0.65625,
0.671875,0.6875,0.71875,0.75,0.78125,0.796875,0.8125,0.828125,0.84375,0.875,
0.90625,0.9375,0.953125,0.96875,1.,1.03125),(0.,0.25,0.5,0.75,1.),
 .UNSPECIFIED.);
#58=B_SPLINE_SURFACE_WITH_KNOTS('',3,3,((#2182,#2183,#2184,#2185,#2186,
#2187,#2188),(#2189,#2190,#2191,#2192,#2193,#2194,#2195),(#2196,#2197,#2198,
#2199,#2200,#2201,#2202),(#2203,#2204,#2205,#2206,#2207,#2208,#2209),(#2210,
#2211,#2212,#2213,#2214,#2215,#2216),(#2217,#2218,#2219,#2220,#2221,#2222,
#2223),(#2224,#2225,#2226,#2227,#2228,#2229,#2230),(#2231,#2232,#2233,#2234,
#2235,#2236,#2237),(#2238,#2239,#2240,#2241,#2242,#2243,#2244),(#2245,#2246,
#2247,#2248,#2249,#2250,#2251),(#2252,#2253,#2254,#2255,#2256,#2257,#2258),
(#2259,#2260,#2261,#2262,#2263,#2264,#2265),(#2266,#2267,#2268,#2269,#2270,
#2271,#2272),(#2273,#2274,#2275,#2276,#2277,#2278,#2279),(#2280,#2281,#2282,
#2283,#2284,#2285,#2286),(#2287,#2288,#2289,#2290,#2291,#2292,#2293),(#2294,
#2295,#2296,#2297,#2298,#2299,#2300),(#2301,#2302,#2303,#2304,#2305,#2306,
#2307),(#2308,#2309,#2310,#2311,#2312,#2313,#2314),(#2315,#2316,#2317,#2318,
#2319,#2320,#2321),(#2322,#2323,#2324,#2325,#2326,#2327,#2328),(#2329,#2330,
#2331,#2332,#2333,#2334,#2335),(#2336,#2337,#2338,#2339,#2340,#2341,#2342),
(#2343,#2344,#2345,#2346,#2347,#2348,#2349),(#2350,#2351,#2352,#2353,#2354,
#2355,#2356),(#2357,#2358,#2359,#2360,#2361,#2362,#2363),(#2364,#2365,#2366,
#2367,#2368,#2369,#2370),(#2371,#2372,#2373,#2374,#2375,#2376,#2377),(#2378,
#2379,#2380,#2381,#2382,#2383,#2384),(#2385,#2386,#2387,#2388,#2389,#2390,
#2391),(#2392,#2393,#2394,#2395,#2396,#2397,#2398),(#2399,#2400,#2401,#2402,
#2403,#2404,#2405),(#2406,#2407,#2408,#2409,#2410,#2411,#2412),(#2413,#2414,
#2415,#2416,#2417,#2418,#2419),(#2420,#2421,#2422,#2423,#2424,#2425,#2426),
(#2427,#2428,#2429,#2430,#2431,#2432,#2433),(#2434,#2435,#2436,#2437,#2438,
#2439,#2440),(#2441,#2442,#2443,#2444,#2445,#2446,#2447),(#2448,#2449,#2450,
#2451,#2452,#2453,#2454),(#2455,#2456,#2457,#2458,#2459,#2460,#2461),(#2462,
#2463,#2464,#2465,#2466,#2467,#2468),(#2469,#2470,#2471,#2472,#2473,#2474,
#2475),(#2476,#2477,#2478,#2479,#2480,#2481,#2482),(#2483,#2484,#2485,#2486,
#2487,#2488,#2489),(#2490,#2491,#2492,#2493,#2494,#2495,#2496),(#2497,#2498,
#2499,#2500,#2501,#2502,#2503),(#2504,#2505,#2506,#2507,#2508,#2509,#2510),
(#2511,#2512,#2513,#2514,#2515,#2516,#2517),(#2518,#2519,#2520,#2521,#2522,
#2523,#2524)),.UNSPECIFIED.,.T.,.F.,.F.,(1,1,2,1,1,1,1,1,1,1,1,1,1,1,1,
1,1,1,1,1,1,1,1,1,1,1,1,1,1,1,1,1,1,1,1,1,1,1,1,1,1,1,1,1,1,1,1,1,2,1,1),
(4,1,1,1,4),(-0.0625,-0.03125,0.,0.015625,0.03125,0.0625,0.09375,0.125,
0.140625,0.15625,0.1875,0.21875,0.234375,0.25,0.265625,0.28125,0.296875,
0.3046875,0.3125,0.34375,0.375,0.40625,0.4375,0.46875,0.484375,0.5,0.515625,
0.53125,0.5625,0.59375,0.609375,0.6171875,0.62109375,0.625,0.640625,0.65625,
0.6875,0.71875,0.734375,0.75,0.765625,0.78125,0.8125,0.84375,0.875,0.90625,
0.9375,0.96875,1.,1.015625,1.03125),(0.,0.336212881764623,0.585133051102889,
0.751079830661734,1.),.UNSPECIFIED.);
#59=B_SPLINE_SURFACE_WITH_KNOTS('',3,3,((#2646,#2647,#2648,#2649,#2650,
#2651,#2652),(#2653,#2654,#2655,#2656,#2657,#2658,#2659),(#2660,#2661,#2662,
#2663,#2664,#2665,#2666),(#2667,#2668,#2669,#2670,#2671,#2672,#2673),(#2674,
#2675,#2676,#2677,#2678,#2679,#2680),(#2681,#2682,#2683,#2684,#2685,#2686,
#2687),(#2688,#2689,#2690,#2691,#2692,#2693,#2694),(#2695,#2696,#2697,#2698,
#2699,#2700,#2701),(#2702,#2703,#2704,#2705,#2706,#2707,#2708),(#2709,#2710,
#2711,#2712,#2713,#2714,#2715),(#2716,#2717,#2718,#2719,#2720,#2721,#2722),
(#2723,#2724,#2725,#2726,#2727,#2728,#2729),(#2730,#2731,#2732,#2733,#2734,
#2735,#2736),(#2737,#2738,#2739,#2740,#2741,#2742,#2743),(#2744,#2745,#2746,
#2747,#2748,#2749,#2750),(#2751,#2752,#2753,#2754,#2755,#2756,#2757),(#2758,
#2759,#2760,#2761,#2762,#2763,#2764),(#2765,#2766,#2767,#2768,#2769,#2770,
#2771),(#2772,#2773,#2774,#2775,#2776,#2777,#2778),(#2779,#2780,#2781,#2782,
#2783,#2784,#2785),(#2786,#2787,#2788,#2789,#2790,#2791,#2792),(#2793,#2794,
#2795,#2796,#2797,#2798,#2799),(#2800,#2801,#2802,#2803,#2804,#2805,#2806),
(#2807,#2808,#2809,#2810,#2811,#2812,#2813),(#2814,#2815,#2816,#2817,#2818,
#2819,#2820),(#2821,#2822,#2823,#2824,#2825,#2826,#2827),(#2828,#2829,#2830,
#2831,#2832,#2833,#2834),(#2835,#2836,#2837,#2838,#2839,#2840,#2841),(#2842,
#2843,#2844,#2845,#2846,#2847,#2848),(#2849,#2850,#2851,#2852,#2853,#2854,
#2855),(#2856,#2857,#2858,#2859,#2860,#2861,#2862),(#2863,#2864,#2865,#2866,
#2867,#2868,#2869),(#2870,#2871,#2872,#2873,#2874,#2875,#2876),(#2877,#2878,
#2879,#2880,#2881,#2882,#2883),(#2884,#2885,#2886,#2887,#2888,#2889,#2890),
(#2891,#2892,#2893,#2894,#2895,#2896,#2897),(#2898,#2899,#2900,#2901,#2902,
#2903,#2904),(#2905,#2906,#2907,#2908,#2909,#2910,#2911),(#2912,#2913,#2914,
#2915,#2916,#2917,#2918),(#2919,#2920,#2921,#2922,#2923,#2924,#2925),(#2926,
#2927,#2928,#2929,#2930,#2931,#2932)),.UNSPECIFIED.,.T.,.F.,.F.,(1,1,2,
1,1,1,1,1,1,1,1,1,1,1,1,1,1,1,1,1,1,1,1,1,1,1,1,1,1,1,1,1,1,1,1,1,1,1,1,
1,2,1,1),(4,1,1,1,4),(-0.0625,-0.03125,0.,0.03125,0.0625,0.09375,0.125,
0.15625,0.171875,0.1796875,0.1875,0.21875,0.25,0.28125,0.3125,0.34375,0.375,
0.40625,0.421875,0.4375,0.46875,0.5,0.53125,0.5625,0.59375,0.625,0.65625,
0.671875,0.6796875,0.6875,0.71875,0.75,0.78125,0.8125,0.84375,0.875,0.90625,
0.921875,0.9375,0.96875,1.,1.03125,1.0625),(0.,0.1875,0.3125,0.5,1.),
 .UNSPECIFIED.);
#60=SURFACE_OF_REVOLUTION('',#244,#62);
#61=SURFACE_OF_REVOLUTION('',#245,#63);
#62=AXIS1_PLACEMENT('',#853,#276);
#63=AXIS1_PLACEMENT('',#1005,#279);
#64=(
BOUNDED_SURFACE()
B_SPLINE_SURFACE(3,3,((#779,#780,#781,#782,#783,#784,#785),(#786,#787,#788,
#789,#790,#791,#792),(#793,#794,#795,#796,#797,#798,#799),(#800,#801,#802,
#803,#804,#805,#806)),.UNSPECIFIED.,.F.,.T.,.F.)
B_SPLINE_SURFACE_WITH_KNOTS((4,4),(1,3,3,3,1),(0.,1.),(-0.5,0.,0.5,1.,1.5),
 .UNSPECIFIED.)
GEOMETRIC_REPRESENTATION_ITEM()
RATIONAL_B_SPLINE_SURFACE(((1.,0.333333333333333,0.333333333333333,1.,0.333333333333333,
0.333333333333333,1.),(1.,0.333333333333333,0.333333333333333,1.,0.333333333333333,
0.333333333333333,1.),(1.,0.333333333333333,0.333333333333333,1.,0.333333333333333,
0.333333333333333,1.),(1.,0.333333333333333,0.333333333333333,1.,0.333333333333333,
0.333333333333333,1.)))
REPRESENTATION_ITEM('')
SURFACE()
);
#65=(
BOUNDED_CURVE()
B_SPLINE_CURVE(3,(#763,#764,#765,#766,#767,#768,#769),.UNSPECIFIED.,.T.,
 .F.)
B_SPLINE_CURVE_WITH_KNOTS((1,3,3,3,1),(-0.5,0.,0.5,1.,1.5),
 .UNSPECIFIED.)
CURVE()
GEOMETRIC_REPRESENTATION_ITEM()
RATIONAL_B_SPLINE_CURVE((1.,0.333333333333333,0.333333333333333,1.,0.333333333333333,
0.333333333333333,1.))
REPRESENTATION_ITEM('')
);
#66=(
BOUNDED_CURVE()
B_SPLINE_CURVE(3,(#771,#772,#773,#774,#775,#776,#777),.UNSPECIFIED.,.T.,
 .F.)
B_SPLINE_CURVE_WITH_KNOTS((1,3,3,3,1),(-0.5,0.,0.5,1.,1.5),
 .UNSPECIFIED.)
CURVE()
GEOMETRIC_REPRESENTATION_ITEM()
RATIONAL_B_SPLINE_CURVE((1.,0.333333333333333,0.333333333333333,1.,0.333333333333333,
0.333333333333333,1.))
REPRESENTATION_ITEM('')
);
#67=ADVANCED_FACE('',(#84,#85,#86),#80,.F.);
#68=ADVANCED_FACE('',(#87,#88),#64,.T.);
#69=ADVANCED_FACE('',(#89,#90),#60,.F.);
#70=ADVANCED_FACE('',(#91,#92),#56,.F.);
#71=ADVANCED_FACE('',(#93,#94),#61,.T.);
#72=ADVANCED_FACE('',(#95,#96,#97),#81,.T.);
#73=ADVANCED_FACE('',(#98,#99),#82,.F.);
#74=ADVANCED_FACE('',(#100,#101),#51,.F.);
#75=ADVANCED_FACE('',(#102,#103),#57,.T.);
#76=ADVANCED_FACE('',(#104,#105),#58,.F.);
#77=ADVANCED_FACE('',(#106,#107),#59,.T.);
#78=ADVANCED_FACE('',(#108,#109),#52,.T.);
#79=ADVANCED_FACE('',(#110,#111),#83,.F.);
#80=CYLINDRICAL_SURFACE('',#263,44.384);
#81=CYLINDRICAL_SURFACE('',#266,103.915);
#82=CYLINDRICAL_SURFACE('',#267,4.7625);
#83=CYLINDRICAL_SURFACE('',#271,44.384);
#84=FACE_BOUND('',#112,.T.);
#85=FACE_BOUND('',#113,.T.);
#86=FACE_BOUND('',#114,.T.);
#87=FACE_BOUND('',#115,.T.);
#88=FACE_BOUND('',#116,.T.);
#89=FACE_BOUND('',#117,.T.);
#90=FACE_BOUND('',#118,.T.);
#91=FACE_BOUND('',#119,.T.);
#92=FACE_BOUND('',#120,.T.);
#93=FACE_BOUND('',#121,.T.);
#94=FACE_BOUND('',#122,.T.);
#95=FACE_BOUND('',#123,.T.);
#96=FACE_BOUND('',#124,.T.);
#97=FACE_BOUND('',#125,.T.);
#98=FACE_BOUND('',#126,.T.);
#99=FACE_BOUND('',#127,.T.);
#100=FACE_BOUND('',#128,.T.);
#101=FACE_BOUND('',#129,.T.);
#102=FACE_BOUND('',#130,.T.);
#103=FACE_BOUND('',#131,.T.);
#104=FACE_BOUND('',#132,.T.);
#105=FACE_BOUND('',#133,.T.);
#106=FACE_BOUND('',#134,.T.);
#107=FACE_BOUND('',#135,.T.);
#108=FACE_BOUND('',#136,.T.);
#109=FACE_BOUND('',#137,.T.);
#110=FACE_BOUND('',#138,.T.);
#111=FACE_BOUND('',#139,.T.);
#112=EDGE_LOOP('',(#140));
#113=EDGE_LOOP('',(#141));
#114=EDGE_LOOP('',(#142));
#115=EDGE_LOOP('',(#143));
#116=EDGE_LOOP('',(#144));
#117=EDGE_LOOP('',(#145));
#118=EDGE_LOOP('',(#146));
#119=EDGE_LOOP('',(#147));
#120=EDGE_LOOP('',(#148));
#121=EDGE_LOOP('',(#149));
#122=EDGE_LOOP('',(#150));
#123=EDGE_LOOP('',(#151));
#124=EDGE_LOOP('',(#152));
#125=EDGE_LOOP('',(#153));
#126=EDGE_LOOP('',(#154));
#127=EDGE_LOOP('',(#155));
#128=EDGE_LOOP('',(#156));
#129=EDGE_LOOP('',(#157));
#130=EDGE_LOOP('',(#158));
#131=EDGE_LOOP('',(#159));
#132=EDGE_LOOP('',(#160));
#133=EDGE_LOOP('',(#161));
#134=EDGE_LOOP('',(#162,#163,#164,#165,#166,#167,#168,#169,#170,#171,#172,
#173));
#135=EDGE_LOOP('',(#174));
#136=EDGE_LOOP('',(#175));
#137=EDGE_LOOP('',(#176,#177,#178,#179,#180,#181,#182,#183,#184,#185,#186,
#187));
#138=EDGE_LOOP('',(#188));
#139=EDGE_LOOP('',(#189));
#140=ORIENTED_EDGE('',*,*,#215,.T.);
#141=ORIENTED_EDGE('',*,*,#216,.T.);
#142=ORIENTED_EDGE('',*,*,#217,.F.);
#143=ORIENTED_EDGE('',*,*,#218,.T.);
#144=ORIENTED_EDGE('',*,*,#219,.T.);
#145=ORIENTED_EDGE('',*,*,#219,.F.);
#146=ORIENTED_EDGE('',*,*,#220,.F.);
#147=ORIENTED_EDGE('',*,*,#220,.T.);
#148=ORIENTED_EDGE('',*,*,#215,.F.);
#149=ORIENTED_EDGE('',*,*,#218,.F.);
#150=ORIENTED_EDGE('',*,*,#221,.T.);
#151=ORIENTED_EDGE('',*,*,#222,.F.);
#152=ORIENTED_EDGE('',*,*,#221,.F.);
#153=ORIENTED_EDGE('',*,*,#223,.T.);
#154=ORIENTED_EDGE('',*,*,#222,.T.);
#155=ORIENTED_EDGE('',*,*,#216,.F.);
#156=ORIENTED_EDGE('',*,*,#224,.T.);
#157=ORIENTED_EDGE('',*,*,#223,.F.);
#158=ORIENTED_EDGE('',*,*,#225,.F.);
#159=ORIENTED_EDGE('',*,*,#224,.F.);
#160=ORIENTED_EDGE('',*,*,#217,.T.);
#161=ORIENTED_EDGE('',*,*,#225,.T.);
#162=ORIENTED_EDGE('',*,*,#226,.F.);
#163=ORIENTED_EDGE('',*,*,#227,.F.);
#164=ORIENTED_EDGE('',*,*,#228,.F.);
#165=ORIENTED_EDGE('',*,*,#229,.F.);
#166=ORIENTED_EDGE('',*,*,#230,.F.);
#167=ORIENTED_EDGE('',*,*,#231,.F.);
#168=ORIENTED_EDGE('',*,*,#232,.F.);
#169=ORIENTED_EDGE('',*,*,#233,.F.);
#170=ORIENTED_EDGE('',*,*,#234,.F.);
#171=ORIENTED_EDGE('',*,*,#235,.F.);
#172=ORIENTED_EDGE('',*,*,#236,.F.);
#173=ORIENTED_EDGE('',*,*,#237,.F.);
#174=ORIENTED_EDGE('',*,*,#238,.T.);
#175=ORIENTED_EDGE('',*,*,#239,.T.);
#176=ORIENTED_EDGE('',*,*,#229,.T.);
#177=ORIENTED_EDGE('',*,*,#228,.T.);
#178=ORIENTED_EDGE('',*,*,#227,.T.);
#179=ORIENTED_EDGE('',*,*,#226,.T.);
#180=ORIENTED_EDGE('',*,*,#237,.T.);
#181=ORIENTED_EDGE('',*,*,#236,.T.);
#182=ORIENTED_EDGE('',*,*,#235,.T.);
#183=ORIENTED_EDGE('',*,*,#234,.T.);
#184=ORIENTED_EDGE('',*,*,#233,.T.);
#185=ORIENTED_EDGE('',*,*,#232,.T.);
#186=ORIENTED_EDGE('',*,*,#231,.T.);
#187=ORIENTED_EDGE('',*,*,#230,.T.);
#188=ORIENTED_EDGE('',*,*,#239,.F.);
#189=ORIENTED_EDGE('',*,*,#238,.F.);
#190=VERTEX_POINT('',#347);
#191=VERTEX_POINT('',#366);
#192=VERTEX_POINT('',#761);
#193=VERTEX_POINT('',#770);
#194=VERTEX_POINT('',#778);
#195=VERTEX_POINT('',#843);
#196=VERTEX_POINT('',#995);
#197=VERTEX_POINT('',#1024);
#198=VERTEX_POINT('',#1026);
#199=VERTEX_POINT('',#1087);
#200=VERTEX_POINT('',#1321);
#201=VERTEX_POINT('',#2531);
#202=VERTEX_POINT('',#2532);
#203=VERTEX_POINT('',#2539);
#204=VERTEX_POINT('',#2546);
#205=VERTEX_POINT('',#2551);
#206=VERTEX_POINT('',#2558);
#207=VERTEX_POINT('',#2563);
#208=VERTEX_POINT('',#2568);
#209=VERTEX_POINT('',#2573);
#210=VERTEX_POINT('',#2578);
#211=VERTEX_POINT('',#2583);
#212=VERTEX_POINT('',#2588);
#213=VERTEX_POINT('',#2645);
#214=VERTEX_POINT('',#2934);
#215=EDGE_CURVE('',#190,#190,#240,.T.);
#216=EDGE_CURVE('',#191,#191,#241,.T.);
#217=EDGE_CURVE('',#192,#192,#242,.T.);
#218=EDGE_CURVE('',#193,#193,#65,.T.);
#219=EDGE_CURVE('',#194,#194,#66,.T.);
#220=EDGE_CURVE('',#195,#195,#243,.T.);
#221=EDGE_CURVE('',#196,#196,#53,.T.);
#222=EDGE_CURVE('',#197,#197,#246,.T.);
#223=EDGE_CURVE('',#198,#198,#54,.T.);
#224=EDGE_CURVE('',#199,#199,#247,.T.);
#225=EDGE_CURVE('',#200,#200,#248,.T.);
#226=EDGE_CURVE('',#201,#202,#249,.T.);
#227=EDGE_CURVE('',#203,#201,#250,.T.);
#228=EDGE_CURVE('',#204,#203,#251,.T.);
#229=EDGE_CURVE('',#205,#204,#252,.T.);
#230=EDGE_CURVE('',#206,#205,#253,.T.);
#231=EDGE_CURVE('',#207,#206,#254,.T.);
#232=EDGE_CURVE('',#208,#207,#255,.T.);
#233=EDGE_CURVE('',#209,#208,#256,.T.);
#234=EDGE_CURVE('',#210,#209,#257,.T.);
#235=EDGE_CURVE('',#211,#210,#258,.T.);
#236=EDGE_CURVE('',#212,#211,#259,.T.);
#237=EDGE_CURVE('',#202,#212,#260,.T.);
#238=EDGE_CURVE('',#213,#213,#261,.T.);
#239=EDGE_CURVE('',#214,#214,#55,.T.);
#240=B_SPLINE_CURVE_WITH_KNOTS('',3,(#295,#296,#297,#298,#299,#300,#301,
#302,#303,#304,#305,#306,#307,#308,#309,#310,#311,#312,#313,#314,#315,#316,
#317,#318,#319,#320,#321,#322,#323,#324,#325,#326,#327,#328,#329,#330,#331,
#332,#333,#334,#335,#336,#337,#338,#339,#340,#341,#342,#343,#344,#345,#346),
 .UNSPECIFIED.,.T.,.F.,(2,2,2,2,2,2,2,2,2,2,2,2,2,2,2,2,2,2,2,2,2,2,2,2,
2,2,2,2),(-0.0625000000000001,0.,0.03125,0.0625,0.0937499999999999,0.125,
0.1875,0.25,0.28125,0.3125,0.34375,0.375,0.40625,0.4375,0.46875,0.5,0.5625,
0.625,0.65625,0.6875,0.71875,0.75,0.8125,0.84375,0.875,0.9375,1.,1.03125),
 .UNSPECIFIED.);
#241=B_SPLINE_CURVE_WITH_KNOTS('',3,(#348,#349,#350,#351,#352,#353,#354,
#355,#356,#357,#358,#359,#360,#361,#362,#363,#364,#365),.UNSPECIFIED.,.T.,
 .F.,(2,2,2,2,2,2,2,2,2,2,2),(-0.125,0.,0.125,0.25,0.375,0.5,0.625,0.75,
0.875,1.,1.125),.UNSPECIFIED.);
#242=B_SPLINE_CURVE_WITH_KNOTS('',3,(#367,#368,#369,#370,#371,#372,#373,
#374,#375,#376,#377,#378,#379,#380,#381,#382,#383,#384,#385,#386,#387,#388,
#389,#390,#391,#392,#393,#394,#395,#396,#397,#398,#399,#400,#401,#402,#403,
#404,#405,#406,#407,#408,#409,#410,#411,#412,#413,#414,#415,#416,#417,#418,
#419,#420,#421,#422,#423,#424,#425,#426,#427,#428,#429,#430,#431,#432,#433,
#434,#435,#436,#437,#438,#439,#440,#441,#442,#443,#444,#445,#446,#447,#448,
#449,#450,#451,#452,#453,#454,#455,#456,#457,#458,#459,#460,#461,#462,#463,
#464,#465,#466,#467,#468,#469,#470,#471,#472,#473,#474,#475,#476,#477,#478,
#479,#480,#481,#482,#483,#484,#485,#486,#487,#488,#489,#490,#491,#492,#493,
#494,#495,#496,#497,#498,#499,#500,#501,#502,#503,#504,#505,#506,#507,#508,
#509,#510,#511,#512,#513,#514,#515,#516,#517,#518,#519,#520,#521,#522,#523,
#524,#525,#526,#527,#528,#529,#530,#531,#532,#533,#534,#535,#536,#537,#538,
#539,#540,#541,#542,#543,#544,#545,#546,#547,#548,#549,#550,#551,#552,#553,
#554,#555,#556,#557,#558,#559,#560,#561,#562,#563,#564,#565,#566,#567,#568,
#569,#570,#571,#572,#573,#574,#575,#576,#577,#578,#579,#580,#581,#582,#583,
#584,#585,#586,#587,#588,#589,#590,#591,#592,#593,#594,#595,#596,#597,#598,
#599,#600,#601,#602,#603,#604,#605,#606,#607,#608,#609,#610,#611,#612,#613,
#614,#615,#616,#617,#618,#619,#620,#621,#622,#623,#624,#625,#626,#627,#628,
#629,#630,#631,#632,#633,#634,#635,#636,#637,#638,#639,#640,#641,#642,#643,
#644,#645,#646,#647,#648,#649,#650,#651,#652,#653,#654,#655,#656,#657,#658,
#659,#660,#661,#662,#663,#664,#665,#666,#667,#668,#669,#670,#671,#672,#673,
#674,#675,#676,#677,#678,#679,#680,#681,#682,#683,#684,#685,#686,#687,#688,
#689,#690,#691,#692,#693,#694,#695,#696,#697,#698,#699,#700,#701,#702,#703,
#704,#705,#706,#707,#708,#709,#710,#711,#712,#713,#714,#715,#716,#717,#718,
#719,#720,#721,#722,#723,#724,#725,#726,#727,#728,#729,#730,#731,#732,#733,
#734,#735,#736,#737,#738,#739,#740,#741,#742,#743,#744,#745,#746,#747,#748,
#749,#750,#751,#752,#753,#754,#755,#756,#757,#758,#759,#760),
 .UNSPECIFIED.,.T.,.F.,(1,3,3,3,3,3,3,3,3,3,3,3,3,3,3,3,3,3,3,3,3,3,3,3,
3,3,3,3,3,3,3,3,3,3,3,3,3,3,3,3,3,3,3,3,3,3,3,3,3,3,3,3,3,3,3,3,3,3,3,3,
3,3,3,3,3,3,3,3,3,3,3,3,3,3,3,3,3,3,3,3,3,3,3,3,3,3,3,3,3,3,3,3,3,3,3,3,
3,3,3,3,3,3,3,3,3,3,3,3,3,3,3,3,3,3,3,3,3,3,3,3,3,3,3,3,3,3,3,3,3,3,3,3,
3,1),(-0.00763358778625955,0.,0.00763358778625954,0.0152671755725191,0.0229007633587786,
0.0305343511450382,0.0381679389312977,0.0458015267175573,0.0534351145038168,
0.0610687022900763,0.0687022900763359,0.0763358778625954,0.083969465648855,
0.0916030534351145,0.099236641221374,0.106870229007634,0.114503816793893,
0.122137404580153,0.129770992366412,0.137404580152672,0.145038167938931,
0.152671755725191,0.16030534351145,0.16793893129771,0.175572519083969,0.183206106870229,
0.190839694656489,0.198473282442748,0.206106870229008,0.213740458015267,
0.221374045801527,0.229007633587786,0.236641221374046,0.244274809160305,
0.251908396946565,0.259541984732824,0.267175572519084,0.274809160305344,
0.282442748091603,0.290076335877863,0.297709923664122,0.305343511450382,
0.312977099236641,0.320610687022901,0.32824427480916,0.33587786259542,0.343511450381679,
0.351145038167939,0.358778625954198,0.366412213740458,0.374045801526718,
0.381679389312977,0.389312977099237,0.396946564885496,0.404580152671756,
0.412213740458015,0.419847328244275,0.427480916030534,0.435114503816794,
0.442748091603053,0.450381679389313,0.458015267175573,0.465648854961832,
0.473282442748092,0.480916030534351,0.488549618320611,0.49618320610687,
0.50381679389313,0.511450381679389,0.519083969465649,0.526717557251908,
0.534351145038168,0.541984732824427,0.549618320610687,0.557251908396947,
0.564885496183206,0.572519083969466,0.580152671755725,0.587786259541985,
0.595419847328244,0.603053435114504,0.610687022900763,0.618320610687023,
0.625954198473282,0.633587786259542,0.641221374045801,0.648854961832061,
0.656488549618321,0.66412213740458,0.67175572519084,0.679389312977099,0.687022900763359,
0.694656488549618,0.702290076335878,0.709923664122137,0.717557251908397,
0.725190839694656,0.732824427480916,0.740458015267176,0.748091603053435,
0.755725190839695,0.763358778625954,0.770992366412214,0.778625954198473,
0.786259541984733,0.793893129770992,0.801526717557252,0.809160305343511,
0.816793893129771,0.824427480916031,0.83206106870229,0.83969465648855,0.847328244274809,
0.854961832061069,0.862595419847328,0.870229007633588,0.877862595419847,
0.885496183206107,0.893129770992366,0.900763358778626,0.908396946564885,
0.916030534351145,0.923664122137405,0.931297709923664,0.938931297709924,
0.946564885496183,0.954198473282443,0.961832061068702,0.969465648854962,
0.977099236641221,0.984732824427481,0.99236641221374,1.,1.00763358778626),
 .UNSPECIFIED.);
#243=B_SPLINE_CURVE_WITH_KNOTS('',3,(#807,#808,#809,#810,#811,#812,#813,
#814,#815,#816,#817,#818,#819,#820,#821,#822,#823,#824,#825,#826,#827,#828,
#829,#830,#831,#832,#833,#834,#835,#836,#837,#838,#839,#840,#841,#842),
 .UNSPECIFIED.,.T.,.F.,(1,3,1,1,1,1,1,1,1,1,1,1,1,1,1,1,1,2,1,1,1,1,1,1,
1,1,1,1,1,1,1,1,1,3,1),(-0.0312500000030423,0.,0.0312499999056889,0.0624999999087312,
0.0937499999117735,0.124999999914816,0.156249999917858,0.1874999999209,
0.218749999923943,0.249999999926985,0.281249999930027,0.31249999993307,
0.343749999936112,0.374999999939154,0.406249999942196,0.437499999945239,
0.468749999948281,0.499999999951323,0.531249999954366,0.562499999957408,
0.59374999996045,0.624999999963493,0.656249999966535,0.687499999969577,
0.718749999972619,0.749999999975662,0.781249999978704,0.812499999981746,
0.843749999984789,0.874999999987831,0.906249999990873,0.937499999993915,
0.968749999996958,1.,1.03124999990569),.UNSPECIFIED.);
#244=B_SPLINE_CURVE_WITH_KNOTS('',4,(#844,#845,#846,#847,#848,#849,#850,
#851,#852),.UNSPECIFIED.,.F.,.F.,(5,4,5),(0.,0.0102195134821463,1.),
 .UNSPECIFIED.);
#245=B_SPLINE_CURVE_WITH_KNOTS('',4,(#996,#997,#998,#999,#1000,#1001,#1002,
#1003,#1004),.UNSPECIFIED.,.F.,.F.,(5,4,5),(0.,0.00320469704248598,1.),
 .UNSPECIFIED.);
#246=B_SPLINE_CURVE_WITH_KNOTS('',3,(#1006,#1007,#1008,#1009,#1010,#1011,
#1012,#1013,#1014,#1015,#1016,#1017,#1018,#1019,#1020,#1021,#1022,#1023),
 .UNSPECIFIED.,.T.,.F.,(2,2,2,2,2,2,2,2,2,2,2),(-0.125,0.,0.125,0.25,0.375,
0.5,0.625,0.75,0.875,1.,1.125),.UNSPECIFIED.);
#247=B_SPLINE_CURVE_WITH_KNOTS('',3,(#1029,#1030,#1031,#1032,#1033,#1034,
#1035,#1036,#1037,#1038,#1039,#1040,#1041,#1042,#1043,#1044,#1045,#1046,
#1047,#1048,#1049,#1050,#1051,#1052,#1053,#1054,#1055,#1056,#1057,#1058,
#1059,#1060,#1061,#1062,#1063,#1064,#1065,#1066,#1067,#1068,#1069,#1070,
#1071,#1072,#1073,#1074,#1075,#1076,#1077,#1078,#1079,#1080,#1081,#1082,
#1083,#1084,#1085,#1086),.UNSPECIFIED.,.T.,.F.,(2,2,2,2,2,2,2,2,2,2,2,2,
2,2,2,2,2,2,2,2,2,2,2,2,2,2,2,2,2,2,2),(-0.0625,0.,0.0312499999999999,0.0624999999999999,
0.0937499999999999,0.125,0.15625,0.1875,0.21875,0.25,0.28125,0.3125,0.34375,
0.375,0.40625,0.4375,0.46875,0.5,0.5625,0.625,0.65625,0.6875,0.71875,0.75,
0.8125,0.84375,0.875,0.90625,0.9375,1.,1.03125),.UNSPECIFIED.);
#248=B_SPLINE_CURVE_WITH_KNOTS('',3,(#1089,#1090,#1091,#1092,#1093,#1094,
#1095,#1096,#1097,#1098,#1099,#1100,#1101,#1102,#1103,#1104,#1105,#1106,
#1107,#1108,#1109,#1110,#1111,#1112,#1113,#1114,#1115,#1116,#1117,#1118,
#1119,#1120,#1121,#1122,#1123,#1124,#1125,#1126,#1127,#1128,#1129,#1130,
#1131,#1132,#1133,#1134,#1135,#1136,#1137,#1138,#1139,#1140,#1141,#1142,
#1143,#1144,#1145,#1146,#1147,#1148,#1149,#1150,#1151,#1152,#1153,#1154,
#1155,#1156,#1157,#1158,#1159,#1160,#1161,#1162,#1163,#1164,#1165,#1166,
#1167,#1168,#1169,#1170,#1171,#1172,#1173,#1174,#1175,#1176,#1177,#1178,
#1179,#1180,#1181,#1182,#1183,#1184,#1185,#1186,#1187,#1188,#1189,#1190,
#1191,#1192,#1193,#1194,#1195,#1196,#1197,#1198,#1199,#1200,#1201,#1202,
#1203,#1204,#1205,#1206,#1207,#1208,#1209,#1210,#1211,#1212,#1213,#1214,
#1215,#1216,#1217,#1218,#1219,#1220,#1221,#1222,#1223,#1224,#1225,#1226,
#1227,#1228,#1229,#1230,#1231,#1232,#1233,#1234,#1235,#1236,#1237,#1238,
#1239,#1240,#1241,#1242,#1243,#1244,#1245,#1246,#1247,#1248,#1249,#1250,
#1251,#1252,#1253,#1254,#1255,#1256,#1257,#1258,#1259,#1260,#1261,#1262,
#1263,#1264,#1265,#1266,#1267,#1268,#1269,#1270,#1271,#1272,#1273,#1274,
#1275,#1276,#1277,#1278,#1279,#1280,#1281,#1282,#1283,#1284,#1285,#1286,
#1287,#1288,#1289,#1290,#1291,#1292,#1293,#1294,#1295,#1296,#1297,#1298,
#1299,#1300,#1301,#1302,#1303,#1304,#1305,#1306,#1307,#1308,#1309,#1310,
#1311,#1312,#1313,#1314,#1315,#1316,#1317,#1318,#1319,#1320),
 .UNSPECIFIED.,.T.,.F.,(1,3,3,3,3,3,3,3,3,3,3,3,3,3,3,3,3,3,3,3,3,3,3,3,
3,3,3,3,3,3,3,3,3,3,3,3,3,3,3,3,3,3,3,3,3,3,3,3,3,3,3,3,3,3,3,3,3,3,3,3,
3,3,3,3,3,3,3,3,3,3,3,3,3,3,3,3,3,3,3,1),(-0.012987012987013,0.,0.012987012987013,
0.025974025974026,0.038961038961039,0.051948051948052,0.0649350649350649,
0.0779220779220779,0.0909090909090909,0.103896103896104,0.116883116883117,
0.12987012987013,0.142857142857143,0.155844155844156,0.168831168831169,
0.181818181818182,0.194805194805195,0.207792207792208,0.220779220779221,
0.233766233766234,0.246753246753247,0.25974025974026,0.272727272727273,
0.285714285714286,0.298701298701299,0.311688311688312,0.324675324675325,
0.337662337662338,0.350649350649351,0.363636363636364,0.376623376623377,
0.38961038961039,0.402597402597403,0.415584415584416,0.428571428571429,
0.441558441558442,0.454545454545455,0.467532467532468,0.480519480519481,
0.493506493506494,0.506493506493506,0.519480519480519,0.532467532467532,
0.545454545454545,0.558441558441558,0.571428571428571,0.584415584415584,
0.597402597402597,0.61038961038961,0.623376623376623,0.636363636363636,
0.649350649350649,0.662337662337662,0.675324675324675,0.688311688311688,
0.701298701298701,0.714285714285714,0.727272727272727,0.74025974025974,
0.753246753246753,0.766233766233766,0.779220779220779,0.792207792207792,
0.805194805194805,0.818181818181818,0.831168831168831,0.844155844155844,
0.857142857142857,0.87012987012987,0.883116883116883,0.896103896103896,
0.909090909090909,0.922077922077922,0.935064935064935,0.948051948051948,
0.961038961038961,0.974025974025974,0.987012987012987,1.,1.01298701298701),
 .UNSPECIFIED.);
#249=B_SPLINE_CURVE_WITH_KNOTS('',3,(#2525,#2526,#2527,#2528,#2529,#2530),
 .UNSPECIFIED.,.F.,.F.,(4,2,4),(0.,0.5,1.),.UNSPECIFIED.);
#250=B_SPLINE_CURVE_WITH_KNOTS('',3,(#2533,#2534,#2535,#2536,#2537,#2538),
 .UNSPECIFIED.,.F.,.F.,(4,2,4),(0.,0.5,1.),.UNSPECIFIED.);
#251=B_SPLINE_CURVE_WITH_KNOTS('',3,(#2540,#2541,#2542,#2543,#2544,#2545),
 .UNSPECIFIED.,.F.,.F.,(4,2,4),(0.,0.5,1.),.UNSPECIFIED.);
#252=B_SPLINE_CURVE_WITH_KNOTS('',3,(#2547,#2548,#2549,#2550),
 .UNSPECIFIED.,.F.,.F.,(4,4),(0.,1.),.UNSPECIFIED.);
#253=B_SPLINE_CURVE_WITH_KNOTS('',3,(#2552,#2553,#2554,#2555,#2556,#2557),
 .UNSPECIFIED.,.F.,.F.,(4,2,4),(0.,0.5,1.),.UNSPECIFIED.);
#254=B_SPLINE_CURVE_WITH_KNOTS('',3,(#2559,#2560,#2561,#2562),
 .UNSPECIFIED.,.F.,.F.,(4,4),(0.,1.),.UNSPECIFIED.);
#255=B_SPLINE_CURVE_WITH_KNOTS('',3,(#2564,#2565,#2566,#2567),
 .UNSPECIFIED.,.F.,.F.,(4,4),(0.,1.),.UNSPECIFIED.);
#256=B_SPLINE_CURVE_WITH_KNOTS('',3,(#2569,#2570,#2571,#2572),
 .UNSPECIFIED.,.F.,.F.,(4,4),(0.,1.),.UNSPECIFIED.);
#257=B_SPLINE_CURVE_WITH_KNOTS('',3,(#2574,#2575,#2576,#2577),
 .UNSPECIFIED.,.F.,.F.,(4,4),(0.,1.),.UNSPECIFIED.);
#258=B_SPLINE_CURVE_WITH_KNOTS('',3,(#2579,#2580,#2581,#2582),
 .UNSPECIFIED.,.F.,.F.,(4,4),(0.,1.),.UNSPECIFIED.);
#259=B_SPLINE_CURVE_WITH_KNOTS('',3,(#2584,#2585,#2586,#2587),
 .UNSPECIFIED.,.F.,.F.,(4,4),(0.,1.),.UNSPECIFIED.);
#260=B_SPLINE_CURVE_WITH_KNOTS('',3,(#2589,#2590,#2591,#2592),
 .UNSPECIFIED.,.F.,.F.,(4,4),(0.,1.),.UNSPECIFIED.);
#261=B_SPLINE_CURVE_WITH_KNOTS('',3,(#2593,#2594,#2595,#2596,#2597,#2598,
#2599,#2600,#2601,#2602,#2603,#2604,#2605,#2606,#2607,#2608,#2609,#2610,
#2611,#2612,#2613,#2614,#2615,#2616,#2617,#2618,#2619,#2620,#2621,#2622,
#2623,#2624,#2625,#2626,#2627,#2628,#2629,#2630,#2631,#2632,#2633,#2634,
#2635,#2636,#2637,#2638,#2639,#2640,#2641,#2642,#2643,#2644),
 .UNSPECIFIED.,.T.,.F.,(2,2,2,2,2,2,2,2,2,2,2,2,2,2,2,2,2,2,2,2,2,2,2,2,
2,2,2,2),(-0.03125,0.,0.03125,0.0625,0.125,0.1875,0.21875,0.25,0.3125,0.34375,
0.375,0.40625,0.4375,0.5,0.5625,0.59375,0.625,0.65625,0.6875,0.71875,0.75,
0.78125,0.8125,0.875,0.9375,0.96875,1.,1.03125),.UNSPECIFIED.);
#262=AXIS2_PLACEMENT_3D('',#294,#272,#273);
#263=AXIS2_PLACEMENT_3D('',#762,#274,#275);
#264=AXIS2_PLACEMENT_3D('',#994,#277,#278);
#265=AXIS2_PLACEMENT_3D('',#1025,#280,#281);
#266=AXIS2_PLACEMENT_3D('',#1027,#282,#283);
#267=AXIS2_PLACEMENT_3D('',#1028,#284,#285);
#268=AXIS2_PLACEMENT_3D('',#1088,#286,#287);
#269=AXIS2_PLACEMENT_3D('',#2933,#288,#289);
#270=AXIS2_PLACEMENT_3D('',#2935,#290,#291);
#271=AXIS2_PLACEMENT_3D('',#2936,#292,#293);
#272=DIRECTION('',(0.,0.,1.));
#273=DIRECTION('',(1.,0.,0.));
#274=DIRECTION('',(0.,0.,-1.));
#275=DIRECTION('',(-1.,0.,0.));
#276=DIRECTION('',(0.,0.,1.));
#277=DIRECTION('',(0.,0.,-1.));
#278=DIRECTION('',(1.,1.22464679914735E-16,0.));
#279=DIRECTION('',(0.,0.,1.));
#280=DIRECTION('',(8.43033459846123E-30,-1.70696790036118E-15,-1.));
#281=DIRECTION('',(0.,1.,-1.60259302019702E-15));
#282=DIRECTION('',(0.,0.,-1.));
#283=DIRECTION('',(-1.,0.,0.));
#284=DIRECTION('',(-4.93877746422617E-15,1.,-5.63922806158814E-17));
#285=DIRECTION('',(0.,0.,-1.));
#286=DIRECTION('',(8.43033459846123E-30,-1.70696790036118E-15,-1.));
#287=DIRECTION('',(4.93877746422616E-15,-1.,1.69309011255336E-15));
#288=DIRECTION('',(8.43033459846123E-30,-1.70696790036118E-15,-1.));
#289=DIRECTION('',(0.,-1.,1.8760527858437E-15));
#290=DIRECTION('',(-8.43033459846123E-30,1.70696790036118E-15,1.));
#291=DIRECTION('',(-4.93877746422616E-15,1.,-1.69309011255336E-15));
#292=DIRECTION('',(0.,0.,-1.));
#293=DIRECTION('',(-1.,0.,0.));
#294=CARTESIAN_POINT('',(0.,0.,0.));
#295=CARTESIAN_POINT('',(44.3839999998774,5.8644465119939,32.3515990516584));
#296=CARTESIAN_POINT('',(44.3840000000613,-2.93222325460566,32.3515990516579));
#297=CARTESIAN_POINT('',(44.0962804418528,-5.81544703927622,32.351599051658));
#298=CARTESIAN_POINT('',(42.968935826047,-11.4879035097888,32.3515990516579));
#299=CARTESIAN_POINT('',(42.1156366708571,-14.306504337996,32.3515990516579));
#300=CARTESIAN_POINT('',(39.8878502663893,-19.6815222909928,32.351599051658));
#301=CARTESIAN_POINT('',(38.5245727200054,-22.2308252345617,32.3515990516581));
#302=CARTESIAN_POINT('',(35.3037173879906,-27.0554954206626,32.3515990516581));
#303=CARTESIAN_POINT('',(33.4289958460728,-29.3398261045733,32.351599051658));
#304=CARTESIAN_POINT('',(27.2862411764175,-35.4814784212242,32.3515990516579));
#305=CARTESIAN_POINT('',(22.3345720491197,-38.788258682993,32.3515990516579));
#306=CARTESIAN_POINT('',(11.6532018204375,-43.2153330151262,32.351599051658));
#307=CARTESIAN_POINT('',(5.81263217004423,-44.3809198548732,32.3515990516581));
#308=CARTESIAN_POINT('',(-2.87096544472822,-44.3855306872905,32.3515990516579));
#309=CARTESIAN_POINT('',(-5.810939427425,-44.097547629805,32.3515990516579));
#310=CARTESIAN_POINT('',(-11.5033490082232,-42.9654941271148,32.351599051658));
#311=CARTESIAN_POINT('',(-14.270060644772,-42.1278687432635,32.3515990516581));
#312=CARTESIAN_POINT('',(-19.6436123481605,-39.9063960984991,32.3515990516581));
#313=CARTESIAN_POINT('',(-22.2432682833032,-38.5167671617796,32.351599051658));
#314=CARTESIAN_POINT('',(-27.0537038767506,-35.3044110992782,32.3515990516579));
#315=CARTESIAN_POINT('',(-29.2957018438003,-33.4706182067639,32.3515990516579));
#316=CARTESIAN_POINT('',(-33.4405258043778,-29.3300471119727,32.351599051658));
#317=CARTESIAN_POINT('',(-35.2813951247376,-27.083613801638,32.351599051658));
#318=CARTESIAN_POINT('',(-38.4969013669687,-22.2775125102876,32.3515990516579));
#319=CARTESIAN_POINT('',(-39.8864340810473,-19.6846861492731,32.3515990516579));
#320=CARTESIAN_POINT('',(-42.1159221605037,-14.306068400071,32.351599051658));
#321=CARTESIAN_POINT('',(-42.9556188941469,-11.5394652816562,32.3515990516581));
#322=CARTESIAN_POINT('',(-44.0917228114702,-5.85358292691057,32.3515990516581));
#323=CARTESIAN_POINT('',(-44.3829733699004,-2.91218026680667,32.351599051658));
#324=CARTESIAN_POINT('',(-44.3860449415658,5.77729371626183,32.3515990516579));
#325=CARTESIAN_POINT('',(-43.2254710970426,11.6156374787176,32.3515990516579));
#326=CARTESIAN_POINT('',(-38.8074875161228,22.3011949967761,32.351599051658));
#327=CARTESIAN_POINT('',(-35.5030096358278,27.2574727450717,32.351599051658));
#328=CARTESIAN_POINT('',(-29.3704995625603,33.4018970398112,32.3515990516579));
#329=CARTESIAN_POINT('',(-27.0901299882779,35.2773950945764,32.3515990516579));
#330=CARTESIAN_POINT('',(-22.263395512398,38.5059861281226,32.3515990516579));
#331=CARTESIAN_POINT('',(-19.7153121445009,39.8708924679339,32.3515990516579));
#332=CARTESIAN_POINT('',(-14.3491447779643,42.1008746142604,32.3515990516579));
#333=CARTESIAN_POINT('',(-11.5264421662711,42.9586894706302,32.3515990516579));
#334=CARTESIAN_POINT('',(-5.85276731794285,44.0914162254792,32.351599051658));
#335=CARTESIAN_POINT('',(-2.97185583871382,44.3809892261456,32.351599051658));
#336=CARTESIAN_POINT('',(5.80777980417493,44.3899521627993,32.351599051658));
#337=CARTESIAN_POINT('',(11.5704727179746,43.2436414111258,32.351599051658));
#338=CARTESIAN_POINT('',(19.6474788540639,39.90492772869,32.351599051658));
#339=CARTESIAN_POINT('',(22.198338765203,38.5431051668011,32.3515990516579));
#340=CARTESIAN_POINT('',(27.0215707319111,35.3294765743017,32.3515990516579));
#341=CARTESIAN_POINT('',(29.3085822528017,33.4565788084762,32.3515990516579));
#342=CARTESIAN_POINT('',(35.4602716135829,27.3147104330065,32.3515990516579));
#343=CARTESIAN_POINT('',(38.7686916170088,22.3686715624596,32.3515990516581));
#344=CARTESIAN_POINT('',(43.2054583796291,11.6900506145206,32.3515990516581));
#345=CARTESIAN_POINT('',(44.3839999998774,5.8644465119939,32.3515990516584));
#346=CARTESIAN_POINT('',(44.3840000000613,-2.93222325460566,32.3515990516579));
#347=CARTESIAN_POINT('',(44.384,9.27528453348314E-10,32.351599051658));
#348=CARTESIAN_POINT('',(1.25950490344961,44.3840000000001,52.489099051658));
#349=CARTESIAN_POINT('',(-1.25950490345005,44.384,52.489099051658));
#350=CARTESIAN_POINT('',(-2.49002183682154,44.322843608741,53.0062452403532));
#351=CARTESIAN_POINT('',(-4.2458743836328,44.1892206882082,54.7624649754339));
#352=CARTESIAN_POINT('',(-4.76181657515367,44.1278206959749,56.0056395854313));
#353=CARTESIAN_POINT('',(-4.76318198895874,44.1276733333129,58.4923284447761));
#354=CARTESIAN_POINT('',(-4.25781144075066,44.1882906764861,59.7282290845678));
#355=CARTESIAN_POINT('',(-2.48022062898998,44.3236110533217,61.5073199325934));
#356=CARTESIAN_POINT('',(-1.24538571480064,44.383950646955,62.0136391071539));
#357=CARTESIAN_POINT('',(1.24186546473577,44.3840492832443,62.014558345655));
#358=CARTESIAN_POINT('',(2.48544119078931,44.3231205140198,61.4996634716147));
#359=CARTESIAN_POINT('',(4.24329174522247,44.1894886277055,59.7451796887941));
#360=CARTESIAN_POINT('',(4.76131464900306,44.1278748664557,58.5150119876582));
#361=CARTESIAN_POINT('',(4.76368114394301,44.127619461911,55.9971384534304));
#362=CARTESIAN_POINT('',(4.24765539148434,44.1890393105265,54.7654458580864));
#363=CARTESIAN_POINT('',(2.49283248461875,44.3226754349925,53.0078601070076));
#364=CARTESIAN_POINT('',(1.25950490344961,44.3840000000001,52.489099051658));
#365=CARTESIAN_POINT('',(-1.25950490345005,44.384,52.489099051658));
#366=CARTESIAN_POINT('',(-2.15989154061491E-13,44.384,52.489099051658));
#367=CARTESIAN_POINT('',(4.98896699129426,44.1027171992814,184.50947330929));
#368=CARTESIAN_POINT('',(10.8422505494142,43.4405847884779,184.50947330929));
#369=CARTESIAN_POINT('',(16.4342988702028,41.6341406120387,184.50947330929));
#370=CARTESIAN_POINT('',(21.5013808694484,38.8282123810372,184.50947330929));
#371=CARTESIAN_POINT('',(22.7681513692597,38.1267303232869,184.50947330929));
#372=CARTESIAN_POINT('',(24.0007912011605,37.363876940927,184.50947330929));
#373=CARTESIAN_POINT('',(25.1928681612007,36.5425688577277,184.50947330929));
#374=CARTESIAN_POINT('',(25.7889066412208,36.131914816128,184.50947330929));
#375=CARTESIAN_POINT('',(26.374804695011,35.7066475892699,184.50947330929));
#376=CARTESIAN_POINT('',(26.949760295494,35.2671345834071,184.50947330929));
#377=CARTESIAN_POINT('',(27.2372380957355,35.0473780804758,184.50947330929));
#378=CARTESIAN_POINT('',(27.5219803054762,34.8240601613519,184.50947330929));
#379=CARTESIAN_POINT('',(27.8038868160361,34.5972269196873,184.50947330929));
#380=CARTESIAN_POINT('',(28.085793326596,34.3703936780227,184.50947330929));
#381=CARTESIAN_POINT('',(28.4036688359055,34.1071833327493,184.50947330929));
#382=CARTESIAN_POINT('',(28.6410008836687,33.9062313503241,184.50947330929));
#383=CARTESIAN_POINT('',(29.5903290747213,33.1024234206235,184.50947330929));
#384=CARTESIAN_POINT('',(30.5881348436241,32.1912093894059,184.50947330929));
#385=CARTESIAN_POINT('',(31.6103854798969,31.1545239829912,184.50947330929));
#386=CARTESIAN_POINT('',(32.1215107980333,30.6361812797838,184.50947330929));
#387=CARTESIAN_POINT('',(32.6386371632139,30.0864700636823,184.50947330929));
#388=CARTESIAN_POINT('',(33.1580232305619,29.5031905738246,184.50947330929));
#389=CARTESIAN_POINT('',(33.4177162642359,29.2115508288957,184.50947330929));
#390=CARTESIAN_POINT('',(33.6779659219258,28.911520132707,184.50947330929));
#391=CARTESIAN_POINT('',(33.9382521124187,28.6028323480604,184.50947330929));
#392=CARTESIAN_POINT('',(34.0683952076651,28.4484884557371,184.50947330929));
#393=CARTESIAN_POINT('',(34.1985465690063,28.2919801968535,184.50947330929));
#394=CARTESIAN_POINT('',(34.3286386799188,28.1332756985126,184.50947330929));
#395=CARTESIAN_POINT('',(34.3936847353751,28.0539234493421,184.50947330929));
#396=CARTESIAN_POINT('',(34.4587162028305,27.974022326263,184.50947330929));
#397=CARTESIAN_POINT('',(34.5237253181555,27.8935690081027,184.50947330929));
#398=CARTESIAN_POINT('',(34.5887344334804,27.8131156899424,184.50947330929));
#399=CARTESIAN_POINT('',(34.6259922453214,27.7669272985773,184.50947330929));
#400=CARTESIAN_POINT('',(34.7186777403554,27.6505492162699,184.50947330929));
#401=CARTESIAN_POINT('',(37.6846135814428,23.9264505824343,184.50947330929));
#402=CARTESIAN_POINT('',(39.4684276467025,20.4882061445379,184.50947330929));
#403=CARTESIAN_POINT('',(40.63592671451,17.8309459516505,184.50947330929));
#404=CARTESIAN_POINT('',(41.2196762484138,16.5023158552067,184.50947330929));
#405=CARTESIAN_POINT('',(41.6474486635642,15.3598420839064,184.50947330929));
#406=CARTESIAN_POINT('',(41.9698132533969,14.4278456597806,184.50947330929));
#407=CARTESIAN_POINT('',(42.1309955483132,13.9618474477178,184.50947330929));
#408=CARTESIAN_POINT('',(42.2655583835458,13.5482046514476,184.50947330929));
#409=CARTESIAN_POINT('',(42.3781279361983,13.1886674556559,184.50947330929));
#410=CARTESIAN_POINT('',(42.4344127125245,13.0088988577601,184.50947330929));
#411=CARTESIAN_POINT('',(42.4851795704796,12.8426457122295,184.50947330929));
#412=CARTESIAN_POINT('',(42.5308932580351,12.6900671808536,184.50947330929));
#413=CARTESIAN_POINT('',(42.5537501018128,12.6137779151656,184.50947330929));
#414=CARTESIAN_POINT('',(42.5753425305577,12.5409067272339,184.50947330929));
#415=CARTESIAN_POINT('',(42.5957217914558,12.4714702422355,184.50947330929));
#416=CARTESIAN_POINT('',(42.6059114219049,12.4367519997363,184.50947330929));
#417=CARTESIAN_POINT('',(42.6157976881782,12.4028924003925,184.50947330929));
#418=CARTESIAN_POINT('',(42.6253865597652,12.369893332059,184.50947330929));
#419=CARTESIAN_POINT('',(42.6301809955587,12.3533937978922,184.50947330929));
#420=CARTESIAN_POINT('',(42.6349010781095,12.3371093945376,184.50947330929));
#421=CARTESIAN_POINT('',(42.6395475260849,12.3210403464867,184.50947330929));
#422=CARTESIAN_POINT('',(42.6441939740604,12.3049712984359,184.50947330929));
#423=CARTESIAN_POINT('',(42.6407186133496,12.3170868720926,184.50947330929));
#424=CARTESIAN_POINT('',(42.6532666665332,12.2734794851995,184.50947330929));
#425=CARTESIAN_POINT('',(43.0548043684085,10.8780431046191,184.50947330929));
#426=CARTESIAN_POINT('',(43.3888009275662,9.46350529916072,184.50947330929));
#427=CARTESIAN_POINT('',(43.6514600296002,8.03674417558011,184.50947330929));
#428=CARTESIAN_POINT('',(43.7827895806172,7.3233636137898,184.50947330929));
#429=CARTESIAN_POINT('',(43.8962862574423,6.60692732827415,184.50947330929));
#430=CARTESIAN_POINT('',(43.9914845083195,5.88829508447265,184.50947330929));
#431=CARTESIAN_POINT('',(44.0390836337581,5.5289789625719,184.50947330929));
#432=CARTESIAN_POINT('',(44.0821074013925,5.1691134205949,184.50947330929));
#433=CARTESIAN_POINT('',(44.120500930683,4.80880726175565,184.50947330929));
#434=CARTESIAN_POINT('',(44.1396976953283,4.62865418233602,184.50947330929));
#435=CARTESIAN_POINT('',(44.1577377489958,4.44839137214973,184.50947330929));
#436=CARTESIAN_POINT('',(44.1746172102357,4.26803390741867,184.50947330929));
#437=CARTESIAN_POINT('',(44.1830569408556,4.17785517505314,184.50947330929));
#438=CARTESIAN_POINT('',(44.1912065237224,4.08765277897696,184.50947330929));
#439=CARTESIAN_POINT('',(44.1990654757786,3.99742860324961,184.50947330929));
#440=CARTESIAN_POINT('',(44.2069244278348,3.90720442752226,184.50947330929));
#441=CARTESIAN_POINT('',(44.2170529580477,3.78520186758994,184.50947330929));
#442=CARTESIAN_POINT('',(44.2217699578747,3.72669262084329,184.50947330929));
#443=CARTESIAN_POINT('',(44.2972419551068,2.79054467289697,184.50947330929));
#444=CARTESIAN_POINT('',(44.3714785042795,1.59663790218451,184.50947330929));
#445=CARTESIAN_POINT('',(44.3785861831198,0.145134554610349,184.50947330929));
#446=CARTESIAN_POINT('',(44.38214002254,-0.580617119176731,184.50947330929));
#447=CARTESIAN_POINT('',(44.3684637436766,-1.3706610768928,184.50947330929));
#448=CARTESIAN_POINT('',(44.3267200935282,-2.22377248282449,184.50947330929));
#449=CARTESIAN_POINT('',(44.3058482684541,-2.65032818579034,184.50947330929));
#450=CARTESIAN_POINT('',(44.2779309699114,-3.09263358724396,184.50947330929));
#451=CARTESIAN_POINT('',(44.2414457833357,-3.5504120513294,184.50947330929));
#452=CARTESIAN_POINT('',(44.2232031900478,-3.77930128337212,184.50947330929));
#453=CARTESIAN_POINT('',(44.2028187748586,-4.01205761251355,184.50947330929));
#454=CARTESIAN_POINT('',(44.180116559296,-4.24864077761172,184.50947330929));
#455=CARTESIAN_POINT('',(44.1574143437334,-4.48522394270988,184.50947330929));
#456=CARTESIAN_POINT('',(44.1364766777805,-4.68940480704226,184.50947330929));
#457=CARTESIAN_POINT('',(44.10487843739,-4.96982434529095,184.50947330929));
#458=CARTESIAN_POINT('',(43.5993065911424,-9.45653695726991,184.50947330929));
#459=CARTESIAN_POINT('',(42.6336396876642,-12.451330984665,184.50947330929));
#460=CARTESIAN_POINT('',(42.0951833964079,-14.0679534148622,184.50947330929));
#461=CARTESIAN_POINT('',(42.0278763600009,-14.2700312186368,184.50947330929));
#462=CARTESIAN_POINT('',(41.9660476365692,-14.4507222331014,184.50947330929));
#463=CARTESIAN_POINT('',(41.910484112119,-14.6102737313922,184.50947330929));
#464=CARTESIAN_POINT('',(41.8549205876689,-14.769825229683,184.50947330929));
#465=CARTESIAN_POINT('',(41.7457600533759,-15.0774239871733,184.50947330929));
#466=CARTESIAN_POINT('',(41.6473733472929,-15.3445763183005,184.50947330929));
#467=CARTESIAN_POINT('',(41.450599935127,-15.8788809805548,184.50947330929));
#468=CARTESIAN_POINT('',(41.2291042402228,-16.4487887214343,184.50947330929));
#469=CARTESIAN_POINT('',(40.9782532287261,-17.0519048633968,184.50947330929));
#470=CARTESIAN_POINT('',(40.4765512057328,-18.2581371473219,184.50947330929));
#471=CARTESIAN_POINT('',(39.8576937205696,-19.5980821479824,184.50947330929));
#472=CARTESIAN_POINT('',(39.078890470833,-21.0432623057094,184.50947330929));
#473=CARTESIAN_POINT('',(38.6894888459647,-21.7658523845729,184.50947330929));
#474=CARTESIAN_POINT('',(38.2601046778791,-22.5145626191668,184.50947330929));
#475=CARTESIAN_POINT('',(37.7853540503666,-23.2844391371484,184.50947330929));
#476=CARTESIAN_POINT('',(37.5479787366103,-23.6693773961392,184.50947330929));
#477=CARTESIAN_POINT('',(37.2215305835073,-24.1816853892073,184.50947330929));
#478=CARTESIAN_POINT('',(36.9054637990403,-24.6548329728595,184.50947330929));
#479=CARTESIAN_POINT('',(36.5893970145734,-25.1279805565116,184.50947330929));
#480=CARTESIAN_POINT('',(36.271297339523,-25.5847052908757,184.50947330929));
#481=CARTESIAN_POINT('',(35.9525336733194,-26.0254724345776,184.50947330929));
#482=CARTESIAN_POINT('',(34.677479008505,-27.7885410093852,184.50947330929));
#483=CARTESIAN_POINT('',(33.3941898596786,-29.2952716482217,184.50947330929));
#484=CARTESIAN_POINT('',(32.1692888236023,-30.5856854654118,184.50947330929));
#485=CARTESIAN_POINT('',(29.7194867514497,-33.1665130997919,184.50947330929));
#486=CARTESIAN_POINT('',(27.4925510159197,-34.9098406863319,184.50947330929));
#487=CARTESIAN_POINT('',(25.832999471495,-36.0948030628084,184.50947330929));
#488=CARTESIAN_POINT('',(25.0032236992827,-36.6872842510466,184.50947330929));
#489=CARTESIAN_POINT('',(24.3235034658576,-37.1314062500516,184.50947330929));
#490=CARTESIAN_POINT('',(23.8119017737256,-37.4564033487748,184.50947330929));
#491=CARTESIAN_POINT('',(23.7479515622091,-37.4970279861152,184.50947330929));
#492=CARTESIAN_POINT('',(23.6866156152274,-37.535771809808,184.50947330929));
#493=CARTESIAN_POINT('',(23.6279185987672,-37.5726753114034,184.50947330929));
#494=CARTESIAN_POINT('',(23.5692215823071,-37.6095788129988,184.50947330929));
#495=CARTESIAN_POINT('',(23.4156247382816,-37.7055848334969,184.50947330929));
#496=CARTESIAN_POINT('',(23.2941369848137,-37.7804510763575,184.50947330929));
#497=CARTESIAN_POINT('',(23.051161477878,-37.9301835620787,184.50947330929));
#498=CARTESIAN_POINT('',(22.8016120782354,-38.0806752300221,184.50947330929));
#499=CARTESIAN_POINT('',(22.5453238447176,-38.2316300108372,184.50947330929));
#500=CARTESIAN_POINT('',(22.0327473776821,-38.5335395724675,184.50947330929));
#501=CARTESIAN_POINT('',(21.4931688566492,-38.8373520783751,184.50947330929));
#502=CARTESIAN_POINT('',(20.925617076616,-39.1402596352821,184.50947330929));
#503=CARTESIAN_POINT('',(18.6554099564834,-40.3518898629104,184.50947330929));
#504=CARTESIAN_POINT('',(15.9329002697484,-41.5563254434112,184.50947330929));
#505=CARTESIAN_POINT('',(12.7290697588797,-42.5181252632693,184.50947330929));
#506=CARTESIAN_POINT('',(11.9281121311626,-42.7585752182338,184.50947330929));
#507=CARTESIAN_POINT('',(11.0973957869213,-42.9833236618107,184.50947330929));
#508=CARTESIAN_POINT('',(10.2372242066862,-43.187506966907,184.50947330929));
#509=CARTESIAN_POINT('',(9.80713841656856,-43.2895986194552,184.50947330929));
#510=CARTESIAN_POINT('',(9.5048776169118,-43.3560118775706,184.50947330929));
#511=CARTESIAN_POINT('',(9.18000633311833,-43.4248282271835,184.50947330929));
#512=CARTESIAN_POINT('',(8.85513504932486,-43.4936445767965,184.50947330929));
#513=CARTESIAN_POINT('',(8.5241327991718,-43.5599952374478,184.50947330929));
#514=CARTESIAN_POINT('',(8.18700031019103,-43.6234546700451,184.50947330929));
#515=CARTESIAN_POINT('',(6.83847035426798,-43.8772924004345,184.50947330929));
#516=CARTESIAN_POINT('',(5.39142779592324,-44.084328556237,184.50947330929));
#517=CARTESIAN_POINT('',(3.84869552730012,-44.2173912448391,184.50947330929));
#518=CARTESIAN_POINT('',(3.46301246014434,-44.2506569169896,184.50947330929));
#519=CARTESIAN_POINT('',(3.07137993158471,-44.2793641801217,184.50947330929));
#520=CARTESIAN_POINT('',(2.67390173799404,-44.3031642090856,184.50947330929));
#521=CARTESIAN_POINT('',(2.27642354440338,-44.3269642380494,184.50947330929));
#522=CARTESIAN_POINT('',(2.02451654206961,-44.3384372205765,184.50947330929));
#523=CARTESIAN_POINT('',(1.70702974754209,-44.3505092058466,184.50947330929));
#524=CARTESIAN_POINT('',(1.07205615848704,-44.3746531763867,184.50947330929));
#525=CARTESIAN_POINT('',(0.400396064257198,-44.3866842595,184.50947330929));
#526=CARTESIAN_POINT('',(-0.307303710795412,-44.3817612931654,184.50947330929));
#527=CARTESIAN_POINT('',(-1.01500348584802,-44.3768383268307,184.50947330929));
#528=CARTESIAN_POINT('',(-1.75875201832184,-44.3549495179296,184.50947330929));
#529=CARTESIAN_POINT('',(-2.53738861357954,-44.3106403714919,184.50947330929));
#530=CARTESIAN_POINT('',(-2.92670691120839,-44.2884857982731,184.50947330929));
#531=CARTESIAN_POINT('',(-3.32473943856448,-44.2607257812947,184.50947330929));
#532=CARTESIAN_POINT('',(-3.73127755694344,-44.226586747541,184.50947330929));
#533=CARTESIAN_POINT('',(-3.93454661613292,-44.2095172306642,184.50947330929));
#534=CARTESIAN_POINT('',(-4.1399411982104,-44.190850656987,184.50947330929));
#535=CARTESIAN_POINT('',(-4.34743051802646,-44.1704825006452,184.50947330929));
#536=CARTESIAN_POINT('',(-4.45117517793449,-44.1602984224742,184.50947330929));
#537=CARTESIAN_POINT('',(-4.55544347519051,-44.1496888954304,184.50947330929));
#538=CARTESIAN_POINT('',(-4.66023127259882,-44.1386405314066,184.50947330929));
#539=CARTESIAN_POINT('',(-4.76501907000713,-44.1275921673828,184.50947330929));
#540=CARTESIAN_POINT('',(-4.9132610440911,-44.1112607706336,184.50947330929));
#541=CARTESIAN_POINT('',(-4.97614883003343,-44.1041653228053,184.50947330929));
#542=CARTESIAN_POINT('',(-5.9823534051107,-43.9906381575526,184.50947330929));
#543=CARTESIAN_POINT('',(-7.20368312147196,-43.8204673610774,184.50947330929));
#544=CARTESIAN_POINT('',(-8.62731343597152,-43.5367366929861,184.50947330929));
#545=CARTESIAN_POINT('',(-9.3391285932213,-43.3948713589404,184.50947330929));
#546=CARTESIAN_POINT('',(-10.1013742533238,-43.2245100628055,184.50947330929));
#547=CARTESIAN_POINT('',(-10.9112067858261,-43.0179996611312,184.50947330929));
#548=CARTESIAN_POINT('',(-11.7210393183285,-42.8114892594569,184.50947330929));
#549=CARTESIAN_POINT('',(-12.5312243376925,-42.5840425809764,184.50947330929));
#550=CARTESIAN_POINT('',(-13.4794433687625,-42.2817490425299,184.50947330929));
#551=CARTESIAN_POINT('',(-15.3758814309025,-41.677161965637,184.50947330929));
#552=CARTESIAN_POINT('',(-16.9741349813118,-41.0313452252392,184.50947330929));
#553=CARTESIAN_POINT('',(-18.2963979289945,-40.4346018897169,184.50947330929));
#554=CARTESIAN_POINT('',(-18.9575294028358,-40.1362302219557,184.50947330929));
#555=CARTESIAN_POINT('',(-19.5498363004388,-39.8495903101791,184.50947330929));
#556=CARTESIAN_POINT('',(-20.0765353627093,-39.5829515391282,184.50947330929));
#557=CARTESIAN_POINT('',(-20.3398848938445,-39.4496321536028,184.50947330929));
#558=CARTESIAN_POINT('',(-20.5868326134451,-39.3212850378802,184.50947330929));
#559=CARTESIAN_POINT('',(-20.8177657456788,-39.1987751306666,184.50947330929));
#560=CARTESIAN_POINT('',(-20.9332323117956,-39.1375201770598,184.50947330929));
#561=CARTESIAN_POINT('',(-21.0446949326395,-39.0777226577529,184.50947330929));
#562=CARTESIAN_POINT('',(-21.1521998276359,-39.0194796878046,184.50947330929));
#563=CARTESIAN_POINT('',(-21.2059522751342,-38.9903582028305,184.50947330929));
#564=CARTESIAN_POINT('',(-21.2587152652574,-38.9616252422386,184.50947330929));
#565=CARTESIAN_POINT('',(-21.3104944085788,-38.9332922735959,184.50947330929));
#566=CARTESIAN_POINT('',(-21.3622735519001,-38.9049593049532,184.50947330929));
#567=CARTESIAN_POINT('',(-21.3835192586885,-38.8933513501875,184.50947330929));
#568=CARTESIAN_POINT('',(-21.4628857883574,-38.849504367957,184.50947330929));
#569=CARTESIAN_POINT('',(-22.7327502630584,-38.1479526522693,184.50947330929));
#570=CARTESIAN_POINT('',(-23.9681929889034,-37.3839643087547,184.50947330929));
#571=CARTESIAN_POINT('',(-25.1628477600848,-36.5609302513159,184.50947330929));
#572=CARTESIAN_POINT('',(-25.7601751456755,-36.1494132225965,184.50947330929));
#573=CARTESIAN_POINT('',(-26.3473057974111,-35.7231352386825,184.50947330929));
#574=CARTESIAN_POINT('',(-26.923445650787,-35.2825228948742,184.50947330929));
#575=CARTESIAN_POINT('',(-27.211515577475,-35.06221672297,184.50947330929));
#576=CARTESIAN_POINT('',(-27.4968360211613,-34.8383243018695,184.50947330929));
#577=CARTESIAN_POINT('',(-27.7793149564609,-34.6109097165906,184.50947330929));
#578=CARTESIAN_POINT('',(-27.9205544241106,-34.4972024239511,184.50947330929));
#579=CARTESIAN_POINT('',(-28.0610839930371,-34.3826153029446,184.50947330929));
#580=CARTESIAN_POINT('',(-28.2008931361225,-34.2671578166994,184.50947330929));
#581=CARTESIAN_POINT('',(-28.2707977076652,-34.2094290735768,184.50947330929));
#582=CARTESIAN_POINT('',(-28.3405221728316,-34.1514827392431,184.50947330929));
#583=CARTESIAN_POINT('',(-28.4100652162415,-34.0933199971768,184.50947330929));
#584=CARTESIAN_POINT('',(-28.4448367379465,-34.0642386261437,184.50947330929));
#585=CARTESIAN_POINT('',(-28.4795629042177,-34.0351031531835,184.50947330929));
#586=CARTESIAN_POINT('',(-28.5142435506648,-34.0059137262674,184.50947330929));
#587=CARTESIAN_POINT('',(-28.5489241971119,-33.9767242993513,184.50947330929));
#588=CARTESIAN_POINT('',(-28.6106678092723,-33.9245200868,184.50947330929));
#589=CARTESIAN_POINT('',(-28.6181487661654,-33.918183731647,184.50947330929));
#590=CARTESIAN_POINT('',(-28.8575393867461,-33.7154203667505,184.50947330929));
#591=CARTESIAN_POINT('',(-29.5383054940469,-33.1519886030195,184.50947330929));
#592=CARTESIAN_POINT('',(-30.59103675995,-32.1524598778662,184.50947330929));
#593=CARTESIAN_POINT('',(-31.1174023929015,-31.6526955152895,184.50947330929));
#594=CARTESIAN_POINT('',(-31.7353348851444,-31.0424112154464,184.50947330929));
#595=CARTESIAN_POINT('',(-32.4258219113864,-30.3047938449421,184.50947330929));
#596=CARTESIAN_POINT('',(-32.7710654245073,-29.9359851596899,184.50947330929));
#597=CARTESIAN_POINT('',(-33.1343248621129,-29.5352796456915,184.50947330929));
#598=CARTESIAN_POINT('',(-33.5124019934068,-29.1002701334194,184.50947330929));
#599=CARTESIAN_POINT('',(-33.7014405590537,-28.8827653772833,184.50947330929));
#600=CARTESIAN_POINT('',(-33.8941719716046,-28.6566797597505,184.50947330929));
#601=CARTESIAN_POINT('',(-34.0901484998682,-28.4217104700738,184.50947330929));
#602=CARTESIAN_POINT('',(-34.2861250281318,-28.1867411803971,184.50947330929));
#603=CARTESIAN_POINT('',(-34.5090225282988,-27.9132317907996,184.50947330929));
#604=CARTESIAN_POINT('',(-34.6873369973145,-27.6898556882251,184.50947330929));
#605=CARTESIAN_POINT('',(-37.5403685015657,-24.1158380470321,184.50947330929));
#606=CARTESIAN_POINT('',(-39.3168937118503,-20.7879640236285,184.50947330929));
#607=CARTESIAN_POINT('',(-40.5031073274245,-18.1389355716936,184.50947330929));
#608=CARTESIAN_POINT('',(-41.0962141352116,-16.8144213457262,184.50947330929));
#609=CARTESIAN_POINT('',(-41.5413706135202,-15.6521551141554,184.50947330929));
#610=CARTESIAN_POINT('',(-41.8848222300769,-14.6755647286034,184.50947330929));
#611=CARTESIAN_POINT('',(-42.0565480383552,-14.1872695358274,184.50947330929));
#612=CARTESIAN_POINT('',(-42.2026261392724,-13.7451741405262,184.50947330929));
#613=CARTESIAN_POINT('',(-42.3274455671262,-13.351112007697,184.50947330929));
#614=CARTESIAN_POINT('',(-42.3898552810531,-13.1540809412825,184.50947330929));
#615=CARTESIAN_POINT('',(-42.446932629857,-12.9690497452633,184.50947330929));
#616=CARTESIAN_POINT('',(-42.4991320031887,-12.7961962692704,184.50947330929));
#617=CARTESIAN_POINT('',(-42.5252316898545,-12.7097695312739,184.50947330929));
#618=CARTESIAN_POINT('',(-42.5501110437598,-12.6263866622794,184.50947330929));
#619=CARTESIAN_POINT('',(-42.5738217090984,-12.546066707607,184.50947330929));
#620=CARTESIAN_POINT('',(-42.5856770417676,-12.5059067302708,184.50947330929));
#621=CARTESIAN_POINT('',(-42.5972401476266,-12.4665124497799,184.50947330929));
#622=CARTESIAN_POINT('',(-42.6085171507174,-12.4278860615536,184.50947330929));
#623=CARTESIAN_POINT('',(-42.6197941538082,-12.3892596733274,184.50947330929));
#624=CARTESIAN_POINT('',(-42.6162704653139,-12.4016616501171,184.50947330929));
#625=CARTESIAN_POINT('',(-42.6414957519653,-12.3143126497229,184.50947330929));
#626=CARTESIAN_POINT('',(-43.0451003383872,-10.9167286434151,184.50947330929));
#627=CARTESIAN_POINT('',(-43.3821217719222,-9.49830576507508,184.50947330929));
#628=CARTESIAN_POINT('',(-43.6477591371319,-8.06690600252612,184.50947330929));
#629=CARTESIAN_POINT('',(-43.7805778197367,-7.35120612125164,184.50947330929));
#630=CARTESIAN_POINT('',(-43.8955567237763,-6.63225046052724,184.50947330929));
#631=CARTESIAN_POINT('',(-43.9921191351825,-5.91097955572954,184.50947330929));
#632=CARTESIAN_POINT('',(-44.0404003408856,-5.55034410333068,184.50947330929));
#633=CARTESIAN_POINT('',(-44.0840771774131,-5.18912982571705,184.50947330929));
#634=CARTESIAN_POINT('',(-44.1230787606956,-4.82745420353767,184.50947330929));
#635=CARTESIAN_POINT('',(-44.1425795523369,-4.64661639244798,184.50947330929));
#636=CARTESIAN_POINT('',(-44.1609123809078,-4.46566324747221,184.50947330929));
#637=CARTESIAN_POINT('',(-44.1780745374068,-4.2846094726679,184.50947330929));
#638=CARTESIAN_POINT('',(-44.1952366939059,-4.10355569786359,184.50947330929));
#639=CARTESIAN_POINT('',(-44.2142217911698,-3.88578641905069,184.50947330929));
#640=CARTESIAN_POINT('',(-44.226046292586,-3.74116095965473,184.50947330929));
#641=CARTESIAN_POINT('',(-44.3206423039155,-2.58415728448706,184.50947330929));
#642=CARTESIAN_POINT('',(-44.3861155698518,-1.27898929320566,184.50947330929));
#643=CARTESIAN_POINT('',(-44.3813594504745,0.171695191486448,184.50947330929));
#644=CARTESIAN_POINT('',(-44.3789813907859,0.897037433832504,184.50947330929));
#645=CARTESIAN_POINT('',(-44.3589160047919,1.65866020810594,184.50947330929));
#646=CARTESIAN_POINT('',(-44.3152660422566,2.4554438341618,184.50947330929));
#647=CARTESIAN_POINT('',(-44.2934410609889,2.85383564718974,184.50947330929));
#648=CARTESIAN_POINT('',(-44.2657109708618,3.26100821173811,184.50947330929));
#649=CARTESIAN_POINT('',(-44.2312845464703,3.67675814938516,184.50947330929));
#650=CARTESIAN_POINT('',(-44.2140713342745,3.88463311820869,184.50947330929));
#651=CARTESIAN_POINT('',(-44.1951809368925,4.09465120076618,184.50947330929));
#652=CARTESIAN_POINT('',(-44.1745226775022,4.30678482760045,184.50947330929));
#653=CARTESIAN_POINT('',(-44.1641935478071,4.41285164101759,184.50947330929));
#654=CARTESIAN_POINT('',(-44.1534228226672,4.51944737408994,184.50947330929));
#655=CARTESIAN_POINT('',(-44.1421998364357,4.6265684601359,184.50947330929));
#656=CARTESIAN_POINT('',(-44.13658834332,4.68012900315888,184.50947330929));
#657=CARTESIAN_POINT('',(-44.1308637849237,4.73382088169675,184.50947330929));
#658=CARTESIAN_POINT('',(-44.1250248281428,4.78764363335057,184.50947330929));
#659=CARTESIAN_POINT('',(-44.1191858713618,4.84146638500439,184.50947330929));
#660=CARTESIAN_POINT('',(-44.1172707112318,4.85943406030218,184.50947330929));
#661=CARTESIAN_POINT('',(-44.1071634297289,4.94950403406105,184.50947330929));
#662=CARTESIAN_POINT('',(-43.7837304216357,7.83174319434479,184.50947330929));
#663=CARTESIAN_POINT('',(-43.2720611257267,9.95734587707871,184.50947330929));
#664=CARTESIAN_POINT('',(-42.9013751814108,11.3611524966612,184.50947330929));
#665=CARTESIAN_POINT('',(-42.7160322092529,12.0630558064524,184.50947330929));
#666=CARTESIAN_POINT('',(-42.5615148850822,12.5853985076338,184.50947330929));
#667=CARTESIAN_POINT('',(-42.4564890133424,12.9330125993734,184.50947330929));
#668=CARTESIAN_POINT('',(-42.4039760774725,13.1068196452433,184.50947330929));
#669=CARTESIAN_POINT('',(-42.3636281221984,13.2369124970089,184.50947330929));
#670=CARTESIAN_POINT('',(-42.3365914716508,13.3236344311336,184.50947330929));
#671=CARTESIAN_POINT('',(-42.323073146377,13.366995398196,184.50947330929));
#672=CARTESIAN_POINT('',(-42.3128706691805,13.39951037251,184.50947330929));
#673=CARTESIAN_POINT('',(-42.3060556397509,13.421201502089,184.50947330929));
#674=CARTESIAN_POINT('',(-42.3026481250361,13.4320470668784,184.50947330929));
#675=CARTESIAN_POINT('',(-42.3000867268727,13.4401864449868,184.50947330929));
#676=CARTESIAN_POINT('',(-42.2983759256629,13.4456210334499,184.50947330929));
#677=CARTESIAN_POINT('',(-42.2975205250579,13.4483383276815,184.50947330929));
#678=CARTESIAN_POINT('',(-42.2968777271552,13.4503794100712,184.50947330929));
#679=CARTESIAN_POINT('',(-42.2964478128314,13.4517443683761,184.50947330929));
#680=CARTESIAN_POINT('',(-42.2960178985076,13.453109326681,184.50947330929));
#681=CARTESIAN_POINT('',(-42.3053056922985,13.4239170676207,184.50947330929));
#682=CARTESIAN_POINT('',(-42.2957968153862,13.4538109006917,184.50947330929));
#683=CARTESIAN_POINT('',(-41.9915127541918,14.4104135589638,184.50947330929));
#684=CARTESIAN_POINT('',(-41.5870684219959,15.5728747476441,184.50947330929));
#685=CARTESIAN_POINT('',(-41.0323478749078,16.9181419283551,184.50947330929));
#686=CARTESIAN_POINT('',(-40.7549876013638,17.5907755187107,184.50947330929));
#687=CARTESIAN_POINT('',(-40.4397882710871,18.3088786188251,184.50947330929));
#688=CARTESIAN_POINT('',(-40.078933089212,19.0678007712528,184.50947330929));
#689=CARTESIAN_POINT('',(-39.8985054982744,19.4472618474667,184.50947330929));
#690=CARTESIAN_POINT('',(-39.7066483309752,19.8369061652551,184.50947330929));
#691=CARTESIAN_POINT('',(-39.5022933291899,20.2360092918296,184.50947330929));
#692=CARTESIAN_POINT('',(-39.2979383274046,20.6351124184041,184.50947330929));
#693=CARTESIAN_POINT('',(-39.1052909571684,20.999835042917,184.50947330929));
#694=CARTESIAN_POINT('',(-38.8506209025481,21.4608646490887,184.50947330929));
#695=CARTESIAN_POINT('',(-36.8132604655854,25.1491014984623,184.50947330929));
#696=CARTESIAN_POINT('',(-34.5910887666438,27.9657744641017,184.50947330929));
#697=CARTESIAN_POINT('',(-32.6211003618812,30.099486698353,184.50947330929));
#698=CARTESIAN_POINT('',(-31.6361061594999,31.1663428154787,184.50947330929));
#699=CARTESIAN_POINT('',(-30.7107379995016,32.0647653108276,184.50947330929));
#700=CARTESIAN_POINT('',(-29.87878975127,32.8216469284701,184.50947330929));
#701=CARTESIAN_POINT('',(-29.4628156271543,33.2000877372914,184.50947330929));
#702=CARTESIAN_POINT('',(-29.0699835099447,33.543099348762,184.50947330929));
#703=CARTESIAN_POINT('',(-28.7034018107147,33.8537379189679,184.50947330929));
#704=CARTESIAN_POINT('',(-28.5201109610997,34.0090572040709,184.50947330929));
#705=CARTESIAN_POINT('',(-28.3433722731455,34.1562793240218,184.50947330929));
#706=CARTESIAN_POINT('',(-28.1735149576825,34.295758699112,184.50947330929));
#707=CARTESIAN_POINT('',(-28.088586299951,34.3654983866571,184.50947330929));
#708=CARTESIAN_POINT('',(-28.0053773039061,34.4333018584826,184.50947330929));
#709=CARTESIAN_POINT('',(-27.9239260630456,34.4992122933422,184.50947330929));
#710=CARTESIAN_POINT('',(-27.8832004426153,34.532167510772,184.50947330929));
#711=CARTESIAN_POINT('',(-27.8429142412536,34.5646494826419,184.50947330929));
#712=CARTESIAN_POINT('',(-27.8030720291145,34.596663508992,184.50947330929));
#713=CARTESIAN_POINT('',(-27.7831509230449,34.6126705221671,184.50947330929));
#714=CARTESIAN_POINT('',(-27.7633408119563,34.6285605471052,184.50947330929));
#715=CARTESIAN_POINT('',(-27.7436422532829,34.644334235131,184.50947330929));
#716=CARTESIAN_POINT('',(-27.7239436946095,34.6601079231567,184.50947330929));
#717=CARTESIAN_POINT('',(-27.7431928316613,34.6447726690511,184.50947330929));
#718=CARTESIAN_POINT('',(-27.6848817828108,34.6913069323109,184.50947330929));
#719=CARTESIAN_POINT('',(-23.9529746563778,37.6694997809392,184.50947330929));
#720=CARTESIAN_POINT('',(-20.5092198003015,39.4559288201951,184.50947330929));
#721=CARTESIAN_POINT('',(-17.8518176551081,40.6256307573954,184.50947330929));
#722=CARTESIAN_POINT('',(-16.5231165825114,41.2104817259956,184.50947330929));
#723=CARTESIAN_POINT('',(-15.382221267991,41.638591283088,184.50947330929));
#724=CARTESIAN_POINT('',(-14.453659786584,41.960633940564,184.50947330929));
#725=CARTESIAN_POINT('',(-13.9893790458805,42.121655269302,184.50947330929));
#726=CARTESIAN_POINT('',(-13.5779073818185,42.2558946306754,184.50947330929));
#727=CARTESIAN_POINT('',(-13.220980128767,42.3679951721469,184.50947330929));
#728=CARTESIAN_POINT('',(-13.0425165022412,42.4240454428826,184.50947330929));
#729=CARTESIAN_POINT('',(-12.8776776274405,42.474542599369,184.50947330929));
#730=CARTESIAN_POINT('',(-12.7266196397272,42.5199542735363,184.50947330929));
#731=CARTESIAN_POINT('',(-12.6510906458706,42.5426601106199,184.50947330929));
#732=CARTESIAN_POINT('',(-12.5790062992551,42.5640933840776,184.50947330929));
#733=CARTESIAN_POINT('',(-12.5103828588136,42.5843053302651,184.50947330929));
#734=CARTESIAN_POINT('',(-12.4760711385928,42.5944113033589,184.50947330929));
#735=CARTESIAN_POINT('',(-12.4426246127844,42.6042118699375,184.50947330929));
#736=CARTESIAN_POINT('',(-12.4100451178188,42.6137129561594,184.50947330929));
#737=CARTESIAN_POINT('',(-12.393755370336,42.6184634992704,184.50947330929));
#738=CARTESIAN_POINT('',(-12.3776823786632,42.6231391676254,184.50947330929));
#739=CARTESIAN_POINT('',(-12.3618263611319,42.6277406740361,184.50947330929));
#740=CARTESIAN_POINT('',(-12.3459703436006,42.6323421804467,184.50947330929));
#741=CARTESIAN_POINT('',(-12.3585200840072,42.6287285237653,184.50947330929));
#742=CARTESIAN_POINT('',(-12.3149094419376,42.6413234015654,184.50947330929));
#743=CARTESIAN_POINT('',(-10.9193688957096,43.044359491168,184.50947330929));
#744=CARTESIAN_POINT('',(-9.50487770489469,43.3800345182886,184.50947330929));
#745=CARTESIAN_POINT('',(-8.0778194606019,43.6445311392608,184.50947330929));
#746=CARTESIAN_POINT('',(-7.36429033845551,43.7767794497469,184.50947330929));
#747=CARTESIAN_POINT('',(-6.64761956860773,43.8912341921595,184.50947330929));
#748=CARTESIAN_POINT('',(-5.92860543849288,43.9874243939787,184.50947330929));
#749=CARTESIAN_POINT('',(-5.56909837343545,44.0355194948882,184.50947330929));
#750=CARTESIAN_POINT('',(-5.20900546895836,44.079048525142,184.50947330929));
#751=CARTESIAN_POINT('',(-4.84842650379255,44.1179529999631,184.50947330929));
#752=CARTESIAN_POINT('',(-4.66813702120964,44.1374052373736,184.50947330929));
#753=CARTESIAN_POINT('',(-4.4877260232898,44.1557013399537,184.50947330929));
#754=CARTESIAN_POINT('',(-4.30720598104002,44.1728340212672,184.50947330929));
#755=CARTESIAN_POINT('',(-4.12668593879024,44.1899667025807,184.50947330929));
#756=CARTESIAN_POINT('',(-3.9133424674765,44.2086147468737,184.50947330929));
#757=CARTESIAN_POINT('',(-3.76533119220692,44.2207345314665,184.50947330929));
#758=CARTESIAN_POINT('',(-1.39715078789369,44.4146510849506,184.50947330929));
#759=CARTESIAN_POINT('',(1.603152338735,44.4857257441729,184.50947330929));
#760=CARTESIAN_POINT('',(4.98896699129426,44.1027171992814,184.50947330929));
#761=CARTESIAN_POINT('',(4.98896699129428,44.1027171992813,184.50947330929));
#762=CARTESIAN_POINT('',(-7.81192436941913E-16,2.97053848321153E-14,313.83894661858));
#763=CARTESIAN_POINT('',(93.99,0.,20.351654235008));
#764=CARTESIAN_POINT('',(93.99,-187.98,20.351654235008));
#765=CARTESIAN_POINT('',(-93.99,-187.98,20.351654235008));
#766=CARTESIAN_POINT('',(-93.99,0.,20.351654235008));
#767=CARTESIAN_POINT('',(-93.99,187.98,20.351654235008));
#768=CARTESIAN_POINT('',(93.99,187.98,20.351654235008));
#769=CARTESIAN_POINT('',(93.99,0.,20.351654235008));
#770=CARTESIAN_POINT('',(93.99,0.,20.351654235008));
#771=CARTESIAN_POINT('',(93.99,0.,28.351654235008));
#772=CARTESIAN_POINT('',(93.99,187.98,28.351654235008));
#773=CARTESIAN_POINT('',(-93.99,187.98,28.351654235008));
#774=CARTESIAN_POINT('',(-93.99,0.,28.351654235008));
#775=CARTESIAN_POINT('',(-93.99,-187.98,28.351654235008));
#776=CARTESIAN_POINT('',(93.99,-187.98,28.351654235008));
#777=CARTESIAN_POINT('',(93.99,0.,28.351654235008));
#778=CARTESIAN_POINT('',(93.99,0.,28.351654235008));
#779=CARTESIAN_POINT('',(93.99,0.,20.351654235008));
#780=CARTESIAN_POINT('',(93.99,187.98,20.351654235008));
#781=CARTESIAN_POINT('',(-93.99,187.98,20.351654235008));
#782=CARTESIAN_POINT('',(-93.99,0.,20.351654235008));
#783=CARTESIAN_POINT('',(-93.99,-187.98,20.351654235008));
#784=CARTESIAN_POINT('',(93.99,-187.98,20.351654235008));
#785=CARTESIAN_POINT('',(93.99,0.,20.351654235008));
#786=CARTESIAN_POINT('',(93.99,0.,23.0183209016747));
#787=CARTESIAN_POINT('',(93.99,187.98,23.0183209016747));
#788=CARTESIAN_POINT('',(-93.99,187.98,23.0183209016747));
#789=CARTESIAN_POINT('',(-93.99,0.,23.0183209016747));
#790=CARTESIAN_POINT('',(-93.99,-187.98,23.0183209016747));
#791=CARTESIAN_POINT('',(93.99,-187.98,23.0183209016747));
#792=CARTESIAN_POINT('',(93.99,0.,23.0183209016747));
#793=CARTESIAN_POINT('',(93.99,0.,25.6849875683413));
#794=CARTESIAN_POINT('',(93.99,187.98,25.6849875683413));
#795=CARTESIAN_POINT('',(-93.99,187.98,25.6849875683413));
#796=CARTESIAN_POINT('',(-93.99,0.,25.6849875683413));
#797=CARTESIAN_POINT('',(-93.99,-187.98,25.6849875683413));
#798=CARTESIAN_POINT('',(93.99,-187.98,25.6849875683413));
#799=CARTESIAN_POINT('',(93.99,0.,25.6849875683413));
#800=CARTESIAN_POINT('',(93.99,0.,28.351654235008));
#801=CARTESIAN_POINT('',(93.99,187.98,28.351654235008));
#802=CARTESIAN_POINT('',(-93.99,187.98,28.351654235008));
#803=CARTESIAN_POINT('',(-93.99,0.,28.351654235008));
#804=CARTESIAN_POINT('',(-93.99,-187.98,28.351654235008));
#805=CARTESIAN_POINT('',(93.99,-187.98,28.351654235008));
#806=CARTESIAN_POINT('',(93.99,0.,28.351654235008));
#807=CARTESIAN_POINT('',(-97.0850000182356,-5.93853573087333E-8,32.351599051658));
#808=CARTESIAN_POINT('',(-97.0850000219364,6.35414495647788,32.351599051658));
#809=CARTESIAN_POINT('',(-95.8333324912251,19.0624349807036,32.351599051658));
#810=CARTESIAN_POINT('',(-90.2730394725892,37.3923171683841,32.351599051658));
#811=CARTESIAN_POINT('',(-81.2435764072995,54.2852220805527,32.351599051658));
#812=CARTESIAN_POINT('',(-69.0919932458739,69.0919930847631,32.351599051658));
#813=CARTESIAN_POINT('',(-54.2852222943979,81.2435762678882,32.351599051658));
#814=CARTESIAN_POINT('',(-37.3923173420776,90.2730394040506,32.351599051658));
#815=CARTESIAN_POINT('',(-19.0624351310985,95.8333324661344,32.351599051658));
#816=CARTESIAN_POINT('',(-5.29406921897861E-8,97.7108337885058,32.351599051658));
#817=CARTESIAN_POINT('',(19.0624349864956,95.8333324892594,32.351599051658));
#818=CARTESIAN_POINT('',(37.3923171569359,90.2730394757886,32.351599051658));
#819=CARTESIAN_POINT('',(54.2852220527644,81.2435764245501,32.351599051658));
#820=CARTESIAN_POINT('',(69.0919930673233,69.0919932623868,32.351599051658));
#821=CARTESIAN_POINT('',(81.243576243053,54.2852223334913,32.351599051658));
#822=CARTESIAN_POINT('',(90.2730394078771,37.3923173265205,32.351599051658));
#823=CARTESIAN_POINT('',(95.833332450363,19.0624353405818,32.351599051658));
#824=CARTESIAN_POINT('',(97.0850000083491,6.35419803664435,32.351599051658));
#825=CARTESIAN_POINT('',(97.0850000077211,-6.35419803258661,32.351599051658));
#826=CARTESIAN_POINT('',(95.8333324742791,-19.0624352527743,32.351599051658));
#827=CARTESIAN_POINT('',(90.2730394685192,-37.3923171259216,32.351599051658));
#828=CARTESIAN_POINT('',(81.2435763786126,-54.2852221419298,32.351599051658));
#829=CARTESIAN_POINT('',(69.0919932114729,-69.0919931161706,32.351599051658));
#830=CARTESIAN_POINT('',(54.2852222351265,-81.2435763074295,32.351599051658));
#831=CARTESIAN_POINT('',(37.3923173109875,-90.2730394157222,32.351599051658));
#832=CARTESIAN_POINT('',(19.0624350961138,-95.8333324705274,32.351599051658));
#833=CARTESIAN_POINT('',(5.89318540846463E-8,-97.7108337864837,32.351599051658));
#834=CARTESIAN_POINT('',(-19.0624349756159,-95.833332492958,32.351599051658));
#835=CARTESIAN_POINT('',(-37.3923171788193,-90.2730394694838,32.3515990516581));
#836=CARTESIAN_POINT('',(-54.2852221034658,-81.2435763933176,32.351599051658));
#837=CARTESIAN_POINT('',(-69.0919931025207,-69.0919932293863,32.351599051658));
#838=CARTESIAN_POINT('',(-81.2435762910276,-54.2852222572546,32.351599051658));
#839=CARTESIAN_POINT('',(-90.2730394011448,-37.3923173468261,32.351599051658));
#840=CARTESIAN_POINT('',(-95.83333246902,-19.0624351144759,32.351599051658));
#841=CARTESIAN_POINT('',(-97.0850000145347,-6.3541450752486,32.351599051658));
#842=CARTESIAN_POINT('',(-97.0850000182356,-5.93853573087333E-8,32.351599051658));
#843=CARTESIAN_POINT('',(-97.0850000182356,1.18894834517553E-14,32.351599051658));
#844=CARTESIAN_POINT('',(93.9900033099791,0.,28.3514723316422));
#845=CARTESIAN_POINT('',(93.9925024824843,0.,28.3515178074836));
#846=CARTESIAN_POINT('',(93.9950016549895,0.,28.3515632833251));
#847=CARTESIAN_POINT('',(93.9975008274948,0.,28.3516087591665));
#848=CARTESIAN_POINT('',(94.,0.,28.351654235008));
#849=CARTESIAN_POINT('',(94.242049896255,0.,28.356058661946));
#850=CARTESIAN_POINT('',(97.086303329854,0.,28.407813720045));
#851=CARTESIAN_POINT('',(97.085102216413,0.,32.042350162962));
#852=CARTESIAN_POINT('',(97.085,0.,32.351654235008));
#853=CARTESIAN_POINT('',(0.,0.,0.));
#854=CARTESIAN_POINT('',(98.1027579875509,6.42081013689327,32.351599051658));
#855=CARTESIAN_POINT('',(98.1027579869162,-6.420810132793,32.351599051658));
#856=CARTESIAN_POINT('',(96.8379690174197,-19.2622698881954,32.351599051658));
#857=CARTESIAN_POINT('',(91.2193865480677,-37.78430691953,32.351599051658));
#858=CARTESIAN_POINT('',(82.0952661155556,-54.8543030296358,32.351599051658));
#859=CARTESIAN_POINT('',(69.8162959089429,-69.8162958126416,32.351599051658));
#860=CARTESIAN_POINT('',(54.8543031238095,-82.0952660436263,32.351599051658));
#861=CARTESIAN_POINT('',(37.784307106536,-91.2193864947173,32.351599051658));
#862=CARTESIAN_POINT('',(19.2622697298926,-96.8379690136287,32.351599051658));
#863=CARTESIAN_POINT('',(5.95496490543534E-8,-98.7351524838323,32.351599051658));
#864=CARTESIAN_POINT('',(-19.2622696081315,-96.8379690362944,32.351599051658));
#865=CARTESIAN_POINT('',(-37.7843069729823,-91.2193865490425,32.3515990516581));
#866=CARTESIAN_POINT('',(-54.8543029907686,-82.0952661304147,32.351599051658));
#867=CARTESIAN_POINT('',(-69.8162957988487,-69.8162959270441,32.351599051658));
#868=CARTESIAN_POINT('',(-82.0952660270523,-54.8543031461696,32.351599051658));
#869=CARTESIAN_POINT('',(-91.2193864799872,-37.7843071427503,32.351599051658));
#870=CARTESIAN_POINT('',(-96.8379690121055,-19.2622697484472,32.351599051658));
#871=CARTESIAN_POINT('',(-98.7351524846492,-5.62181808483135E-8,32.351599051658));
#872=CARTESIAN_POINT('',(-96.8379690345433,19.2622696132725,32.351599051658));
#873=CARTESIAN_POINT('',(-91.2193865521805,37.7843069624377,32.351599051658));
#874=CARTESIAN_POINT('',(-82.0952661445432,54.8543029676153,32.351599051658));
#875=CARTESIAN_POINT('',(-69.8162959437046,69.8162957809049,32.351599051658));
#876=CARTESIAN_POINT('',(-54.8543031837023,82.0952660036704,32.351599051658));
#877=CARTESIAN_POINT('',(-37.784307137952,91.2193864829234,32.351599051658));
#878=CARTESIAN_POINT('',(-19.2622697652441,96.8379690091896,32.351599051658));
#879=CARTESIAN_POINT('',(-5.34956768329885E-8,98.7351524858756,32.351599051658));
#880=CARTESIAN_POINT('',(19.2622696191253,96.8379690325571,32.351599051658));
#881=CARTESIAN_POINT('',(37.7843069508695,91.2193865554134,32.351599051658));
#882=CARTESIAN_POINT('',(54.8543029395356,82.0952661619746,32.351599051658));
#883=CARTESIAN_POINT('',(69.8162957632822,69.8162959603906,32.351599051658));
#884=CARTESIAN_POINT('',(82.0952659785748,54.8543032232055,32.351599051658));
#885=CARTESIAN_POINT('',(91.2193864867901,37.7843071222318,32.351599051658));
#886=CARTESIAN_POINT('',(96.8379689932528,19.2622699769234,32.351599051658));
#887=CARTESIAN_POINT('',(98.1027579875509,6.42081013689327,32.351599051658));
#888=CARTESIAN_POINT('',(98.1027579869162,-6.420810132793,32.351599051658));
#889=CARTESIAN_POINT('',(65.4018386583642,4.2805400912621,32.3515990516586));
#890=CARTESIAN_POINT('',(65.4018386579445,-4.28054008852862,32.3515990516577));
#891=CARTESIAN_POINT('',(64.5586460116112,-12.8415132587971,32.351599051658));
#892=CARTESIAN_POINT('',(60.8129243653807,-25.1895379463532,32.3515990516576));
#893=CARTESIAN_POINT('',(54.7301774103688,-36.5695353530905,32.3515990516586));
#894=CARTESIAN_POINT('',(46.5441972726294,-46.5441972084278,32.3515990516576));
#895=CARTESIAN_POINT('',(36.5695354158723,-54.7301773624164,32.351599051658));
#896=CARTESIAN_POINT('',(25.1895380710244,-60.812924329812,32.3515990516576));
#897=CARTESIAN_POINT('',(12.8415131532618,-64.5586460090857,32.3515990516586));
#898=CARTESIAN_POINT('',(3.96996791176843E-8,-65.8234349892225,32.3515990516577));
#899=CARTESIAN_POINT('',(-12.8415130720874,-64.5586460241958,32.3515990516577));
#900=CARTESIAN_POINT('',(-25.1895379819879,-60.8129243660303,32.3515990516586));
#901=CARTESIAN_POINT('',(-36.5695353271791,-54.7301774202751,32.3515990516577));
#902=CARTESIAN_POINT('',(-46.5441971992313,-46.5441972846968,32.3515990516579));
#903=CARTESIAN_POINT('',(-54.7301773513704,-36.5695354307793,32.3515990516579));
#904=CARTESIAN_POINT('',(-60.8129243199899,-25.1895380951671,32.3515990516577));
#905=CARTESIAN_POINT('',(-64.5586460080695,-12.8415131656317,32.3515990516586));
#906=CARTESIAN_POINT('',(-65.8234349897656,-3.74787495819709E-8,32.3515990516576));
#907=CARTESIAN_POINT('',(-64.5586460230291,12.8415130755152,32.351599051658));
#908=CARTESIAN_POINT('',(-60.8129243681181,25.1895379749579,32.3515990516576));
#909=CARTESIAN_POINT('',(-54.7301774296959,36.5695353117433,32.3515990516586));
#910=CARTESIAN_POINT('',(-46.5441972958024,46.5441971872688,32.3515990516576));
#911=CARTESIAN_POINT('',(-36.569535455801,54.7301773357804,32.3515990516579));
#912=CARTESIAN_POINT('',(-25.1895380919683,60.8129243219487,32.3515990516578));
#913=CARTESIAN_POINT('',(-12.8415131768292,64.558646006125,32.3515990516579));
#914=CARTESIAN_POINT('',(-3.56638273185591E-8,65.8234349905857,32.3515990516579));
#915=CARTESIAN_POINT('',(12.8415130794168,64.5586460217036,32.3515990516579));
#916=CARTESIAN_POINT('',(25.1895379672461,60.8129243702766,32.3515990516579));
#917=CARTESIAN_POINT('',(36.5695352930242,54.7301774413163,32.3515990516578));
#918=CARTESIAN_POINT('',(46.544197175522,46.5441973069278,32.3515990516579));
#919=CARTESIAN_POINT('',(54.7301773190514,36.5695354821358,32.3515990516576));
#920=CARTESIAN_POINT('',(60.8129243245232,25.1895380814882,32.3515990516587));
#921=CARTESIAN_POINT('',(64.5586459955033,12.841513317949,32.3515990516573));
#922=CARTESIAN_POINT('',(65.4018386583642,4.2805400912621,32.3515990516586));
#923=CARTESIAN_POINT('',(65.4018386579445,-4.28054008852862,32.3515990516577));
#924=CARTESIAN_POINT('',(32.7009193291836,2.1402700456311,32.351599051658));
#925=CARTESIAN_POINT('',(32.7009193289721,-2.14027004426433,32.351599051658));
#926=CARTESIAN_POINT('',(32.2793230058066,-6.42075662939845,32.351599051658));
#927=CARTESIAN_POINT('',(30.4064621826892,-12.5947689731767,32.351599051658));
#928=CARTESIAN_POINT('',(27.3650887051852,-18.2847676765452,32.351599051658));
#929=CARTESIAN_POINT('',(23.2720986363143,-23.2720986042139,32.351599051658));
#930=CARTESIAN_POINT('',(18.2847677079365,-27.3650886812087,32.351599051658));
#931=CARTESIAN_POINT('',(12.594769035512,-30.4064621649058,32.351599051658));
#932=CARTESIAN_POINT('',(6.42075657663087,-32.2793230045429,32.351599051658));
#933=CARTESIAN_POINT('',(1.98498827856593E-8,-32.9117174946108,32.351599051658));
#934=CARTESIAN_POINT('',(-6.42075653604384,-32.2793230120981,32.351599051658));
#935=CARTESIAN_POINT('',(-12.5947689909941,-30.4064621830142,32.351599051658));
#936=CARTESIAN_POINT('',(-18.2847676635895,-27.3650887101382,32.351599051658));
#937=CARTESIAN_POINT('',(-23.2720985996162,-23.272098642348,32.351599051658));
#938=CARTESIAN_POINT('',(-27.3650886756841,-18.2847677153898,32.351599051658));
#939=CARTESIAN_POINT('',(-30.4064621599957,-12.5947690475834,32.351599051658));
#940=CARTESIAN_POINT('',(-32.2793230040352,-6.42075658281571,32.351599051658));
#941=CARTESIAN_POINT('',(-32.9117174948831,-1.87393855979982E-8,32.351599051658));
#942=CARTESIAN_POINT('',(-32.2793230115145,6.42075653775753,32.351599051658));
#943=CARTESIAN_POINT('',(-30.4064621840601,12.5947689874792,32.351599051658));
#944=CARTESIAN_POINT('',(-27.3650887148477,18.2847676558718,32.351599051658));
#945=CARTESIAN_POINT('',(-23.2720986479015,23.272098593635,32.351599051658));
#946=CARTESIAN_POINT('',(-18.2847677279008,27.3650886678901,32.351599051658));
#947=CARTESIAN_POINT('',(-12.594769045984,30.4064621609744,32.351599051658));
#948=CARTESIAN_POINT('',(-6.4207565884147,32.2793230030632,32.351599051658));
#949=CARTESIAN_POINT('',(-1.78318903021874E-8,32.9117174952919,32.351599051658));
#950=CARTESIAN_POINT('',(6.42075653970841,32.2793230108524,32.351599051658));
#951=CARTESIAN_POINT('',(12.5947689836232,30.4064621851378,32.351599051658));
#952=CARTESIAN_POINT('',(18.2847676465119,27.3650887206582,32.351599051658));
#953=CARTESIAN_POINT('',(23.2720985877607,23.2720986534635,32.351599051658));
#954=CARTESIAN_POINT('',(27.3650886595249,18.2847677410685,32.351599051658));
#955=CARTESIAN_POINT('',(30.4064621622634,12.5947690407439,32.351599051658));
#956=CARTESIAN_POINT('',(32.2793229977509,6.42075665897446,32.351599051658));
#957=CARTESIAN_POINT('',(32.7009193291836,2.1402700456311,32.351599051658));
#958=CARTESIAN_POINT('',(32.7009193289721,-2.14027004426433,32.351599051658));
#959=CARTESIAN_POINT('',(6.11381293707034E-16,1.4210854715202E-14,32.351599051658));
#960=CARTESIAN_POINT('',(6.1138129370737E-16,1.4210854715202E-14,32.351599051658));
#961=CARTESIAN_POINT('',(6.11268741923154E-16,1.4210854715202E-14,32.351599051658));
#962=CARTESIAN_POINT('',(6.11775224951383E-16,1.4210854715202E-14,32.351599051658));
#963=CARTESIAN_POINT('',(6.09918120513505E-16,1.4210854715202E-14,32.351599051658));
#964=CARTESIAN_POINT('',(6.16840055241644E-16,1.4210854715202E-14,32.351599051658));
#965=CARTESIAN_POINT('',(5.91009420748833E-16,1.4210854715202E-14,32.351599051658));
#966=CARTESIAN_POINT('',(6.87410024059628E-16,1.4210854715202E-14,32.351599051658));
#967=CARTESIAN_POINT('',(3.27638245056648E-16,1.4210854715202E-14,32.351599051658));
#968=CARTESIAN_POINT('',(1.67032475870061E-15,1.4210854715202E-14,32.351599051658));
#969=CARTESIAN_POINT('',(3.27638244627326E-16,1.4210854715202E-14,32.351599051658));
#970=CARTESIAN_POINT('',(6.87410024289686E-16,1.4210854715202E-14,32.351599051658));
#971=CARTESIAN_POINT('',(5.91009420656366E-16,1.4210854715202E-14,32.351599051658));
#972=CARTESIAN_POINT('',(6.16840055274675E-16,1.4210854715202E-14,32.351599051658));
#973=CARTESIAN_POINT('',(6.09918120502449E-16,1.4210854715202E-14,32.351599051658));
#974=CARTESIAN_POINT('',(6.11775224954911E-16,1.4210854715202E-14,32.351599051658));
#975=CARTESIAN_POINT('',(6.11268741922142E-16,1.4210854715202E-14,32.351599051658));
#976=CARTESIAN_POINT('',(6.1143756959948E-16,1.4210854715202E-14,32.351599051658));
#977=CARTESIAN_POINT('',(6.11268741923152E-16,1.4210854715202E-14,32.351599051658));
#978=CARTESIAN_POINT('',(6.11775224951384E-16,1.4210854715202E-14,32.351599051658));
#979=CARTESIAN_POINT('',(6.09918120513505E-16,1.4210854715202E-14,32.351599051658));
#980=CARTESIAN_POINT('',(6.16840055241643E-16,1.4210854715202E-14,32.351599051658));
#981=CARTESIAN_POINT('',(5.91009420748834E-16,1.4210854715202E-14,32.351599051658));
#982=CARTESIAN_POINT('',(6.87410024059629E-16,1.4210854715202E-14,32.351599051658));
#983=CARTESIAN_POINT('',(3.27638245056651E-16,1.4210854715202E-14,32.351599051658));
#984=CARTESIAN_POINT('',(1.67032475870061E-15,1.4210854715202E-14,32.351599051658));
#985=CARTESIAN_POINT('',(3.27638244627329E-16,1.4210854715202E-14,32.351599051658));
#986=CARTESIAN_POINT('',(6.87410024289686E-16,1.4210854715202E-14,32.351599051658));
#987=CARTESIAN_POINT('',(5.91009420656366E-16,1.4210854715202E-14,32.351599051658));
#988=CARTESIAN_POINT('',(6.16840055274676E-16,1.4210854715202E-14,32.351599051658));
#989=CARTESIAN_POINT('',(6.09918120502449E-16,1.4210854715202E-14,32.351599051658));
#990=CARTESIAN_POINT('',(6.11775224954911E-16,1.4210854715202E-14,32.351599051658));
#991=CARTESIAN_POINT('',(6.11268741922145E-16,1.4210854715202E-14,32.351599051658));
#992=CARTESIAN_POINT('',(6.11381293707034E-16,1.4210854715202E-14,32.351599051658));
#993=CARTESIAN_POINT('',(6.1138129370737E-16,1.4210854715202E-14,32.351599051658));
#994=CARTESIAN_POINT('',(0.,0.,32.351654235008));
#995=CARTESIAN_POINT('',(103.915,1.27259172133397E-14,32.351654235008));
#996=CARTESIAN_POINT('',(93.99,0.,20.351654235008));
#997=CARTESIAN_POINT('',(93.9925,0.,20.351654235008));
#998=CARTESIAN_POINT('',(93.995,0.,20.351654235008));
#999=CARTESIAN_POINT('',(93.9975,0.,20.351654235008));
#1000=CARTESIAN_POINT('',(94.,0.,20.351654235008));
#1001=CARTESIAN_POINT('',(94.777604941858,0.,20.351654235008));
#1002=CARTESIAN_POINT('',(103.915,0.,20.351654235008));
#1003=CARTESIAN_POINT('',(103.915,0.,31.410528738053));
#1004=CARTESIAN_POINT('',(103.915,0.,32.351654235008));
#1005=CARTESIAN_POINT('',(0.,0.,0.));
#1006=CARTESIAN_POINT('',(0.906530080096519,103.915,52.489099051658));
#1007=CARTESIAN_POINT('',(-0.906530080097543,103.915,52.489099051658));
#1008=CARTESIAN_POINT('',(-2.2489426256352,103.896718315028,52.7635639812086));
#1009=CARTESIAN_POINT('',(-4.49161200259125,103.82394465162,55.009808841767));
#1010=CARTESIAN_POINT('',(-4.7634086842409,103.805770394697,56.3522484306527));
#1011=CARTESIAN_POINT('',(-4.76158647973917,103.805846253135,58.1605479108185));
#1012=CARTESIAN_POINT('',(-4.48583401212387,103.824196250198,59.503125869659));
#1013=CARTESIAN_POINT('',(-2.24282691316204,103.896852327342,61.741789162789));
#1014=CARTESIAN_POINT('',(-0.904174625470144,103.915010877371,62.0144216283809));
#1015=CARTESIAN_POINT('',(0.907569613028453,103.9149890949,62.0137758698989));
#1016=CARTESIAN_POINT('',(2.24752996037303,103.896753191741,61.7403755677461));
#1017=CARTESIAN_POINT('',(4.49100765184073,103.82397521746,59.4946674423371));
#1018=CARTESIAN_POINT('',(4.7629826988798,103.805789933612,58.1538518126013));
#1019=CARTESIAN_POINT('',(4.76201594184455,103.80582655471,56.3442576583135));
#1020=CARTESIAN_POINT('',(4.49026728539238,103.824013962755,55.0068814826302));
#1021=CARTESIAN_POINT('',(2.24554643744184,103.896802792551,52.7617462192968));
#1022=CARTESIAN_POINT('',(0.906530080096519,103.915,52.489099051658));
#1023=CARTESIAN_POINT('',(-0.906530080097543,103.915,52.489099051658));
#1024=CARTESIAN_POINT('',(-5.08625593634655E-13,103.915,52.489099051658));
#1025=CARTESIAN_POINT('',(0.,0.,206.66947330929));
#1026=CARTESIAN_POINT('',(0.,103.915,206.66947330929));
#1027=CARTESIAN_POINT('',(0.,0.,1778.18906775523));
#1028=CARTESIAN_POINT('',(-2.13842623630534E-13,43.7,57.251599051658));
#1029=CARTESIAN_POINT('',(-10.7189229912294,81.8356763862659,206.66947330929));
#1030=CARTESIAN_POINT('',(5.49868153071833,81.8141771742234,206.66947330929));
#1031=CARTESIAN_POINT('',(10.9049848136244,81.2701842675688,206.66947330929));
#1032=CARTESIAN_POINT('',(21.4267195748008,79.1526248380812,206.66947330929));
#1033=CARTESIAN_POINT('',(26.5243515796899,77.5940552746164,206.66947330929));
#1034=CARTESIAN_POINT('',(36.3973113783891,73.4900934555587,206.669473309289));
#1035=CARTESIAN_POINT('',(41.1989157312418,70.9136294134512,206.66947330929));
#1036=CARTESIAN_POINT('',(50.0673123047174,64.9650930501741,206.66947330929));
#1037=CARTESIAN_POINT('',(54.1851260666753,61.5772388284858,206.669473309289));
#1038=CARTESIAN_POINT('',(61.7780165587947,53.9613279006196,206.669473309289));
#1039=CARTESIAN_POINT('',(65.1962163849703,49.7740474096278,206.66947330929));
#1040=CARTESIAN_POINT('',(71.1038503423543,40.9018700631847,206.66947330929));
#1041=CARTESIAN_POINT('',(73.6383372820045,36.1534405153078,206.66947330929));
#1042=CARTESIAN_POINT('',(77.7466946242038,26.1907299574059,206.669473309289));
#1043=CARTESIAN_POINT('',(79.2825032903788,21.0808395675529,206.66947330929));
#1044=CARTESIAN_POINT('',(81.3523269559528,10.6126538669661,206.66947330929));
#1045=CARTESIAN_POINT('',(81.8800483413091,5.19396261616705,206.669473309289));
#1046=CARTESIAN_POINT('',(81.8633646744991,-5.50994540575117,206.669473309289));
#1047=CARTESIAN_POINT('',(81.3337222949653,-10.8125151415878,206.66947330929));
#1048=CARTESIAN_POINT('',(79.2328621594086,-21.3189832319718,206.66947330929));
#1049=CARTESIAN_POINT('',(77.6444570727091,-26.5200817793067,206.66947330929));
#1050=CARTESIAN_POINT('',(73.5487438879082,-36.3690629936383,206.66947330929));
#1051=CARTESIAN_POINT('',(71.0318851151711,-41.0773998610481,206.66947330929));
#1052=CARTESIAN_POINT('',(65.0281014636902,-50.0469894981491,206.66947330929));
#1053=CARTESIAN_POINT('',(61.6166329948005,-54.1852193101591,206.66947330929));
#1054=CARTESIAN_POINT('',(54.0744725082009,-61.7177546637262,206.66947330929));
#1055=CARTESIAN_POINT('',(49.8850311369796,-65.1530118228863,206.66947330929));
#1056=CARTESIAN_POINT('',(40.9473677135573,-71.1102321967604,206.66947330929));
#1057=CARTESIAN_POINT('',(36.2423654060827,-73.6170361742816,206.66947330929));
#1058=CARTESIAN_POINT('',(26.3679142892713,-77.7028032064839,206.66947330929));
#1059=CARTESIAN_POINT('',(21.1516013553314,-79.2815519220946,206.66947330929));
#1060=CARTESIAN_POINT('',(10.6712067227839,-81.3584669918044,206.66947330929));
#1061=CARTESIAN_POINT('',(5.36518340218487,-81.8806059744158,206.66947330929));
#1062=CARTESIAN_POINT('',(-10.7527761494559,-81.8791516121743,206.66947330929));
#1063=CARTESIAN_POINT('',(-21.5932795652568,-79.6951857682676,206.66947330929));
#1064=CARTESIAN_POINT('',(-41.283257697449,-71.5041696856688,206.66947330929));
#1065=CARTESIAN_POINT('',(-50.4093025392055,-65.3891439553081,206.66947330929));
#1066=CARTESIAN_POINT('',(-61.7083416081921,-54.0693437329698,206.66947330929));
#1067=CARTESIAN_POINT('',(-65.1501645696679,-49.8698571002341,206.66947330929));
#1068=CARTESIAN_POINT('',(-71.0984577968764,-40.9428948945381,206.66947330929));
#1069=CARTESIAN_POINT('',(-73.6042943209961,-36.2385622296459,206.66947330929));
#1070=CARTESIAN_POINT('',(-77.6923880400639,-26.3549006759979,206.66947330929));
#1071=CARTESIAN_POINT('',(-79.2693041609225,-21.1401981097608,206.66947330929));
#1072=CARTESIAN_POINT('',(-81.3431353264691,-10.6676010901408,206.66947330929));
#1073=CARTESIAN_POINT('',(-81.8662150337885,-5.36006484531017,206.66947330929));
#1074=CARTESIAN_POINT('',(-81.8577565153078,10.7812744446398,206.66947330929));
#1075=CARTESIAN_POINT('',(-79.7344115268552,21.4103080079482,206.66947330929));
#1076=CARTESIAN_POINT('',(-73.5434953728323,36.3305207827192,206.66947330929));
#1077=CARTESIAN_POINT('',(-71.0225203729746,41.0317299400721,206.66947330929));
#1078=CARTESIAN_POINT('',(-65.0916970231626,49.9051130987621,206.66947330929));
#1079=CARTESIAN_POINT('',(-61.6350796340663,54.1140279736656,206.669473309289));
#1080=CARTESIAN_POINT('',(-54.0634982643358,61.674321812277,206.669473309289));
#1081=CARTESIAN_POINT('',(-49.9424197316302,65.0534071866093,206.66947330929));
#1082=CARTESIAN_POINT('',(-41.028469473012,71.007998510293,206.66947330929));
#1083=CARTESIAN_POINT('',(-36.2332589685155,73.565637692449,206.66947330929));
#1084=CARTESIAN_POINT('',(-21.4521477934976,79.6826255553834,206.66947330929));
#1085=CARTESIAN_POINT('',(-10.7189229912294,81.8356763862659,206.66947330929));
#1086=CARTESIAN_POINT('',(5.49868153071833,81.8141771742234,206.66947330929));
#1087=CARTESIAN_POINT('',(0.0928133567357477,81.8213435782375,206.66947330929));
#1088=CARTESIAN_POINT('',(-3.23977361082778E-13,66.0000000000002,206.66947330929));
#1089=CARTESIAN_POINT('',(0.0692257276544424,64.0283733383889,195.802361881238));
#1090=CARTESIAN_POINT('',(-8.3645801836872,64.0355242214107,195.794511348931));
#1091=CARTESIAN_POINT('',(-16.7183275960977,62.3695591285403,195.779165728555));
#1092=CARTESIAN_POINT('',(-24.4810245320721,59.1635293281283,195.785797920837));
#1093=CARTESIAN_POINT('',(-25.4513616490689,58.7627756030768,195.786626944872));
#1094=CARTESIAN_POINT('',(-26.4119937412364,58.3382880443095,195.787754303703));
#1095=CARTESIAN_POINT('',(-27.3617641341172,57.8906178278105,195.789167550127));
#1096=CARTESIAN_POINT('',(-27.4804854332273,57.8346590507481,195.78934420593));
#1097=CARTESIAN_POINT('',(-27.5990370169981,57.7783380434495,195.789525328717));
#1098=CARTESIAN_POINT('',(-27.7174166251836,57.7216558814124,195.789710894169));
#1099=CARTESIAN_POINT('',(-27.8357962333691,57.6649737193754,195.789896459621));
#1100=CARTESIAN_POINT('',(-27.7999171903142,57.6820848356225,195.789836310088));
#1101=CARTESIAN_POINT('',(-27.8239155925431,57.6705307814718,195.789858300137));
#1102=CARTESIAN_POINT('',(-27.8719123970009,57.6474226731705,195.789902280234));
#1103=CARTESIAN_POINT('',(-27.9306759742685,57.6190440450741,195.789926221653));
#1104=CARTESIAN_POINT('',(-28.00015840331,57.585296562968,195.789930531046));
#1105=CARTESIAN_POINT('',(-28.139123261393,57.5178015987558,195.789939149832));
#1106=CARTESIAN_POINT('',(-28.320982894472,57.4288664936933,195.789869109578));
#1107=CARTESIAN_POINT('',(-28.5451295104662,57.317277408551,195.789725319897));
#1108=CARTESIAN_POINT('',(-29.4417159744433,56.8709210679818,195.789150161175));
#1109=CARTESIAN_POINT('',(-31.0230214482251,56.0724555502599,195.787373680449));
#1110=CARTESIAN_POINT('',(-33.1915401436061,54.7582571606582,195.784949086119));
#1111=CARTESIAN_POINT('',(-34.2757994912967,54.1011579658573,195.783736788954));
#1112=CARTESIAN_POINT('',(-35.5052420431153,53.3129185675219,195.782380868755));
#1113=CARTESIAN_POINT('',(-36.8555489904105,52.3626446961192,195.780862804776));
#1114=CARTESIAN_POINT('',(-37.5307024640582,51.8875077604179,195.780103772786));
#1115=CARTESIAN_POINT('',(-38.2359230955956,51.371773919412,195.77930204335));
#1116=CARTESIAN_POINT('',(-38.9671421497175,50.8111389455777,195.778438578473));
#1117=CARTESIAN_POINT('',(-39.149946913248,50.6709802021191,195.778222712254));
#1118=CARTESIAN_POINT('',(-39.334372802232,50.5280139955366,195.778002918908));
#1119=CARTESIAN_POINT('',(-39.5203484707005,50.38217094813,195.777778755578));
#1120=CARTESIAN_POINT('',(-39.7063241391691,50.2363279007234,195.777554592248));
#1121=CARTESIAN_POINT('',(-39.9040603833203,50.0791315142096,195.777312440492));
#1122=CARTESIAN_POINT('',(-40.025660797193,49.9817802918646,195.777163574089));
#1123=CARTESIAN_POINT('',(-40.2688616249383,49.7870778471746,195.776865841282));
#1124=CARTESIAN_POINT('',(-40.50848390028,49.5923330108952,195.776573895369));
#1125=CARTESIAN_POINT('',(-40.7445776809584,49.3976575501544,195.776286916535));
#1126=CARTESIAN_POINT('',(-42.6333279263849,47.8402538642278,195.773991085862));
#1127=CARTESIAN_POINT('',(-44.2957753506869,46.2882010140477,195.77192777472));
#1128=CARTESIAN_POINT('',(-45.760686438432,44.7916083687867,195.770104732686));
#1129=CARTESIAN_POINT('',(-47.225597526177,43.2950157235257,195.768281690653));
#1130=CARTESIAN_POINT('',(-48.4934382265061,41.8540494628597,195.766807307429));
#1131=CARTESIAN_POINT('',(-49.594609781805,40.5063382472531,195.765832672144));
#1132=CARTESIAN_POINT('',(-49.7322562262173,40.3378743453022,195.765710842734));
#1133=CARTESIAN_POINT('',(-49.8672970153727,40.1708519207554,195.765596417593));
#1134=CARTESIAN_POINT('',(-49.9997898975104,40.0053316044163,195.765489484947));
#1135=CARTESIAN_POINT('',(-50.132282779648,39.8398112880773,195.765382552302));
#1136=CARTESIAN_POINT('',(-50.3123410297717,39.612576835917,195.765238816123));
#1137=CARTESIAN_POINT('',(-50.4734301250098,39.406330796173,195.765104478026));
#1138=CARTESIAN_POINT('',(-50.7956083154862,38.9938387166849,195.764835801832));
#1139=CARTESIAN_POINT('',(-51.1127184858887,38.5773866943249,195.764556569811));
#1140=CARTESIAN_POINT('',(-51.4246553137533,38.1570928099546,195.764266613331));
#1141=CARTESIAN_POINT('',(-52.0485289694826,37.3165050412142,195.763686700369));
#1142=CARTESIAN_POINT('',(-52.6516790986362,36.4605282422135,195.763061873669));
#1143=CARTESIAN_POINT('',(-53.2334477466144,35.5902391762125,195.762403124288));
#1144=CARTESIAN_POINT('',(-55.560522338527,32.1090829122087,195.759768126762));
#1145=CARTESIAN_POINT('',(-57.5451781548245,28.3988610473418,195.75656640053));
#1146=CARTESIAN_POINT('',(-59.1488889632456,24.5305395657493,195.753749797427));
#1147=CARTESIAN_POINT('',(-62.3563105800878,16.7938966025643,195.748116591221));
#1148=CARTESIAN_POINT('',(-64.0349489575738,8.42318450918909,195.751893846511));
#1149=CARTESIAN_POINT('',(-64.0428500786122,0.0508794941764733,195.748553836779));
#1150=CARTESIAN_POINT('',(-64.0468006391314,-4.13527301332983,195.746883831913));
#1151=CARTESIAN_POINT('',(-63.6370304050024,-8.32181104533832,195.742281997809));
#1152=CARTESIAN_POINT('',(-62.8215004281161,-12.4289388009672,195.736416165729));
#1153=CARTESIAN_POINT('',(-62.7195591810053,-12.9423297704208,195.73568293672));
#1154=CARTESIAN_POINT('',(-62.6113238465641,-13.4544546484829,195.734936127932));
#1155=CARTESIAN_POINT('',(-62.4968479834712,-13.9651359027309,195.734183357637));
#1156=CARTESIAN_POINT('',(-62.4682290176979,-14.0928062162929,195.733995165063));
#1157=CARTESIAN_POINT('',(-62.4449010671812,-14.1949529613963,195.733844015662));
#1158=CARTESIAN_POINT('',(-62.4358886814454,-14.2343627527676,195.733785922469));
#1159=CARTESIAN_POINT('',(-62.4268762957096,-14.273772544139,195.733727829277));
#1160=CARTESIAN_POINT('',(-62.417734645163,-14.3135767419339,195.733669346803));
#1161=CARTESIAN_POINT('',(-62.4084614506407,-14.3537747143131,195.733610478092));
#1162=CARTESIAN_POINT('',(-62.3899150615961,-14.4341706590714,195.73349274067));
#1163=CARTESIAN_POINT('',(-62.3708425399686,-14.5161417243875,195.733373457832));
#1164=CARTESIAN_POINT('',(-62.3512251308829,-14.5996825946044,195.733252659287));
#1165=CARTESIAN_POINT('',(-62.27275549454,-14.9338460754721,195.732769465105));
#1166=CARTESIAN_POINT('',(-62.1855812901717,-15.2931343120954,195.732261837336));
#1167=CARTESIAN_POINT('',(-62.0883924274749,-15.677146499429,195.731733031707));
#1168=CARTESIAN_POINT('',(-61.8940147020812,-16.4451708740962,195.730675420449));
#1169=CARTESIAN_POINT('',(-61.6598347388363,-17.3119986971546,195.72952399262));
#1170=CARTESIAN_POINT('',(-61.3726717738636,-18.2746588922688,195.728379276361));
#1171=CARTESIAN_POINT('',(-60.2240199139729,-22.1252996727255,195.723800411324));
#1172=CARTESIAN_POINT('',(-58.2626215235153,-27.5818260877051,195.720706716301));
#1173=CARTESIAN_POINT('',(-54.3383492132288,-33.8783156627,195.719908910492));
#1174=CARTESIAN_POINT('',(-52.3762130580856,-37.0265604501975,195.719510007588));
#1175=CARTESIAN_POINT('',(-49.9141173521744,-40.3729699411311,195.719487105679));
#1176=CARTESIAN_POINT('',(-46.8032894324197,-43.7047534397847,195.718928094716));
#1177=CARTESIAN_POINT('',(-43.6924615126649,-47.0365369384383,195.718369083754));
#1178=CARTESIAN_POINT('',(-39.9291478893251,-50.3548141406451,195.717185888979));
#1179=CARTESIAN_POINT('',(-35.4246058901045,-53.3457051506387,195.715623779592));
#1180=CARTESIAN_POINT('',(-30.9200638908839,-56.3365961606323,195.714061670205));
#1181=CARTESIAN_POINT('',(-25.6695418159919,-58.9988823160962,195.712284032753));
#1182=CARTESIAN_POINT('',(-19.7182068291493,-60.9268116544405,195.712227623896));
#1183=CARTESIAN_POINT('',(-16.742539335728,-61.8907763236126,195.712199419467));
#1184=CARTESIAN_POINT('',(-13.5942863704876,-62.669909310648,195.713064599896));
#1185=CARTESIAN_POINT('',(-10.2980490443227,-63.207485462371,195.713134893615));
#1186=CARTESIAN_POINT('',(-8.64993038124034,-63.4762735382326,195.713170040475));
#1187=CARTESIAN_POINT('',(-6.9650699062874,-63.6845936172058,195.712784743591));
#1188=CARTESIAN_POINT('',(-5.24794632361443,-63.8256869652581,195.712301083782));
#1189=CARTESIAN_POINT('',(-4.38938453227795,-63.8962336392843,195.712059253877));
#1190=CARTESIAN_POINT('',(-3.52277053488821,-63.9499718416183,195.711801547001));
#1191=CARTESIAN_POINT('',(-2.64875973716414,-63.9860481898785,195.711580834813));
#1192=CARTESIAN_POINT('',(-2.21175433830211,-64.0040863640086,195.711470478718));
#1193=CARTESIAN_POINT('',(-1.77290187152005,-64.0177117206648,195.711367877668));
#1194=CARTESIAN_POINT('',(-1.33229471044544,-64.0268272013861,195.711274065859));
#1195=CARTESIAN_POINT('',(-1.11199112990813,-64.0313849417468,195.711227159954));
#1196=CARTESIAN_POINT('',(-0.89124894298054,-64.0348152047107,195.711182451976));
#1197=CARTESIAN_POINT('',(-0.670080102921831,-64.0371058076793,195.711140074935));
#1198=CARTESIAN_POINT('',(-0.559495682892476,-64.0382511091636,195.711118886414));
#1199=CARTESIAN_POINT('',(-0.448804603843304,-64.0391114951266,195.711098280667));
#1200=CARTESIAN_POINT('',(-0.338008385618122,-64.0396854396154,195.711078274555));
#1201=CARTESIAN_POINT('',(-0.227212167392939,-64.0402593841042,195.711058268443));
#1202=CARTESIAN_POINT('',(-0.0788863950014655,-64.040546729844,195.711032527131));
#1203=CARTESIAN_POINT('',(-0.00530585047115554,-64.0405464206251,195.711020072144));
#1204=CARTESIAN_POINT('',(9.41300384940853,-64.0405068406035,195.709425833834));
#1205=CARTESIAN_POINT('',(18.2532869640615,-61.9492486291351,195.70626133102));
#1206=CARTESIAN_POINT('',(25.9029574715322,-58.5655960039302,195.705426778751));
#1207=CARTESIAN_POINT('',(29.7277927252675,-56.8737696913278,195.705009502617));
#1208=CARTESIAN_POINT('',(33.2665148987026,-54.8603190333533,195.705911063322));
#1209=CARTESIAN_POINT('',(36.4870233389962,-52.6288580388931,195.707051773141));
#1210=CARTESIAN_POINT('',(38.0972775591431,-51.5131275416629,195.70762212805));
#1211=CARTESIAN_POINT('',(39.6243034002199,-50.3470045155174,195.70808711982));
#1212=CARTESIAN_POINT('',(41.0842195684573,-49.1264232362358,195.708612108699));
#1213=CARTESIAN_POINT('',(41.8141776525761,-48.5161325965949,195.708874603138));
#1214=CARTESIAN_POINT('',(42.5286762096777,-47.8908476817,195.709139665111));
#1215=CARTESIAN_POINT('',(43.2235542918313,-47.2550466176496,195.709399045052));
#1216=CARTESIAN_POINT('',(43.5709933329081,-46.9371460856244,195.709528735022));
#1217=CARTESIAN_POINT('',(43.9135886111029,-46.6165924652818,195.709657490969));
#1218=CARTESIAN_POINT('',(44.2512843416096,-46.2936423249151,195.709785092219));
#1219=CARTESIAN_POINT('',(44.420132206863,-46.1321672547317,195.709848892844));
#1220=CARTESIAN_POINT('',(44.5877552939156,-45.9700929135378,195.709912405068));
#1221=CARTESIAN_POINT('',(44.7541472747394,-45.807450533915,195.709975602931));
#1222=CARTESIAN_POINT('',(44.9205392555631,-45.6448081542922,195.710038800793));
#1223=CARTESIAN_POINT('',(45.0644414296719,-45.5028336005139,195.710093573155));
#1224=CARTESIAN_POINT('',(45.2496239946475,-45.317849959528,195.710164228542));
#1225=CARTESIAN_POINT('',(51.1754660738648,-39.3983734479806,195.712425200908));
#1226=CARTESIAN_POINT('',(55.9181814004575,-32.3153203398144,195.714731648988));
#1227=CARTESIAN_POINT('',(59.1347100011448,-24.5815269140824,195.719616760997));
#1228=CARTESIAN_POINT('',(60.7429743014885,-20.7146302012164,195.722059317002));
#1229=CARTESIAN_POINT('',(61.971181349983,-16.6894736709065,195.723183502627));
#1230=CARTESIAN_POINT('',(62.7937356319122,-12.5832041083061,195.724172065884));
#1231=CARTESIAN_POINT('',(63.2050127728768,-10.530069327006,195.724666347513));
#1232=CARTESIAN_POINT('',(63.5153946870288,-8.45692239820739,195.724995100543));
#1233=CARTESIAN_POINT('',(63.7232024598465,-6.37398722743441,195.724678505305));
#1234=CARTESIAN_POINT('',(63.8271063462554,-5.33251964204792,195.724520207686));
#1235=CARTESIAN_POINT('',(63.9053616180392,-4.28859395053867,195.724191440613));
#1236=CARTESIAN_POINT('',(63.9577485272015,-3.24346475667781,195.723613053251));
#1237=CARTESIAN_POINT('',(63.9839419817827,-2.72090015974739,195.723323859571));
#1238=CARTESIAN_POINT('',(64.0036632337752,-2.19803475717928,195.722971032078));
#1239=CARTESIAN_POINT('',(64.0169182500661,-1.67502487287108,195.722552680198));
#1240=CARTESIAN_POINT('',(64.0235457582115,-1.41351993071698,195.722343504257));
#1241=CARTESIAN_POINT('',(64.028557072944,-1.15197886266642,195.722118034685));
#1242=CARTESIAN_POINT('',(64.0319535442447,-0.890421199162317,195.7218761788));
#1243=CARTESIAN_POINT('',(64.0336517798951,-0.759642367410264,195.721755250858));
#1244=CARTESIAN_POINT('',(64.0349463047422,-0.62885938677902,195.721630226338));
#1245=CARTESIAN_POINT('',(64.0358372878614,-0.498074698476735,195.721501093655));
#1246=CARTESIAN_POINT('',(64.036282779421,-0.432682354325592,195.721436527313));
#1247=CARTESIAN_POINT('',(64.036627385552,-0.367289583255714,195.721370933931));
#1248=CARTESIAN_POINT('',(64.0368711274094,-0.301896690411676,195.72130431206));
#1249=CARTESIAN_POINT('',(64.0371148692667,-0.236503797567639,195.721237690189));
#1250=CARTESIAN_POINT('',(64.0372811511868,-0.134700771789561,195.721131799393));
#1251=CARTESIAN_POINT('',(64.0372997813286,-0.105717951697706,195.721101359532));
#1252=CARTESIAN_POINT('',(64.0378959458682,0.821732291241657,195.720127283979));
#1253=CARTESIAN_POINT('',(64.0278886716137,2.33669523552516,195.720975390071));
#1254=CARTESIAN_POINT('',(63.8826124058329,4.43130219400148,195.722966117295));
#1255=CARTESIAN_POINT('',(63.8099742729424,5.47860567323964,195.723961480907));
#1256=CARTESIAN_POINT('',(63.7020204362359,6.67058411341609,195.72523540743));
#1257=CARTESIAN_POINT('',(63.5343283325013,8.00307036069503,195.72673406913));
#1258=CARTESIAN_POINT('',(63.450482280634,8.6693134843345,195.72748339998));
#1259=CARTESIAN_POINT('',(63.3516089733636,9.37063570800544,195.728289541327));
#1260=CARTESIAN_POINT('',(63.2341216681471,10.1061530676946,195.729152617033));
#1261=CARTESIAN_POINT('',(63.1166343629305,10.8416704273838,195.73001569274));
#1262=CARTESIAN_POINT('',(62.9749166901725,11.6398458248193,195.730970936719));
#1263=CARTESIAN_POINT('',(62.8219946058179,12.4140957595121,195.731925567805));
#1264=CARTESIAN_POINT('',(62.2103062683997,15.5110954982833,195.73574409215));
#1265=CARTESIAN_POINT('',(61.4803053206513,18.037576300548,195.73860018166));
#1266=CARTESIAN_POINT('',(60.8270076216182,20.0234287840168,195.741016562508));
#1267=CARTESIAN_POINT('',(60.5003587721016,21.0163550257513,195.742224752932));
#1268=CARTESIAN_POINT('',(60.1914679696779,21.8746027853339,195.743295131536));
#1269=CARTESIAN_POINT('',(59.9167084140534,22.6030414666944,195.744180332769));
#1270=CARTESIAN_POINT('',(59.7793286362412,22.9672608073746,195.744622933385));
#1271=CARTESIAN_POINT('',(59.650405693923,23.2990273574931,195.745017515565));
#1272=CARTESIAN_POINT('',(59.5315183888126,23.5988970023454,195.745355813548));
#1273=CARTESIAN_POINT('',(59.4720747362573,23.7488318247716,195.74552496254));
#1274=CARTESIAN_POINT('',(59.4151350362343,23.8907914795004,195.745680076371));
#1275=CARTESIAN_POINT('',(59.3608673504658,24.0248388754361,195.745820321276));
#1276=CARTESIAN_POINT('',(59.3337335075815,24.091862573404,195.745890443728));
#1277=CARTESIAN_POINT('',(59.307267366805,24.1569081307059,195.745956850899));
#1278=CARTESIAN_POINT('',(59.2814881396028,24.2199829295158,195.74601944983));
#1279=CARTESIAN_POINT('',(59.2685985260018,24.2515203289207,195.746050749296));
#1280=CARTESIAN_POINT('',(59.255880622184,24.282565033481,195.746081096816));
#1281=CARTESIAN_POINT('',(59.243336718286,24.3131179338899,195.746110481439));
#1282=CARTESIAN_POINT('',(59.230792814388,24.3436708342988,195.746139866062));
#1283=CARTESIAN_POINT('',(59.2312094046206,24.3427241915061,195.74613950505));
#1284=CARTESIAN_POINT('',(59.2062292225824,24.4033020913698,195.746195736108));
#1285=CARTESIAN_POINT('',(56.0087659216962,32.1572732739203,195.753393311467));
#1286=CARTESIAN_POINT('',(51.2677191947716,39.2776015375743,195.762528801469));
#1287=CARTESIAN_POINT('',(45.3499560819889,45.2082274674997,195.761384192792));
#1288=CARTESIAN_POINT('',(42.3910745255976,48.1735404324624,195.760811888454));
#1289=CARTESIAN_POINT('',(39.1416621733094,50.8486609171186,195.762432145849));
#1290=CARTESIAN_POINT('',(35.6617682018138,53.1809066979642,195.767001256792));
#1291=CARTESIAN_POINT('',(33.921821216066,54.347029588387,195.769285812263));
#1292=CARTESIAN_POINT('',(32.124590598466,55.4279106869359,195.772321133847));
#1293=CARTESIAN_POINT('',(30.2788648854411,56.4187694446446,195.776253436053));
#1294=CARTESIAN_POINT('',(29.3560020289286,56.914198823499,195.778219587156));
#1295=CARTESIAN_POINT('',(28.4210152261641,57.3871221826055,195.78040998051));
#1296=CARTESIAN_POINT('',(27.4750022005274,57.8369391974461,195.782842876175));
#1297=CARTESIAN_POINT('',(27.0019956877091,58.0618477048665,195.784059324008));
#1298=CARTESIAN_POINT('',(26.5262318464373,58.2809775567412,195.78533654364));
#1299=CARTESIAN_POINT('',(26.0478505496935,58.4942607090633,195.786676301188));
#1300=CARTESIAN_POINT('',(25.8086599013216,58.6009022852244,195.787346179962));
#1301=CARTESIAN_POINT('',(25.5391084157455,58.7186736710305,195.788127589337));
#1302=CARTESIAN_POINT('',(25.3909417469844,58.7827547688179,195.788546628533));
#1303=CARTESIAN_POINT('',(25.2427750782232,58.8468358666053,195.78896566773));
#1304=CARTESIAN_POINT('',(25.0913051069918,58.9116699753648,195.789374024455));
#1305=CARTESIAN_POINT('',(24.936506336232,58.9771846912464,195.789771871557));
#1306=CARTESIAN_POINT('',(22.4597260040752,60.0254201453517,195.796137425181));
#1307=CARTESIAN_POINT('',(19.1261882456775,61.2671283396884,195.799748388205));
#1308=CARTESIAN_POINT('',(14.8514443560971,62.2856399941159,195.801698751349));
#1309=CARTESIAN_POINT('',(12.714072411307,62.7948958213297,195.80267393292));
#1310=CARTESIAN_POINT('',(10.3416077375365,63.2444981445657,195.803266382365));
#1311=CARTESIAN_POINT('',(7.74172730749959,63.5609877828669,195.803493008974));
#1312=CARTESIAN_POINT('',(6.44178709248112,63.7192326020175,195.803606322278));
#1313=CARTESIAN_POINT('',(5.08526592952059,63.8439643495059,195.803626427669));
#1314=CARTESIAN_POINT('',(3.6751531070591,63.924535206388,195.803542452955));
#1315=CARTESIAN_POINT('',(2.97009669582836,63.9648206348291,195.803500465598));
#1316=CARTESIAN_POINT('',(2.18293404094741,63.9942306620011,195.803470448752));
#1317=CARTESIAN_POINT('',(1.6594703926844,64.0074986261416,195.803328172341));
#1318=CARTESIAN_POINT('',(1.13600674442138,64.0207665902822,195.80318589593));
#1319=CARTESIAN_POINT('',(0.605956780594931,64.0279182531031,195.802861492506));
#1320=CARTESIAN_POINT('',(0.0692257276544424,64.0283733383889,195.802361881238));
#1321=CARTESIAN_POINT('',(0.0692257276544629,64.0283733383888,195.802361881237));
#1322=CARTESIAN_POINT('',(12.055458705481,81.0631505952179,206.66947330929));
#1323=CARTESIAN_POINT('',(11.7985118647328,79.3337789775365,206.66947330929));
#1324=CARTESIAN_POINT('',(11.5323633431782,77.5424757728574,206.460035807448));
#1325=CARTESIAN_POINT('',(11.0077617711696,74.0116634593813,205.496354390337));
#1326=CARTESIAN_POINT('',(10.7501583524834,72.2778727671259,204.752330690216));
#1327=CARTESIAN_POINT('',(10.2758861104796,69.085800227969,202.797038412196));
#1328=CARTESIAN_POINT('',(10.0595842719851,67.6299883594307,201.587259138711));
#1329=CARTESIAN_POINT('',(9.69088028170659,65.1484392021929,198.866329026104));
#1330=CARTESIAN_POINT('',(9.53855846585768,64.1232426116618,197.357873018595));
#1331=CARTESIAN_POINT('',(9.42122349370563,63.3335237343628,195.802446073001));
#1332=CARTESIAN_POINT('',(6.69770925346862,81.8591817201142,206.669473309293));
#1333=CARTESIAN_POINT('',(6.55480025270162,80.1130448941013,206.66947330925));
#1334=CARTESIAN_POINT('',(6.40677553726739,78.3043901394517,206.460078578881));
#1335=CARTESIAN_POINT('',(6.11500457848111,74.7393660411776,205.496607966626));
#1336=CARTESIAN_POINT('',(5.97173060662465,72.9887686815172,204.752750626589));
#1337=CARTESIAN_POINT('',(5.70793993692739,69.7656878872765,202.797886987699));
#1338=CARTESIAN_POINT('',(5.58762718587903,68.2956972771531,201.588368975943));
#1339=CARTESIAN_POINT('',(5.38252808324661,65.7898697295595,198.867984079619));
#1340=CARTESIAN_POINT('',(5.29778643684749,64.7545788925103,197.359810407853));
#1341=CARTESIAN_POINT('',(5.23249876147985,63.957014569939,195.804638775694));
#1342=CARTESIAN_POINT('',(1.35150898824634,82.114514594422,206.669473309292));
#1343=CARTESIAN_POINT('',(1.32171130379996,80.3627821166224,206.669473309261));
#1344=CARTESIAN_POINT('',(1.29084496777618,78.548324171663,206.460056767355));
#1345=CARTESIAN_POINT('',(1.23000591641041,74.9718667763632,205.49647866434));
#1346=CARTESIAN_POINT('',(1.20013193747574,73.2156587636863,204.752536498814));
#1347=CARTESIAN_POINT('',(1.14513834891029,69.9822816062896,202.797454294849));
#1348=CARTESIAN_POINT('',(1.12006141903453,68.5076138369113,201.587803061518));
#1349=CARTESIAN_POINT('',(1.07732784063203,65.9938694648436,198.867140121725));
#1350=CARTESIAN_POINT('',(1.05968049079524,64.955340630839,197.358822452642));
#1351=CARTESIAN_POINT('',(1.04609425331159,64.1553175580788,195.803520581675));
#1352=CARTESIAN_POINT('',(-6.65165132498628,81.7289926171684,206.669473309289));
#1353=CARTESIAN_POINT('',(-6.5105397721828,79.9850167858798,206.669473309305));
#1354=CARTESIAN_POINT('',(-6.36437266869031,78.1785550167642,206.459941213353));
#1355=CARTESIAN_POINT('',(-6.07626633321954,74.617887061208,205.495793562998));
#1356=CARTESIAN_POINT('',(-5.93479398883595,72.8694517542581,204.751401923848));
#1357=CARTESIAN_POINT('',(-5.67433992263039,69.6505634823067,202.795161631645));
#1358=CARTESIAN_POINT('',(-5.55555990939411,68.1826038069859,201.584804533965));
#1359=CARTESIAN_POINT('',(-5.3531062873218,65.6805922725801,198.862668623246));
#1360=CARTESIAN_POINT('',(-5.26947677359707,64.6470853189374,197.35358822329));
#1361=CARTESIAN_POINT('',(-5.20506666521707,63.8511205331414,195.797596677627));
#1362=CARTESIAN_POINT('',(-9.3166174276201,81.4699437018726,206.669473309294));
#1363=CARTESIAN_POINT('',(-9.11842858468576,79.7314146630727,206.669473309236));
#1364=CARTESIAN_POINT('',(-8.91313797898927,77.9305871700509,206.459917980693));
#1365=CARTESIAN_POINT('',(-8.50849576186642,74.3810304584526,205.495655814063));
#1366=CARTESIAN_POINT('',(-8.30980006276384,72.6380551171183,204.751173799636));
#1367=CARTESIAN_POINT('',(-7.9440025818512,69.4292545295962,202.794700655616));
#1368=CARTESIAN_POINT('',(-7.77718420014439,67.9659153866276,201.584201634862));
#1369=CARTESIAN_POINT('',(-7.49286231283702,65.4718390058756,198.861769583727));
#1370=CARTESIAN_POINT('',(-7.3754207228823,64.4416448835111,197.352535846807));
#1371=CARTESIAN_POINT('',(-7.28497567733322,63.648269600141,195.796405666789));
#1372=CARTESIAN_POINT('',(-14.6408819831011,80.6847592318781,206.669473309286));
#1373=CARTESIAN_POINT('',(-14.3287567636965,78.9629292719988,206.669473309344));
#1374=CARTESIAN_POINT('',(-14.0054455123755,77.1793911211162,206.459893117776));
#1375=CARTESIAN_POINT('',(-13.3681774524625,73.6639189239821,205.495508398084));
#1376=CARTESIAN_POINT('',(-13.0552538387939,71.9376845697581,204.750929665803));
#1377=CARTESIAN_POINT('',(-12.4791707594264,68.7597419476021,202.794207327932));
#1378=CARTESIAN_POINT('',(-12.216457738565,67.3104965396381,201.583556423459));
#1379=CARTESIAN_POINT('',(-11.7687070630304,64.8405045799926,198.860807446499));
#1380=CARTESIAN_POINT('',(-11.5837669007372,63.8202958335203,197.3514096096));
#1381=CARTESIAN_POINT('',(-11.4413470243042,63.0346508865554,195.795131063218));
#1382=CARTESIAN_POINT('',(-17.3079772189045,80.1551009846855,206.66947330929));
#1383=CARTESIAN_POINT('',(-16.9388367194803,78.4445782931885,206.669473309274));
#1384=CARTESIAN_POINT('',(-16.5564664361366,76.672751193059,206.459888617297));
#1385=CARTESIAN_POINT('',(-15.8027893937501,73.1803633316534,205.495481714308));
#1386=CARTESIAN_POINT('',(-15.4327046174637,71.4654650262896,204.750885475089));
#1387=CARTESIAN_POINT('',(-14.7513915071676,68.3083985077803,202.794118030891));
#1388=CARTESIAN_POINT('',(-14.4406912022231,66.8686770949471,201.583439634272));
#1389=CARTESIAN_POINT('',(-13.9111574715524,64.4149285187017,198.860633292661));
#1390=CARTESIAN_POINT('',(-13.6924393420859,63.4014356119825,197.351205753833));
#1391=CARTESIAN_POINT('',(-13.5240096143314,62.6209696443531,195.794900354422));
#1392=CARTESIAN_POINT('',(-25.1283553305913,78.1974130591155,206.669473309287));
#1393=CARTESIAN_POINT('',(-24.5924727260519,76.5285680433453,206.669473309319));
#1394=CARTESIAN_POINT('',(-24.0373830146542,74.7999075717976,206.459873734354));
#1395=CARTESIAN_POINT('',(-22.9432656119543,71.3926074955979,205.495393470052));
#1396=CARTESIAN_POINT('',(-22.4060120613698,69.7194930118381,204.750739334403));
#1397=CARTESIAN_POINT('',(-21.416953543936,66.6393712316789,202.793822720592));
#1398=CARTESIAN_POINT('',(-20.9659152269442,65.2347514905931,201.583053405418));
#1399=CARTESIAN_POINT('',(-20.1972109465251,62.8408645705964,198.860057353439));
#1400=CARTESIAN_POINT('',(-19.8797123432101,61.8521185762575,197.350531586867));
#1401=CARTESIAN_POINT('',(-19.6352209374929,61.0907332211775,195.794137380401));
#1402=CARTESIAN_POINT('',(-30.1569732805785,76.399099619006,206.669473309283));
#1403=CARTESIAN_POINT('',(-29.5136488199757,74.7686400182803,206.669473309358));
#1404=CARTESIAN_POINT('',(-28.847265741344,73.0797367536735,206.459862182711));
#1405=CARTESIAN_POINT('',(-27.5337824067363,69.7508036529019,205.495324982602));
#1406=CARTESIAN_POINT('',(-26.888812075125,68.1161723902398,204.750625914678));
#1407=CARTESIAN_POINT('',(-25.7014547363341,65.1069151734049,202.793593530492));
#1408=CARTESIAN_POINT('',(-25.1599881338634,63.7346221736353,201.582753652103));
#1409=CARTESIAN_POINT('',(-24.237171514422,61.3958610447289,198.859610349527));
#1410=CARTESIAN_POINT('',(-23.8560224059033,60.4299020660789,197.350008332939));
#1411=CARTESIAN_POINT('',(-23.5625194885369,59.6860839275114,195.793545178283));
#1412=CARTESIAN_POINT('',(-39.847791298299,71.8257335206231,206.669473309295));
#1413=CARTESIAN_POINT('',(-38.9979438616724,70.2922352837382,206.66947330922));
#1414=CARTESIAN_POINT('',(-38.1176172451145,68.7037367490723,206.459751735162));
#1415=CARTESIAN_POINT('',(-36.3824510641078,65.5727314147892,205.494670086914));
#1416=CARTESIAN_POINT('',(-35.530427602767,64.0353064307101,204.749541335199));
#1417=CARTESIAN_POINT('',(-33.9619809498033,61.205150479638,202.791401893308));
#1418=CARTESIAN_POINT('',(-33.2467750590304,59.9146162512195,201.579887275099));
#1419=CARTESIAN_POINT('',(-32.0279979504826,57.7154455631518,198.855336151829));
#1420=CARTESIAN_POINT('',(-31.5246919279884,56.807287603909,197.345005243242));
#1421=CARTESIAN_POINT('',(-31.1372126390684,56.1081379282209,195.787883174516));
#1422=CARTESIAN_POINT('',(-44.5318475661947,69.022021073523,206.669473309295));
#1423=CARTESIAN_POINT('',(-43.5817313738821,67.5481486137838,206.669473309231));
#1424=CARTESIAN_POINT('',(-42.5975256264158,66.0213912068415,206.459671056031));
#1425=CARTESIAN_POINT('',(-40.6576192521636,63.012097680919,205.494191680053));
#1426=CARTESIAN_POINT('',(-39.7050688901954,61.5344488730259,204.748749032279));
#1427=CARTESIAN_POINT('',(-37.9516341920178,58.8144396570115,202.789800865857));
#1428=CARTESIAN_POINT('',(-37.1521118998745,57.574192389577,201.57779334493));
#1429=CARTESIAN_POINT('',(-35.7897634445255,55.4608954417813,198.85221385755));
#1430=CARTESIAN_POINT('',(-35.2272336001092,54.5883053883417,197.341350549404));
#1431=CARTESIAN_POINT('',(-34.7942308269935,53.9166529519757,195.783747243289));
#1432=CARTESIAN_POINT('',(-53.1271044514555,62.6532641276087,206.669473309285));
#1433=CARTESIAN_POINT('',(-51.9932644602774,61.3146636261781,206.669473309349));
#1434=CARTESIAN_POINT('',(-50.8187065279317,59.9279891063239,206.459502977557));
#1435=CARTESIAN_POINT('',(-48.5036358523151,57.1948356470566,205.493194922746));
#1436=CARTESIAN_POINT('',(-47.366887403202,55.8528011715289,204.747098238451));
#1437=CARTESIAN_POINT('',(-45.2745551814331,53.3826266576755,202.786465060552));
#1438=CARTESIAN_POINT('',(-44.3205996921774,52.2564091753878,201.573430583667));
#1439=CARTESIAN_POINT('',(-42.6953890217508,50.3377455053429,198.845708777876));
#1440=CARTESIAN_POINT('',(-42.0244870335423,49.5457162610328,197.33373649461));
#1441=CARTESIAN_POINT('',(-41.5082468901571,48.9362860828072,195.775130997064));
#1442=CARTESIAN_POINT('',(-57.0917376440435,59.0705020204511,206.669473309283));
#1443=CARTESIAN_POINT('',(-55.8727644474906,57.8084440011173,206.669473309358));
#1444=CARTESIAN_POINT('',(-54.6099990399795,56.5010442346377,206.459432951927));
#1445=CARTESIAN_POINT('',(-52.1210827250106,53.9241546479521,205.492779610548));
#1446=CARTESIAN_POINT('',(-50.8989810169076,52.6588573724943,204.746410398291));
#1447=CARTESIAN_POINT('',(-48.6496245339643,50.3300045874734,202.785075121888));
#1448=CARTESIAN_POINT('',(-47.6241216345476,49.2682630065257,201.571612751815));
#1449=CARTESIAN_POINT('',(-45.8771515623635,47.4595726329266,198.842998433673));
#1450=CARTESIAN_POINT('',(-45.1560639025908,46.7130167473425,197.330564195944));
#1451=CARTESIAN_POINT('',(-44.601291756142,46.1386589101937,195.771541314678));
#1452=CARTESIAN_POINT('',(-62.5266004073209,53.0838812025327,206.669473309292));
#1453=CARTESIAN_POINT('',(-61.1913448486299,51.949416552443,206.669473309254));
#1454=CARTESIAN_POINT('',(-59.8080983993048,50.7741773221957,206.45935214059));
#1455=CARTESIAN_POINT('',(-57.0817290611831,48.4577890828595,205.492300312911));
#1456=CARTESIAN_POINT('',(-55.7430444639968,47.3204110026348,204.74561657874));
#1457=CARTESIAN_POINT('',(-53.2792086297097,45.2270796373874,202.783471027556));
#1458=CARTESIAN_POINT('',(-52.1559780479835,44.2727582168396,201.569514841673));
#1459=CARTESIAN_POINT('',(-50.2426916420912,42.6471909962863,198.839870558217));
#1460=CARTESIAN_POINT('',(-49.4530512853279,41.9762981826584,197.326903247749));
#1461=CARTESIAN_POINT('',(-48.84564298936,41.4602349627309,195.767398767043));
#1462=CARTESIAN_POINT('',(-64.2501445305778,50.9854403421136,206.669473309291));
#1463=CARTESIAN_POINT('',(-62.8780196303379,49.8957003077084,206.66947330928));
#1464=CARTESIAN_POINT('',(-61.4565723032543,48.766788186606,206.459327886783));
#1465=CARTESIAN_POINT('',(-58.6549140268253,46.5417140371492,205.492156457254));
#1466=CARTESIAN_POINT('',(-57.2792647739308,45.4491749391278,204.745378321244));
#1467=CARTESIAN_POINT('',(-54.7474257594506,43.4383924934708,202.782989573383));
#1468=CARTESIAN_POINT('',(-53.5932101893037,42.5217170677377,201.568885174348));
#1469=CARTESIAN_POINT('',(-51.6271945859645,40.9603139881343,198.838931770392));
#1470=CARTESIAN_POINT('',(-50.8158214168124,40.3159253460019,197.325804476391));
#1471=CARTESIAN_POINT('',(-50.1917275784718,39.8202743898708,195.766155469668));
#1472=CARTESIAN_POINT('',(-67.4485759187331,46.6750943942102,206.669473309289));
#1473=CARTESIAN_POINT('',(-66.0078153825878,45.6775822628625,206.6694733093));
#1474=CARTESIAN_POINT('',(-64.515254575479,44.6442058988248,206.459288960114));
#1475=CARTESIAN_POINT('',(-61.5734402336523,42.607437206647,205.491925569636));
#1476=CARTESIAN_POINT('',(-60.1289780005881,41.6073621759195,204.744995917808));
#1477=CARTESIAN_POINT('',(-57.4705406923579,39.766791361575,202.782216839108));
#1478=CARTESIAN_POINT('',(-56.2586393978585,38.9277313825615,201.567874558911));
#1479=CARTESIAN_POINT('',(-54.1944489159184,37.4985909188276,198.837425028549));
#1480=CARTESIAN_POINT('',(-53.3426078192229,36.9088206671792,197.324040972328));
#1481=CARTESIAN_POINT('',(-52.6874397548639,36.4552178277464,195.764160019724));
#1482=CARTESIAN_POINT('',(-68.9338498750922,44.4521109429764,206.66947330929));
#1483=CARTESIAN_POINT('',(-67.461253148969,43.5021259788357,206.66947330929));
#1484=CARTESIAN_POINT('',(-65.9357067150567,42.5179824797553,206.459271877928));
#1485=CARTESIAN_POINT('',(-62.9288817711336,40.5782532717091,205.491824247433));
#1486=CARTESIAN_POINT('',(-61.4525010777218,39.6258272158884,204.744828104017));
#1487=CARTESIAN_POINT('',(-58.7353424524989,37.8729655162035,202.781877732685));
#1488=CARTESIAN_POINT('',(-57.4966845034688,37.0738975087706,201.567431061397));
#1489=CARTESIAN_POINT('',(-55.3869579023578,35.7128979451895,198.836763817874));
#1490=CARTESIAN_POINT('',(-54.5163471855833,35.1512618045239,197.323267090558));
#1491=CARTESIAN_POINT('',(-53.8467669595649,34.7193127077,195.763284361128));
#1492=CARTESIAN_POINT('',(-71.6810468190982,39.8732326897456,206.66947330929));
#1493=CARTESIAN_POINT('',(-70.1496799778269,39.0209327924443,206.66947330929));
#1494=CARTESIAN_POINT('',(-68.5632404153583,38.1379813270006,206.459238105476));
#1495=CARTESIAN_POINT('',(-65.4364034636526,36.3977038599716,205.491623924666));
#1496=CARTESIAN_POINT('',(-63.9011006707651,35.5432133427262,204.74449632049));
#1497=CARTESIAN_POINT('',(-61.0755466514477,33.9706195678488,202.781207287501));
#1498=CARTESIAN_POINT('',(-59.7875007868222,33.2537437462263,201.566554226035));
#1499=CARTESIAN_POINT('',(-57.5937316554668,32.0327795023598,198.835456552901));
#1500=CARTESIAN_POINT('',(-56.688484483764,31.5289560538297,197.321737073431));
#1501=CARTESIAN_POINT('',(-55.9923144735463,31.1414974181512,195.761553136491));
#1502=CARTESIAN_POINT('',(-72.9429933172931,37.5173441787584,206.669473309289));
#1503=CARTESIAN_POINT('',(-71.3846420364503,36.7152746756099,206.669473309305));
#1504=CARTESIAN_POINT('',(-69.7702428510659,35.8843576261512,206.45922218729));
#1505=CARTESIAN_POINT('',(-66.5883016089124,34.246640619123,205.491529503577));
#1506=CARTESIAN_POINT('',(-65.0259445533539,33.4425093607498,204.744339935429));
#1507=CARTESIAN_POINT('',(-62.1506223094991,31.9626075030797,202.780891275306));
#1508=CARTESIAN_POINT('',(-60.8399017161846,31.2879921917061,201.566140932917));
#1509=CARTESIAN_POINT('',(-58.6075505028708,30.1390239255343,198.834840383451));
#1510=CARTESIAN_POINT('',(-57.6864043112371,29.6649202994493,197.321015915459));
#1511=CARTESIAN_POINT('',(-56.9780308839781,29.3003293746795,195.760737148083));
#1512=CARTESIAN_POINT('',(-75.2400665494041,32.6705379687517,206.669473309291));
#1513=CARTESIAN_POINT('',(-73.6324386955706,31.9721446745859,206.669473309275));
#1514=CARTESIAN_POINT('',(-71.9669811869187,31.2486285643243,206.459191234521));
#1515=CARTESIAN_POINT('',(-68.6844122322192,29.8225992102357,205.491345900542));
#1516=CARTESIAN_POINT('',(-67.0726510045129,29.1224102581092,204.744035841765));
#1517=CARTESIAN_POINT('',(-64.106450774725,27.833820354297,202.78027678385));
#1518=CARTESIAN_POINT('',(-62.7543280870372,27.2464256813154,201.565337277751));
#1519=CARTESIAN_POINT('',(-60.4515368056493,26.2460391020029,198.833642240465));
#1520=CARTESIAN_POINT('',(-59.5013678464914,25.833264247096,197.319613628677));
#1521=CARTESIAN_POINT('',(-58.7707225370654,25.5158563376396,195.759150475115));
#1522=CARTESIAN_POINT('',(-76.2795752581501,30.1661370906572,206.66947330929));
#1523=CARTESIAN_POINT('',(-74.6496677785836,29.5212447020693,206.669473309295));
#1524=CARTESIAN_POINT('',(-72.9611239021291,28.8531518545375,206.459174099308));
#1525=CARTESIAN_POINT('',(-69.6330562943489,27.5363617713925,205.491244258002));
#1526=CARTESIAN_POINT('',(-67.9989576353953,26.8898110662072,204.743867495221));
#1527=CARTESIAN_POINT('',(-64.9916735283133,25.6999443407646,202.779936600641));
#1528=CARTESIAN_POINT('',(-63.6208369118777,25.1575576848528,201.564892373528));
#1529=CARTESIAN_POINT('',(-61.2862154064283,24.2338409721967,198.832978950681));
#1530=CARTESIAN_POINT('',(-60.3229370135268,23.8527113135293,197.318837327857));
#1531=CARTESIAN_POINT('',(-59.5822373518332,23.5596482358374,195.758272103113));
#1532=CARTESIAN_POINT('',(-79.0087583192622,22.5462146346125,206.669473309291));
#1533=CARTESIAN_POINT('',(-77.3203782989021,22.063747888223,206.66947330928));
#1534=CARTESIAN_POINT('',(-75.5712366835677,21.5639170468193,206.459105927722));
#1535=CARTESIAN_POINT('',(-72.123748795912,20.5787712913514,205.490839869004));
#1536=CARTESIAN_POINT('',(-70.4310251058237,20.0950632083323,204.743197717912));
#1537=CARTESIAN_POINT('',(-67.3159525273141,19.2049134247302,202.778583160437));
#1538=CARTESIAN_POINT('',(-65.896038433874,18.7991675654075,201.563122297223));
#1539=CARTESIAN_POINT('',(-63.4780036732582,18.108212976393,198.830340048328));
#1540=CARTESIAN_POINT('',(-62.4804074161664,17.8231540884255,197.315748836433));
#1541=CARTESIAN_POINT('',(-61.7134269718288,17.603997815486,195.754777567317));
#1542=CARTESIAN_POINT('',(-80.3065252654702,17.3605996168229,206.669473309292));
#1543=CARTESIAN_POINT('',(-78.590104911916,16.9889037700015,206.66947330926));
#1544=CARTESIAN_POINT('',(-76.8118895444938,16.6038238240497,206.459031504453));
#1545=CARTESIAN_POINT('',(-73.3071164144087,15.8448522329295,205.490398387197));
#1546=CARTESIAN_POINT('',(-71.5862778560497,15.47219939307,204.742466501706));
#1547=CARTESIAN_POINT('',(-68.4195797848781,14.7864515813391,202.777105568524));
#1548=CARTESIAN_POINT('',(-66.9761974131856,14.473893215299,201.561189853368));
#1549=CARTESIAN_POINT('',(-64.518387111056,13.9416819896014,198.827459108961));
#1550=CARTESIAN_POINT('',(-63.5044920116014,13.7221444896356,197.31237709365));
#1551=CARTESIAN_POINT('',(-62.7251012994716,13.5533949149201,195.750962576587));
#1552=CARTESIAN_POINT('',(-81.8859332636388,6.78361494570498,206.669473309288));
#1553=CARTESIAN_POINT('',(-80.1349907544168,6.63756731134757,206.669473309319));
#1554=CARTESIAN_POINT('',(-78.3209440087366,6.48625393322281,206.458832251643));
#1555=CARTESIAN_POINT('',(-74.7455980458174,6.18802855608643,205.48921626934));
#1556=CARTESIAN_POINT('',(-72.9901419229065,6.04160422372212,204.740508532248));
#1557=CARTESIAN_POINT('',(-69.760050366956,5.77218920393364,202.773149033394));
#1558=CARTESIAN_POINT('',(-68.2879471158159,5.64940989825298,201.556015405556));
#1559=CARTESIAN_POINT('',(-65.781748249216,5.44039977235431,198.819745365281));
#1560=CARTESIAN_POINT('',(-64.7481953878107,5.35421419782801,197.303349583729));
#1561=CARTESIAN_POINT('',(-63.9540231497854,5.28800077850165,195.740748918051));
#1562=CARTESIAN_POINT('',(-82.1591611008803,1.33342317472029,206.669473309302));
#1563=CARTESIAN_POINT('',(-80.4019528513023,1.30443006652644,206.669473309143));
#1564=CARTESIAN_POINT('',(-78.5813828534957,1.27439079239267,206.458738505932));
#1565=CARTESIAN_POINT('',(-74.9932034725357,1.21518662733367,205.488660032946));
#1566=CARTESIAN_POINT('',(-73.2314623284145,1.18611865674113,204.73958719907));
#1567=CARTESIAN_POINT('',(-69.9899542360887,1.13263856518921,202.771287263362));
#1568=CARTESIAN_POINT('',(-68.512731026312,1.1082684719555,201.553580559584));
#1569=CARTESIAN_POINT('',(-65.9980629631565,1.06678908434535,198.816115871702));
#1570=CARTESIAN_POINT('',(-64.9611624239673,1.0496887621197,197.299102108386));
#1571=CARTESIAN_POINT('',(-64.1645753278868,1.0365552458615,195.735943645915));
#1572=CARTESIAN_POINT('',(-81.6357232008995,-9.37552191213786,206.669473309278));
#1573=CARTESIAN_POINT('',(-79.8894455606741,-9.17527668152343,206.669473309437));
#1574=CARTESIAN_POINT('',(-78.0801781417631,-8.96780915986518,206.458671763711));
#1575=CARTESIAN_POINT('',(-74.5142914971865,-8.55891071050042,205.488264008903));
#1576=CARTESIAN_POINT('',(-72.7635069702417,-8.35814874850991,204.738931232855));
#1577=CARTESIAN_POINT('',(-69.5422620441254,-7.98876609422487,202.769961727907));
#1578=CARTESIAN_POINT('',(-68.0743313057595,-7.82043541991884,201.551847009662));
#1579=CARTESIAN_POINT('',(-65.5756547751929,-7.53390126996489,198.813531788438));
#1580=CARTESIAN_POINT('',(-64.5454496436548,-7.41575980057495,197.296078062875));
#1581=CARTESIAN_POINT('',(-63.7541163865863,-7.32500795238539,195.732522504781));
#1582=CARTESIAN_POINT('',(-80.8550537191321,-14.6580716896115,206.669473309285));
#1583=CARTESIAN_POINT('',(-79.1256378462754,-14.3444669876377,206.669473309349));
#1584=CARTESIAN_POINT('',(-77.33384803823,-14.019551249499,206.458694532882));
#1585=CARTESIAN_POINT('',(-73.8024024003631,-13.3791738428607,205.488399113237));
#1586=CARTESIAN_POINT('',(-72.0685239113601,-13.0647598681605,204.739155017098));
#1587=CARTESIAN_POINT('',(-68.878348550011,-12.4862693222252,202.770413937063));
#1588=CARTESIAN_POINT('',(-67.4245563121028,-12.2226469634915,201.552438413645));
#1589=CARTESIAN_POINT('',(-64.9498864872333,-11.7739077866331,198.814413352001));
#1590=CARTESIAN_POINT('',(-63.9295444324812,-11.5888880745067,197.297109718952));
#1591=CARTESIAN_POINT('',(-63.1457494179781,-11.4467637762084,195.733689628422));
#1592=CARTESIAN_POINT('',(-78.9038818508025,-22.4736621201512,206.669473309292));
#1593=CARTESIAN_POINT('',(-77.2162259979053,-21.9932666379744,206.66947330926));
#1594=CARTESIAN_POINT('',(-75.4677114173009,-21.4955474583609,206.458723018657));
#1595=CARTESIAN_POINT('',(-72.0215503977826,-20.5145889261443,205.488568136255));
#1596=CARTESIAN_POINT('',(-70.329540582623,-20.0329540670415,204.739434982997));
#1597=CARTESIAN_POINT('',(-67.2163573078759,-19.1467791027808,202.770979674468));
#1598=CARTESIAN_POINT('',(-65.7976272893826,-18.7429345377437,201.553178291483));
#1599=CARTESIAN_POINT('',(-63.3825701726694,-18.0554841510695,198.815516239677));
#1600=CARTESIAN_POINT('',(-62.3867657846993,-17.7720271189213,197.298400384942));
#1601=CARTESIAN_POINT('',(-61.6217747563435,-17.5542719485395,195.735149779048));
#1602=CARTESIAN_POINT('',(-78.1167050461995,-25.0746868895282,206.669473309286));
#1603=CARTESIAN_POINT('',(-76.4460043096865,-24.5383971416416,206.669473309334));
#1604=CARTESIAN_POINT('',(-74.7150593964335,-23.9827691936286,206.458732943342));
#1605=CARTESIAN_POINT('',(-71.3035242590323,-22.887677001404,205.48862702374));
#1606=CARTESIAN_POINT('',(-69.6285136116429,-22.350003784871,204.739532522438));
#1607=CARTESIAN_POINT('',(-66.5465930234639,-21.3607168764248,202.771176775623));
#1608=CARTESIAN_POINT('',(-65.1421017291314,-20.9098795630237,201.553436062682));
#1609=CARTESIAN_POINT('',(-62.7512582854946,-20.142426344818,198.81590048444));
#1610=CARTESIAN_POINT('',(-61.7654236327641,-19.8259765547281,197.298850053153));
#1611=CARTESIAN_POINT('',(-61.0080759353045,-19.5828703832867,195.73565849864));
#1612=CARTESIAN_POINT('',(-76.3029565718458,-30.1468669965471,206.669473309294));
#1613=CARTESIAN_POINT('',(-74.6710235948117,-29.5021762765472,206.669473309246));
#1614=CARTESIAN_POINT('',(-72.9802447269511,-28.8342386394872,206.458734072192));
#1615=CARTESIAN_POINT('',(-69.6478729563809,-27.5177941533057,205.488633722493));
#1616=CARTESIAN_POINT('',(-68.0117301123577,-26.8714403360528,204.739543618217));
#1617=CARTESIAN_POINT('',(-65.0013223474002,-25.6821868997152,202.771199197572));
#1618=CARTESIAN_POINT('',(-63.6294199218708,-25.1402205785896,201.553465386505));
#1619=CARTESIAN_POINT('',(-61.2940492616793,-24.2176388041844,198.815944196054));
#1620=CARTESIAN_POINT('',(-60.3310865195733,-23.8372230442953,197.298901207446));
#1621=CARTESIAN_POINT('',(-59.5913079667451,-23.5449756122482,195.735716370741));
#1622=CARTESIAN_POINT('',(-75.2774422408637,-32.6219323154543,206.669473309287));
#1623=CARTESIAN_POINT('',(-73.667356964962,-31.9244175954191,206.669473309324));
#1624=CARTESIAN_POINT('',(-71.9992107376974,-31.2017500972875,206.458724915466));
#1625=CARTESIAN_POINT('',(-68.7114479661087,-29.7774388172024,205.488579390657));
#1626=CARTESIAN_POINT('',(-67.0972089002757,-29.0781246242294,204.739453624443));
#1627=CARTESIAN_POINT('',(-64.1271162109379,-27.7914322191697,202.77101734368));
#1628=CARTESIAN_POINT('',(-62.7735936803595,-27.2050638616071,201.55322755559));
#1629=CARTESIAN_POINT('',(-60.4695332396466,-26.2069055377862,198.815589674022));
#1630=CARTESIAN_POINT('',(-59.5194940201561,-25.7953316141779,197.298486321976));
#1631=CARTESIAN_POINT('',(-58.7896579773363,-25.4791528581998,195.735247000542));
#1632=CARTESIAN_POINT('',(-71.8541536377508,-39.8688021165548,206.669473309296));
#1633=CARTESIAN_POINT('',(-70.3169870512068,-39.0165437417127,206.669473309222));
#1634=CARTESIAN_POINT('',(-68.7243772788298,-38.1335463971508,206.458685394099));
#1635=CARTESIAN_POINT('',(-65.5854985822304,-36.3932441781181,205.488344888514));
#1636=CARTESIAN_POINT('',(-64.0443651664173,-35.5387865201685,204.739065200699));
#1637=CARTESIAN_POINT('',(-61.2088368762198,-33.9666685370867,202.770232442301));
#1638=CARTESIAN_POINT('',(-59.9166684469625,-33.2502425788759,201.552201052989));
#1639=CARTESIAN_POINT('',(-57.7171408651074,-32.0307380654691,198.814059534937));
#1640=CARTESIAN_POINT('',(-56.8102576763877,-31.5279234089961,197.296695661422));
#1641=CARTESIAN_POINT('',(-56.1136331672065,-31.1416818765799,195.733221199586));
#1642=CARTESIAN_POINT('',(-69.1120583506986,-44.4635756290628,206.669473309298));
#1643=CARTESIAN_POINT('',(-67.6335992104683,-43.5126180855325,206.669473309191));
#1644=CARTESIAN_POINT('',(-66.1018030369762,-42.5273548005727,206.458646207888));
#1645=CARTESIAN_POINT('',(-63.0827903881406,-40.5855014336198,205.488112369694));
#1646=CARTESIAN_POINT('',(-61.600514800676,-39.6320892266691,204.738680060124));
#1647=CARTESIAN_POINT('',(-58.873331866409,-37.8779369634861,202.769454174971));
#1648=CARTESIAN_POINT('',(-57.6305668248563,-37.0785747701138,201.551183227738));
#1649=CARTESIAN_POINT('',(-55.515222082912,-35.7179497399454,198.812542345973));
#1650=CARTESIAN_POINT('',(-54.6431000313971,-35.1569812800749,197.294920168067));
#1651=CARTESIAN_POINT('',(-53.9732336992505,-34.7261027981949,195.731212577749));
#1652=CARTESIAN_POINT('',(-62.6711722988877,-53.1610175428459,206.669473309282));
#1653=CARTESIAN_POINT('',(-61.330100001358,-52.023962123714,206.669473309389));
#1654=CARTESIAN_POINT('',(-59.9406256226802,-50.8458692216544,206.458562407232));
#1655=CARTESIAN_POINT('',(-57.2021304115745,-48.5239818538213,205.487615096891));
#1656=CARTESIAN_POINT('',(-55.8575941964045,-47.3839896007755,204.737856375607));
#1657=CARTESIAN_POINT('',(-53.3839328713978,-45.286640126926,202.767789724721));
#1658=CARTESIAN_POINT('',(-52.2567526797548,-44.3309318495666,201.549006450624));
#1659=CARTESIAN_POINT('',(-50.3383153550951,-42.7043267567346,198.809297678518));
#1660=CARTESIAN_POINT('',(-49.5474730838354,-42.0337817048578,197.291123150104));
#1661=CARTESIAN_POINT('',(-48.9401432591316,-41.5188285156838,195.726917098389));
#1662=CARTESIAN_POINT('',(-59.0656625839589,-57.1347519056143,206.669473309288));
#1663=CARTESIAN_POINT('',(-57.8018617425481,-55.9123198046863,206.669473309319));
#1664=CARTESIAN_POINT('',(-56.4924393636759,-54.6457602814602,206.458527238874));
#1665=CARTESIAN_POINT('',(-53.9117236563783,-52.1495216026547,205.4874063993));
#1666=CARTESIAN_POINT('',(-52.644657661081,-50.9239313029838,204.737510684577));
#1667=CARTESIAN_POINT('',(-50.3135640912708,-48.6691393916159,202.767091174171));
#1668=CARTESIAN_POINT('',(-49.2513700279609,-47.6417112139392,201.548092885471));
#1669=CARTESIAN_POINT('',(-47.4436028686131,-45.893106820461,198.807935966547));
#1670=CARTESIAN_POINT('',(-46.6984206288671,-45.1723086760532,197.289529655199));
#1671=CARTESIAN_POINT('',(-46.1261970384627,-44.6188058022737,195.725114456741));
#1672=CARTESIAN_POINT('',(-53.1335111772322,-62.5194822841263,206.669473309291));
#1673=CARTESIAN_POINT('',(-51.9964011126665,-61.1818414857217,206.669473309275));
#1674=CARTESIAN_POINT('',(-50.8182349813718,-59.7959045443344,206.458489513065));
#1675=CARTESIAN_POINT('',(-48.4962155524647,-57.0643944431984,205.487182521136));
#1676=CARTESIAN_POINT('',(-47.3561668717443,-55.7232968209468,204.737139846617));
#1677=CARTESIAN_POINT('',(-45.2587912105326,-53.256045481215,202.766341808096));
#1678=CARTESIAN_POINT('',(-44.3031145619362,-52.1318331170446,201.547112864766));
#1679=CARTESIAN_POINT('',(-42.676692955473,-50.2185867758928,198.806475211745));
#1680=CARTESIAN_POINT('',(-42.0062995760309,-49.4299663811814,197.287820268684));
#1681=CARTESIAN_POINT('',(-41.4915454258447,-48.8244318759068,195.723180728802));
#1682=CARTESIAN_POINT('',(-51.0667523666801,-64.2200731210628,206.669473309294));
#1683=CARTESIAN_POINT('',(-49.9737750092189,-62.8460585321091,206.669473309246));
#1684=CARTESIAN_POINT('',(-48.8413329223141,-61.42243179086,206.458479279843));
#1685=CARTESIAN_POINT('',(-46.6094314697415,-58.6166417668537,205.487121792908));
#1686=CARTESIAN_POINT('',(-45.5136293399579,-57.2390760859674,204.737039254407));
#1687=CARTESIAN_POINT('',(-43.4976649703387,-54.7047462286818,202.766138537715));
#1688=CARTESIAN_POINT('',(-42.5790891765541,-53.549976409982,201.546847028097));
#1689=CARTESIAN_POINT('',(-41.0158241918943,-51.5847469196984,198.806078975822));
#1690=CARTESIAN_POINT('',(-40.3714729086251,-50.7747120436193,197.287356592578));
#1691=CARTESIAN_POINT('',(-39.8767253408857,-50.1527481412506,195.722656203087));
#1692=CARTESIAN_POINT('',(-46.7501600916913,-67.4280980795661,206.669473309286));
#1693=CARTESIAN_POINT('',(-45.7496922152119,-65.9852496234741,206.669473309334));
#1694=CARTESIAN_POINT('',(-44.7130968301966,-64.4902991796536,206.458463185862));
#1695=CARTESIAN_POINT('',(-42.6700994831478,-61.5439423336423,205.487026282847));
#1696=CARTESIAN_POINT('',(-41.6670456194882,-60.0973644501544,204.736881048007));
#1697=CARTESIAN_POINT('',(-39.8217260340095,-57.436092386166,202.765818843725));
#1698=CARTESIAN_POINT('',(-38.9809127235876,-56.2234928229751,201.54642893279));
#1699=CARTESIAN_POINT('',(-37.5500106593478,-54.1598810643938,198.805455796092));
#1700=CARTESIAN_POINT('',(-36.9602311752642,-53.3093148915664,197.286627347539));
#1701=CARTESIAN_POINT('',(-36.5074003334784,-52.6562520768278,195.721831259106));
#1702=CARTESIAN_POINT('',(-44.4898603708881,-68.9404595808503,206.669473309293));
#1703=CARTESIAN_POINT('',(-43.5377009099218,-67.4652564188282,206.669473309251));
#1704=CARTESIAN_POINT('',(-42.5511570374749,-65.9367808255513,206.458455750295));
#1705=CARTESIAN_POINT('',(-40.6068058368761,-62.9243517310624,205.486982156998));
#1706=CARTESIAN_POINT('',(-39.6521851219063,-61.4453353048809,204.7368079564));
#1707=CARTESIAN_POINT('',(-37.8959743736552,-58.7243958005286,202.76567114503));
#1708=CARTESIAN_POINT('',(-37.0957667272764,-57.4846144752158,201.546235772934));
#1709=CARTESIAN_POINT('',(-35.7339782038351,-55.3747609555219,198.805167888776));
#1710=CARTESIAN_POINT('',(-35.1726916467067,-54.505144759806,197.286290439372));
#1711=CARTESIAN_POINT('',(-34.741744293196,-53.8374658127077,195.721450140028));
#1712=CARTESIAN_POINT('',(-37.5721529354635,-73.0912434901783,206.669473309284));
#1713=CARTESIAN_POINT('',(-36.7677490791294,-71.5272765133541,206.669473309369));
#1714=CARTESIAN_POINT('',(-35.9342929204356,-69.9068251367049,206.45843336985));
#1715=CARTESIAN_POINT('',(-34.2916606233759,-66.7131284110457,205.486849337907));
#1716=CARTESIAN_POINT('',(-33.48517708889,-65.1451180779376,204.736587949206));
#1717=CARTESIAN_POINT('',(-32.0015105763986,-62.2604874498669,202.765226567683));
#1718=CARTESIAN_POINT('',(-31.3254957546565,-60.9461382935535,201.545654355923));
#1719=CARTESIAN_POINT('',(-30.1750862851779,-58.7094366381483,198.804301280968));
#1720=CARTESIAN_POINT('',(-29.7009402404865,-57.7875674956855,197.285276339723));
#1721=CARTESIAN_POINT('',(-29.3369161814447,-57.0798019698876,195.720302968145));
#1722=CARTESIAN_POINT('',(-32.744636784002,-75.3769879542068,206.66947330929));
#1723=CARTESIAN_POINT('',(-32.0437412227152,-73.7639436883777,206.66947330929));
#1724=CARTESIAN_POINT('',(-31.317529409757,-72.092638039843,206.458418577967));
#1725=CARTESIAN_POINT('',(-29.8862632985259,-68.7987175508406,205.486761555088));
#1726=CARTESIAN_POINT('',(-29.1835554372977,-67.1815026033045,204.736442542233));
#1727=CARTESIAN_POINT('',(-27.8908131071338,-64.2063724781173,202.764932738541));
#1728=CARTESIAN_POINT('',(-27.3017966619724,-62.850800062409,201.545270087246));
#1729=CARTESIAN_POINT('',(-26.2994548960685,-60.5439816185455,198.80372852554));
#1730=CARTESIAN_POINT('',(-25.886346160633,-59.5932340598283,197.284606105009));
#1731=CARTESIAN_POINT('',(-25.5691947931995,-58.8633194969039,195.719544784574));
#1732=CARTESIAN_POINT('',(-22.663595805491,-78.9973646020215,206.66947330929));
#1733=CARTESIAN_POINT('',(-22.1780568424173,-77.3067313816623,206.66947330929));
#1734=CARTESIAN_POINT('',(-21.6749748295182,-75.5550159927872,206.458361538878));
#1735=CARTESIAN_POINT('',(-20.6834716591682,-72.1026321848011,205.486423040679));
#1736=CARTESIAN_POINT('',(-20.1966767034221,-70.4076258546282,204.735881808286));
#1737=CARTESIAN_POINT('',(-19.3011658014958,-67.2894716151916,202.763799641763));
#1738=CARTESIAN_POINT('',(-18.8931555116578,-65.8687806047147,201.543788230441));
#1739=CARTESIAN_POINT('',(-18.1988782887765,-63.4512911826126,198.801519844827));
#1740=CARTESIAN_POINT('',(-17.9127613265854,-62.4550149927933,197.282021551538));
#1741=CARTESIAN_POINT('',(-17.6931310250893,-61.6902381267095,195.716621134149));
#1742=CARTESIAN_POINT('',(-17.375346278643,-80.3298558209554,206.669473309288));
#1743=CARTESIAN_POINT('',(-17.0031439997744,-78.6104144365217,206.66947330932));
#1744=CARTESIAN_POINT('',(-16.6174895900746,-76.8288316078569,206.45830557327));
#1745=CARTESIAN_POINT('',(-15.8574225375956,-73.3175969064365,205.486090884699));
#1746=CARTESIAN_POINT('',(-15.4842570443057,-71.5937060718153,204.735331602033));
#1747=CARTESIAN_POINT('',(-14.7977985463648,-68.4225017453414,202.762687818309));
#1748=CARTESIAN_POINT('',(-14.4850468007575,-66.977688472436,201.542334198219));
#1749=CARTESIAN_POINT('',(-13.9528948102967,-64.5192958706968,198.799352676014));
#1750=CARTESIAN_POINT('',(-13.733609479657,-63.5062474362111,197.279485605914));
#1751=CARTESIAN_POINT('',(-13.565300929679,-62.7286872863195,195.713752521068));
#1752=CARTESIAN_POINT('',(-6.71871297233968,-81.9136074105117,206.669473309292));
#1753=CARTESIAN_POINT('',(-6.57477320762695,-80.160035323524,206.66947330926));
#1754=CARTESIAN_POINT('',(-6.4256294718207,-78.3430716145992,206.458255599068));
#1755=CARTESIAN_POINT('',(-6.13169077330932,-74.7621187725556,205.48579427882));
#1756=CARTESIAN_POINT('',(-5.98737834168458,-73.0040072654925,204.734840279883));
#1757=CARTESIAN_POINT('',(-5.72191562057503,-69.769929831629,202.761694984352));
#1758=CARTESIAN_POINT('',(-5.60097478352719,-68.2965150687678,201.541035782217));
#1759=CARTESIAN_POINT('',(-5.3952053394223,-65.7895863699687,198.797417477753));
#1760=CARTESIAN_POINT('',(-5.31042115161575,-64.7566136617377,197.277221129052));
#1761=CARTESIAN_POINT('',(-5.24535501794977,-63.9638436471644,195.711191029351));
#1762=CARTESIAN_POINT('',(-1.27148070544732,-82.1765862414778,206.669473309292));
#1763=CARTESIAN_POINT('',(-1.2443260788276,-80.417433314924,206.66947330926));
#1764=CARTESIAN_POINT('',(-1.21618937783504,-78.5946906630732,206.458266799305));
#1765=CARTESIAN_POINT('',(-1.16073663773864,-75.0023457336987,205.48586075495));
#1766=CARTESIAN_POINT('',(-1.13351167375368,-73.2386393003926,204.734950396617));
#1767=CARTESIAN_POINT('',(-1.08343289954173,-69.9942528690756,202.761917501621));
#1768=CARTESIAN_POINT('',(-1.06061862921869,-68.5161318666753,201.541326787403));
#1769=CARTESIAN_POINT('',(-1.02180488178094,-66.0011673315386,198.797851198705));
#1770=CARTESIAN_POINT('',(-1.00581378040302,-64.9648667937761,197.277728647123));
#1771=CARTESIAN_POINT('',(-0.993543337227527,-64.1695246699014,195.711765112303));
#1772=CARTESIAN_POINT('',(9.42724591930663,-81.6447653192671,206.669473309288));
#1773=CARTESIAN_POINT('',(9.22575170625766,-79.8967928526538,206.669473309319));
#1774=CARTESIAN_POINT('',(9.01697265786336,-78.0856197850181,206.45822162762));
#1775=CARTESIAN_POINT('',(8.60550223468316,-74.5160878146416,205.485592645795));
#1776=CARTESIAN_POINT('',(8.40348633839859,-72.7635892957687,204.734506276191));
#1777=CARTESIAN_POINT('',(8.03187833399359,-69.539890360179,202.761020049496));
#1778=CARTESIAN_POINT('',(7.86257943214678,-68.0712338609919,201.540153112199));
#1779=CARTESIAN_POINT('',(7.57453369763724,-65.5724901010033,198.796101937738));
#1780=CARTESIAN_POINT('',(7.45584904465075,-64.5429421993059,197.275681760996));
#1781=CARTESIAN_POINT('',(7.36476685122779,-63.7528573055192,195.70944977728));
#1782=CARTESIAN_POINT('',(14.7107232933621,-80.8616129068598,206.669473309284));
#1783=CARTESIAN_POINT('',(14.3955613386777,-79.1304170471999,206.669473309369));
#1784=CARTESIAN_POINT('',(14.0690028758056,-77.3366219048623,206.458205289256));
#1785=CARTESIAN_POINT('',(13.4254094549269,-73.8013429276462,205.485495669614));
#1786=CARTESIAN_POINT('',(13.1094313131252,-72.0656639349758,204.73434563509));
#1787=CARTESIAN_POINT('',(12.5281998080154,-68.8729289156903,202.760695435366));
#1788=CARTESIAN_POINT('',(12.2634052231633,-67.4183928063312,201.53972858704));
#1789=CARTESIAN_POINT('',(11.8128993671631,-64.9437143078951,198.795469227181));
#1790=CARTESIAN_POINT('',(11.6272853266279,-63.9241060364284,197.274941404733));
#1791=CARTESIAN_POINT('',(11.4848500447649,-63.1416750882325,195.708612332996));
#1792=CARTESIAN_POINT('',(22.5356964387827,-78.9012313945872,206.669473309293));
#1793=CARTESIAN_POINT('',(22.0532367069419,-77.2120598848128,206.669473309251));
#1794=CARTESIAN_POINT('',(21.553333744584,-75.461817083055,206.458231658393));
#1795=CARTESIAN_POINT('',(20.5681044733094,-72.0123664913869,205.48565218212));
#1796=CARTESIAN_POINT('',(20.0843955834821,-70.3188215070108,204.734604897622));
#1797=CARTESIAN_POINT('',(19.194615278312,-67.2035515666628,202.761219338007));
#1798=CARTESIAN_POINT('',(18.7892459465001,-65.784284693906,201.540413739016));
#1799=CARTESIAN_POINT('',(18.0995518931803,-63.3695459530879,198.796490380013));
#1800=CARTESIAN_POINT('',(17.8153760510088,-62.3745953405754,197.276136294599));
#1801=CARTESIAN_POINT('',(17.5972926468062,-61.6110444719236,195.709963923614));
#1802=CARTESIAN_POINT('',(25.1380371780184,-78.1112418247298,206.669473309289));
#1803=CARTESIAN_POINT('',(24.599959138376,-76.4390037261449,206.669473309305));
#1804=CARTESIAN_POINT('',(24.0424282824125,-74.7063104816312,206.458243973956));
#1805=CARTESIAN_POINT('',(22.9436226471186,-71.2914443825578,205.485725278819));
#1806=CARTESIAN_POINT('',(22.4041515724621,-69.6148770402421,204.734725981633));
#1807=CARTESIAN_POINT('',(21.4117909876518,-66.5308190640601,202.76146401713));
#1808=CARTESIAN_POINT('',(20.9596843965122,-65.1257615620835,201.540733726741));
#1809=CARTESIAN_POINT('',(20.1904617118301,-62.7351679803886,198.796967292861));
#1810=CARTESIAN_POINT('',(19.8735116763205,-61.7501479790913,197.276694350232));
#1811=CARTESIAN_POINT('',(19.6302701881892,-60.9941986002216,195.71059516696));
#1812=CARTESIAN_POINT('',(30.2013639474341,-76.2965593457823,206.669473309291));
#1813=CARTESIAN_POINT('',(29.5547593467364,-74.6632865746827,206.669473309275));
#1814=CARTESIAN_POINT('',(28.8847804195908,-72.9709723171479,206.458259980747));
#1815=CARTESIAN_POINT('',(27.5643558543673,-69.6356831832689,205.48582028412));
#1816=CARTESIAN_POINT('',(26.9160774496708,-67.9981825374383,204.734883356904));
#1817=CARTESIAN_POINT('',(25.7235557831855,-64.9859647814413,202.76178203173));
#1818=CARTESIAN_POINT('',(25.1802531929264,-63.6136237153488,201.541149621886));
#1819=CARTESIAN_POINT('',(24.2558524088747,-61.2786557040707,198.797587150003));
#1820=CARTESIAN_POINT('',(23.8749537902768,-60.3165328731872,197.277419673171));
#1821=CARTESIAN_POINT('',(23.582625452675,-59.5781310898524,195.71141561792));
#1822=CARTESIAN_POINT('',(32.6734701988395,-75.2702688405018,206.669473309293));
#1823=CARTESIAN_POINT('',(31.9740378852353,-73.6589459776357,206.669473309256));
#1824=CARTESIAN_POINT('',(31.2493220853444,-71.9893760634147,206.458263227322));
#1825=CARTESIAN_POINT('',(29.8210192436248,-68.698911794043,205.48583955343));
#1826=CARTESIAN_POINT('',(29.1197764280222,-67.0834179710526,204.734915276243));
#1827=CARTESIAN_POINT('',(27.8298231589481,-64.1116777362657,202.761846532475));
#1828=CARTESIAN_POINT('',(27.2421301884657,-62.7577753603257,201.541233975164));
#1829=CARTESIAN_POINT('',(26.2421973941596,-60.4541723126747,198.797712872363));
#1830=CARTESIAN_POINT('',(25.8301734573342,-59.5049689922039,197.277566787229));
#1831=CARTESIAN_POINT('',(25.5139547460879,-58.7764777724651,195.7115820274));
#1832=CARTESIAN_POINT('',(39.9153263122424,-71.8428568674949,206.669473309284));
#1833=CARTESIAN_POINT('',(39.0610576754583,-70.3048072413351,206.669473309358));
#1834=CARTESIAN_POINT('',(38.1759081882852,-68.7111588024792,206.458261594678));
#1835=CARTESIAN_POINT('',(36.4314155278327,-65.5703243858666,205.485829862422));
#1836=CARTESIAN_POINT('',(35.5749355657061,-64.0282934216647,204.734899223042));
#1837=CARTESIAN_POINT('',(33.9994209491404,-61.1916921745693,202.761814092771));
#1838=CARTESIAN_POINT('',(33.2816290420266,-59.8993593732529,201.541191550806));
#1839=CARTESIAN_POINT('',(32.0603407948931,-57.7005179352675,198.79764964191));
#1840=CARTESIAN_POINT('',(31.5571081306199,-56.794484027338,197.277492798131));
#1841=CARTESIAN_POINT('',(31.1708901054255,-56.099126730643,195.711498334058));
#1842=CARTESIAN_POINT('',(44.5194832066009,-69.0896291323262,206.669473309294));
#1843=CARTESIAN_POINT('',(43.5665497639678,-67.6104595019336,206.66947330924));
#1844=CARTESIAN_POINT('',(42.5791651437149,-66.0778133367912,206.458240175263));
#1845=CARTESIAN_POINT('',(40.6331855921733,-63.0572095139489,205.485702732966));
#1846=CARTESIAN_POINT('',(39.6777850580837,-61.574210350064,204.734688634788));
#1847=CARTESIAN_POINT('',(37.9203210896216,-58.8462282856195,202.761388549094));
#1848=CARTESIAN_POINT('',(37.1196442276215,-57.603397697689,201.540635030778));
#1849=CARTESIAN_POINT('',(35.7573601605348,-55.4888300303238,198.796820194965));
#1850=CARTESIAN_POINT('',(35.1960470391938,-54.6175494300907,197.276522224434));
#1851=CARTESIAN_POINT('',(34.7652721914639,-53.9488950602191,195.710400466541));
#1852=CARTESIAN_POINT('',(53.2132466435621,-62.6422032421512,206.669473309286));
#1853=CARTESIAN_POINT('',(52.0743951907905,-61.3007963276895,206.66947330934));
#1854=CARTESIAN_POINT('',(50.8943661073372,-59.910887564216,206.458217272869));
#1855=CARTESIAN_POINT('',(48.5687183574588,-57.1716009694477,205.485566797651));
#1856=CARTESIAN_POINT('',(47.4269179871617,-55.8267206062572,204.734463458515));
#1857=CARTESIAN_POINT('',(45.326593989765,-53.3528359417533,202.760933526008));
#1858=CARTESIAN_POINT('',(44.3697278511964,-52.2257839596035,201.540039958305));
#1859=CARTESIAN_POINT('',(42.7417399757292,-50.3082492236898,198.795933295297));
#1860=CARTESIAN_POINT('',(42.0709696369547,-49.5181803627336,197.275484428021));
#1861=CARTESIAN_POINT('',(41.5562176791303,-48.9118801537972,195.709226568853));
#1862=CARTESIAN_POINT('',(57.1717592608627,-59.0424868291464,206.669473309295));
#1863=CARTESIAN_POINT('',(55.9474552564923,-57.7788072239973,206.669473309231));
#1864=CARTESIAN_POINT('',(54.6788863858645,-56.4694400847162,206.458230806819));
#1865=CARTESIAN_POINT('',(52.17873910489,-53.8888852014839,205.485647129506));
#1866=CARTESIAN_POINT('',(50.9512651598209,-52.6219338003151,204.734596528665));
#1867=CARTESIAN_POINT('',(48.6933343377132,-50.2913799429662,202.761202426629));
#1868=CARTESIAN_POINT('',(47.6646591209219,-49.2296163722036,201.540391622124));
#1869=CARTESIAN_POINT('',(45.9144776895246,-47.4231311175105,198.79645741152));
#1870=CARTESIAN_POINT('',(45.193349270495,-46.6787993914978,197.276097712626));
#1871=CARTESIAN_POINT('',(44.639939953914,-46.10757857939,195.709920274806));
#1872=CARTESIAN_POINT('',(62.5532591486445,-53.1047108457146,206.669473309288));
#1873=CARTESIAN_POINT('',(61.214100607644,-51.9680408368076,206.669473309319));
#1874=CARTESIAN_POINT('',(59.8265368033725,-50.7902849408181,206.458277125188));
#1875=CARTESIAN_POINT('',(57.0918604600052,-48.4691077795995,205.485922040361));
#1876=CARTESIAN_POINT('',(55.7492358040867,-47.3294957741764,204.735051914617));
#1877=CARTESIAN_POINT('',(53.2794290111753,-45.2331370937851,202.762122642859));
#1878=CARTESIAN_POINT('',(52.1541947143132,-44.2780437168819,201.54159506857));
#1879=CARTESIAN_POINT('',(50.2396331722438,-42.6529715120693,198.798251053479));
#1880=CARTESIAN_POINT('',(49.4507193141559,-41.9833435674538,197.278196538544));
#1881=CARTESIAN_POINT('',(48.8452294264359,-41.4694042986988,195.712294374322));
#1882=CARTESIAN_POINT('',(64.2536843439643,-51.0350328780266,206.66947330929));
#1883=CARTESIAN_POINT('',(62.8781581749924,-49.9427395957609,206.66947330929));
#1884=CARTESIAN_POINT('',(61.4529171355808,-48.8109684150942,206.458295985318));
#1885=CARTESIAN_POINT('',(58.643981070878,-46.5804171918592,205.48603397875));
#1886=CARTESIAN_POINT('',(57.2648951456578,-45.4852971625328,204.735237338462));
#1887=CARTESIAN_POINT('',(54.7279934447798,-43.4707646437343,202.762497336279));
#1888=CARTESIAN_POINT('',(53.5721780172509,-42.5529405938805,201.542085088159));
#1889=CARTESIAN_POINT('',(51.6055448016115,-40.9912505282626,198.798981394528));
#1890=CARTESIAN_POINT('',(50.7951516876471,-40.3477217455201,197.279051149695));
#1891=CARTESIAN_POINT('',(50.1731519598283,-39.8537939134833,195.713261079893));
#1892=CARTESIAN_POINT('',(67.4621867623607,-46.7094846042417,206.66947330929));
#1893=CARTESIAN_POINT('',(66.0178883509957,-45.7101466836135,206.66947330929));
#1894=CARTESIAN_POINT('',(64.5213990603039,-44.674697120302,206.45833085046));
#1895=CARTESIAN_POINT('',(61.5720363140674,-42.6339764521811,205.486240905691));
#1896=CARTESIAN_POINT('',(60.1240011169627,-41.6320530004874,204.735580107527));
#1897=CARTESIAN_POINT('',(57.4602187644058,-39.7889295791221,202.763189983227));
#1898=CARTESIAN_POINT('',(56.2465712121799,-38.9491823470186,201.542990924583));
#1899=CARTESIAN_POINT('',(54.1814611285624,-37.5202891878543,198.80033149453));
#1900=CARTESIAN_POINT('',(53.3304446213672,-36.9314518763945,197.280630983553));
#1901=CARTESIAN_POINT('',(52.6772176159839,-36.479468376028,195.715048147358));
#1902=CARTESIAN_POINT('',(68.9711772063762,-44.4490028370886,206.669473309292));
#1903=CARTESIAN_POINT('',(67.494683750884,-43.4980181700696,206.66947330927));
#1904=CARTESIAN_POINT('',(65.9648403078086,-42.5126718591563,206.458345977868));
#1905=CARTESIAN_POINT('',(62.9497382146584,-40.5706954102046,205.486330686432));
#1906=CARTESIAN_POINT('',(61.4694250998526,-39.617250583295,204.735728826398));
#1907=CARTESIAN_POINT('',(58.7462447787007,-37.8632949735939,202.763490505336));
#1908=CARTESIAN_POINT('',(57.5055236400658,-37.0641664221731,201.543383944735));
#1909=CARTESIAN_POINT('',(55.3943124162077,-35.7043677235813,198.800917274986));
#1910=CARTESIAN_POINT('',(54.5242783500711,-35.1439912929581,197.281316444905));
#1911=CARTESIAN_POINT('',(53.8564324568541,-34.7138404213944,195.715823530443));
#1912=CARTESIAN_POINT('',(73.1102317569891,-37.5366667156285,206.669473309287));
#1913=CARTESIAN_POINT('',(71.5454733833462,-36.7334341453827,206.669473309329));
#1914=CARTESIAN_POINT('',(69.9241884686809,-35.9011856911471,206.458389481512));
#1915=CARTESIAN_POINT('',(66.7288589593738,-34.2609379648334,205.486588875296));
#1916=CARTESIAN_POINT('',(65.1600538434791,-33.4556281631233,204.736156506435));
#1917=CARTESIAN_POINT('',(62.274024439083,-31.9741484360572,202.764354734839));
#1918=CARTESIAN_POINT('',(60.9590735076276,-31.2991454300122,201.544514177151));
#1919=CARTESIAN_POINT('',(58.7214536147175,-30.1505037520357,198.802601849988));
#1920=CARTESIAN_POINT('',(57.7992680888626,-29.6771132492989,197.283287687974));
#1921=CARTESIAN_POINT('',(57.0913270610098,-29.3136985071971,195.718053382656));
#1922=CARTESIAN_POINT('',(75.3927530372913,-32.7086511772376,206.669473309293));
#1923=CARTESIAN_POINT('',(73.7792392533414,-32.0088561281703,206.669473309251));
#1924=CARTESIAN_POINT('',(72.1074477520591,-31.2837861023723,206.458421879875));
#1925=CARTESIAN_POINT('',(68.8125692515028,-29.8547691749717,205.486781150727));
#1926=CARTESIAN_POINT('',(67.1948836335001,-29.1531648222099,204.736475001299));
#1927=CARTESIAN_POINT('',(64.2188847179891,-27.8624454455937,202.764998329951));
#1928=CARTESIAN_POINT('',(62.8629148151673,-27.2743467268504,201.545355867555));
#1929=CARTESIAN_POINT('',(60.5554150856778,-26.2735547747043,198.803856382188));
#1930=CARTESIAN_POINT('',(59.604383881143,-25.8610778051519,197.284755722323));
#1931=CARTESIAN_POINT('',(58.8742484538504,-25.5444038768835,195.719714035249));
#1932=CARTESIAN_POINT('',(79.0091173030204,-22.6154349934272,206.669473309287));
#1933=CARTESIAN_POINT('',(77.3185199723301,-22.1313732739561,206.669473309329));
#1934=CARTESIAN_POINT('',(75.5668765122819,-21.629833022435,206.458470760869));
#1935=CARTESIAN_POINT('',(72.114608816807,-20.641360217999,205.4870712377));
#1936=CARTESIAN_POINT('',(70.4196419025194,-20.1560474284193,204.736955513257));
#1937=CARTESIAN_POINT('',(67.3013978088433,-19.2632110512426,202.765969318526));
#1938=CARTESIAN_POINT('',(65.8805747365636,-18.8563900943617,201.54662572313));
#1939=CARTESIAN_POINT('',(63.4625893861393,-18.1640496722075,198.805749112418));
#1940=CARTESIAN_POINT('',(62.4659497430827,-17.878679857616,197.28697058343));
#1941=CARTESIAN_POINT('',(61.700721129607,-17.659567675893,195.72221953308));
#1942=CARTESIAN_POINT('',(80.3348036648773,-17.3218579638756,206.669473309293));
#1943=CARTESIAN_POINT('',(78.6157333859133,-16.9514992675557,206.669473309251));
#1944=CARTESIAN_POINT('',(76.834589653134,-16.5677670250017,206.458472524206));
#1945=CARTESIAN_POINT('',(73.324180052661,-15.8114794512659,205.487081702201));
#1946=CARTESIAN_POINT('',(71.6006666779347,-15.4401634929443,204.736972846923));
#1947=CARTESIAN_POINT('',(68.4299016437799,-14.757051450845,202.766004345586));
#1948=CARTESIAN_POINT('',(66.9851453594753,-14.4457930024154,201.54667153174));
#1949=CARTESIAN_POINT('',(64.526423654644,-13.9160885614761,198.805817393325));
#1950=CARTESIAN_POINT('',(63.5129896812591,-13.6977570602018,197.287050487449));
#1951=CARTESIAN_POINT('',(62.7348622015324,-13.5301211595624,195.722309925653));
#1952=CARTESIAN_POINT('',(81.9023854980379,-6.74358824504215,206.669473309287));
#1953=CARTESIAN_POINT('',(80.1496540378293,-6.59946790319464,206.669473309329));
#1954=CARTESIAN_POINT('',(78.3336227883527,-6.45014230891705,206.458439922101));
#1955=CARTESIAN_POINT('',(74.7544623210751,-6.1558413227351,205.486888223331));
#1956=CARTESIAN_POINT('',(72.9971996903214,-6.01134836513554,204.736652360827));
#1957=CARTESIAN_POINT('',(69.7643966189725,-5.74552904327258,202.765356726852));
#1958=CARTESIAN_POINT('',(68.2914012727142,-5.62441198028795,201.545824577622));
#1959=CARTESIAN_POINT('',(65.7847065067799,-5.41830174000372,198.804554996908));
#1960=CARTESIAN_POINT('',(64.7515488079338,-5.33335310198591,197.285573235768));
#1961=CARTESIAN_POINT('',(63.9583312477942,-5.26813466776559,195.720638821937));
#1962=CARTESIAN_POINT('',(82.1693827776329,-1.40545005203028,206.66947330929));
#1963=CARTESIAN_POINT('',(80.410885662831,-1.37610971258127,206.66947330929));
#1964=CARTESIAN_POINT('',(78.5888782256428,-1.34571085258711,206.458433008307));
#1965=CARTESIAN_POINT('',(74.9979411761442,-1.28579785370459,205.486847197608));
#1966=CARTESIAN_POINT('',(73.2348977575626,-1.25638177253765,204.736584405862));
#1967=CARTESIAN_POINT('',(69.991470658973,-1.20226040097446,202.765219407902));
#1968=CARTESIAN_POINT('',(68.513640627179,-1.17759762787121,201.545644991154));
#1969=CARTESIAN_POINT('',(65.9987363619246,-1.13561871838894,198.804287307653));
#1970=CARTESIAN_POINT('',(64.9622056033433,-1.11831166374837,197.285259976297));
#1971=CARTESIAN_POINT('',(64.1664098149092,-1.105018503807,195.720284437664));
#1972=CARTESIAN_POINT('',(81.7732237424155,6.67715415007362,206.66947330929));
#1973=CARTESIAN_POINT('',(80.0235203100661,6.53363695040882,206.66947330929));
#1974=CARTESIAN_POINT('',(78.2106501495163,6.38493829310444,206.458511243024));
#1975=CARTESIAN_POINT('',(74.637702274731,6.09187143209718,205.487311475531));
#1976=CARTESIAN_POINT('',(72.8834778420217,5.94798337476279,204.737353450679));
#1977=CARTESIAN_POINT('',(69.6561533123383,5.68326747238551,202.766773445843));
#1978=CARTESIAN_POINT('',(68.1855920441792,5.56264789417649,201.547677360163));
#1979=CARTESIAN_POINT('',(65.6828544812084,5.35736854894711,198.807316608057));
#1980=CARTESIAN_POINT('',(64.651219260238,5.27275315932393,197.288804874257));
#1981=CARTESIAN_POINT('',(63.8590527506561,5.20778057550647,195.724294550138));
#1982=CARTESIAN_POINT('',(81.5064259011331,9.37639611727757,206.669473309292));
#1983=CARTESIAN_POINT('',(79.7625813031497,9.17520550922116,206.669473309265));
#1984=CARTESIAN_POINT('',(77.9557944754417,8.96675263731089,206.458550205631));
#1985=CARTESIAN_POINT('',(74.3948265255169,8.5559164967148,205.487542692301));
#1986=CARTESIAN_POINT('',(72.6464773485943,8.3542061374648,204.737736444029));
#1987=CARTESIAN_POINT('',(69.4299011005952,7.983105979747,202.767547374976));
#1988=CARTESIAN_POINT('',(67.9642033336125,7.81400803130692,201.548689504974));
#1989=CARTESIAN_POINT('',(65.4696415628066,7.5262136766469,198.80882525025));
#1990=CARTESIAN_POINT('',(64.441316979066,7.40757949825045,197.290570303078));
#1991=CARTESIAN_POINT('',(63.6516280692657,7.31647836740081,195.726291682171));
#1992=CARTESIAN_POINT('',(80.7174505759412,14.6824054693927,206.669473309288));
#1993=CARTESIAN_POINT('',(78.99088062234,14.3675825249993,206.669473309315));
#1994=CARTESIAN_POINT('',(77.2020218899877,14.0414013319533,206.458641365473));
#1995=CARTESIAN_POINT('',(73.6763660342656,13.3985322536276,205.488083635214));
#1996=CARTESIAN_POINT('',(71.9453390816153,13.0828965695612,204.738632464537));
#1997=CARTESIAN_POINT('',(68.7604919882359,12.5021734940542,202.769357996416));
#1998=CARTESIAN_POINT('',(67.3091737373099,12.2375423373455,201.551057444366));
#1999=CARTESIAN_POINT('',(64.8388516490149,11.7871115262352,198.812354850781));
#2000=CARTESIAN_POINT('',(63.8203822512935,11.6014093154747,197.294700751419));
#2001=CARTESIAN_POINT('',(63.0381126594665,11.4587770180346,195.730964350983));
#2002=CARTESIAN_POINT('',(80.1947648530884,17.303610429688,206.66947330929));
#2003=CARTESIAN_POINT('',(78.4795742237059,16.932807065907,206.66947330929));
#2004=CARTESIAN_POINT('',(76.702521973252,16.5486294141229,206.45869215611));
#2005=CARTESIAN_POINT('',(73.2001231930465,15.7914526868116,205.488385014859));
#2006=CARTESIAN_POINT('',(71.4805065816046,15.4196924244714,204.739131666476));
#2007=CARTESIAN_POINT('',(68.3165752083472,14.7356914269488,202.770366751927));
#2008=CARTESIAN_POINT('',(66.8747445373535,14.4239877658971,201.552376703362));
#2009=CARTESIAN_POINT('',(64.4204416742191,13.8934061040819,198.814321351985));
#2010=CARTESIAN_POINT('',(63.4085006005171,13.674642917947,197.297002045024));
#2011=CARTESIAN_POINT('',(62.6311626424137,13.5065994139388,195.73356779872));
#2012=CARTESIAN_POINT('',(78.8973676804591,22.4835201594963,206.66947330929));
#2013=CARTESIAN_POINT('',(77.2102865302085,22.0021872651693,206.66947330929));
#2014=CARTESIAN_POINT('',(75.4623898489711,21.5035028214986,206.458792713321));
#2015=CARTESIAN_POINT('',(72.0174300551225,20.5206374468037,205.488981667058));
#2016=CARTESIAN_POINT('',(70.3259986438273,20.0380633447578,204.740119942919));
#2017=CARTESIAN_POINT('',(67.2137745899784,19.1501324252083,202.772363797178));
#2018=CARTESIAN_POINT('',(65.7954227872763,18.7454720364414,201.554988464642));
#2019=CARTESIAN_POINT('',(63.380834101322,18.0565864438736,198.818214569136));
#2020=CARTESIAN_POINT('',(62.3851200212533,17.7725103916658,197.301558151399));
#2021=CARTESIAN_POINT('',(61.6200866735481,17.554250096838,195.738722239344));
#2022=CARTESIAN_POINT('',(78.1226632275509,25.0422297600668,206.669473309288));
#2023=CARTESIAN_POINT('',(76.4523186065571,24.5063081138726,206.669473309315));
#2024=CARTESIAN_POINT('',(74.7217776661885,23.951072280954,206.458842665706));
#2025=CARTESIAN_POINT('',(71.311012860265,22.856744979634,205.489278042106));
#2026=CARTESIAN_POINT('',(69.6363627035551,22.3194418745564,204.740610843559));
#2027=CARTESIAN_POINT('',(66.5549417859439,21.3307857673624,202.773355777056));
#2028=CARTESIAN_POINT('',(65.1505863997884,20.8802077654863,201.556285792936));
#2029=CARTESIAN_POINT('',(62.7597010102889,20.1131121444217,198.820148478982));
#2030=CARTESIAN_POINT('',(61.7736888147076,19.796760655234,197.303821382972));
#2031=CARTESIAN_POINT('',(61.0160306682349,19.5536766170145,195.741282756663));
#2032=CARTESIAN_POINT('',(76.3162891306329,30.0959661610577,206.669473309292));
#2033=CARTESIAN_POINT('',(74.6850160275318,29.4517981229298,206.669473309265));
#2034=CARTESIAN_POINT('',(72.9949817600749,28.7844255697399,206.458929967479));
#2035=CARTESIAN_POINT('',(69.6640325236696,27.4690774147099,205.489795997097));
#2036=CARTESIAN_POINT('',(68.0285572696351,26.8232499524525,204.741468750308));
#2037=CARTESIAN_POINT('',(65.0190931371415,25.6348549239064,202.77508937869));
#2038=CARTESIAN_POINT('',(63.6474610038877,25.0932180453152,201.558553032858));
#2039=CARTESIAN_POINT('',(61.3120748708491,24.1710132278859,198.82352829002));
#2040=CARTESIAN_POINT('',(60.3488268912535,23.7906451035343,197.307776788132));
#2041=CARTESIAN_POINT('',(59.6085262943484,23.498317168496,195.745757809472));
#2042=CARTESIAN_POINT('',(75.2776277158981,32.6044482697696,206.66947330929));
#2043=CARTESIAN_POINT('',(73.6687151733198,31.9066588176974,206.669473309285));
#2044=CARTESIAN_POINT('',(72.0018574419164,31.1837380512889,206.458964411347));
#2045=CARTESIAN_POINT('',(68.7165799077874,29.7589044312744,205.490000339815));
#2046=CARTESIAN_POINT('',(67.1035238519159,29.0593178935406,204.741807206328));
#2047=CARTESIAN_POINT('',(64.1352645366278,27.7719778188857,202.775773308018));
#2048=CARTESIAN_POINT('',(62.7823848909153,27.1852320657726,201.559447492508));
#2049=CARTESIAN_POINT('',(60.4788453309867,26.186186452288,198.824861707713));
#2050=CARTESIAN_POINT('',(59.5286846262967,25.7741030963104,197.309337317215));
#2051=CARTESIAN_POINT('',(58.7983899673353,25.4573770181836,195.747523397811));
#2052=CARTESIAN_POINT('',(71.8180666506756,39.9141251237993,206.669473309289));
#2053=CARTESIAN_POINT('',(70.2833386758707,39.0604104793122,206.6694733093));
#2054=CARTESIAN_POINT('',(68.6933625733829,38.1759618431316,206.459049697195));
#2055=CARTESIAN_POINT('',(65.5595954740835,36.4327567953747,205.490506299974));
#2056=CARTESIAN_POINT('',(64.0209175324228,35.5768447844718,204.742645232403));
#2057=CARTESIAN_POINT('',(61.1894066633471,34.0017822714792,202.777466735053));
#2058=CARTESIAN_POINT('',(59.8987882223841,33.28386372127,201.561662200935));
#2059=CARTESIAN_POINT('',(57.7010630174369,32.0613696597908,198.828163320313));
#2060=CARTESIAN_POINT('',(56.7944327470091,31.5570591879976,197.313201294121));
#2061=CARTESIAN_POINT('',(56.0974699286604,31.1693826919831,195.751895156062));
#2062=CARTESIAN_POINT('',(69.067227526104,44.4959336859022,206.669473309294));
#2063=CARTESIAN_POINT('',(67.5915122589334,43.5442438886859,206.669473309241));
#2064=CARTESIAN_POINT('',(66.062683676328,42.5583002823873,206.459086939809));
#2065=CARTESIAN_POINT('',(63.0494277137542,40.6150482003502,205.490727229373));
#2066=CARTESIAN_POINT('',(61.5699153911637,39.6609095813359,204.74301115443));
#2067=CARTESIAN_POINT('',(58.8472337204909,37.9050547559631,202.778206165708));
#2068=CARTESIAN_POINT('',(57.6061928883274,37.1047113091934,201.562629251843));
#2069=CARTESIAN_POINT('',(55.4928093131756,35.7418044549055,198.829605012424));
#2070=CARTESIAN_POINT('',(54.6209248657976,35.1795365907322,197.314888585537));
#2071=CARTESIAN_POINT('',(53.9506206906044,34.7472703812957,195.753804240419));
#2072=CARTESIAN_POINT('',(62.6974464014987,53.0904702314606,206.669473309286));
#2073=CARTESIAN_POINT('',(61.3578652454893,51.9556323574877,206.669473309339));
#2074=CARTESIAN_POINT('',(59.9700901828433,50.7799654983297,206.45916422378));
#2075=CARTESIAN_POINT('',(57.2348301182702,48.4627646986882,205.491185679178));
#2076=CARTESIAN_POINT('',(55.8918041288632,47.3250083959158,204.743770473759));
#2077=CARTESIAN_POINT('',(53.4202001139817,45.2311723945127,202.779740546198));
#2078=CARTESIAN_POINT('',(52.2935526995738,44.2767283160524,201.564635965913));
#2079=CARTESIAN_POINT('',(50.3748171196838,42.6512719836945,198.83259667944));
#2080=CARTESIAN_POINT('',(49.5831452063705,41.980612348445,197.318389922706));
#2081=CARTESIAN_POINT('',(48.9744103407423,41.4649320719512,195.75776586688));
#2082=CARTESIAN_POINT('',(59.0328771837477,57.1366205246343,206.669473309295));
#2083=CARTESIAN_POINT('',(57.7719087863432,55.9153175121297,206.669473309231));
#2084=CARTESIAN_POINT('',(56.4655886363554,54.6500870064512,206.459219016466));
#2085=CARTESIAN_POINT('',(53.8908633056652,52.1563500962132,205.491510706636));
#2086=CARTESIAN_POINT('',(52.6266536053596,50.9319075097161,204.744308807212));
#2087=CARTESIAN_POINT('',(50.3000321578257,48.678483434966,202.780828374068));
#2088=CARTESIAN_POINT('',(49.2394366313858,47.6512612195247,201.566058665264));
#2089=CARTESIAN_POINT('',(47.4330820610321,45.9017646922166,198.834717697772));
#2090=CARTESIAN_POINT('',(46.687715006584,45.179870011724,197.320872298071));
#2091=CARTESIAN_POINT('',(46.1145158843289,44.6247331383847,195.760574599888));
#2092=CARTESIAN_POINT('',(51.0914518089787,64.3317575151132,206.669473309285));
#2093=CARTESIAN_POINT('',(50.0005268511764,62.9572492236255,206.669473309349));
#2094=CARTESIAN_POINT('',(48.870398157947,61.5333435765868,206.459373813805));
#2095=CARTESIAN_POINT('',(46.6429180685962,58.7268320355766,205.492428868845));
#2096=CARTESIAN_POINT('',(45.5491920822759,57.3487943285349,204.745829499086));
#2097=CARTESIAN_POINT('',(43.5361740823845,54.8125092491951,202.783901281947));
#2098=CARTESIAN_POINT('',(42.6184508362765,53.6562386539139,201.570077545347));
#2099=CARTESIAN_POINT('',(41.055177571554,51.6866388177864,198.840709483618));
#2100=CARTESIAN_POINT('',(40.4099670623156,50.8737373091133,197.327885119399));
#2101=CARTESIAN_POINT('',(39.9136295755581,50.248414527017,195.768509756639));
#2102=CARTESIAN_POINT('',(46.8031208862109,67.5142086277714,206.669473309287));
#2103=CARTESIAN_POINT('',(45.8045983006138,66.0716620715174,206.669473309319));
#2104=CARTESIAN_POINT('',(44.770212590614,64.5773009970454,206.459475652814));
#2105=CARTESIAN_POINT('',(42.7314268229314,61.6319014263997,205.493032873757));
#2106=CARTESIAN_POINT('',(41.7303424305267,60.1856535078396,204.746829856778));
#2107=CARTESIAN_POINT('',(39.8877390832851,57.5236963709834,202.785922734239));
#2108=CARTESIAN_POINT('',(39.0476544492535,56.3100595822981,201.572721299162));
#2109=CARTESIAN_POINT('',(37.6164765877737,54.2425231924821,198.844651218946));
#2110=CARTESIAN_POINT('',(37.0256943475594,53.3890728250457,197.332498658321));
#2111=CARTESIAN_POINT('',(36.5711271370184,52.7324187621661,195.773730254334));
#2112=CARTESIAN_POINT('',(39.8894166358043,71.6586934878534,206.669473309291));
#2113=CARTESIAN_POINT('',(39.0388080637666,70.1281835142568,206.669473309275));
#2114=CARTESIAN_POINT('',(38.157671533988,68.5427431292385,206.459622686467));
#2115=CARTESIAN_POINT('',(36.4209248576686,65.4177931242717,205.493904835615));
#2116=CARTESIAN_POINT('',(35.568136197766,63.8833603847896,204.748273971568));
#2117=CARTESIAN_POINT('',(33.9983812456038,61.0588868350877,202.788840897394));
#2118=CARTESIAN_POINT('',(33.2826350275441,59.7710414048601,201.576537841413));
#2119=CARTESIAN_POINT('',(32.0631047202275,57.5767435440284,198.850341836558));
#2120=CARTESIAN_POINT('',(31.5595858147601,56.6707682489184,197.339159383941));
#2121=CARTESIAN_POINT('',(31.1720492906732,55.973484066882,195.781267659086));
#2122=CARTESIAN_POINT('',(37.4913547354017,72.9401616097365,206.669473309293));
#2123=CARTESIAN_POINT('',(36.6919542336386,71.382516406533,206.669473309255));
#2124=CARTESIAN_POINT('',(35.8638711326926,69.7689815442389,206.459671969488));
#2125=CARTESIAN_POINT('',(34.2316888017592,66.5886456652452,205.494197087677));
#2126=CARTESIAN_POINT('',(33.4302401977599,65.0270095888431,204.748757984578));
#2127=CARTESIAN_POINT('',(31.9549533649231,62.1523937044004,202.78981895571));
#2128=CARTESIAN_POINT('',(31.2822611700995,60.8416470517774,201.577817006519));
#2129=CARTESIAN_POINT('',(30.136030125581,58.6082146560514,198.852249168331));
#2130=CARTESIAN_POINT('',(29.6627405825153,57.6860146779112,197.34139190378));
#2131=CARTESIAN_POINT('',(29.2984329059597,56.9761704302322,195.783794080481));
#2132=CARTESIAN_POINT('',(32.6244323615063,75.2392168232016,206.669473309287));
#2133=CARTESIAN_POINT('',(31.9291661847674,73.6328128602757,206.669473309325));
#2134=CARTESIAN_POINT('',(31.2089663824973,71.9687987550885,206.459767047011));
#2135=CARTESIAN_POINT('',(29.7894166805583,68.688944992645,205.49476087865));
#2136=CARTESIAN_POINT('',(29.0923704407467,67.0784280872462,204.749691696659));
#2137=CARTESIAN_POINT('',(27.8092059705149,64.1136982026175,202.791705732245));
#2138=CARTESIAN_POINT('',(27.2240834966675,62.7617860090941,201.580284656523));
#2139=CARTESIAN_POINT('',(26.2269680522321,60.4579836028124,198.855928702786));
#2140=CARTESIAN_POINT('',(25.8151920583463,59.5065946969292,197.345698840414));
#2141=CARTESIAN_POINT('',(25.4981708480228,58.7741387131278,195.78866811401));
#2142=CARTESIAN_POINT('',(30.1495310464302,76.2618465434779,206.669473309292));
#2143=CARTESIAN_POINT('',(29.507146232453,74.6337901109209,206.66947330927));
#2144=CARTESIAN_POINT('',(28.8417295002322,72.94736057921,206.459810624662));
#2145=CARTESIAN_POINT('',(27.530156057468,69.6233148786342,205.495019273531));
#2146=CARTESIAN_POINT('',(26.8861270897092,67.9910914002834,204.750119627851));
#2147=CARTESIAN_POINT('',(25.7005353484604,64.9863395086466,202.792570464046));
#2148=CARTESIAN_POINT('',(25.1598921819092,63.6161418309249,201.581415613207));
#2149=CARTESIAN_POINT('',(24.2385333853159,61.2810732128778,198.85761512402));
#2150=CARTESIAN_POINT('',(23.8580182897844,60.3167104929961,197.347672848424));
#2151=CARTESIAN_POINT('',(23.5650382482851,59.5741988659333,195.790902095319));
#2152=CARTESIAN_POINT('',(22.603888984622,78.9593297252703,206.669473309287));
#2153=CARTESIAN_POINT('',(22.1222371346852,77.2743197068278,206.669473309329));
#2154=CARTESIAN_POINT('',(21.6233281340419,75.5289312407648,206.459926551863));
#2155=CARTESIAN_POINT('',(20.6399419155989,72.0886470909068,205.495706643063));
#2156=CARTESIAN_POINT('',(20.1570584695671,70.3993278625093,204.751257980685));
#2157=CARTESIAN_POINT('',(19.26806372454,67.2892973522313,202.794870762271));
#2158=CARTESIAN_POINT('',(18.8626410044521,65.8709954681695,201.58442411012));
#2159=CARTESIAN_POINT('',(18.1716308536653,63.4536621921896,198.862101303984));
#2160=CARTESIAN_POINT('',(17.8861939180271,62.4551572221387,197.352924117732));
#2161=CARTESIAN_POINT('',(17.6663608909626,61.6861755146067,195.796845042772));
#2162=CARTESIAN_POINT('',(17.4132081574934,80.2671194703217,206.669473309287));
#2163=CARTESIAN_POINT('',(17.042223476764,78.5545130609716,206.66947330933));
#2164=CARTESIAN_POINT('',(16.657951149089,76.780561406263,206.459993036015));
#2165=CARTESIAN_POINT('',(15.9005189638582,73.2839608775849,205.496100814049));
#2166=CARTESIAN_POINT('',(15.5285860983422,71.5669768527347,204.751910753842));
#2167=CARTESIAN_POINT('',(14.8438322840319,68.4059125686615,202.796189836694));
#2168=CARTESIAN_POINT('',(14.5315413580913,66.9642794417083,201.58614930148));
#2169=CARTESIAN_POINT('',(13.9992324801666,64.5070086748263,198.864673972589));
#2170=CARTESIAN_POINT('',(13.7793304948679,63.4919063308134,197.355935629336));
#2171=CARTESIAN_POINT('',(13.6099482259314,62.7100328987866,195.800253370308));
#2172=CARTESIAN_POINT('',(12.055458705481,81.0631505952179,206.66947330929));
#2173=CARTESIAN_POINT('',(11.7985118647328,79.3337789775365,206.66947330929));
#2174=CARTESIAN_POINT('',(11.5323633431782,77.5424757728574,206.460035807448));
#2175=CARTESIAN_POINT('',(11.0077617711696,74.0116634593813,205.496354390337));
#2176=CARTESIAN_POINT('',(10.7501583524834,72.2778727671259,204.752330690216));
#2177=CARTESIAN_POINT('',(10.2758861104796,69.085800227969,202.797038412196));
#2178=CARTESIAN_POINT('',(10.0595842719851,67.6299883594307,201.587259138711));
#2179=CARTESIAN_POINT('',(9.69088028170659,65.1484392021929,198.866329026104));
#2180=CARTESIAN_POINT('',(9.53855846585768,64.1232426116618,197.357873018595));
#2181=CARTESIAN_POINT('',(9.42122349370563,63.3335237343628,195.802446073001));
#2182=CARTESIAN_POINT('',(10.1676626252682,28.7033306627754,184.50947330929));
#2183=CARTESIAN_POINT('',(9.36352883754869,33.9117375226009,184.50947330929));
#2184=CARTESIAN_POINT('',(7.9640427315029,42.9762652744212,184.50947330929));
#2185=CARTESIAN_POINT('',(6.16765507990622,54.6115402875713,184.50947330929));
#2186=CARTESIAN_POINT('',(6.59248650803156,65.8261151769155,196.522795624043));
#2187=CARTESIAN_POINT('',(5.22886210753886,65.9443237266555,202.864469177322));
#2188=CARTESIAN_POINT('',(4.4096326885247,66.0000000000002,206.66947330929));
#2189=CARTESIAN_POINT('',(7.41294455540845,29.5695770101207,184.50947330929));
#2190=CARTESIAN_POINT('',(6.08053102772927,34.6573567282775,184.50947330929));
#2191=CARTESIAN_POINT('',(3.76164547911576,43.5119492537022,184.50947330929));
#2192=CARTESIAN_POINT('',(0.785111916546039,54.8777503173053,184.50947330929));
#2193=CARTESIAN_POINT('',(0.0943573052330107,66.0453627700816,196.531970834602));
#2194=CARTESIAN_POINT('',(-1.29482564349968,66.0268673436798,202.867909881282));
#2195=CARTESIAN_POINT('',(-2.12782646175047,66.0000000000002,206.66947330929));
#2196=CARTESIAN_POINT('',(5.35598444775734,30.0340425235321,184.50947330929));
#2197=CARTESIAN_POINT('',(3.71572514534229,35.0307736533441,184.50947330929));
#2198=CARTESIAN_POINT('',(0.861075659026851,43.7269084242138,184.50947330929));
#2199=CARTESIAN_POINT('',(-2.80316728322218,54.8893122891221,184.50947330929));
#2200=CARTESIAN_POINT('',(-4.20474035313516,65.9814781212873,196.532973503372));
#2201=CARTESIAN_POINT('',(-5.56740767046254,65.8735026367276,202.868285882071));
#2202=CARTESIAN_POINT('',(-6.3835059529272,65.7935370647301,206.66947330929));
#2203=CARTESIAN_POINT('',(1.17310443176362,30.4685712131723,184.50947330929));
#2204=CARTESIAN_POINT('',(-1.06206948356845,35.2349453149192,184.50947330929));
#2205=CARTESIAN_POINT('',(-4.9520873970982,43.5301748320485,184.50947330929));
#2206=CARTESIAN_POINT('',(-9.94533464275976,54.1779746260993,184.50947330929));
#2207=CARTESIAN_POINT('',(-12.7488672272998,65.0165936907077,196.525853114045));
#2208=CARTESIAN_POINT('',(-14.042506587672,64.7414246681162,202.865615736073));
#2209=CARTESIAN_POINT('',(-14.8154483460557,64.562450595353,206.66947330929));
#2210=CARTESIAN_POINT('',(-4.07726607991862,30.1424057117582,184.50947330929));
#2211=CARTESIAN_POINT('',(-7.01043416514434,34.5272495476631,184.50947330929));
#2212=CARTESIAN_POINT('',(-12.1152165342723,42.1584772354498,184.50947330929));
#2213=CARTESIAN_POINT('',(-18.667741759335,51.9539608244911,184.50947330929));
#2214=CARTESIAN_POINT('',(-23.1782356937391,62.2547554137347,196.507578178771));
#2215=CARTESIAN_POINT('',(-24.3558130257211,61.793002424747,202.858762635345));
#2216=CARTESIAN_POINT('',(-25.0573648702997,61.503962277519,206.66947330929));
#2217=CARTESIAN_POINT('',(-10.1889481532293,28.5532909492986,184.50947330929));
#2218=CARTESIAN_POINT('',(-13.8589148633035,32.3306146666945,184.50947330929));
#2219=CARTESIAN_POINT('',(-20.2459955939435,38.9045357495592,184.50947330929));
#2220=CARTESIAN_POINT('',(-28.4444856716272,47.3428550760697,184.50947330929));
#2221=CARTESIAN_POINT('',(-34.8193446566165,56.5709150428777,196.502119734131));
#2222=CARTESIAN_POINT('',(-35.8192095977714,55.932242387693,202.856715718605));
#2223=CARTESIAN_POINT('',(-36.4127848170697,55.5395368714736,206.66947330929));
#2224=CARTESIAN_POINT('',(-14.9017258213018,26.2643364139199,184.50947330929));
#2225=CARTESIAN_POINT('',(-19.0834810442801,29.4285727679763,184.50947330929));
#2226=CARTESIAN_POINT('',(-26.3612604670796,34.935498209209,184.50947330929));
#2227=CARTESIAN_POINT('',(-35.7030560230934,42.0042163752258,184.50947330929));
#2228=CARTESIAN_POINT('',(-43.4123386991873,50.0466165325304,196.505636014796));
#2229=CARTESIAN_POINT('',(-44.2492308731956,49.2994175755049,202.858034323854));
#2230=CARTESIAN_POINT('',(-44.7444066288181,48.8435737815962,206.66947330929));
#2231=CARTESIAN_POINT('',(-18.3082265980266,23.8567597538138,184.50947330929));
#2232=CARTESIAN_POINT('',(-22.8283666335871,26.4851165727525,184.50947330929));
#2233=CARTESIAN_POINT('',(-30.6950590593446,31.0594161557451,184.50947330929));
#2234=CARTESIAN_POINT('',(-40.7927864119002,36.9310109147737,184.50947330929));
#2235=CARTESIAN_POINT('',(-49.4302855659145,43.9012874081681,196.50315065609));
#2236=CARTESIAN_POINT('',(-50.1310222382939,43.0922123167423,202.85710231434));
#2237=CARTESIAN_POINT('',(-50.5442992828653,42.6007558443373,206.66947330929));
#2238=CARTESIAN_POINT('',(-21.4381840249387,21.1071273439731,184.50947330929));
#2239=CARTESIAN_POINT('',(-26.2471383395211,23.1725483200071,184.50947330929));
#2240=CARTESIAN_POINT('',(-34.6164729585198,26.7671342001661,184.50947330929));
#2241=CARTESIAN_POINT('',(-45.3593944471294,31.3811633497418,184.50947330929));
#2242=CARTESIAN_POINT('',(-54.8221435510002,37.1994863425931,196.499302080847));
#2243=CARTESIAN_POINT('',(-55.385046566042,36.3451953176262,202.855659098624));
#2244=CARTESIAN_POINT('',(-55.7155953358569,35.8280517896706,206.66947330929));
#2245=CARTESIAN_POINT('',(-24.7632246437701,17.0834677666645,184.50947330929));
#2246=CARTESIAN_POINT('',(-29.8360392543027,18.4029134563066,184.50947330929));
#2247=CARTESIAN_POINT('',(-38.6645870337964,20.6992302365938,184.50947330929));
#2248=CARTESIAN_POINT('',(-49.996956925931,23.6467944106444,184.50947330929));
#2249=CARTESIAN_POINT('',(-60.285578285575,27.8935509279545,196.491702678932));
#2250=CARTESIAN_POINT('',(-60.6765680390728,27.0135736070347,202.852809322905));
#2251=CARTESIAN_POINT('',(-60.9042341423279,26.4826581127541,206.66947330929));
#2252=CARTESIAN_POINT('',(-27.1928324582324,12.4806916152689,184.50947330929));
#2253=CARTESIAN_POINT('',(-32.3900505538861,13.0192914447441,184.50947330929));
#2254=CARTESIAN_POINT('',(-41.4351057748397,13.956651607419,184.50947330929));
#2255=CARTESIAN_POINT('',(-53.0453857459934,15.1598519922272,184.50947330929));
#2256=CARTESIAN_POINT('',(-63.840028781169,17.7037396125694,196.486425304714));
#2257=CARTESIAN_POINT('',(-64.0687579666157,16.836307606539,202.850830307574));
#2258=CARTESIAN_POINT('',(-64.1996374983797,16.3142752117867,206.66947330929));
#2259=CARTESIAN_POINT('',(-28.5914317158354,8.57425622263555,184.50947330929));
#2260=CARTESIAN_POINT('',(-33.7977909869086,8.48147880461622,184.50947330929));
#2261=CARTESIAN_POINT('',(-42.8587551874224,8.32001225582079,184.50947330929));
#2262=CARTESIAN_POINT('',(-54.4894560075634,8.11275295317461,184.50947330929));
#2263=CARTESIAN_POINT('',(-65.4569824464483,9.25396113444806,196.492059268609));
#2264=CARTESIAN_POINT('',(-65.5665260569903,8.41648977313779,202.852943044034));
#2265=CARTESIAN_POINT('',(-65.6264694121849,7.91332640600201,206.66947330929));
#2266=CARTESIAN_POINT('',(-29.3372004369723,5.55836581398755,184.50947330929));
#2267=CARTESIAN_POINT('',(-34.5071317929074,4.99299711925814,184.50947330929));
#2268=CARTESIAN_POINT('',(-43.5046981336539,4.00904936684371,184.50947330929));
#2269=CARTESIAN_POINT('',(-55.0540211309416,2.74604890930595,184.50947330929));
#2270=CARTESIAN_POINT('',(-66.0475996805018,2.83125370859915,196.497290350834));
#2271=CARTESIAN_POINT('',(-66.0741270426632,2.02369572065028,202.854904699869));
#2272=CARTESIAN_POINT('',(-66.0847157225619,1.53905220437643,206.66947330929));
#2273=CARTESIAN_POINT('',(-29.7354043307848,2.48303037579815,184.50947330929));
#2274=CARTESIAN_POINT('',(-34.8289479133963,1.45105600184519,184.50947330929));
#2275=CARTESIAN_POINT('',(-43.6935716653961,-0.344955831258313,184.50947330929));
#2276=CARTESIAN_POINT('',(-55.0722488636549,-2.65032597046217,184.50947330929));
#2277=CARTESIAN_POINT('',(-66.008323877214,-3.6168166683278,196.497496298285));
#2278=CARTESIAN_POINT('',(-65.9586236798956,-4.38730461762056,202.854981930163));
#2279=CARTESIAN_POINT('',(-65.9239521685031,-4.84922594931798,206.66947330929));
#2280=CARTESIAN_POINT('',(-29.7829786070797,-0.613149051745489,184.50947330929));
#2281=CARTESIAN_POINT('',(-34.7611491013225,-2.10241909144311,184.50947330929));
#2282=CARTESIAN_POINT('',(-43.4249815961344,-4.69429218586684,184.50947330929));
#2283=CARTESIAN_POINT('',(-54.5459220913256,-8.0212339834413,184.50947330929));
#2284=CARTESIAN_POINT('',(-65.3423238622947,-10.0311052892829,196.492398158694));
#2285=CARTESIAN_POINT('',(-65.2237810453864,-10.7577642372549,202.853070127816));
#2286=CARTESIAN_POINT('',(-65.1482974139593,-11.1929966901796,206.66947330929));
#2287=CARTESIAN_POINT('',(-29.5381543490414,-3.18134904916078,184.50947330929));
#2288=CARTESIAN_POINT('',(-34.3877174796575,-5.04100729764507,184.50947330929));
#2289=CARTESIAN_POINT('',(-42.8277262510051,-8.2774909779642,184.50947330929));
#2290=CARTESIAN_POINT('',(-53.661365449507,-12.4318582795065,184.50947330929));
#2291=CARTESIAN_POINT('',(-64.2674810887748,-15.2992739442028,196.485410695024));
#2292=CARTESIAN_POINT('',(-64.0983519679431,-15.9838773005477,202.85044982894));
#2293=CARTESIAN_POINT('',(-63.9929413380609,-16.393623326119,206.66947330929));
#2294=CARTESIAN_POINT('',(-29.1863077680727,-5.21347240914084,184.50947330929));
#2295=CARTESIAN_POINT('',(-33.9135088251127,-7.36047695657907,184.50947330929));
#2296=CARTESIAN_POINT('',(-42.1405629557128,-11.0970480093617,184.50947330929));
#2297=CARTESIAN_POINT('',(-52.7008524686864,-15.8933300657072,184.50947330929));
#2298=CARTESIAN_POINT('',(-63.1046140776152,-19.4328146315804,196.480279457456));
#2299=CARTESIAN_POINT('',(-62.8997232884616,-20.0805244446286,202.848525614852));
#2300=CARTESIAN_POINT('',(-62.7732024724636,-20.4679775041223,206.66947330929));
#2301=CARTESIAN_POINT('',(-28.521333266863,-8.20524400912782,184.50947330929));
#2302=CARTESIAN_POINT('',(-33.0417041146676,-10.7818101702561,184.50947330929));
#2303=CARTESIAN_POINT('',(-40.9087982379207,-15.2659751175258,184.50947330929));
#2304=CARTESIAN_POINT('',(-51.0070412114729,-21.0218725888897,184.50947330929));
#2305=CARTESIAN_POINT('',(-61.0520825745934,-25.5589420024757,196.474897548992));
#2306=CARTESIAN_POINT('',(-60.7957164379149,-26.1554796312,202.846507399178));
#2307=CARTESIAN_POINT('',(-60.638756364151,-26.5120095616978,206.66947330929));
#2308=CARTESIAN_POINT('',(-27.0182757231398,-12.5187544870116,184.50947330929));
#2309=CARTESIAN_POINT('',(-31.1472880250041,-15.7074064849158,184.50947330929));
#2310=CARTESIAN_POINT('',(-38.3332755265854,-21.2568240522809,184.50947330929));
#2311=CARTESIAN_POINT('',(-47.5572464946446,-28.3800853326198,184.50947330929));
#2312=CARTESIAN_POINT('',(-56.861488902037,-34.3367626564997,196.474965714826));
#2313=CARTESIAN_POINT('',(-56.5389244780883,-34.8565928644117,202.846532961366));
#2314=CARTESIAN_POINT('',(-56.342829591228,-35.1668551777414,206.66947330929));
#2315=CARTESIAN_POINT('',(-23.8947723663515,-17.764074964169,184.50947330929));
#2316=CARTESIAN_POINT('',(-27.3608850771148,-21.6551132212326,184.50947330929));
#2317=CARTESIAN_POINT('',(-33.3931854912773,-28.4269390815744,184.50947330929));
#2318=CARTESIAN_POINT('',(-41.1362777077058,-37.1192900107681,184.50947330929));
#2319=CARTESIAN_POINT('',(-49.1035743608735,-44.7315653538199,196.478489557819));
#2320=CARTESIAN_POINT('',(-48.7236501952679,-45.1384812354675,202.847854402488));
#2321=CARTESIAN_POINT('',(-48.4938842295681,-45.3808914314589,206.66947330929));
#2322=CARTESIAN_POINT('',(-19.7567055076812,-22.2392430214027,184.50947330929));
#2323=CARTESIAN_POINT('',(-22.4439697223199,-26.7001300035083,184.50947330929));
#2324=CARTESIAN_POINT('',(-27.1207896608612,-34.4637005031419,184.50947330929));
#2325=CARTESIAN_POINT('',(-33.1239800820041,-44.4290600144609,184.50947330929));
#2326=CARTESIAN_POINT('',(-39.4753681643442,-53.419117567231,196.477696324896));
#2327=CARTESIAN_POINT('',(-39.0672885264696,-53.7130041839019,202.847556940142));
#2328=CARTESIAN_POINT('',(-38.8212668799569,-53.8876579464927,206.66947330929));
#2329=CARTESIAN_POINT('',(-14.7901964271615,-25.7675838675617,184.50947330929));
#2330=CARTESIAN_POINT('',(-16.6088069399707,-30.6456509088679,184.50947330929));
#2331=CARTESIAN_POINT('',(-19.7738525876647,-39.1352668818875,184.50947330929));
#2332=CARTESIAN_POINT('',(-23.8365216586154,-50.0325821427162,184.50947330929));
#2333=CARTESIAN_POINT('',(-28.3423340819247,-60.0723706349325,196.474560503715));
#2334=CARTESIAN_POINT('',(-27.9346118587479,-60.2584422206068,202.846381007199));
#2335=CARTESIAN_POINT('',(-27.6893248672112,-60.3685977655235,206.66947330929));
#2336=CARTESIAN_POINT('',(-10.1532569084089,-27.8208518595221,184.50947330929));
#2337=CARTESIAN_POINT('',(-11.1957762688448,-32.9059010489608,184.50947330929));
#2338=CARTESIAN_POINT('',(-13.0101402248122,-41.7557414584297,184.50947330929));
#2339=CARTESIAN_POINT('',(-15.3390672444675,-53.115442681252,184.50947330929));
#2340=CARTESIAN_POINT('',(-18.1642269609363,-63.7082147098088,196.47549720876));
#2341=CARTESIAN_POINT('',(-17.7771001405682,-63.814698628343,202.846732271591));
#2342=CARTESIAN_POINT('',(-17.5444896637503,-63.8773229743922,206.66947330929));
#2343=CARTESIAN_POINT('',(-6.25806398157499,-28.8926177849617,184.50947330929));
#2344=CARTESIAN_POINT('',(-6.66424325378629,-34.0535492126009,184.50947330929));
#2345=CARTESIAN_POINT('',(-7.37114334516987,-43.0354523953036,184.50947330929));
#2346=CARTESIAN_POINT('',(-8.27852398266832,-54.564670081382,184.50947330929));
#2347=CARTESIAN_POINT('',(-9.71531031003845,-65.3878414743912,196.480045340202));
#2348=CARTESIAN_POINT('',(-9.35362909579179,-65.4392941148261,202.848437820882));
#2349=CARTESIAN_POINT('',(-9.13647493911953,-65.469087121893,206.66947330929));
#2350=CARTESIAN_POINT('',(-3.26778673000091,-29.3631561417699,184.50947330929));
#2351=CARTESIAN_POINT('',(-3.19394268304904,-34.5393486256729,184.50947330929));
#2352=CARTESIAN_POINT('',(-3.06542710603737,-43.5478116128893,184.50947330929));
#2353=CARTESIAN_POINT('',(-2.90046384231918,-55.1111216023146,184.50947330929));
#2354=CARTESIAN_POINT('',(-3.28674675375978,-66.0243305040966,196.478056550868));
#2355=CARTESIAN_POINT('',(-2.94785886260017,-66.039115222802,202.847692024882));
#2356=CARTESIAN_POINT('',(-2.74449195860042,-66.0470487002114,206.66947330929));
#2357=CARTESIAN_POINT('',(-0.243833090643095,-29.5333099165371,184.50947330929));
#2358=CARTESIAN_POINT('',(0.308904641896004,-34.6795446274048,184.50947330929));
#2359=CARTESIAN_POINT('',(1.27086991283622,-43.6358701621584,184.50947330929));
#2360=CARTESIAN_POINT('',(2.50565354271051,-55.1322562461692,184.50947330929));
#2361=CARTESIAN_POINT('',(3.1744845692549,-66.0287149132622,196.477604302826));
#2362=CARTESIAN_POINT('',(3.48631304964371,-66.0118233710516,202.847522431866));
#2363=CARTESIAN_POINT('',(3.67336161507979,-66.0008952237126,206.66947330929));
#2364=CARTESIAN_POINT('',(3.7861364962518,-29.3667370202478,184.50947330929));
#2365=CARTESIAN_POINT('',(4.9716669662973,-34.4125857899831,184.50947330929));
#2366=CARTESIAN_POINT('',(7.03492241764201,-43.1942031704438,184.50947330929));
#2367=CARTESIAN_POINT('',(9.6833278565195,-54.4663329580548,184.50947330929));
#2368=CARTESIAN_POINT('',(11.746918201084,-65.1956506006958,196.48010529263));
#2369=CARTESIAN_POINT('',(12.0204788533154,-65.1435695998949,202.848460303042));
#2370=CARTESIAN_POINT('',(12.1844906592041,-65.1117054677842,206.66947330929));
#2371=CARTESIAN_POINT('',(8.74019983520002,-28.3202813094636,184.50947330929));
#2372=CARTESIAN_POINT('',(10.6941333229148,-33.1373155198645,184.50947330929));
#2373=CARTESIAN_POINT('',(14.0946903072812,-41.5207121048059,184.50947330929));
#2374=CARTESIAN_POINT('',(18.459662956082,-52.2816836061078,184.50947330929));
#2375=CARTESIAN_POINT('',(22.2348715357424,-62.5893790667838,196.47143370693));
#2376=CARTESIAN_POINT('',(22.4545479873732,-62.5067793729278,202.845208458405));
#2377=CARTESIAN_POINT('',(22.5861915285218,-62.456811707679,206.66947330929));
#2378=CARTESIAN_POINT('',(13.3994482269698,-26.3181008379251,184.50947330929));
#2379=CARTESIAN_POINT('',(16.0631269891852,-30.7675833187724,184.50947330929));
#2380=CARTESIAN_POINT('',(20.6988996374926,-38.5113058263167,184.50947330929));
#2381=CARTESIAN_POINT('',(26.6494015431948,-48.451188351659,184.50947330929));
#2382=CARTESIAN_POINT('',(32.0169579173451,-57.9954478583082,196.469655595465));
#2383=CARTESIAN_POINT('',(32.1785870967731,-57.9035649713556,202.844541666606));
#2384=CARTESIAN_POINT('',(32.2754245232718,-57.8481956789736,206.66947330929));
#2385=CARTESIAN_POINT('',(16.382667170359,-24.4699996796889,184.50947330929));
#2386=CARTESIAN_POINT('',(19.5050161474455,-28.592335115276,184.50947330929));
#2387=CARTESIAN_POINT('',(24.9390422739329,-35.7667024340849,184.50947330929));
#2388=CARTESIAN_POINT('',(31.914186500021,-44.9757576750416,184.50947330929));
#2389=CARTESIAN_POINT('',(38.3001364390306,-53.8247068430391,196.471172055112));
#2390=CARTESIAN_POINT('',(38.4281823751553,-53.7325792992116,202.845110338973));
#2391=CARTESIAN_POINT('',(38.5048911309254,-53.6771394478372,206.66947330929));
#2392=CARTESIAN_POINT('',(17.8240947095008,-23.410178477735,184.50947330929));
#2393=CARTESIAN_POINT('',(21.1578477029216,-27.3588594194649,184.50947330929));
#2394=CARTESIAN_POINT('',(26.9597939294477,-34.231004576841,184.50947330929));
#2395=CARTESIAN_POINT('',(34.4072023113773,-43.0521258779813,184.50947330929));
#2396=CARTESIAN_POINT('',(41.2731002798041,-51.5225981713573,196.471167396359));
#2397=CARTESIAN_POINT('',(41.37933211152,-51.4370946022067,202.845108591941));
#2398=CARTESIAN_POINT('',(41.4429756928576,-51.3856744595021,206.66947330929));
#2399=CARTESIAN_POINT('',(18.5777230038681,-22.8106635424075,184.50947330929));
#2400=CARTESIAN_POINT('',(22.0384660526839,-26.647821248663,184.50947330929));
#2401=CARTESIAN_POINT('',(28.0614212964223,-33.3258752971575,184.50947330929));
#2402=CARTESIAN_POINT('',(35.7925180034426,-41.8978602404781,184.50947330929));
#2403=CARTESIAN_POINT('',(42.9308824124906,-50.138124547848,196.471189947855));
#2404=CARTESIAN_POINT('',(43.0343048849679,-50.0493782013271,202.845117048752));
#2405=CARTESIAN_POINT('',(43.0962592565395,-49.9960152281845,206.66947330929));
#2406=CARTESIAN_POINT('',(19.6122647292824,-21.9493311188857,184.50947330929));
#2407=CARTESIAN_POINT('',(23.2747522705488,-25.6003405933412,184.50947330929));
#2408=CARTESIAN_POINT('',(29.6488165193655,-31.9544288191734,184.50947330929));
#2409=CARTESIAN_POINT('',(37.8305985732158,-40.1105695459233,184.50947330929));
#2410=CARTESIAN_POINT('',(45.379294397501,-47.9885804165858,196.471130844866));
#2411=CARTESIAN_POINT('',(45.4931270922137,-47.8814969940649,202.845094885131));
#2412=CARTESIAN_POINT('',(45.5612918136161,-47.8171031779954,206.66947330929));
#2413=CARTESIAN_POINT('',(21.0540323378288,-20.6023253487934,184.50947330929));
#2414=CARTESIAN_POINT('',(25.0085449023505,-23.9457724402474,184.50947330929));
#2415=CARTESIAN_POINT('',(31.8908392105239,-29.7645899333652,184.50947330929));
#2416=CARTESIAN_POINT('',(40.7249880144653,-37.2336543609256,184.50947330929));
#2417=CARTESIAN_POINT('',(48.8618503701365,-44.5261138268735,196.470665666374));
#2418=CARTESIAN_POINT('',(48.9956262937872,-44.3814583392644,202.844920443196));
#2419=CARTESIAN_POINT('',(49.0756667580859,-44.2944538456188,206.66947330929));
#2420=CARTESIAN_POINT('',(23.3864848612721,-17.9967921280535,184.50947330929));
#2421=CARTESIAN_POINT('',(27.7977973784869,-20.7411447637373,184.50947330929));
#2422=CARTESIAN_POINT('',(35.4750902264548,-25.5173193784392,184.50947330929));
#2423=CARTESIAN_POINT('',(45.3297032949249,-31.648041979153,184.50947330929));
#2424=CARTESIAN_POINT('',(54.4066075595986,-37.8038676343087,196.468394854289));
#2425=CARTESIAN_POINT('',(54.5634978670423,-37.5839797781189,202.844068888665));
#2426=CARTESIAN_POINT('',(54.6571661443148,-37.4517075648535,206.66947330929));
#2427=CARTESIAN_POINT('',(25.8807910359164,-14.3611395300555,184.50947330929));
#2428=CARTESIAN_POINT('',(30.7334519582488,-16.2720480775842,184.50947330929));
#2429=CARTESIAN_POINT('',(39.1788520171318,-19.5977259722724,184.50947330929));
#2430=CARTESIAN_POINT('',(50.0194115003818,-23.8665834317336,184.50947330929));
#2431=CARTESIAN_POINT('',(60.0402221786719,-28.4288501160637,196.469035149313));
#2432=CARTESIAN_POINT('',(60.1986940655413,-28.1072042516935,202.844308999299));
#2433=CARTESIAN_POINT('',(60.2928735410345,-27.9137533831166,206.66947330929));
#2434=CARTESIAN_POINT('',(27.7032548192355,-10.3394072635374,184.50947330929));
#2435=CARTESIAN_POINT('',(32.8081443808569,-11.3409053728758,184.50947330929));
#2436=CARTESIAN_POINT('',(41.6925142748873,-13.0838773890438,184.50947330929));
#2437=CARTESIAN_POINT('',(53.0965377238569,-15.3211653430982,184.50947330929));
#2438=CARTESIAN_POINT('',(63.7253535867267,-18.1294873041319,196.470245627294));
#2439=CARTESIAN_POINT('',(63.8489689875576,-17.7021105104949,202.844762928541));
#2440=CARTESIAN_POINT('',(63.9216070303898,-17.4452343113234,206.66947330929));
#2441=CARTESIAN_POINT('',(28.7653403830846,-6.96836131472377,184.50947330929));
#2442=CARTESIAN_POINT('',(33.9471618763693,-7.2211949228179,184.50947330929));
#2443=CARTESIAN_POINT('',(42.9654213931445,-7.66121762435447,184.50947330929));
#2444=CARTESIAN_POINT('',(54.5413062589133,-8.22603305485268,184.50947330929));
#2445=CARTESIAN_POINT('',(65.4119243244729,-9.57459774004174,196.479820781065));
#2446=CARTESIAN_POINT('',(65.4851935469837,-9.06680918825625,202.848353611205));
#2447=CARTESIAN_POINT('',(65.5270334633935,-8.76183752791696,206.66947330929));
#2448=CARTESIAN_POINT('',(29.3414318543767,-4.38120274150936,184.50947330929));
#2449=CARTESIAN_POINT('',(34.5195257304649,-4.06829558052245,184.50947330929));
#2450=CARTESIAN_POINT('',(43.5312978336344,-3.52372298455513,184.50947330929));
#2451=CARTESIAN_POINT('',(55.0988554215248,-2.82470676526754,184.50947330929));
#2452=CARTESIAN_POINT('',(66.0375855601609,-3.06735766194194,196.488027471904));
#2453=CARTESIAN_POINT('',(66.062270122047,-2.50131965096435,202.85143112027));
#2454=CARTESIAN_POINT('',(66.0744688123857,-2.16159468493762,206.66947330929));
#2455=CARTESIAN_POINT('',(29.6582609822822,-1.74960858731327,184.50947330929));
#2456=CARTESIAN_POINT('',(34.7737524732001,-0.874469005875224,184.50947330929));
#2457=CARTESIAN_POINT('',(43.6765735913605,0.648593081276574,184.50947330929));
#2458=CARTESIAN_POINT('',(55.1042811276825,2.60360350557088,184.50947330929));
#2459=CARTESIAN_POINT('',(66.0162945687666,3.46820759563441,196.491542043039));
#2460=CARTESIAN_POINT('',(65.9814538113169,4.08804116473246,202.852749084446));
#2461=CARTESIAN_POINT('',(65.957415389097,4.45974790590494,206.66947330929));
#2462=CARTESIAN_POINT('',(29.7312859216915,1.78851550527211,184.50947330929));
#2463=CARTESIAN_POINT('',(34.6862815645339,3.39972693678365,184.50947330929));
#2464=CARTESIAN_POINT('',(43.3097813646626,6.20382253224099,184.50947330929));
#2465=CARTESIAN_POINT('',(54.3789506029821,9.80317423699554,184.50947330929));
#2466=CARTESIAN_POINT('',(65.130972508277,12.1375164206672,196.489402096195));
#2467=CARTESIAN_POINT('',(65.0028226447053,12.8199403410882,202.851946604379));
#2468=CARTESIAN_POINT('',(64.9220914416102,13.2286584078933,206.66947330929));
#2469=CARTESIAN_POINT('',(29.1950811275864,6.2115725447563,184.50947330929));
#2470=CARTESIAN_POINT('',(33.8059104871249,8.70088469026195,184.50947330929));
#2471=CARTESIAN_POINT('',(41.8304354163938,13.0331958236198,184.50947330929));
#2472=CARTESIAN_POINT('',(52.1307573921496,18.5941729488791,184.50947330929));
#2473=CARTESIAN_POINT('',(62.4250890198314,22.7371784167403,196.480372665565));
#2474=CARTESIAN_POINT('',(62.1572964592987,23.4735991733935,202.848560567893));
#2475=CARTESIAN_POINT('',(61.9919607513219,23.9137485939646,206.66947330929));
#2476=CARTESIAN_POINT('',(27.7088785602148,11.3650511324626,184.50947330929));
#2477=CARTESIAN_POINT('',(31.6809975505618,14.7943223846216,184.50947330929));
#2478=CARTESIAN_POINT('',(38.593933461782,20.7625052225414,184.50947330929));
#2479=CARTESIAN_POINT('',(47.4674139869176,28.4232957843019,184.50947330929));
#2480=CARTESIAN_POINT('',(56.733280829269,34.5683641116666,196.487098037079));
#2481=CARTESIAN_POINT('',(56.270281694224,35.325583853032,202.851082582211));
#2482=CARTESIAN_POINT('',(55.9870585168825,35.7765691195395,206.66947330929));
#2483=CARTESIAN_POINT('',(25.3540244339051,16.2193940248592,184.50947330929));
#2484=CARTESIAN_POINT('',(28.496655230211,20.429070311264,184.50947330929));
#2485=CARTESIAN_POINT('',(33.9659791201259,27.755442568898,184.50947330929));
#2486=CARTESIAN_POINT('',(40.9864317391134,37.1596121406848,184.50947330929));
#2487=CARTESIAN_POINT('',(48.8298107801292,45.0483782699674,196.50016578857));
#2488=CARTESIAN_POINT('',(48.1544186794336,45.7754753713043,202.85598298902));
#2489=CARTESIAN_POINT('',(47.743375209639,46.2062704750922,206.66947330929));
#2490=CARTESIAN_POINT('',(22.1198343602287,20.5627149860499,184.50947330929));
#2491=CARTESIAN_POINT('',(24.2878061530416,25.3609327897793,184.50947330929));
#2492=CARTESIAN_POINT('',(28.0608678607776,33.71158196365,184.50947330929));
#2493=CARTESIAN_POINT('',(32.9039895117956,44.4305187176148,184.50947330929));
#2494=CARTESIAN_POINT('',(39.0231607839236,53.7735304439515,196.503593128379));
#2495=CARTESIAN_POINT('',(38.1309033567793,54.4140224025052,202.857268241448));
#2496=CARTESIAN_POINT('',(37.5899156296202,54.79033062515,206.66947330929));
#2497=CARTESIAN_POINT('',(18.1311237869635,24.2583957138239,184.50947330929));
#2498=CARTESIAN_POINT('',(19.2214367615609,29.4244554684427,184.50947330929));
#2499=CARTESIAN_POINT('',(21.1189790393426,38.4152838106958,184.50947330929));
#2500=CARTESIAN_POINT('',(23.554674185914,49.9559578780383,184.50947330929));
#2501=CARTESIAN_POINT('',(27.6865287639927,60.395541494364,196.503860631949));
#2502=CARTESIAN_POINT('',(26.5895908288054,60.8890515704386,202.857368555287));
#2503=CARTESIAN_POINT('',(25.9267295128812,61.1744102593507,206.66947330929));
#2504=CARTESIAN_POINT('',(13.5386752628913,27.2392377343156,184.50947330929));
#2505=CARTESIAN_POINT('',(13.494901486325,32.5316017169409,184.50947330929));
#2506=CARTESIAN_POINT('',(13.4187191482001,41.7422454865885,184.50947330929));
#2507=CARTESIAN_POINT('',(13.3209311023695,53.5650757809176,184.50947330929));
#2508=CARTESIAN_POINT('',(15.2680983915104,64.661251888711,196.51153759187));
#2509=CARTESIAN_POINT('',(13.995437640728,64.9506697236194,202.860247415257));
#2510=CARTESIAN_POINT('',(13.2289405589738,65.1108169461202,206.66947330929));
#2511=CARTESIAN_POINT('',(10.1676626252682,28.7033306627754,184.50947330929));
#2512=CARTESIAN_POINT('',(9.36352883754869,33.9117375226009,184.50947330929));
#2513=CARTESIAN_POINT('',(7.9640427315029,42.9762652744212,184.50947330929));
#2514=CARTESIAN_POINT('',(6.16765507990622,54.6115402875713,184.50947330929));
#2515=CARTESIAN_POINT('',(6.59248650803156,65.8261151769155,196.522795624043));
#2516=CARTESIAN_POINT('',(5.22886210753886,65.9443237266555,202.864469177322));
#2517=CARTESIAN_POINT('',(4.4096326885247,66.0000000000002,206.66947330929));
#2518=CARTESIAN_POINT('',(7.41294455540845,29.5695770101207,184.50947330929));
#2519=CARTESIAN_POINT('',(6.08053102772927,34.6573567282775,184.50947330929));
#2520=CARTESIAN_POINT('',(3.76164547911576,43.5119492537022,184.50947330929));
#2521=CARTESIAN_POINT('',(0.785111916546039,54.8777503173053,184.50947330929));
#2522=CARTESIAN_POINT('',(0.0943573052330107,66.0453627700816,196.531970834602));
#2523=CARTESIAN_POINT('',(-1.29482564349968,66.0268673436798,202.867909881282));
#2524=CARTESIAN_POINT('',(-2.12782646175047,66.0000000000002,206.66947330929));
#2525=CARTESIAN_POINT('',(-18.2508256448618,47.6225509942765,206.66947330929));
#2526=CARTESIAN_POINT('',(-26.2396921537149,44.5473440948806,206.66947330929));
#2527=CARTESIAN_POINT('',(-33.3260084772316,39.5407936214631,206.66947330929));
#2528=CARTESIAN_POINT('',(-44.322191360081,26.5862115732186,206.66947330929));
#2529=CARTESIAN_POINT('',(-48.1300014059844,18.7787761324653,206.66947330929));
#2530=CARTESIAN_POINT('',(-49.9253902781152,10.4141924529002,206.66947330929));
#2531=CARTESIAN_POINT('',(-18.250825645138,47.622550994994,206.669473309289));
#2532=CARTESIAN_POINT('',(-49.9253902889648,10.414192455229,206.66947330929));
#2533=CARTESIAN_POINT('',(19.4449512010547,47.1475754709468,206.66947330929));
#2534=CARTESIAN_POINT('',(13.4240611118415,49.6307554182128,206.66947330929));
#2535=CARTESIAN_POINT('',(7.15495893532759,50.9135683091112,206.66947330929));
#2536=CARTESIAN_POINT('',(-5.86983731005738,51.0783355970732,206.66947330929));
#2537=CARTESIAN_POINT('',(-12.1676327959817,49.9538686110404,206.66947330929));
#2538=CARTESIAN_POINT('',(-18.250825645138,47.622550994994,206.66947330929));
#2539=CARTESIAN_POINT('',(19.4449512010547,47.1475754709468,206.669473309289));
#2540=CARTESIAN_POINT('',(49.8548446610828,10.74683506555,206.66947330929));
#2541=CARTESIAN_POINT('',(48.0571904500805,18.8480666750613,206.66947330929));
#2542=CARTESIAN_POINT('',(44.3970294196014,26.3742957881664,206.66947330929));
#2543=CARTESIAN_POINT('',(33.8623258085541,39.0263957292144,206.66947330929));
#2544=CARTESIAN_POINT('',(27.1149761114754,43.9719214170713,206.66947330929));
#2545=CARTESIAN_POINT('',(19.4449524260549,47.1475749652303,206.66947330929));
#2546=CARTESIAN_POINT('',(49.8548455452757,10.7468309587855,206.66947330929));
#2547=CARTESIAN_POINT('',(49.978974259142,-10.1539220009532,206.66947330929));
#2548=CARTESIAN_POINT('',(51.4526346721806,-3.09692194542353,206.66947330929));
#2549=CARTESIAN_POINT('',(51.4137958371874,3.72132976312032,206.66947330929));
#2550=CARTESIAN_POINT('',(49.8548455710976,10.7468309645153,206.66947330929));
#2551=CARTESIAN_POINT('',(49.9789742088445,-10.1539222486511,206.66947330929));
#2552=CARTESIAN_POINT('',(41.2610802673465,-29.9753774816633,206.66947330929));
#2553=CARTESIAN_POINT('',(43.397693676784,-27.0188972682952,206.66947330929));
#2554=CARTESIAN_POINT('',(45.2218131670421,-23.8131577719969,206.66947330929));
#2555=CARTESIAN_POINT('',(48.1370813317965,-17.1499680621511,206.66947330929));
#2556=CARTESIAN_POINT('',(49.236923651149,-13.7074211725816,206.66947330929));
#2557=CARTESIAN_POINT('',(49.9789742074767,-10.1539222483655,206.66947330929));
#2558=CARTESIAN_POINT('',(41.2610656929473,-29.9753669489169,206.66947330929));
#2559=CARTESIAN_POINT('',(31.9348516239889,-39.7638686718709,206.66947330929));
#2560=CARTESIAN_POINT('',(35.4799327675699,-36.9167704368005,206.66947330929));
#2561=CARTESIAN_POINT('',(38.5886756399092,-33.6539400521688,206.66947330929));
#2562=CARTESIAN_POINT('',(41.2610802410068,-29.975377517976,206.66947330929));
#2563=CARTESIAN_POINT('',(31.9349634099696,-39.7640085320781,206.66947330929));
#2564=CARTESIAN_POINT('',(10.5971644487192,-49.8868730780646,206.66947330929));
#2565=CARTESIAN_POINT('',(18.430297871394,-48.1674918670685,206.66947330929));
#2566=CARTESIAN_POINT('',(25.7536292816168,-44.7043303728559,206.66947330929));
#2567=CARTESIAN_POINT('',(31.9348516242881,-39.7638686722433,206.66947330929));
#2568=CARTESIAN_POINT('',(10.5971561388454,-49.8868748446814,206.66947330929));
#2569=CARTESIAN_POINT('',(-10.2204257249033,-49.9654170201922,206.66947330929));
#2570=CARTESIAN_POINT('',(-3.18088696389993,-51.4486984979988,206.66947330929));
#2571=CARTESIAN_POINT('',(3.59003390046858,-51.4249446148797,206.66947330929));
#2572=CARTESIAN_POINT('',(10.5971561508674,-49.8868748994513,206.66947330929));
#2573=CARTESIAN_POINT('',(-10.2204261659005,-49.9654169299862,206.66947330929));
#2574=CARTESIAN_POINT('',(-31.5049668023052,-40.1053246687995,206.66947330929));
#2575=CARTESIAN_POINT('',(-25.3119856958809,-44.9462579130884,206.66947330929));
#2576=CARTESIAN_POINT('',(-17.9930085817821,-48.3276778064733,206.66947330929));
#2577=CARTESIAN_POINT('',(-10.2204261653527,-49.9654169273863,206.66947330929));
#2578=CARTESIAN_POINT('',(-31.5050012454154,-40.105368731694,206.66947330929));
#2579=CARTESIAN_POINT('',(-40.8128009806749,-30.5829245840192,206.66947330929));
#2580=CARTESIAN_POINT('',(-38.1281417553447,-34.1655924993562,206.66947330929));
#2581=CARTESIAN_POINT('',(-35.0255303625463,-37.3397258609389,206.66947330929));
#2582=CARTESIAN_POINT('',(-31.5049668022799,-40.1053246687672,206.66947330929));
#2583=CARTESIAN_POINT('',(-40.8129244425096,-30.5830166775416,206.66947330929));
#2584=CARTESIAN_POINT('',(-49.9152796142064,-10.4625456274064,206.66947330929));
#2585=CARTESIAN_POINT('',(-48.337963801012,-17.7718503158231,206.66947330929));
#2586=CARTESIAN_POINT('',(-45.2305782076299,-24.6603920472972,206.66947330929));
#2587=CARTESIAN_POINT('',(-40.812800980716,-30.58292458405,206.66947330929));
#2588=CARTESIAN_POINT('',(-49.9152807400266,-10.462540257716,206.66947330929));
#2589=CARTESIAN_POINT('',(-49.925390680494,10.4141905782468,206.66947330929));
#2590=CARTESIAN_POINT('',(-51.4356689691908,3.37791474375541,206.66947330929));
#2591=CARTESIAN_POINT('',(-51.4328092469677,-3.43028752368028,206.66947330929));
#2592=CARTESIAN_POINT('',(-49.9152807714963,-10.462540264507,206.66947330929));
#2593=CARTESIAN_POINT('',(37.2572024137268,-24.2988965143199,196.311198794409));
#2594=CARTESIAN_POINT('',(40.1297706978899,-19.1868967591379,196.323017984768));
#2595=CARTESIAN_POINT('',(41.2962448364892,-16.5237850541252,196.32619596628));
#2596=CARTESIAN_POINT('',(43.1008464394342,-10.9878271880526,196.31157940517));
#2597=CARTESIAN_POINT('',(43.7328486681061,-8.10843270350932,196.293545066005));
#2598=CARTESIAN_POINT('',(44.756637341475,0.509882361834309,196.236271807145));
#2599=CARTESIAN_POINT('',(44.2919796692888,6.44851900977568,196.289878958378));
#2600=CARTESIAN_POINT('',(41.1621820345515,17.5794661636404,196.336483621912));
#2601=CARTESIAN_POINT('',(38.4676966593189,22.8855194282147,196.307444654122));
#2602=CARTESIAN_POINT('',(33.0945747234321,29.7166853353181,196.292573176319));
#2603=CARTESIAN_POINT('',(31.0478103357687,31.8492121813338,196.291322966787));
#2604=CARTESIAN_POINT('',(26.6424760789182,35.6162506673816,196.298534530778));
#2605=CARTESIAN_POINT('',(24.2727384299799,37.2727142974142,196.306743010112));
#2606=CARTESIAN_POINT('',(16.654909614598,41.5509309844811,196.324224040326));
#2607=CARTESIAN_POINT('',(11.0719602095516,43.377741920908,196.308872996347));
#2608=CARTESIAN_POINT('',(2.35178638617902,44.4182157684601,196.254056263727));
#2609=CARTESIAN_POINT('',(-0.543217141958936,44.4748235462815,196.249478562004));
#2610=CARTESIAN_POINT('',(-6.31060386158871,44.0281874852724,196.273723685431));
#2611=CARTESIAN_POINT('',(-9.21447483247969,43.5141046693442,196.298190030011));
#2612=CARTESIAN_POINT('',(-14.8094335911747,41.9412032293022,196.32110201201));
#2613=CARTESIAN_POINT('',(-17.5021720863822,40.8905772967505,196.320258074913));
#2614=CARTESIAN_POINT('',(-22.6788397154408,38.2627177362535,196.311611716731));
#2615=CARTESIAN_POINT('',(-25.1672948920344,36.6731561760583,196.303360972504));
#2616=CARTESIAN_POINT('',(-31.9903535987216,31.3057721996036,196.288255282228));
#2617=CARTESIAN_POINT('',(-35.8629931007995,26.7806535204298,196.298718139821));
#2618=CARTESIAN_POINT('',(-41.5263136281333,16.7009866052043,196.326119418487));
#2619=CARTESIAN_POINT('',(-43.3766099144429,11.0432203082682,196.310989343777));
#2620=CARTESIAN_POINT('',(-44.4126118511185,2.41769542613704,196.252764476534));
#2621=CARTESIAN_POINT('',(-44.4753506130793,-0.537023494829862,196.247301104558));
#2622=CARTESIAN_POINT('',(-44.0275486262861,-6.31824092215124,196.278492566387));
#2623=CARTESIAN_POINT('',(-43.5248434275881,-9.16499844188923,196.301520487956));
#2624=CARTESIAN_POINT('',(-41.9554148205928,-14.769981688136,196.324529055672));
#2625=CARTESIAN_POINT('',(-40.8858870092932,-17.5112088270517,196.324512425528));
#2626=CARTESIAN_POINT('',(-38.2686831008174,-22.6672910787882,196.316575224101));
#2627=CARTESIAN_POINT('',(-36.7111657901917,-25.1160132293504,196.308382064119));
#2628=CARTESIAN_POINT('',(-33.0910388450262,-29.7238450132013,196.297245506417));
#2629=CARTESIAN_POINT('',(-31.084545842578,-31.8127780703101,196.294595738762));
#2630=CARTESIAN_POINT('',(-26.6938412772768,-35.5772494250706,196.296420808471));
#2631=CARTESIAN_POINT('',(-24.2801550783032,-37.267514730113,196.300939233969));
#2632=CARTESIAN_POINT('',(-19.2107168772661,-40.1166043160082,196.305616233112));
#2633=CARTESIAN_POINT('',(-16.564358262113,-41.2792745086473,196.306023046751));
#2634=CARTESIAN_POINT('',(-11.0498402811633,-43.0843068687042,196.291701382114));
#2635=CARTESIAN_POINT('',(-8.16545218175808,-43.7223414977948,196.276614433822));
#2636=CARTESIAN_POINT('',(0.456200396062408,-44.7576198510163,196.258012810635));
#2637=CARTESIAN_POINT('',(6.3933440732989,-44.2998920017965,196.273303431962));
#2638=CARTESIAN_POINT('',(17.5269626654834,-41.1844735250211,196.313684528023));
#2639=CARTESIAN_POINT('',(22.8390142421695,-38.4946856564135,196.30119600468));
#2640=CARTESIAN_POINT('',(29.6721133260318,-33.1343572685838,196.294705021302));
#2641=CARTESIAN_POINT('',(31.8053368784569,-31.09363607716,196.295020519045));
#2642=CARTESIAN_POINT('',(35.590012260497,-26.6785435462409,196.30333053501));
#2643=CARTESIAN_POINT('',(37.2572024137268,-24.2988965143199,196.311198794409));
#2644=CARTESIAN_POINT('',(40.1297706978899,-19.1868967591379,196.323017984768));
#2645=CARTESIAN_POINT('',(38.6934865558083,-21.7428966367289,196.317108389589));
#2646=CARTESIAN_POINT('',(46.0621998748661,-22.0908567672897,206.66947330929));
#2647=CARTESIAN_POINT('',(46.0652531180867,-22.084501562608,204.270067132087));
#2648=CARTESIAN_POINT('',(46.0703396656558,-22.073908500445,200.271056836749));
#2649=CARTESIAN_POINT('',(38.3015068726604,-18.3382210332945,195.907877481699));
#2650=CARTESIAN_POINT('',(38.3173938553967,-18.3050772860895,185.510470701534));
#2651=CARTESIAN_POINT('',(38.3308059015549,-18.2770178083961,176.712664964471));
#2652=CARTESIAN_POINT('',(38.3405601169428,-18.2566109155281,170.314260792062));
#2653=CARTESIAN_POINT('',(42.8032304486229,-27.9171017758036,206.66947330929));
#2654=CARTESIAN_POINT('',(42.8069761274975,-27.9113766103926,204.269721482998));
#2655=CARTESIAN_POINT('',(42.8132170125766,-27.9018334121217,200.270135105845));
#2656=CARTESIAN_POINT('',(35.5924262772737,-23.1820293648959,195.908799934567));
#2657=CARTESIAN_POINT('',(35.6119281975231,-23.1521649480438,185.509894168492));
#2658=CARTESIAN_POINT('',(35.6284029348026,-23.1268774495786,176.710820058735));
#2659=CARTESIAN_POINT('',(35.6403845619149,-23.1084865416038,170.311493433458));
#2660=CARTESIAN_POINT('',(38.9721995764301,-33.42465176309,206.66947330929));
#2661=CARTESIAN_POINT('',(38.9764036065432,-33.4198294852885,204.269443529751));
#2662=CARTESIAN_POINT('',(38.9834088386241,-33.4117910400913,200.269393897186));
#2663=CARTESIAN_POINT('',(32.409005671258,-27.7621407270501,195.909542725973));
#2664=CARTESIAN_POINT('',(32.4309038334293,-27.7369820790987,185.509429923863));
#2665=CARTESIAN_POINT('',(32.4494121746333,-27.7156755376525,176.709334475924));
#2666=CARTESIAN_POINT('',(32.4628727864181,-27.7001798711462,170.309265059241));
#2667=CARTESIAN_POINT('',(31.6999632509151,-40.3758107132617,206.66947330929));
#2668=CARTESIAN_POINT('',(31.7044736699245,-40.3723099075666,204.270131192058));
#2669=CARTESIAN_POINT('',(31.7119900703201,-40.3664739743161,200.271227663339));
#2670=CARTESIAN_POINT('',(26.373149037969,-33.5528575868218,195.907710979869));
#2671=CARTESIAN_POINT('',(26.3966456897138,-33.5345944602493,185.510574765178));
#2672=CARTESIAN_POINT('',(26.4165139152834,-33.5191234115202,176.712997968131));
#2673=CARTESIAN_POINT('',(26.4309635338795,-33.5078717397171,170.314760297552));
#2674=CARTESIAN_POINT('',(23.1965935110712,-45.7538108839017,206.66947330929));
#2675=CARTESIAN_POINT('',(23.2015027791206,-45.7513159492701,204.271565269583));
#2676=CARTESIAN_POINT('',(23.2096842220554,-45.7471564093287,200.275051870072));
#2677=CARTESIAN_POINT('',(19.3145482766945,-38.0457208690543,195.903887329692));
#2678=CARTESIAN_POINT('',(19.3401164076551,-38.0327057638154,185.512964546539));
#2679=CARTESIAN_POINT('',(19.3617415605027,-38.0216745391589,176.720645268486));
#2680=CARTESIAN_POINT('',(19.3774689443919,-38.0136518303178,170.326231248084));
#2681=CARTESIAN_POINT('',(13.8227622343902,-49.3955747875249,206.66947330929));
#2682=CARTESIAN_POINT('',(13.8283622740384,-49.3939726489173,204.272328004366));
#2683=CARTESIAN_POINT('',(13.8376952101239,-49.3913008313308,200.277085829494));
#2684=CARTESIAN_POINT('',(11.5229740942174,-41.0914673816826,195.901852512255));
#2685=CARTESIAN_POINT('',(11.5521335504442,-41.0831018211592,185.514236307436));
#2686=CARTESIAN_POINT('',(11.5768004206372,-41.0760010403381,176.724714903359));
#2687=CARTESIAN_POINT('',(11.5947399625958,-41.0708368361047,170.332335700394));
#2688=CARTESIAN_POINT('',(5.57988774548795,-50.9280049508091,206.66947330929));
#2689=CARTESIAN_POINT('',(5.58586711124107,-50.9273781551553,204.270275336583));
#2690=CARTESIAN_POINT('',(5.59583254478132,-50.9263317461316,200.271612048739));
#2691=CARTESIAN_POINT('',(4.66027560540805,-42.3466787120599,195.907325702432));
#2692=CARTESIAN_POINT('',(4.69143425335636,-42.343386599912,185.510815563576));
#2693=CARTESIAN_POINT('',(4.71779676458258,-42.3405764136613,176.713768523005));
#2694=CARTESIAN_POINT('',(4.73696950001984,-42.3385326418425,170.315916129862));
#2695=CARTESIAN_POINT('',(-0.264701709199965,-51.1129406973686,206.66947330929));
#2696=CARTESIAN_POINT('',(-0.25956437103692,-51.1129861703955,204.266872532505));
#2697=CARTESIAN_POINT('',(-0.251002124410004,-51.1130606738667,200.26253790453));
#2698=CARTESIAN_POINT('',(-0.199658932138999,-42.4463778361023,195.916402171879));
#2699=CARTESIAN_POINT('',(-0.172851275826483,-42.4465978392028,185.505142770171));
#2700=CARTESIAN_POINT('',(-0.150167659823594,-42.4467659165288,176.69561558411));
#2701=CARTESIAN_POINT('',(-0.133670484548766,-42.4468881545842,170.288686721521));
#2702=CARTESIAN_POINT('',(-3.59865043496386,-50.9427014117541,206.66947330929));
#2703=CARTESIAN_POINT('',(-3.59401674892666,-50.9430326981715,204.269005374431));
#2704=CARTESIAN_POINT('',(-3.5862938627686,-50.9435837882417,200.268225483));
#2705=CARTESIAN_POINT('',(-2.97211997379641,-42.3412041138789,195.910715778673));
#2706=CARTESIAN_POINT('',(-2.94796032884283,-42.3429175592771,185.508696765925));
#2707=CARTESIAN_POINT('',(-2.92751649469479,-42.3443525937983,176.706988370523));
#2708=CARTESIAN_POINT('',(-2.91264825167803,-42.3453962552683,170.30574590114));
#2709=CARTESIAN_POINT('',(-8.58075725533789,-50.4284719972775,206.66947330929));
#2710=CARTESIAN_POINT('',(-8.57638528183518,-50.4292193446368,204.271231782892));
#2711=CARTESIAN_POINT('',(-8.56909849640892,-50.4304639761706,200.274162572229));
#2712=CARTESIAN_POINT('',(-7.11858008447654,-41.9483505609237,195.904779203357));
#2713=CARTESIAN_POINT('',(-7.09580120057228,-41.9522321243913,185.512407125498));
#2714=CARTESIAN_POINT('',(-7.07652448443445,-41.955503235904,176.718861521155));
#2715=CARTESIAN_POINT('',(-7.06250505451603,-41.9578822260951,170.323555627088));
#2716=CARTESIAN_POINT('',(-15.9346080122914,-48.7502874366917,206.66947330929));
#2717=CARTESIAN_POINT('',(-15.9301516512952,-48.7517179919573,204.272319680024));
#2718=CARTESIAN_POINT('',(-15.9227240627296,-48.7541012345044,200.277063631248));
#2719=CARTESIAN_POINT('',(-13.2403062408093,-40.5654995246775,195.901877645892));
#2720=CARTESIAN_POINT('',(-13.2170915331975,-40.5729364779612,185.514220598913));
#2721=CARTESIAN_POINT('',(-13.1974438417861,-40.5792150365533,176.724664636085));
#2722=CARTESIAN_POINT('',(-13.1831546116687,-40.5837812609839,170.332260299482));
#2723=CARTESIAN_POINT('',(-25.148680565394,-44.7194090493503,206.66947330929));
#2724=CARTESIAN_POINT('',(-25.1444238207044,-44.7218044328303,204.271234129925));
#2725=CARTESIAN_POINT('',(-25.1373286758166,-44.7257957256345,200.274168830984));
#2726=CARTESIAN_POINT('',(-20.8997715307678,-37.200511118755,195.904771950449));
#2727=CARTESIAN_POINT('',(-20.8775841469979,-37.212977695033,185.512411658565));
#2728=CARTESIAN_POINT('',(-20.8588022178298,-37.2235121191278,176.718876026972));
#2729=CARTESIAN_POINT('',(-20.8451426329802,-37.2311735184695,170.323577385812));
#2730=CARTESIAN_POINT('',(-33.4131908255354,-38.9781106628161,206.66947330929));
#2731=CARTESIAN_POINT('',(-33.4097177456443,-38.9811343717663,204.26988259662));
#2732=CARTESIAN_POINT('',(-33.4039285976729,-38.9861731169264,200.270564742171));
#2733=CARTESIAN_POINT('',(-27.7636110428187,-32.4140785371566,195.908376702375));
#2734=CARTESIAN_POINT('',(-27.7454972552134,-32.4298296660209,185.510158688612));
#2735=CARTESIAN_POINT('',(-27.7301606440286,-32.4431467282383,176.711666523119));
#2736=CARTESIAN_POINT('',(-27.7190067449851,-32.4528318643964,170.312763130034));
#2737=CARTESIAN_POINT('',(-40.3711416617658,-31.7126077461129,206.66947330929));
#2738=CARTESIAN_POINT('',(-40.3688076536656,-31.7156762260585,204.269468258093));
#2739=CARTESIAN_POINT('',(-40.3649170662915,-31.7207899365216,200.269459839432));
#2740=CARTESIAN_POINT('',(-33.5455239738954,-26.3701223445814,195.909483186266));
#2741=CARTESIAN_POINT('',(-33.5333476031947,-26.3861145673914,185.509467136179));
#2742=CARTESIAN_POINT('',(-33.5230364636313,-26.3996405049869,176.709453555336));
#2743=CARTESIAN_POINT('',(-33.5155374530397,-26.4094775505108,170.30944367836));
#2744=CARTESIAN_POINT('',(-45.7533271882774,-23.2111832803933,206.66947330929));
#2745=CARTESIAN_POINT('',(-45.751916712992,-23.213987451032,204.270014953008));
#2746=CARTESIAN_POINT('',(-45.749565493547,-23.2186608554572,200.27091769254));
#2747=CARTESIAN_POINT('',(-38.0260132858718,-19.30550962101,195.908026518775));
#2748=CARTESIAN_POINT('',(-38.0186548000759,-19.3201252760251,185.510377553362));
#2749=CARTESIAN_POINT('',(-38.0124223901244,-19.3324893704321,176.71236689032));
#2750=CARTESIAN_POINT('',(-38.0078897283415,-19.3414814390917,170.313813680835));
#2751=CARTESIAN_POINT('',(-49.3962469417809,-13.8333747191592,206.66947330929));
#2752=CARTESIAN_POINT('',(-49.3952760807476,-13.8367244552458,204.270543649244));
#2753=CARTESIAN_POINT('',(-49.3936574130665,-13.8423071793129,200.272327549167));
#2754=CARTESIAN_POINT('',(-41.0639235096047,-11.5145791013314,195.906616094985));
#2755=CARTESIAN_POINT('',(-41.0588557707427,-11.5320361805229,185.51125906823));
#2756=CARTESIAN_POINT('',(-41.0545597406949,-11.5468051726047,176.715187737899));
#2757=CARTESIAN_POINT('',(-41.0514353552056,-11.5575462577551,170.318044952204));
#2758=CARTESIAN_POINT('',(-50.9214700251445,-5.5875512053444,206.66947330929));
#2759=CARTESIAN_POINT('',(-50.921063263288,-5.59123644761329,204.269922016404));
#2760=CARTESIAN_POINT('',(-50.9203846596685,-5.59737844390131,200.270669861595));
#2761=CARTESIAN_POINT('',(-42.3346754856475,-4.65985262714344,195.908273371352));
#2762=CARTESIAN_POINT('',(-42.3325464032811,-4.67905932425862,185.510223270501));
#2763=CARTESIAN_POINT('',(-42.330735507405,-4.69531009801589,176.711873185165));
#2764=CARTESIAN_POINT('',(-42.3294184922224,-4.70712884256663,170.313073123103));
#2765=CARTESIAN_POINT('',(-51.1352035753889,1.09432789536861,206.66947330929));
#2766=CARTESIAN_POINT('',(-51.1352719648361,1.09050296434962,204.269507808376));
#2767=CARTESIAN_POINT('',(-51.1353852326346,1.08412806925613,200.269565306852));
#2768=CARTESIAN_POINT('',(-42.5118205925073,0.894594511998976,195.909377699337));
#2769=CARTESIAN_POINT('',(-42.5121675516529,0.874657410596521,185.50953306551));
#2770=CARTESIAN_POINT('',(-42.5124511001665,0.857787420675426,176.709664529196));
#2771=CARTESIAN_POINT('',(-42.5126573172672,0.845518337096448,170.309760139148));
#2772=CARTESIAN_POINT('',(-50.6166087145612,7.76035031512442,206.66947330929));
#2773=CARTESIAN_POINT('',(-50.6172668919022,7.75606246864699,204.270224352174));
#2774=CARTESIAN_POINT('',(-50.6183629485279,7.74891591864657,200.271476090315));
#2775=CARTESIAN_POINT('',(-42.0874849376745,6.43553026255614,195.907465903473));
#2776=CARTESIAN_POINT('',(-42.0909030295243,6.41318089427396,185.510727937925));
#2777=CARTESIAN_POINT('',(-42.0937825487536,6.39426794578792,176.713488120924));
#2778=CARTESIAN_POINT('',(-42.0958767445567,6.3805130741617,170.315495526741));
#2779=CARTESIAN_POINT('',(-48.7540751708392,15.9351176738041,206.66947330929));
#2780=CARTESIAN_POINT('',(-48.7552884712478,15.9314153168695,204.270343167008));
#2781=CARTESIAN_POINT('',(-48.7573099389994,15.925244491746,200.271792929872));
#2782=CARTESIAN_POINT('',(-40.5346670198137,13.2323121282075,195.907149983719));
#2783=CARTESIAN_POINT('',(-40.5409822352504,13.2130098456924,185.510925387771));
#2784=CARTESIAN_POINT('',(-40.5463160542737,13.1966739188269,176.71411996043));
#2785=CARTESIAN_POINT('',(-40.5501951953816,13.1847932447429,170.316443286));
#2786=CARTESIAN_POINT('',(-44.7150693672933,25.1493269266927,206.66947330929));
#2787=CARTESIAN_POINT('',(-44.7172514959099,25.1453409765424,204.270941191499));
#2788=CARTESIAN_POINT('',(-44.7208874957222,25.1386972561861,200.273387661848));
#2789=CARTESIAN_POINT('',(-37.1919342793105,20.8966269882717,195.905553930569));
#2790=CARTESIAN_POINT('',(-37.2032942502797,20.8758493535773,185.51192292099));
#2791=CARTESIAN_POINT('',(-37.2128941630897,20.8582616902762,176.71731206673));
#2792=CARTESIAN_POINT('',(-37.2198759178606,20.8454706624208,170.321231445451));
#2793=CARTESIAN_POINT('',(-38.9657719355767,33.4110205424573,206.66947330929));
#2794=CARTESIAN_POINT('',(-38.9690617909384,33.4071424953953,204.27077333344));
#2795=CARTESIAN_POINT('',(-38.9745439204054,33.400678276601,200.272940040357));
#2796=CARTESIAN_POINT('',(-32.4160486170087,27.769034863393,195.906000268472));
#2797=CARTESIAN_POINT('',(-32.4331787164998,27.7488157626644,185.511643959801));
#2798=CARTESIAN_POINT('',(-32.4476598976634,27.7316959813832,176.716419390926));
#2799=CARTESIAN_POINT('',(-32.4581916657824,27.7192452313605,170.319892431744));
#2800=CARTESIAN_POINT('',(-31.7017556352752,40.3735869593171,206.66947330929));
#2801=CARTESIAN_POINT('',(-31.7060230042821,40.3702160576595,204.270134261237));
#2802=CARTESIAN_POINT('',(-31.7131343899134,40.3645967603344,200.271235847816));
#2803=CARTESIAN_POINT('',(-26.3719205364248,33.552829788428,195.907703523051));
#2804=CARTESIAN_POINT('',(-26.394150513339,33.5352441592032,185.510579425689));
#2805=CARTESIAN_POINT('',(-26.4129479000912,33.5203481906456,176.713012881767));
#2806=CARTESIAN_POINT('',(-26.4266187268199,33.5095147589675,170.314782668006));
#2807=CARTESIAN_POINT('',(-23.2092406414127,45.7748664393456,206.66947330929));
#2808=CARTESIAN_POINT('',(-23.2141122651096,45.7724167560425,204.26912625411));
#2809=CARTESIAN_POINT('',(-23.2222309926353,45.7683326564427,200.26854782881));
#2810=CARTESIAN_POINT('',(-19.3045910134296,38.0292285383959,195.910391496205));
#2811=CARTESIAN_POINT('',(-19.3299863348771,38.0164359716285,185.508899442468));
#2812=CARTESIAN_POINT('',(-19.3514655985795,38.0055933162889,176.70763693546));
#2813=CARTESIAN_POINT('',(-19.3670868812722,37.9977077487691,170.306718748545));
#2814=CARTESIAN_POINT('',(-13.8373515060352,49.4322887123499,206.66947330929));
#2815=CARTESIAN_POINT('',(-13.8420811081267,49.4310158667601,204.268313842805));
#2816=CARTESIAN_POINT('',(-13.8499634873031,49.4288933300086,200.266381398663));
#2817=CARTESIAN_POINT('',(-11.5136369240104,41.0600158198799,195.912559334611));
#2818=CARTESIAN_POINT('',(-11.538303280117,41.0533611156514,185.507544543464));
#2819=CARTESIAN_POINT('',(-11.559170708146,41.0477143655231,176.703301258647));
#2820=CARTESIAN_POINT('',(-11.5743470194397,41.0436076381571,170.300215233326));
#2821=CARTESIAN_POINT('',(-5.58362237226989,50.9385629668973,206.66947330929));
#2822=CARTESIAN_POINT('',(-5.58811037243719,50.9380510478998,204.269176968949));
#2823=CARTESIAN_POINT('',(-5.5955902550414,50.9371968640736,200.268683068383));
#2824=CARTESIAN_POINT('',(-4.6620236357092,42.3376639116252,195.910258533425));
#2825=CARTESIAN_POINT('',(-4.68542098199846,42.3349837595402,185.508982544205));
#2826=CARTESIAN_POINT('',(-4.7052170758113,42.3327020962495,176.707902861019));
#2827=CARTESIAN_POINT('',(-4.71961423494791,42.3310427047655,170.307117636884));
#2828=CARTESIAN_POINT('',(0.264838581521794,51.0553123404862,206.66947330929));
#2829=CARTESIAN_POINT('',(0.259617230390844,51.0553228552975,204.27277763961));
#2830=CARTESIAN_POINT('',(0.250914979850507,51.0553390504006,200.27828485681));
#2831=CARTESIAN_POINT('',(0.199736251626881,42.494070927908,195.900655075727));
#2832=CARTESIAN_POINT('',(0.172551806455021,42.4941078329684,185.514984705266));
#2833=CARTESIAN_POINT('',(0.149549618794889,42.4941204374345,176.727109776415));
#2834=CARTESIAN_POINT('',(0.132820755042068,42.4941296043188,170.335928009977));
#2835=CARTESIAN_POINT('',(3.60117758444265,50.9274598133276,206.66947330929));
#2836=CARTESIAN_POINT('',(3.5955558950329,50.9278542409264,204.270548395345));
#2837=CARTESIAN_POINT('',(3.5861863047953,50.9285100681714,200.272340205437));
#2838=CARTESIAN_POINT('',(2.97317631963821,42.3536745291998,195.906598550685));
#2839=CARTESIAN_POINT('',(2.94388216433324,42.3557085886948,185.511270033417));
#2840=CARTESIAN_POINT('',(2.91909330979748,42.3574079401884,176.715222826498));
#2841=CARTESIAN_POINT('',(2.90106505195329,42.3586438321838,170.318097585102));
#2842=CARTESIAN_POINT('',(8.58878083516261,50.4521512385472,206.66947330929));
#2843=CARTESIAN_POINT('',(8.58311138005029,50.4531199073146,204.268696576878));
#2844=CARTESIAN_POINT('',(8.57366201469513,50.4547327619489,200.267402022859));
#2845=CARTESIAN_POINT('',(7.11610987656876,41.9278327327175,195.911536410744));
#2846=CARTESIAN_POINT('',(7.08654088140335,41.9328618171861,185.508183870881));
#2847=CARTESIAN_POINT('',(7.06151714229972,41.9370948031694,176.705347106382));
#2848=CARTESIAN_POINT('',(7.04331805931528,41.94017333843,170.303284004928));
#2849=CARTESIAN_POINT('',(15.9499516124478,48.7859373933454,206.66947330929));
#2850=CARTESIAN_POINT('',(15.9448763550774,48.7876390723196,204.268409199732));
#2851=CARTESIAN_POINT('',(15.9364171406384,48.7904738889058,200.266635683802));
#2852=CARTESIAN_POINT('',(13.2300245656334,40.5357412130541,195.912303908964));
#2853=CARTESIAN_POINT('',(13.2035452801824,40.5446000451361,185.507704184493));
#2854=CARTESIAN_POINT('',(13.1811333901833,40.5520774862554,176.70381210994));
#2855=CARTESIAN_POINT('',(13.1648338338202,40.5575156252512,170.300981510265));
#2856=CARTESIAN_POINT('',(25.1591599714008,44.7342664637153,206.66947330929));
#2857=CARTESIAN_POINT('',(25.1548638623678,44.7366946827124,204.269375551055));
#2858=CARTESIAN_POINT('',(25.1477030953164,44.7407406832212,200.269212620663));
#2859=CARTESIAN_POINT('',(20.8910558422921,37.1878656661807,195.909728016859));
#2860=CARTESIAN_POINT('',(20.8686481891781,37.2005134715879,185.509314117059));
#2861=CARTESIAN_POINT('',(20.8496796558693,37.2112009693314,176.708963894151));
#2862=CARTESIAN_POINT('',(20.8358843589174,37.218973694963,170.308709186582));
#2863=CARTESIAN_POINT('',(33.4127756445579,38.9729689899866,206.66947330929));
#2864=CARTESIAN_POINT('',(33.4089548259267,38.9762230491839,204.270297801622));
#2865=CARTESIAN_POINT('',(33.4025860023769,38.9816455450412,200.27167195551));
#2866=CARTESIAN_POINT('',(27.7648762428612,32.4170659542743,195.907268489878));
#2867=CARTESIAN_POINT('',(27.7449523036018,32.4340136113661,185.510851321422));
#2868=CARTESIAN_POINT('',(27.7280824726081,32.4483407878569,176.713882948112));
#2869=CARTESIAN_POINT('',(27.7158135046127,32.4587605525775,170.316087767523));
#2870=CARTESIAN_POINT('',(40.3643695918895,31.6979660251975,206.66947330929));
#2871=CARTESIAN_POINT('',(40.3609988312081,31.7021970416082,204.270868401805));
#2872=CARTESIAN_POINT('',(40.35537979272,31.7092478432317,200.273193555997));
#2873=CARTESIAN_POINT('',(33.5535477801154,26.3767481165101,195.905745928268));
#2874=CARTESIAN_POINT('',(33.5359685299562,26.3987833890622,185.511802922428));
#2875=CARTESIAN_POINT('',(33.5210783011972,26.4174160852815,176.716928071333));
#2876=CARTESIAN_POINT('',(33.5102490439179,26.4309671370773,170.320655452354));
#2877=CARTESIAN_POINT('',(45.7518982005935,23.1978154153116,206.66947330929));
#2878=CARTESIAN_POINT('',(45.7491185680571,23.2032113050336,204.270853058431));
#2879=CARTESIAN_POINT('',(45.7444842616303,23.2122036248137,200.273152640334));
#2880=CARTESIAN_POINT('',(38.0322813260417,19.3097692482785,195.905784983516));
#2881=CARTESIAN_POINT('',(38.0177738169061,19.3378779739544,185.511778512898));
#2882=CARTESIAN_POINT('',(38.005475994467,19.3616506129457,176.716849960838));
#2883=CARTESIAN_POINT('',(37.9965321236023,19.3789398049394,170.320538286612));
#2884=CARTESIAN_POINT('',(49.3994550695306,13.8224080300341,206.66947330929));
#2885=CARTESIAN_POINT('',(49.3977420783949,13.8285467997611,204.270326875172));
#2886=CARTESIAN_POINT('',(49.3948851865992,13.8387775516633,200.271749484976));
#2887=CARTESIAN_POINT('',(41.0600401216466,11.5150060463715,195.907187167014));
#2888=CARTESIAN_POINT('',(41.0510853664291,11.5469977103243,185.510902148212));
#2889=CARTESIAN_POINT('',(41.043481506159,11.5740600963137,176.714045593841));
#2890=CARTESIAN_POINT('',(41.0379514259626,11.5937418315786,170.316331736116));
#2891=CARTESIAN_POINT('',(50.9285929309388,5.57582173414692,206.66947330929));
#2892=CARTESIAN_POINT('',(50.927907254756,5.58200581332746,204.269923274694));
#2893=CARTESIAN_POINT('',(50.9267625840404,5.59231240100089,200.270673217034));
#2894=CARTESIAN_POINT('',(42.340439378919,4.6603387207472,195.908263877145));
#2895=CARTESIAN_POINT('',(42.3368406027407,4.69256694612871,185.51022920438));
#2896=CARTESIAN_POINT('',(42.3337691403754,4.71983399452588,176.711892173578));
#2897=CARTESIAN_POINT('',(42.3315353495643,4.73966457517837,170.313101605722));
#2898=CARTESIAN_POINT('',(51.132782100727,-1.10569529086206,206.66947330929));
#2899=CARTESIAN_POINT('',(51.1329165504946,-1.09908352336346,204.269526528149));
#2900=CARTESIAN_POINT('',(51.1331384944451,-1.088063869984,200.269615226248));
#2901=CARTESIAN_POINT('',(42.5100230018671,-0.893186501092952,195.909320573703));
#2902=CARTESIAN_POINT('',(42.510695152546,-0.858723031117181,185.509568769032));
#2903=CARTESIAN_POINT('',(42.511233866377,-0.829561092917433,176.709778780464));
#2904=CARTESIAN_POINT('',(42.5116256582541,-0.808352410590342,170.309931516051));
#2905=CARTESIAN_POINT('',(50.6113762094932,-7.7719405776654,206.66947330929));
#2906=CARTESIAN_POINT('',(50.6123908455641,-7.76527932324952,204.270210610769));
#2907=CARTESIAN_POINT('',(50.6140797137396,-7.7541769013587,200.271439446567));
#2908=CARTESIAN_POINT('',(42.0837844326604,-6.43540929818579,195.907495990043));
#2909=CARTESIAN_POINT('',(42.0890433397254,-6.40068708110516,185.510709133819));
#2910=CARTESIAN_POINT('',(42.093462412627,-6.37130212947552,176.713427947783));
#2911=CARTESIAN_POINT('',(42.0966762838282,-6.34993125556307,170.315405267029));
#2912=CARTESIAN_POINT('',(48.7508035082594,-15.9465540364467,206.66947330929));
#2913=CARTESIAN_POINT('',(48.7529684528067,-15.9398752073908,204.270472989657));
#2914=CARTESIAN_POINT('',(48.756574408919,-15.9287430915053,200.272139123603));
#2915=CARTESIAN_POINT('',(40.5377763154392,-13.231441767837,195.906795414761));
#2916=CARTESIAN_POINT('',(40.5490296282708,-13.1966195216211,185.51114699337));
#2917=CARTESIAN_POINT('',(40.5585195751019,-13.1671442766643,176.714829098347));
#2918=CARTESIAN_POINT('',(40.5654213546153,-13.1457077348775,170.317506992876));
#2919=CARTESIAN_POINT('',(46.0621998748661,-22.0908567672897,206.66947330929));
#2920=CARTESIAN_POINT('',(46.0652531180867,-22.084501562608,204.270067132087));
#2921=CARTESIAN_POINT('',(46.0703396656558,-22.073908500445,200.271056836749));
#2922=CARTESIAN_POINT('',(38.3015068726604,-18.3382210332945,195.907877481699));
#2923=CARTESIAN_POINT('',(38.3173938553967,-18.3050772860895,185.510470701534));
#2924=CARTESIAN_POINT('',(38.3308059015549,-18.2770178083961,176.712664964471));
#2925=CARTESIAN_POINT('',(38.3405601169428,-18.2566109155281,170.314260792062));
#2926=CARTESIAN_POINT('',(42.8032304486229,-27.9171017758036,206.66947330929));
#2927=CARTESIAN_POINT('',(42.8069761274975,-27.9113766103926,204.269721482998));
#2928=CARTESIAN_POINT('',(42.8132170125766,-27.9018334121217,200.270135105845));
#2929=CARTESIAN_POINT('',(35.5924262772737,-23.1820293648959,195.908799934567));
#2930=CARTESIAN_POINT('',(35.6119281975231,-23.1521649480438,185.509894168492));
#2931=CARTESIAN_POINT('',(35.6284029348026,-23.1268774495786,176.710820058735));
#2932=CARTESIAN_POINT('',(35.6403845619149,-23.1084865416038,170.311493433458));
#2933=CARTESIAN_POINT('',(-7.81192436941913E-16,2.97053848321153E-14,206.66947330929));
#2934=CARTESIAN_POINT('',(-7.81192436941913E-16,-44.384,206.66947330929));
#2935=CARTESIAN_POINT('',(-2.49895699119386E-13,51.0000000000002,206.66947330929));
#2936=CARTESIAN_POINT('',(-7.81192436941913E-16,2.97053848321153E-14,313.83894661858));
#2937=MECHANICAL_DESIGN_GEOMETRIC_PRESENTATION_REPRESENTATION('',(#32,#33),
#2938);
#2938=(
GEOMETRIC_REPRESENTATION_CONTEXT(3)
GLOBAL_UNCERTAINTY_ASSIGNED_CONTEXT((#2939))
GLOBAL_UNIT_ASSIGNED_CONTEXT((#2945,#2941,#2940))
REPRESENTATION_CONTEXT(
'CMB_Flat_Cap_Full_CFD_Negative_Geo_Outer_Airflow_Section_11-9-25',
'TOP_LEVEL_ASSEMBLY_PART')
);
#2939=UNCERTAINTY_MEASURE_WITH_UNIT(LENGTH_MEASURE(0.1),#2945,
'DISTANCE_ACCURACY_VALUE','Maximum Tolerance applied to model');
#2940=(
NAMED_UNIT(*)
SI_UNIT($,.STERADIAN.)
SOLID_ANGLE_UNIT()
);
#2941=(
CONVERSION_BASED_UNIT('DEGREE',#2943)
NAMED_UNIT(#2942)
PLANE_ANGLE_UNIT()
);
#2942=DIMENSIONAL_EXPONENTS(0.,0.,0.,0.,0.,0.,0.);
#2943=PLANE_ANGLE_MEASURE_WITH_UNIT(PLANE_ANGLE_MEASURE(0.0174532925),#2944);
#2944=(
NAMED_UNIT(*)
PLANE_ANGLE_UNIT()
SI_UNIT($,.RADIAN.)
);
#2945=(
LENGTH_UNIT()
NAMED_UNIT(*)
SI_UNIT(.MILLI.,.METRE.)
);
ENDSEC;
END-ISO-10303-21;
